manifesto_id,filename,path,municipality,state,party,party_abbreviation,election_year,election_type,document_type,mapping_method,mapping_status,city_abbreviation
GLMP-5C13BBBD4D,ka89cdu.txt,manifestos/ka89cdu.txt,Kassel,Hessen,CDU,cdu,1989.0,local election,Wahlprogramm,legacy_filename,ok,ka
GLMP-EBE242CD2B,ka93cdu.txt,manifestos/ka93cdu.txt,Kassel,Hessen,CDU,cdu,1993.0,local election,Wahlprogramm,legacy_filename,ok,ka
GLMP-D6622D73EF,of93fdp.txt,manifestos/of93fdp.txt,Offenbach am Main,Hessen,FDP,fdp,1993.0,local election,Wahlprogramm,legacy_filename,ok,of
GLMP-4D127DEB31,of93gru.txt,manifestos/of93gru.txt,Offenbach am Main,Hessen,Grüne,gru,1993.0,local election,Wahlprogramm,legacy_filename,ok,of
GLMP-98ED3253C4,ac94spd.txt,manifestos/ac94spd.txt,Aachen,Nordrhein-Westfalen,SPD,spd,1994.0,local election,Wahlprogramm,legacy_filename,ok,ac
GLMP-D9821B418E,bi94gru.txt,manifestos/bi94gru.txt,Bielefeld,Nordrhein-Westfalen,Grüne,gru,1994.0,local election,Wahlprogramm,legacy_filename,ok,bi
GLMP-A11301080C,bn94cdu.txt,manifestos/bn94cdu.txt,Bonn,Nordrhein-Westfalen,CDU,cdu,1994.0,local election,Wahlprogramm,legacy_filename,ok,bn
GLMP-1C49532B32,es94fdp.txt,manifestos/es94fdp.txt,Essen,Nordrhein-Westfalen,FDP,fdp,1994.0,local election,Wahlprogramm,legacy_filename,ok,es
GLMP-1BE660B5BD,hm94gru.txt,manifestos/hm94gru.txt,Hamm,Nordrhein-Westfalen,Grüne,gru,1994.0,local election,Wahlprogramm,legacy_filename,ok,hm
GLMP-5B5E76BBAC,kr94cdu.txt,manifestos/kr94cdu.txt,Krefeld,Nordrhein-Westfalen,CDU,cdu,1994.0,local election,Wahlprogramm,legacy_filename,ok,kr
GLMP-BE5116D001,le94cdu.txt,manifestos/le94cdu.txt,Leverkusen,Nordrhein-Westfalen,CDU,cdu,1994.0,local election,Wahlprogramm,legacy_filename,ok,le
GLMP-0436B165C9,mg94fdp.txt,manifestos/mg94fdp.txt,Moenchengladbach,Nordrhein-Westfalen,FDP,fdp,1994.0,local election,Wahlprogramm,legacy_filename,ok,mg
GLMP-5466071F66,mo94cdu.txt,manifestos/mo94cdu.txt,Moers,Nordrhein-Westfalen,CDU,cdu,1994.0,local election,Wahlprogramm,legacy_filename,ok,mo
GLMP-8881E7894B,ob94cdu.txt,manifestos/ob94cdu.txt,Oberhausen,Nordrhein-Westfalen,CDU,cdu,1994.0,local election,Wahlprogramm,legacy_filename,ok,ob
GLMP-61490BC93C,si94gru.txt,manifestos/si94gru.txt,Siegen,Nordrhein-Westfalen,Grüne,gru,1994.0,local election,Wahlprogramm,legacy_filename,ok,si
GLMP-141D77F62C,da97die.txt,manifestos/da97die.txt,Darmstadt,Hessen,Die Frauen,die,1997.0,local election,Wahlprogramm,legacy_filename,ok,da
GLMP-B0A0CC33E1,ka97cdu.txt,manifestos/ka97cdu.txt,Kassel,Hessen,CDU,cdu,1997.0,local election,Wahlprogramm,legacy_filename,ok,ka
GLMP-3865103051,ka97fwg.txt,manifestos/ka97fwg.txt,Kassel,Hessen,Freie Wähler,fwg,1997.0,local election,Wahlprogramm,legacy_filename,ok,ka
GLMP-42D957409F,of97fdp.txt,manifestos/of97fdp.txt,Offenbach am Main,Hessen,FDP,fdp,1997.0,local election,Wahlprogramm,legacy_filename,ok,of
GLMP-D082DF80B9,of97gru.txt,manifestos/of97gru.txt,Offenbach am Main,Hessen,Grüne,gru,1997.0,local election,Wahlprogramm,legacy_filename,ok,of
GLMP-0E35705B46,ac99spd.txt,manifestos/ac99spd.txt,Aachen,Nordrhein-Westfalen,SPD,spd,1999.0,local election,Wahlprogramm,legacy_filename,ok,ac
GLMP-5454851897,bi99gru.txt,manifestos/bi99gru.txt,Bielefeld,Nordrhein-Westfalen,Grüne,gru,1999.0,local election,Wahlprogramm,legacy_filename,ok,bi
GLMP-38B32FB7BA,bo99fdp.txt,manifestos/bo99fdp.txt,Bochum,Nordrhein-Westfalen,FDP,fdp,1999.0,local election,Wahlprogramm,legacy_filename,ok,bo
GLMP-02AA95C9ED,bo99gru.txt,manifestos/bo99gru.txt,Bochum,Nordrhein-Westfalen,Grüne,gru,1999.0,local election,Wahlprogramm,legacy_filename,ok,bo
GLMP-C14E2272AE,bn99cdu.txt,manifestos/bn99cdu.txt,Bonn,Nordrhein-Westfalen,CDU,cdu,1999.0,local election,Wahlprogramm,legacy_filename,ok,bn
GLMP-B7B335DAD8,bn99gru.txt,manifestos/bn99gru.txt,Bonn,Nordrhein-Westfalen,Grüne,gru,1999.0,local election,Wahlprogramm,legacy_filename,ok,bn
GLMP-6CABD85A43,es99fdp.txt,manifestos/es99fdp.txt,Essen,Nordrhein-Westfalen,FDP,fdp,1999.0,local election,Wahlprogramm,legacy_filename,ok,es
GLMP-E4F514A69D,hm99gru.txt,manifestos/hm99gru.txt,Hamm,Nordrhein-Westfalen,Grüne,gru,1999.0,local election,Wahlprogramm,legacy_filename,ok,hm
GLMP-A044D9E4CA,kr99cdu.txt,manifestos/kr99cdu.txt,Krefeld,Nordrhein-Westfalen,CDU,cdu,1999.0,local election,Wahlprogramm,legacy_filename,ok,kr
GLMP-C24D4C250D,le99cdu.txt,manifestos/le99cdu.txt,Leverkusen,Nordrhein-Westfalen,CDU,cdu,1999.0,local election,Wahlprogramm,legacy_filename,ok,le
GLMP-87BE07890E,mg99fdp.txt,manifestos/mg99fdp.txt,Moenchengladbach,Nordrhein-Westfalen,FDP,fdp,1999.0,local election,Wahlprogramm,legacy_filename,ok,mg
GLMP-C9FB6B62C5,mo99cdu.txt,manifestos/mo99cdu.txt,Moers,Nordrhein-Westfalen,CDU,cdu,1999.0,local election,Wahlprogramm,legacy_filename,ok,mo
GLMP-45BA6CAEE3,mh99mbi.txt,manifestos/mh99mbi.txt,Muelheim an der Ruhr,Nordrhein-Westfalen,Mülheimer Bürger Initiative,mbi,1999.0,local election,Wahlprogramm,legacy_filename,ok,mh
GLMP-682C28E632,ne99spd.txt,manifestos/ne99spd.txt,Neuss,Nordrhein-Westfalen,SPD,spd,1999.0,local election,Wahlprogramm,legacy_filename,ok,ne
GLMP-3F92E72C89,ob99cdu.txt,manifestos/ob99cdu.txt,Oberhausen,Nordrhein-Westfalen,CDU,cdu,1999.0,local election,Wahlprogramm,legacy_filename,ok,ob
GLMP-4E1FA8FBB6,si99gru.txt,manifestos/si99gru.txt,Siegen,Nordrhein-Westfalen,Grüne,gru,1999.0,local election,Wahlprogramm,legacy_filename,ok,si
GLMP-45D856A0FF,wu99gru.txt,manifestos/wu99gru.txt,Wuppertal,Nordrhein-Westfalen,Grüne,gru,1999.0,local election,Wahlprogramm,legacy_filename,ok,wu
GLMP-7A36313E1D,da01die.txt,manifestos/da01die.txt,Darmstadt,Hessen,Die Frauen,die,2001.0,local election,Wahlprogramm,legacy_filename,ok,da
GLMP-A3F70A2B00,da01spd.txt,manifestos/da01spd.txt,Darmstadt,Hessen,SPD,spd,2001.0,local election,Wahlprogramm,legacy_filename,ok,da
GLMP-EB59D5802F,ff01cdu.txt,manifestos/ff01cdu.txt,Frankfurt am Main,Hessen,CDU,cdu,2001.0,local election,Wahlprogramm,legacy_filename,ok,ff
GLMP-5FCF999922,ff01die.txt,manifestos/ff01die.txt,Frankfurt am Main,Hessen,Die Frauen,die,2001.0,local election,Wahlprogramm,legacy_filename,ok,ff
GLMP-D3D6636029,ff01fag.txt,manifestos/ff01fag.txt,Frankfurt am Main,Hessen,FlughafenAusbauGegner,fag,2001.0,local election,Wahlprogramm,legacy_filename,ok,ff
GLMP-4B14C4AAE2,ka01cdu.txt,manifestos/ka01cdu.txt,Kassel,Hessen,CDU,cdu,2001.0,local election,Wahlprogramm,legacy_filename,ok,ka
GLMP-7435AB24C0,ka01lin.txt,manifestos/ka01lin.txt,Kassel,Hessen,Die Linke,lin,2001.0,local election,Wahlprogramm,legacy_filename,ok,ka
GLMP-3113A5A9AD,ka01fdp.txt,manifestos/ka01fdp.txt,Kassel,Hessen,FDP,fdp,2001.0,local election,Wahlprogramm,legacy_filename,ok,ka
GLMP-2C1908EB1B,ka01fwg.txt,manifestos/ka01fwg.txt,Kassel,Hessen,Freie Wähler,fwg,2001.0,local election,Wahlprogramm,legacy_filename,ok,ka
GLMP-7D8A3E2EFB,ka01gru.txt,manifestos/ka01gru.txt,Kassel,Hessen,Grüne,gru,2001.0,local election,Wahlprogramm,legacy_filename,ok,ka
GLMP-72046AECB3,of01lin.txt,manifestos/of01lin.txt,Offenbach am Main,Hessen,Die Linke,lin,2001.0,local election,Wahlprogramm,legacy_filename,ok,of
GLMP-5FA0E46AB5,of01fdp.txt,manifestos/of01fdp.txt,Offenbach am Main,Hessen,FDP,fdp,2001.0,local election,Wahlprogramm,legacy_filename,ok,of
GLMP-BC27C241F6,of01gru.txt,manifestos/of01gru.txt,Offenbach am Main,Hessen,Grüne,gru,2001.0,local election,Wahlprogramm,legacy_filename,ok,of
GLMP-275B140B5F,wi01lin.txt,manifestos/wi01lin.txt,Wiesbaden,Hessen,Die Linke,lin,2001.0,local election,Wahlprogramm,legacy_filename,ok,wi
GLMP-D308FB959A,wi01fdp.txt,manifestos/wi01fdp.txt,Wiesbaden,Hessen,FDP,fdp,2001.0,local election,Wahlprogramm,legacy_filename,ok,wi
GLMP-EE2D3C58F8,ac04ggs.txt,manifestos/ac04ggs.txt,Aachen,Nordrhein-Westfalen,Gemeinsam gegen Sozialkahlschlag (GGS),ggs,2004.0,local election,Wahlprogramm,legacy_filename,ok,ac
GLMP-A169AE4653,ac04spd.txt,manifestos/ac04spd.txt,Aachen,Nordrhein-Westfalen,SPD,spd,2004.0,local election,Wahlprogramm,legacy_filename,ok,ac
GLMP-C59B170C58,bi04gru.txt,manifestos/bi04gru.txt,Bielefeld,Nordrhein-Westfalen,Grüne,gru,2004.0,local election,Wahlprogramm,legacy_filename,ok,bi
GLMP-3C92C20C1E,bo04cdu.txt,manifestos/bo04cdu.txt,Bochum,Nordrhein-Westfalen,CDU,cdu,2004.0,local election,Wahlprogramm,legacy_filename,ok,bo
GLMP-878F5D02EE,bo04fdp.txt,manifestos/bo04fdp.txt,Bochum,Nordrhein-Westfalen,FDP,fdp,2004.0,local election,Wahlprogramm,legacy_filename,ok,bo
GLMP-F6FA65D8C5,bo04gru.txt,manifestos/bo04gru.txt,Bochum,Nordrhein-Westfalen,Grüne,gru,2004.0,local election,Wahlprogramm,legacy_filename,ok,bo
GLMP-09644ECC4C,bn04cdu.txt,manifestos/bn04cdu.txt,Bonn,Nordrhein-Westfalen,CDU,cdu,2004.0,local election,Wahlprogramm,legacy_filename,ok,bn
GLMP-4EB03F034B,bn04gru.txt,manifestos/bn04gru.txt,Bonn,Nordrhein-Westfalen,Grüne,gru,2004.0,local election,Wahlprogramm,legacy_filename,ok,bn
GLMP-88B9A478FD,bn04spd.txt,manifestos/bn04spd.txt,Bonn,Nordrhein-Westfalen,SPD,spd,2004.0,local election,Wahlprogramm,legacy_filename,ok,bn
GLMP-7F710AC8F0,ds04cdu.txt,manifestos/ds04cdu.txt,Duesseldorf,Nordrhein-Westfalen,CDU,cdu,2004.0,local election,Wahlprogramm,legacy_filename,ok,ds
GLMP-540AE40898,du04lin.txt,manifestos/du04lin.txt,Duisburg,Nordrhein-Westfalen,Die Linke,lin,2004.0,local election,Wahlprogramm,legacy_filename,ok,du
GLMP-40E7CC02F2,du04fdp.txt,manifestos/du04fdp.txt,Duisburg,Nordrhein-Westfalen,FDP,fdp,2004.0,local election,Wahlprogramm,legacy_filename,ok,du
GLMP-CCC81174CA,es04fdp.txt,manifestos/es04fdp.txt,Essen,Nordrhein-Westfalen,FDP,fdp,2004.0,local election,Wahlprogramm,legacy_filename,ok,es
GLMP-26DEC10118,ha04gru.txt,manifestos/ha04gru.txt,Hagen,Nordrhein-Westfalen,Grüne,gru,2004.0,local election,Wahlprogramm,legacy_filename,ok,ha
GLMP-9F6154F852,hm04cdu.txt,manifestos/hm04cdu.txt,Hamm,Nordrhein-Westfalen,CDU,cdu,2004.0,local election,Wahlprogramm,legacy_filename,ok,hm
GLMP-8CD92EE9D6,hm04gru.txt,manifestos/hm04gru.txt,Hamm,Nordrhein-Westfalen,Grüne,gru,2004.0,local election,Wahlprogramm,legacy_filename,ok,hm
GLMP-58F40DBC62,ko04lin.txt,manifestos/ko04lin.txt,Koeln,Nordrhein-Westfalen,Die Linke,lin,2004.0,local election,Wahlprogramm,legacy_filename,ok,ko
GLMP-AD57D2732A,ko04fdp.txt,manifestos/ko04fdp.txt,Koeln,Nordrhein-Westfalen,FDP,fdp,2004.0,local election,Wahlprogramm,legacy_filename,ok,ko
GLMP-61D5BE0131,ko04gru.txt,manifestos/ko04gru.txt,Koeln,Nordrhein-Westfalen,Grüne,gru,2004.0,local election,Wahlprogramm,legacy_filename,ok,ko
GLMP-7BA564C6EB,ko04spd.txt,manifestos/ko04spd.txt,Koeln,Nordrhein-Westfalen,SPD,spd,2004.0,local election,Wahlprogramm,legacy_filename,ok,ko
GLMP-17402F5EB8,kr04cdu.txt,manifestos/kr04cdu.txt,Krefeld,Nordrhein-Westfalen,CDU,cdu,2004.0,local election,Wahlprogramm,legacy_filename,ok,kr
GLMP-C739DAD803,kr04spd.txt,manifestos/kr04spd.txt,Krefeld,Nordrhein-Westfalen,SPD,spd,2004.0,local election,Wahlprogramm,legacy_filename,ok,kr
GLMP-258DE1835D,le04gru.txt,manifestos/le04gru.txt,Leverkusen,Nordrhein-Westfalen,Grüne,gru,2004.0,local election,Wahlprogramm,legacy_filename,ok,le
GLMP-5314DE51DF,mg04fdp.txt,manifestos/mg04fdp.txt,Moenchengladbach,Nordrhein-Westfalen,FDP,fdp,2004.0,local election,Wahlprogramm,legacy_filename,ok,mg
GLMP-0D9FF48CD2,mg04fwg.txt,manifestos/mg04fwg.txt,Moenchengladbach,Nordrhein-Westfalen,Freie Wähler,fwg,2004.0,local election,Wahlprogramm,legacy_filename,ok,mg
GLMP-1F90DCCB14,mg04spd.txt,manifestos/mg04spd.txt,Moenchengladbach,Nordrhein-Westfalen,SPD,spd,2004.0,local election,Wahlprogramm,legacy_filename,ok,mg
GLMP-6AA0F5C0FC,mo04cdu.txt,manifestos/mo04cdu.txt,Moers,Nordrhein-Westfalen,CDU,cdu,2004.0,local election,Wahlprogramm,legacy_filename,ok,mo
GLMP-2C43D7721D,mo04lin.txt,manifestos/mo04lin.txt,Moers,Nordrhein-Westfalen,Die Linke,lin,2004.0,local election,Wahlprogramm,legacy_filename,ok,mo
GLMP-A5BDE58441,mh04mbi.txt,manifestos/mh04mbi.txt,Muelheim an der Ruhr,Nordrhein-Westfalen,Mülheimer Bürger Initiative,mbi,2004.0,local election,Wahlprogramm,legacy_filename,ok,mh
GLMP-2AC03EA2A3,ms04cdu.txt,manifestos/ms04cdu.txt,Muenster,Nordrhein-Westfalen,CDU,cdu,2004.0,local election,Wahlprogramm,legacy_filename,ok,ms
GLMP-A9093121A3,ms04fdp.txt,manifestos/ms04fdp.txt,Muenster,Nordrhein-Westfalen,FDP,fdp,2004.0,local election,Wahlprogramm,legacy_filename,ok,ms
GLMP-25D7A20F35,ne04spd.txt,manifestos/ne04spd.txt,Neuss,Nordrhein-Westfalen,SPD,spd,2004.0,local election,Wahlprogramm,legacy_filename,ok,ne
GLMP-E964B63E2F,ob04cdu.txt,manifestos/ob04cdu.txt,Oberhausen,Nordrhein-Westfalen,CDU,cdu,2004.0,local election,Wahlprogramm,legacy_filename,ok,ob
GLMP-10BC3DC6C3,rs04fdp.txt,manifestos/rs04fdp.txt,Remscheid,Nordrhein-Westfalen,FDP,fdp,2004.0,local election,Wahlprogramm,legacy_filename,ok,rs
GLMP-30662D0BA5,si04gru.txt,manifestos/si04gru.txt,Siegen,Nordrhein-Westfalen,Grüne,gru,2004.0,local election,Wahlprogramm,legacy_filename,ok,si
GLMP-21B6D94913,wu04gru.txt,manifestos/wu04gru.txt,Wuppertal,Nordrhein-Westfalen,Grüne,gru,2004.0,local election,Wahlprogramm,legacy_filename,ok,wu
GLMP-49BFBA67EE,da06die.txt,manifestos/da06die.txt,Darmstadt,Hessen,Die Frauen,die,2006.0,local election,Wahlprogramm,legacy_filename,ok,da
GLMP-64C3635AB7,da06lin.txt,manifestos/da06lin.txt,Darmstadt,Hessen,Die Linke,lin,2006.0,local election,Wahlprogramm,legacy_filename,ok,da
GLMP-166E139D7A,da06spd.txt,manifestos/da06spd.txt,Darmstadt,Hessen,SPD,spd,2006.0,local election,Wahlprogramm,legacy_filename,ok,da
GLMP-13BFE377EC,da06uff.txt,manifestos/da06uff.txt,Darmstadt,Hessen,Uffbasse,uff,2006.0,local election,Wahlprogramm,legacy_filename,ok,da
GLMP-0EAB27BD31,dl06cdu.txt,manifestos/dl06cdu.txt,Delmenhorst,Niedersachsen,CDU,cdu,2006.0,local election,Wahlprogramm,legacy_filename,ok,dl
GLMP-538589057C,dl06spd.txt,manifestos/dl06spd.txt,Delmenhorst,Niedersachsen,SPD,spd,2006.0,local election,Wahlprogramm,legacy_filename,ok,dl
GLMP-43D8DA35BF,em06fdp.txt,manifestos/em06fdp.txt,Emden,Niedersachsen,FDP,fdp,2006.0,local election,Wahlprogramm,legacy_filename,ok,em
GLMP-4E7A5F947B,em06spd.txt,manifestos/em06spd.txt,Emden,Niedersachsen,SPD,spd,2006.0,local election,Wahlprogramm,legacy_filename,ok,em
GLMP-544382A18A,ff06cdu.txt,manifestos/ff06cdu.txt,Frankfurt am Main,Hessen,CDU,cdu,2006.0,local election,Wahlprogramm,legacy_filename,ok,ff
GLMP-5928515E39,ff06lin.txt,manifestos/ff06lin.txt,Frankfurt am Main,Hessen,Die Linke,lin,2006.0,local election,Wahlprogramm,legacy_filename,ok,ff
GLMP-C43D29D662,ff06eul.txt,manifestos/ff06eul.txt,Frankfurt am Main,Hessen,Europa-Liste Frankfurt,eul,2006.0,local election,Wahlprogramm,legacy_filename,ok,ff
GLMP-08413D063A,ff06fag.txt,manifestos/ff06fag.txt,Frankfurt am Main,Hessen,FlughafenAusbauGegner,fag,2006.0,local election,Wahlprogramm,legacy_filename,ok,ff
GLMP-E06856AF7D,ff06gru.txt,manifestos/ff06gru.txt,Frankfurt am Main,Hessen,Grüne,gru,2006.0,local election,Wahlprogramm,legacy_filename,ok,ff
GLMP-0DCD437833,ff06oek.txt,manifestos/ff06oek.txt,Frankfurt am Main,Hessen,ÖkoLinX-ARL,oek,2006.0,local election,Wahlprogramm,legacy_filename,ok,ff
GLMP-EDAF772468,hv06cdu.txt,manifestos/hv06cdu.txt,Hannover,Niedersachsen,CDU,cdu,2006.0,local election,Wahlprogramm,legacy_filename,ok,hv
GLMP-DAA094C6B5,hv06spd.txt,manifestos/hv06spd.txt,Hannover,Niedersachsen,SPD,spd,2006.0,local election,Wahlprogramm,legacy_filename,ok,hv
GLMP-632DE91C78,ka06cdu.txt,manifestos/ka06cdu.txt,Kassel,Hessen,CDU,cdu,2006.0,local election,Wahlprogramm,legacy_filename,ok,ka
GLMP-823BECBE11,ka06lin.txt,manifestos/ka06lin.txt,Kassel,Hessen,Die Linke,lin,2006.0,local election,Wahlprogramm,legacy_filename,ok,ka
GLMP-743AD81778,ka06fwg.txt,manifestos/ka06fwg.txt,Kassel,Hessen,Freie Wähler,fwg,2006.0,local election,Wahlprogramm,legacy_filename,ok,ka
GLMP-A0B5124F9C,ka06gru.txt,manifestos/ka06gru.txt,Kassel,Hessen,Grüne,gru,2006.0,local election,Wahlprogramm,legacy_filename,ok,ka
GLMP-62ECBB8E54,ka06spd.txt,manifestos/ka06spd.txt,Kassel,Hessen,SPD,spd,2006.0,local election,Wahlprogramm,legacy_filename,ok,ka
GLMP-09A7F5ECD3,of06lin.txt,manifestos/of06lin.txt,Offenbach am Main,Hessen,Die Linke,lin,2006.0,local election,Wahlprogramm,legacy_filename,ok,of
GLMP-101791B860,of06fdp.txt,manifestos/of06fdp.txt,Offenbach am Main,Hessen,FDP,fdp,2006.0,local election,Wahlprogramm,legacy_filename,ok,of
GLMP-78CDA2F554,of06gru.txt,manifestos/of06gru.txt,Offenbach am Main,Hessen,Grüne,gru,2006.0,local election,Wahlprogramm,legacy_filename,ok,of
GLMP-08187B708E,ol06fdp.txt,manifestos/ol06fdp.txt,Oldenburg,Niedersachsen,FDP,fdp,2006.0,local election,Wahlprogramm,legacy_filename,ok,ol
GLMP-2D4F16A88D,ol06gru.txt,manifestos/ol06gru.txt,Oldenburg,Niedersachsen,Grüne,gru,2006.0,local election,Wahlprogramm,legacy_filename,ok,ol
GLMP-32EE5FC4F6,ol06spd.txt,manifestos/ol06spd.txt,Oldenburg,Niedersachsen,SPD,spd,2006.0,local election,Wahlprogramm,legacy_filename,ok,ol
GLMP-C8CD4DD86D,sa06spd.txt,manifestos/sa06spd.txt,Salzgitter,Niedersachsen,SPD,spd,2006.0,local election,Wahlprogramm,legacy_filename,ok,sa
GLMP-C32354A867,wi06blw.txt,manifestos/wi06blw.txt,Wiesbaden,Hessen,Bürgerliste Wiesbaden,blw,2006.0,local election,Wahlprogramm,legacy_filename,ok,wi
GLMP-3863DF0E6F,wi06lin.txt,manifestos/wi06lin.txt,Wiesbaden,Hessen,Die Linke,lin,2006.0,local election,Wahlprogramm,legacy_filename,ok,wi
GLMP-1EBA4B7028,wi06fdp.txt,manifestos/wi06fdp.txt,Wiesbaden,Hessen,FDP,fdp,2006.0,local election,Wahlprogramm,legacy_filename,ok,wi
GLMP-CEEFBFDB0A,wi06spd.txt,manifestos/wi06spd.txt,Wiesbaden,Hessen,SPD,spd,2006.0,local election,Wahlprogramm,legacy_filename,ok,wi
GLMP-35B5215B24,wv06fdp.txt,manifestos/wv06fdp.txt,Wilhelmshaven,Niedersachsen,FDP,fdp,2006.0,local election,Wahlprogramm,legacy_filename,ok,wv
GLMP-9DC2A70FDA,lb08bfl.txt,manifestos/lb08bfl.txt,Luebeck,Schleswig-Holstein,Bürger für Lübeck,bfl,2008.0,local election,Wahlprogramm,legacy_filename,ok,lb
GLMP-949EA36C8A,lb08gru.txt,manifestos/lb08gru.txt,Luebeck,Schleswig-Holstein,Grüne,gru,2008.0,local election,Wahlprogramm,legacy_filename,ok,lb
GLMP-BCC8FFBE61,lb08spd.txt,manifestos/lb08spd.txt,Luebeck,Schleswig-Holstein,SPD,spd,2008.0,local election,Wahlprogramm,legacy_filename,ok,lb
GLMP-C24C2FD48C,mu08gru.txt,manifestos/mu08gru.txt,Muenchen,Bayern,Grüne,gru,2008.0,local election,Wahlprogramm,legacy_filename,ok,mu
GLMP-6647C388E9,wz08fdp.txt,manifestos/wz08fdp.txt,Wuerzburg,Bayern,FDP,fdp,2008.0,local election,Wahlprogramm,legacy_filename,ok,wz
GLMP-BB09B6CC9D,ac09cdu.txt,manifestos/ac09cdu.txt,Aachen,Nordrhein-Westfalen,CDU,cdu,2009.0,local election,Wahlprogramm,legacy_filename,ok,ac
GLMP-B80F5D68BD,ac09lin.txt,manifestos/ac09lin.txt,Aachen,Nordrhein-Westfalen,Die Linke,lin,2009.0,local election,Wahlprogramm,legacy_filename,ok,ac
GLMP-B4E839FBD2,ac09fdp.txt,manifestos/ac09fdp.txt,Aachen,Nordrhein-Westfalen,FDP,fdp,2009.0,local election,Wahlprogramm,legacy_filename,ok,ac
GLMP-E16B10BD1B,ac09gru.txt,manifestos/ac09gru.txt,Aachen,Nordrhein-Westfalen,Grüne,gru,2009.0,local election,Wahlprogramm,legacy_filename,ok,ac
GLMP-6C88BDE4EA,ac09spd.txt,manifestos/ac09spd.txt,Aachen,Nordrhein-Westfalen,SPD,spd,2009.0,local election,Wahlprogramm,legacy_filename,ok,ac
GLMP-C45D058BBB,bg09bfb.txt,manifestos/bg09bfb.txt,Bergisch Gladbach,Nordrhein-Westfalen,Bürger für Bergisch Gladbach und Benserg (BfBB),bfb,2009.0,local election,Wahlprogramm,legacy_filename,ok,bg
GLMP-7B1DDBBD94,bg09cdu.txt,manifestos/bg09cdu.txt,Bergisch Gladbach,Nordrhein-Westfalen,CDU,cdu,2009.0,local election,Wahlprogramm,legacy_filename,ok,bg
GLMP-5511499214,bg09kid.txt,manifestos/bg09kid.txt,Bergisch Gladbach,Nordrhein-Westfalen,Die Kinder- und Jugendpartei KIDitiative,kid,2009.0,local election,Wahlprogramm,legacy_filename,ok,bg
GLMP-6D733C93C3,bg09lin.txt,manifestos/bg09lin.txt,Bergisch Gladbach,Nordrhein-Westfalen,Die Linke,lin,2009.0,local election,Wahlprogramm,legacy_filename,ok,bg
GLMP-07AE47DAD1,bg09fdp.txt,manifestos/bg09fdp.txt,Bergisch Gladbach,Nordrhein-Westfalen,FDP,fdp,2009.0,local election,Wahlprogramm,legacy_filename,ok,bg
GLMP-9287B665A9,bg09gru.txt,manifestos/bg09gru.txt,Bergisch Gladbach,Nordrhein-Westfalen,Grüne,gru,2009.0,local election,Wahlprogramm,legacy_filename,ok,bg
GLMP-B253BB821A,bg09spd.txt,manifestos/bg09spd.txt,Bergisch Gladbach,Nordrhein-Westfalen,SPD,spd,2009.0,local election,Wahlprogramm,legacy_filename,ok,bg
GLMP-38CD6F6F60,bi09wgb.txt,manifestos/bi09wgb.txt,Bielefeld,Nordrhein-Westfalen,Bürgernähe - Initiativen für Bielefeld,wgb,2009.0,local election,Wahlprogramm,legacy_filename,ok,bi
GLMP-8D7B2DF3B6,bi09fdp.txt,manifestos/bi09fdp.txt,Bielefeld,Nordrhein-Westfalen,FDP,fdp,2009.0,local election,Wahlprogramm,legacy_filename,ok,bi
GLMP-AB2EA1CDC7,bi09gru.txt,manifestos/bi09gru.txt,Bielefeld,Nordrhein-Westfalen,Grüne,gru,2009.0,local election,Wahlprogramm,legacy_filename,ok,bi
GLMP-C914A15154,bi09spd.txt,manifestos/bi09spd.txt,Bielefeld,Nordrhein-Westfalen,SPD,spd,2009.0,local election,Wahlprogramm,legacy_filename,ok,bi
GLMP-A7C8FBEAC8,bo09cdu.txt,manifestos/bo09cdu.txt,Bochum,Nordrhein-Westfalen,CDU,cdu,2009.0,local election,Wahlprogramm,legacy_filename,ok,bo
GLMP-B3F7884318,bo09lin.txt,manifestos/bo09lin.txt,Bochum,Nordrhein-Westfalen,Die Linke,lin,2009.0,local election,Wahlprogramm,legacy_filename,ok,bo
GLMP-BCA21E69A6,bo09fdp.txt,manifestos/bo09fdp.txt,Bochum,Nordrhein-Westfalen,FDP,fdp,2009.0,local election,Wahlprogramm,legacy_filename,ok,bo
GLMP-BAF99FDBA0,bo09gru.txt,manifestos/bo09gru.txt,Bochum,Nordrhein-Westfalen,Grüne,gru,2009.0,local election,Wahlprogramm,legacy_filename,ok,bo
GLMP-9DF9A8E616,bo09spd.txt,manifestos/bo09spd.txt,Bochum,Nordrhein-Westfalen,SPD,spd,2009.0,local election,Wahlprogramm,legacy_filename,ok,bo
GLMP-A8441C190F,bn09bff.txt,manifestos/bn09bff.txt,Bonn,Nordrhein-Westfalen,Bündnis für Frieden und Fairness,bff,2009.0,local election,Wahlprogramm,legacy_filename,ok,bn
GLMP-9D8388BA74,bn09cdu.txt,manifestos/bn09cdu.txt,Bonn,Nordrhein-Westfalen,CDU,cdu,2009.0,local election,Wahlprogramm,legacy_filename,ok,bn
GLMP-A906C1AC21,bn09lin.txt,manifestos/bn09lin.txt,Bonn,Nordrhein-Westfalen,Die Linke,lin,2009.0,local election,Wahlprogramm,legacy_filename,ok,bn
GLMP-4EA73282D8,bn09fdp.txt,manifestos/bn09fdp.txt,Bonn,Nordrhein-Westfalen,FDP,fdp,2009.0,local election,Wahlprogramm,legacy_filename,ok,bn
GLMP-C805E4604F,bn09gru.txt,manifestos/bn09gru.txt,Bonn,Nordrhein-Westfalen,Grüne,gru,2009.0,local election,Wahlprogramm,legacy_filename,ok,bn
GLMP-5E426761DC,bn09spd.txt,manifestos/bn09spd.txt,Bonn,Nordrhein-Westfalen,SPD,spd,2009.0,local election,Wahlprogramm,legacy_filename,ok,bn
GLMP-C41E73E58B,bt09fdp.txt,manifestos/bt09fdp.txt,Bottrop,Nordrhein-Westfalen,FDP,fdp,2009.0,local election,Wahlprogramm,legacy_filename,ok,bt
GLMP-55CF13B9CE,bt09spd.txt,manifestos/bt09spd.txt,Bottrop,Nordrhein-Westfalen,SPD,spd,2009.0,local election,Wahlprogramm,legacy_filename,ok,bt
GLMP-B236593025,bt09odp.txt,manifestos/bt09odp.txt,Bottrop,Nordrhein-Westfalen,Ökologisch-Demokratische Partei (ÖDP),odp,2009.0,local election,Wahlprogramm,legacy_filename,ok,bt
GLMP-9E8A8897B9,do09cdu.txt,manifestos/do09cdu.txt,Dortmund,Nordrhein-Westfalen,CDU,cdu,2009.0,local election,Wahlprogramm,legacy_filename,ok,do
GLMP-74D7180925,do09lin.txt,manifestos/do09lin.txt,Dortmund,Nordrhein-Westfalen,Die Linke,lin,2009.0,local election,Wahlprogramm,legacy_filename,ok,do
GLMP-9283F4513E,do09gru.txt,manifestos/do09gru.txt,Dortmund,Nordrhein-Westfalen,Grüne,gru,2009.0,local election,Wahlprogramm,legacy_filename,ok,do
GLMP-9288303E7F,do09lib.txt,manifestos/do09lib.txt,Dortmund,Nordrhein-Westfalen,Lokaldemokratie in Bielefeld,lib,2009.0,local election,Wahlprogramm,legacy_filename,ok,do
GLMP-D63C88D2E0,do09spd.txt,manifestos/do09spd.txt,Dortmund,Nordrhein-Westfalen,SPD,spd,2009.0,local election,Wahlprogramm,legacy_filename,ok,do
GLMP-AD14B1705A,ds09cdu.txt,manifestos/ds09cdu.txt,Duesseldorf,Nordrhein-Westfalen,CDU,cdu,2009.0,local election,Wahlprogramm,legacy_filename,ok,ds
GLMP-4A891D4E9B,ds09fdp.txt,manifestos/ds09fdp.txt,Duesseldorf,Nordrhein-Westfalen,FDP,fdp,2009.0,local election,Wahlprogramm,legacy_filename,ok,ds
GLMP-05AE87802B,ds09fwg.txt,manifestos/ds09fwg.txt,Duesseldorf,Nordrhein-Westfalen,Freie Wähler,fwg,2009.0,local election,Wahlprogramm,legacy_filename,ok,ds
GLMP-7C991A6AAD,ds09gru.txt,manifestos/ds09gru.txt,Duesseldorf,Nordrhein-Westfalen,Grüne,gru,2009.0,local election,Wahlprogramm,legacy_filename,ok,ds
GLMP-62E60E60DF,du09cdu.txt,manifestos/du09cdu.txt,Duisburg,Nordrhein-Westfalen,CDU,cdu,2009.0,local election,Wahlprogramm,legacy_filename,ok,du
GLMP-986758D8A9,du09lin.txt,manifestos/du09lin.txt,Duisburg,Nordrhein-Westfalen,Die Linke,lin,2009.0,local election,Wahlprogramm,legacy_filename,ok,du
GLMP-272B1945EC,du09fdp.txt,manifestos/du09fdp.txt,Duisburg,Nordrhein-Westfalen,FDP,fdp,2009.0,local election,Wahlprogramm,legacy_filename,ok,du
GLMP-7C8C559AFF,du09gru.txt,manifestos/du09gru.txt,Duisburg,Nordrhein-Westfalen,Grüne,gru,2009.0,local election,Wahlprogramm,legacy_filename,ok,du
GLMP-2D5C441DF6,du09jud.txt,manifestos/du09jud.txt,Duisburg,Nordrhein-Westfalen,Junges Duisburg,jud,2009.0,local election,Wahlprogramm,legacy_filename,ok,du
GLMP-160EE54BA0,du09spd.txt,manifestos/du09spd.txt,Duisburg,Nordrhein-Westfalen,SPD,spd,2009.0,local election,Wahlprogramm,legacy_filename,ok,du
GLMP-506A225DBB,du09sgu.txt,manifestos/du09sgu.txt,Duisburg,Nordrhein-Westfalen,"Sozial, Gerecht, Unabhängig",sgu,2009.0,local election,Wahlprogramm,legacy_filename,ok,du
GLMP-F053FA94E9,es09lin.txt,manifestos/es09lin.txt,Essen,Nordrhein-Westfalen,Die Linke,lin,2009.0,local election,Wahlprogramm,legacy_filename,ok,es
GLMP-3DFA4C86F2,es09ebb.txt,manifestos/es09ebb.txt,Essen,Nordrhein-Westfalen,Essener Bürger Bündnis,ebb,2009.0,local election,Wahlprogramm,legacy_filename,ok,es
GLMP-E77708571D,es09fdp.txt,manifestos/es09fdp.txt,Essen,Nordrhein-Westfalen,FDP,fdp,2009.0,local election,Wahlprogramm,legacy_filename,ok,es
GLMP-86E6B8065B,es09gru.txt,manifestos/es09gru.txt,Essen,Nordrhein-Westfalen,Grüne,gru,2009.0,local election,Wahlprogramm,legacy_filename,ok,es
GLMP-373D63D8D7,ge09big.txt,manifestos/ge09big.txt,Gelsenkirchen,Nordrhein-Westfalen,Bürger Initiative Gelsenkirchen,big,2009.0,local election,Wahlprogramm,legacy_filename,ok,ge
GLMP-1B2F183821,ge09fdp.txt,manifestos/ge09fdp.txt,Gelsenkirchen,Nordrhein-Westfalen,FDP,fdp,2009.0,local election,Wahlprogramm,legacy_filename,ok,ge
GLMP-A53908EDD2,ge09gru.txt,manifestos/ge09gru.txt,Gelsenkirchen,Nordrhein-Westfalen,Grüne,gru,2009.0,local election,Wahlprogramm,legacy_filename,ok,ge
GLMP-0AACDCB7CD,ha09cdu.txt,manifestos/ha09cdu.txt,Hagen,Nordrhein-Westfalen,CDU,cdu,2009.0,local election,Wahlprogramm,legacy_filename,ok,ha
GLMP-9BEA2CBB21,ha09fdp.txt,manifestos/ha09fdp.txt,Hagen,Nordrhein-Westfalen,FDP,fdp,2009.0,local election,Wahlprogramm,legacy_filename,ok,ha
GLMP-5CB8AF89E3,ha09gru.txt,manifestos/ha09gru.txt,Hagen,Nordrhein-Westfalen,Grüne,gru,2009.0,local election,Wahlprogramm,legacy_filename,ok,ha
GLMP-907E408F77,ha09hak.txt,manifestos/ha09hak.txt,Hagen,Nordrhein-Westfalen,Hagen Aktiv,hak,2009.0,local election,Wahlprogramm,legacy_manual_override,ok,ha
GLMP-0BED9222DD,ha09spd.txt,manifestos/ha09spd.txt,Hagen,Nordrhein-Westfalen,SPD,spd,2009.0,local election,Wahlprogramm,legacy_filename,ok,ha
GLMP-F6AADFF00A,hm09cdu.txt,manifestos/hm09cdu.txt,Hamm,Nordrhein-Westfalen,CDU,cdu,2009.0,local election,Wahlprogramm,legacy_filename,ok,hm
GLMP-282E12CAD9,hm09gru.txt,manifestos/hm09gru.txt,Hamm,Nordrhein-Westfalen,Grüne,gru,2009.0,local election,Wahlprogramm,legacy_filename,ok,hm
GLMP-0ECDD89B99,ko09cdu.txt,manifestos/ko09cdu.txt,Koeln,Nordrhein-Westfalen,CDU,cdu,2009.0,local election,Wahlprogramm,legacy_filename,ok,ko
GLMP-B1BA963242,ko09lin.txt,manifestos/ko09lin.txt,Koeln,Nordrhein-Westfalen,Die Linke,lin,2009.0,local election,Wahlprogramm,legacy_filename,ok,ko
GLMP-FCE0F128ED,ko09gru.txt,manifestos/ko09gru.txt,Koeln,Nordrhein-Westfalen,Grüne,gru,2009.0,local election,Wahlprogramm,legacy_filename,ok,ko
GLMP-D68AA04016,ko09spd.txt,manifestos/ko09spd.txt,Koeln,Nordrhein-Westfalen,SPD,spd,2009.0,local election,Wahlprogramm,legacy_filename,ok,ko
GLMP-D95B53294B,kr09cdu.txt,manifestos/kr09cdu.txt,Krefeld,Nordrhein-Westfalen,CDU,cdu,2009.0,local election,Wahlprogramm,legacy_filename,ok,kr
GLMP-0CA7A19D28,kr09fdp.txt,manifestos/kr09fdp.txt,Krefeld,Nordrhein-Westfalen,FDP,fdp,2009.0,local election,Wahlprogramm,legacy_filename,ok,kr
GLMP-47194E11D9,kr09spd.txt,manifestos/kr09spd.txt,Krefeld,Nordrhein-Westfalen,SPD,spd,2009.0,local election,Wahlprogramm,legacy_filename,ok,kr
GLMP-57425C12E6,le09cdu.txt,manifestos/le09cdu.txt,Leverkusen,Nordrhein-Westfalen,CDU,cdu,2009.0,local election,Wahlprogramm,legacy_filename,ok,le
GLMP-C9B3BF30FE,le09fdp.txt,manifestos/le09fdp.txt,Leverkusen,Nordrhein-Westfalen,FDP,fdp,2009.0,local election,Wahlprogramm,legacy_filename,ok,le
GLMP-188E157FA9,le09fwg.txt,manifestos/le09fwg.txt,Leverkusen,Nordrhein-Westfalen,Freie Wähler,fwg,2009.0,local election,Wahlprogramm,legacy_filename,ok,le
GLMP-DE5F047925,le09spd.txt,manifestos/le09spd.txt,Leverkusen,Nordrhein-Westfalen,SPD,spd,2009.0,local election,Wahlprogramm,legacy_filename,ok,le
GLMP-4937F3D413,mg09lin.txt,manifestos/mg09lin.txt,Moenchengladbach,Nordrhein-Westfalen,Die Linke,lin,2009.0,local election,Wahlprogramm,legacy_filename,ok,mg
GLMP-4F05D236B1,mg09fdp.txt,manifestos/mg09fdp.txt,Moenchengladbach,Nordrhein-Westfalen,FDP,fdp,2009.0,local election,Wahlprogramm,legacy_filename,ok,mg
GLMP-5F1A607537,mg09gru.txt,manifestos/mg09gru.txt,Moenchengladbach,Nordrhein-Westfalen,Grüne,gru,2009.0,local election,Wahlprogramm,legacy_filename,ok,mg
GLMP-3ABE926D5C,mg09spd.txt,manifestos/mg09spd.txt,Moenchengladbach,Nordrhein-Westfalen,SPD,spd,2009.0,local election,Wahlprogramm,legacy_filename,ok,mg
GLMP-C02205BF5B,mo09cdu.txt,manifestos/mo09cdu.txt,Moers,Nordrhein-Westfalen,CDU,cdu,2009.0,local election,Wahlprogramm,legacy_filename,ok,mo
GLMP-3FB9BB7AE8,mo09lin.txt,manifestos/mo09lin.txt,Moers,Nordrhein-Westfalen,Die Linke,lin,2009.0,local election,Wahlprogramm,legacy_filename,ok,mo
GLMP-4A1BE43E5F,mo09fdp.txt,manifestos/mo09fdp.txt,Moers,Nordrhein-Westfalen,FDP,fdp,2009.0,local election,Wahlprogramm,legacy_filename,ok,mo
GLMP-A409DF06CF,mo09fbg.txt,manifestos/mo09fbg.txt,Moers,Nordrhein-Westfalen,Freie Bürger-Gemeinschaft Moers,fbg,2009.0,local election,Wahlprogramm,legacy_filename,ok,mo
GLMP-98CF77A715,mh09cdu.txt,manifestos/mh09cdu.txt,Muelheim an der Ruhr,Nordrhein-Westfalen,CDU,cdu,2009.0,local election,Wahlprogramm,legacy_filename,ok,mh
GLMP-D246A97818,mh09fdp.txt,manifestos/mh09fdp.txt,Muelheim an der Ruhr,Nordrhein-Westfalen,FDP,fdp,2009.0,local election,Wahlprogramm,legacy_filename,ok,mh
GLMP-3043298F44,mh09mbi.txt,manifestos/mh09mbi.txt,Muelheim an der Ruhr,Nordrhein-Westfalen,Mülheimer Bürger Initiative,mbi,2009.0,local election,Wahlprogramm,legacy_filename,ok,mh
GLMP-4E93EB455C,ms09cdu.txt,manifestos/ms09cdu.txt,Muenster,Nordrhein-Westfalen,CDU,cdu,2009.0,local election,Wahlprogramm,legacy_filename,ok,ms
GLMP-35AD972814,ms09lin.txt,manifestos/ms09lin.txt,Muenster,Nordrhein-Westfalen,Die Linke,lin,2009.0,local election,Wahlprogramm,legacy_filename,ok,ms
GLMP-4EFC76BB57,ms09fdp.txt,manifestos/ms09fdp.txt,Muenster,Nordrhein-Westfalen,FDP,fdp,2009.0,local election,Wahlprogramm,legacy_filename,ok,ms
GLMP-931A894A51,ms09spd.txt,manifestos/ms09spd.txt,Muenster,Nordrhein-Westfalen,SPD,spd,2009.0,local election,Wahlprogramm,legacy_filename,ok,ms
GLMP-59F28CCE99,ms09odp.txt,manifestos/ms09odp.txt,Muenster,Nordrhein-Westfalen,Ökologisch-Demokratische Partei (ÖDP),odp,2009.0,local election,Wahlprogramm,legacy_filename,ok,ms
GLMP-32780BB8A2,ne09cdu.txt,manifestos/ne09cdu.txt,Neuss,Nordrhein-Westfalen,CDU,cdu,2009.0,local election,Wahlprogramm,legacy_filename,ok,ne
GLMP-797115F3EB,ne09gru.txt,manifestos/ne09gru.txt,Neuss,Nordrhein-Westfalen,Grüne,gru,2009.0,local election,Wahlprogramm,legacy_filename,ok,ne
GLMP-293DA1E198,ne09spd.txt,manifestos/ne09spd.txt,Neuss,Nordrhein-Westfalen,SPD,spd,2009.0,local election,Wahlprogramm,legacy_filename,ok,ne
GLMP-D583C9265D,ob09cdu.txt,manifestos/ob09cdu.txt,Oberhausen,Nordrhein-Westfalen,CDU,cdu,2009.0,local election,Wahlprogramm,legacy_filename,ok,ob
GLMP-87B1945028,ob09lin.txt,manifestos/ob09lin.txt,Oberhausen,Nordrhein-Westfalen,Die Linke,lin,2009.0,local election,Wahlprogramm,legacy_filename,ok,ob
GLMP-0519521122,pb09cdu.txt,manifestos/pb09cdu.txt,Paderborn,Nordrhein-Westfalen,CDU,cdu,2009.0,local election,Wahlprogramm,legacy_filename,ok,pb
GLMP-81D27EB3D9,pb09dip.txt,manifestos/pb09dip.txt,Paderborn,Nordrhein-Westfalen,Demokratische Initiative Parderborn,dip,2009.0,local election,Wahlprogramm,legacy_filename,ok,pb
GLMP-7E18E1FED1,pb09fdp.txt,manifestos/pb09fdp.txt,Paderborn,Nordrhein-Westfalen,FDP,fdp,2009.0,local election,Wahlprogramm,legacy_filename,ok,pb
GLMP-1D5C98EE35,pb09gru.txt,manifestos/pb09gru.txt,Paderborn,Nordrhein-Westfalen,Grüne,gru,2009.0,local election,Wahlprogramm,legacy_filename,ok,pb
GLMP-B4B7B353E2,pb09spd.txt,manifestos/pb09spd.txt,Paderborn,Nordrhein-Westfalen,SPD,spd,2009.0,local election,Wahlprogramm,legacy_filename,ok,pb
GLMP-82A2A2482D,re09gru.txt,manifestos/re09gru.txt,Recklinghausen,Nordrhein-Westfalen,Grüne,gru,2009.0,local election,Wahlprogramm,legacy_filename,ok,re
GLMP-6ECDB31A16,re09spd.txt,manifestos/re09spd.txt,Recklinghausen,Nordrhein-Westfalen,SPD,spd,2009.0,local election,Wahlprogramm,legacy_filename,ok,re
GLMP-9242A9F295,rs09cdu.txt,manifestos/rs09cdu.txt,Remscheid,Nordrhein-Westfalen,CDU,cdu,2009.0,local election,Wahlprogramm,legacy_filename,ok,rs
GLMP-BCE4AD7D8E,rs09fdp.txt,manifestos/rs09fdp.txt,Remscheid,Nordrhein-Westfalen,FDP,fdp,2009.0,local election,Wahlprogramm,legacy_filename,ok,rs
GLMP-350745BE57,rs09spd.txt,manifestos/rs09spd.txt,Remscheid,Nordrhein-Westfalen,SPD,spd,2009.0,local election,Wahlprogramm,legacy_filename,ok,rs
GLMP-2710825467,rs09wir.txt,manifestos/rs09wir.txt,Remscheid,Nordrhein-Westfalen,Wählergemeinschaft in Remscheid (W.i.R.),wir,2009.0,local election,Wahlprogramm,legacy_filename,ok,rs
GLMP-81353936E6,si09cdu.txt,manifestos/si09cdu.txt,Siegen,Nordrhein-Westfalen,CDU,cdu,2009.0,local election,Wahlprogramm,legacy_filename,ok,si
GLMP-D22EFC2FCE,si09gru.txt,manifestos/si09gru.txt,Siegen,Nordrhein-Westfalen,Grüne,gru,2009.0,local election,Wahlprogramm,legacy_filename,ok,si
GLMP-7A5EEE821B,sg09cdu.txt,manifestos/sg09cdu.txt,Solingen,Nordrhein-Westfalen,CDU,cdu,2009.0,local election,Wahlprogramm,legacy_filename,ok,sg
GLMP-F7A0C9A1B6,sg09fdp.txt,manifestos/sg09fdp.txt,Solingen,Nordrhein-Westfalen,FDP,fdp,2009.0,local election,Wahlprogramm,legacy_filename,ok,sg
GLMP-44B2E8BB07,sg09fbu.txt,manifestos/sg09fbu.txt,Solingen,Nordrhein-Westfalen,Freie Bürger Union,fbu,2009.0,local election,Wahlprogramm,legacy_filename,ok,sg
GLMP-640DD1DB71,ul09uvl.txt,manifestos/ul09uvl.txt,Ulm,Baden-Württemberg,Ulmer Vorort-Liste,uvl,2009.0,local election,Wahlprogramm,legacy_filename,ok,ul
GLMP-545C4F3E22,wu09cdu.txt,manifestos/wu09cdu.txt,Wuppertal,Nordrhein-Westfalen,CDU,cdu,2009.0,local election,Wahlprogramm,legacy_filename,ok,wu
GLMP-3D6F5D4E8C,wu09lin.txt,manifestos/wu09lin.txt,Wuppertal,Nordrhein-Westfalen,Die Linke,lin,2009.0,local election,Wahlprogramm,legacy_filename,ok,wu
GLMP-52374756CD,wu09fdp.txt,manifestos/wu09fdp.txt,Wuppertal,Nordrhein-Westfalen,FDP,fdp,2009.0,local election,Wahlprogramm,legacy_filename,ok,wu
GLMP-08AFEC0D3C,wu09gru.txt,manifestos/wu09gru.txt,Wuppertal,Nordrhein-Westfalen,Grüne,gru,2009.0,local election,Wahlprogramm,legacy_filename,ok,wu
GLMP-8306BDC506,wu09spd.txt,manifestos/wu09spd.txt,Wuppertal,Nordrhein-Westfalen,SPD,spd,2009.0,local election,Wahlprogramm,legacy_filename,ok,wu
GLMP-DC465AE909,wu09wfw.txt,manifestos/wu09wfw.txt,Wuppertal,Nordrhein-Westfalen,Wählergemeinschaft für Wuppertal,wfw,2009.0,local election,Wahlprogramm,legacy_filename,ok,wu
GLMP-97549B2EA6,bs11lin.txt,manifestos/bs11lin.txt,Braunschweig,Niedersachsen,Die Linke,lin,2011.0,local election,Wahlprogramm,legacy_filename,ok,bs
GLMP-3E1029D327,bs11fdp.txt,manifestos/bs11fdp.txt,Braunschweig,Niedersachsen,FDP,fdp,2011.0,local election,Wahlprogramm,legacy_filename,ok,bs
GLMP-4A1746F0C9,bs11spd.txt,manifestos/bs11spd.txt,Braunschweig,Niedersachsen,SPD,spd,2011.0,local election,Wahlprogramm,legacy_filename,ok,bs
GLMP-6E6CCF9735,da11cdu.txt,manifestos/da11cdu.txt,Darmstadt,Hessen,CDU,cdu,2011.0,local election,Wahlprogramm,legacy_filename,ok,da
GLMP-5003196905,da11lin.txt,manifestos/da11lin.txt,Darmstadt,Hessen,Die Linke,lin,2011.0,local election,Wahlprogramm,legacy_filename,ok,da
GLMP-34FCB8D753,da11fdp.txt,manifestos/da11fdp.txt,Darmstadt,Hessen,FDP,fdp,2011.0,local election,Wahlprogramm,legacy_filename,ok,da
GLMP-0709F4D933,da11fwg.txt,manifestos/da11fwg.txt,Darmstadt,Hessen,Freie Wähler,fwg,2011.0,local election,Wahlprogramm,legacy_filename,ok,da
GLMP-8BA40A904E,da11gru.txt,manifestos/da11gru.txt,Darmstadt,Hessen,Grüne,gru,2011.0,local election,Wahlprogramm,legacy_filename,ok,da
GLMP-E1045748AB,da11pir.txt,manifestos/da11pir.txt,Darmstadt,Hessen,Piraten,pir,2011.0,local election,Wahlprogramm,legacy_filename,ok,da
GLMP-D2FCDC91A2,da11spd.txt,manifestos/da11spd.txt,Darmstadt,Hessen,SPD,spd,2011.0,local election,Wahlprogramm,legacy_filename,ok,da
GLMP-FE27956573,da11uwi.txt,manifestos/da11uwi.txt,Darmstadt,Hessen,UWIGA (nabhängige Wählergemeinschaft hervor gegangen aus  IG Abwasser),uwi,2011.0,local election,Wahlprogramm,legacy_filename,ok,da
GLMP-7A093A7A45,da11uff.txt,manifestos/da11uff.txt,Darmstadt,Hessen,Uffbasse,uff,2011.0,local election,Wahlprogramm,legacy_filename,ok,da
GLMP-51143BE2CF,dl11cdu.txt,manifestos/dl11cdu.txt,Delmenhorst,Niedersachsen,CDU,cdu,2011.0,local election,Wahlprogramm,legacy_filename,ok,dl
GLMP-DA5239BE9A,dl11fdp.txt,manifestos/dl11fdp.txt,Delmenhorst,Niedersachsen,FDP,fdp,2011.0,local election,Wahlprogramm,legacy_filename,ok,dl
GLMP-3D04026C15,dl11spd.txt,manifestos/dl11spd.txt,Delmenhorst,Niedersachsen,SPD,spd,2011.0,local election,Wahlprogramm,legacy_filename,ok,dl
GLMP-659E4A8CC6,em11cdu.txt,manifestos/em11cdu.txt,Emden,Niedersachsen,CDU,cdu,2011.0,local election,Wahlprogramm,legacy_filename,ok,em
GLMP-3C6BD567A3,em11fdp.txt,manifestos/em11fdp.txt,Emden,Niedersachsen,FDP,fdp,2011.0,local election,Wahlprogramm,legacy_filename,ok,em
GLMP-F6A4029258,em11spd.txt,manifestos/em11spd.txt,Emden,Niedersachsen,SPD,spd,2011.0,local election,Wahlprogramm,legacy_filename,ok,em
GLMP-C497DFCF9C,ff11cdu.txt,manifestos/ff11cdu.txt,Frankfurt am Main,Hessen,CDU,cdu,2011.0,local election,Wahlprogramm,legacy_filename,ok,ff
GLMP-B6DB5F9DEA,ff11lin.txt,manifestos/ff11lin.txt,Frankfurt am Main,Hessen,Die Linke,lin,2011.0,local election,Wahlprogramm,legacy_filename,ok,ff
GLMP-18C2F279CF,ff11eul.txt,manifestos/ff11eul.txt,Frankfurt am Main,Hessen,Europa-Liste Frankfurt,eul,2011.0,local election,Wahlprogramm,legacy_filename,ok,ff
GLMP-4A87373A5A,ff11fdp.txt,manifestos/ff11fdp.txt,Frankfurt am Main,Hessen,FDP,fdp,2011.0,local election,Wahlprogramm,legacy_filename,ok,ff
GLMP-912BBB4DC0,ff11fag.txt,manifestos/ff11fag.txt,Frankfurt am Main,Hessen,FlughafenAusbauGegner,fag,2011.0,local election,Wahlprogramm,legacy_filename,ok,ff
GLMP-AABCB6B48B,ff11fwg.txt,manifestos/ff11fwg.txt,Frankfurt am Main,Hessen,Freie Wähler,fwg,2011.0,local election,Wahlprogramm,legacy_filename,ok,ff
GLMP-4A7E9AC9DF,ff11gru.txt,manifestos/ff11gru.txt,Frankfurt am Main,Hessen,Grüne,gru,2011.0,local election,Wahlprogramm,legacy_filename,ok,ff
GLMP-D0CEA2831C,ff11pir.txt,manifestos/ff11pir.txt,Frankfurt am Main,Hessen,Piraten,pir,2011.0,local election,Wahlprogramm,legacy_filename,ok,ff
GLMP-37B808F7E4,ff11spd.txt,manifestos/ff11spd.txt,Frankfurt am Main,Hessen,SPD,spd,2011.0,local election,Wahlprogramm,legacy_filename,ok,ff
GLMP-6574608501,ff11oek.txt,manifestos/ff11oek.txt,Frankfurt am Main,Hessen,ÖkoLinX-ARL,oek,2011.0,local election,Wahlprogramm,legacy_filename,ok,ff
GLMP-C2CC27EAFB,go11cdu.txt,manifestos/go11cdu.txt,Goettingen,Niedersachsen,CDU,cdu,2011.0,local election,Wahlprogramm,legacy_filename,ok,go
GLMP-E5B38130BD,go11fdp.txt,manifestos/go11fdp.txt,Goettingen,Niedersachsen,FDP,fdp,2011.0,local election,Wahlprogramm,legacy_filename,ok,go
GLMP-E45C45E04B,go11spd.txt,manifestos/go11spd.txt,Goettingen,Niedersachsen,SPD,spd,2011.0,local election,Wahlprogramm,legacy_filename,ok,go
GLMP-80D03A0808,hv11cdu.txt,manifestos/hv11cdu.txt,Hannover,Niedersachsen,CDU,cdu,2011.0,local election,Wahlprogramm,legacy_filename,ok,hv
GLMP-B1C665A34F,hv11lin.txt,manifestos/hv11lin.txt,Hannover,Niedersachsen,Die Linke,lin,2011.0,local election,Wahlprogramm,legacy_filename,ok,hv
GLMP-FAC1431AE4,hv11spd.txt,manifestos/hv11spd.txt,Hannover,Niedersachsen,SPD,spd,2011.0,local election,Wahlprogramm,legacy_filename,ok,hv
GLMP-ED035E7522,ka11cdu.txt,manifestos/ka11cdu.txt,Kassel,Hessen,CDU,cdu,2011.0,local election,Wahlprogramm,legacy_filename,ok,ka
GLMP-B644438326,ka11lin.txt,manifestos/ka11lin.txt,Kassel,Hessen,Die Linke,lin,2011.0,local election,Wahlprogramm,legacy_filename,ok,ka
GLMP-BA5605B1AC,ka11fdp.txt,manifestos/ka11fdp.txt,Kassel,Hessen,FDP,fdp,2011.0,local election,Wahlprogramm,legacy_filename,ok,ka
GLMP-C152C4BE57,ka11gru.txt,manifestos/ka11gru.txt,Kassel,Hessen,Grüne,gru,2011.0,local election,Wahlprogramm,legacy_filename,ok,ka
GLMP-C643CAF9C0,ka11pir.txt,manifestos/ka11pir.txt,Kassel,Hessen,Piraten,pir,2011.0,local election,Wahlprogramm,legacy_filename,ok,ka
GLMP-6916584166,ka11spd.txt,manifestos/ka11spd.txt,Kassel,Hessen,SPD,spd,2011.0,local election,Wahlprogramm,legacy_filename,ok,ka
GLMP-3A12FCA4A4,of11cdu.txt,manifestos/of11cdu.txt,Offenbach am Main,Hessen,CDU,cdu,2011.0,local election,Wahlprogramm,legacy_filename,ok,of
GLMP-0B3A8E04C6,of11lin.txt,manifestos/of11lin.txt,Offenbach am Main,Hessen,Die Linke,lin,2011.0,local election,Wahlprogramm,legacy_filename,ok,of
GLMP-408A055262,of11rep.txt,manifestos/of11rep.txt,Offenbach am Main,Hessen,Die Republikaner,rep,2011.0,local election,Wahlprogramm,legacy_filename,ok,of
GLMP-67D4A4D611,of11fdp.txt,manifestos/of11fdp.txt,Offenbach am Main,Hessen,FDP,fdp,2011.0,local election,Wahlprogramm,legacy_filename,ok,of
GLMP-FE04AFC637,of11fno.txt,manifestos/of11fno.txt,Offenbach am Main,Hessen,Forum Neues Offenbach,fno,2011.0,local election,Wahlprogramm,legacy_filename,ok,of
GLMP-D51488E16C,of11fwg.txt,manifestos/of11fwg.txt,Offenbach am Main,Hessen,Freie Wähler,fwg,2011.0,local election,Wahlprogramm,legacy_filename,ok,of
GLMP-9559DE53D3,of11gru.txt,manifestos/of11gru.txt,Offenbach am Main,Hessen,Grüne,gru,2011.0,local election,Wahlprogramm,legacy_filename,ok,of
GLMP-55222AE30E,of11pir.txt,manifestos/of11pir.txt,Offenbach am Main,Hessen,Piraten,pir,2011.0,local election,Wahlprogramm,legacy_filename,ok,of
GLMP-AD3F56E2DF,of11spd.txt,manifestos/of11spd.txt,Offenbach am Main,Hessen,SPD,spd,2011.0,local election,Wahlprogramm,legacy_filename,ok,of
GLMP-08C87DE050,ol11cdu.txt,manifestos/ol11cdu.txt,Oldenburg,Niedersachsen,CDU,cdu,2011.0,local election,Wahlprogramm,legacy_filename,ok,ol
GLMP-253AE9BC8A,ol11lin.txt,manifestos/ol11lin.txt,Oldenburg,Niedersachsen,Die Linke,lin,2011.0,local election,Wahlprogramm,legacy_filename,ok,ol
GLMP-F1506548ED,ol11fdp.txt,manifestos/ol11fdp.txt,Oldenburg,Niedersachsen,FDP,fdp,2011.0,local election,Wahlprogramm,legacy_filename,ok,ol
GLMP-0C48D0D4C9,ol11gru.txt,manifestos/ol11gru.txt,Oldenburg,Niedersachsen,Grüne,gru,2011.0,local election,Wahlprogramm,legacy_filename,ok,ol
GLMP-61C5AE4441,ol11spd.txt,manifestos/ol11spd.txt,Oldenburg,Niedersachsen,SPD,spd,2011.0,local election,Wahlprogramm,legacy_filename,ok,ol
GLMP-CCF17E2743,os11cdu.txt,manifestos/os11cdu.txt,Osnabrueck,Niedersachsen,CDU,cdu,2011.0,local election,Wahlprogramm,legacy_filename,ok,os
GLMP-38AC9D8AAC,sa11cdu.txt,manifestos/sa11cdu.txt,Salzgitter,Niedersachsen,CDU,cdu,2011.0,local election,Wahlprogramm,legacy_filename,ok,sa
GLMP-FD6ABE9226,sa11lin.txt,manifestos/sa11lin.txt,Salzgitter,Niedersachsen,Die Linke,lin,2011.0,local election,Wahlprogramm,legacy_filename,ok,sa
GLMP-AD5B3B1D3F,sa11spd.txt,manifestos/sa11spd.txt,Salzgitter,Niedersachsen,SPD,spd,2011.0,local election,Wahlprogramm,legacy_filename,ok,sa
GLMP-C53F979023,wi11blw.txt,manifestos/wi11blw.txt,Wiesbaden,Hessen,Bürgerliste Wiesbaden,blw,2011.0,local election,Wahlprogramm,legacy_filename,ok,wi
GLMP-B52D7F897F,wi11cdu.txt,manifestos/wi11cdu.txt,Wiesbaden,Hessen,CDU,cdu,2011.0,local election,Wahlprogramm,legacy_filename,ok,wi
GLMP-FA341781A4,wi11lin.txt,manifestos/wi11lin.txt,Wiesbaden,Hessen,Die Linke,lin,2011.0,local election,Wahlprogramm,legacy_filename,ok,wi
GLMP-603A51980F,wi11fdp.txt,manifestos/wi11fdp.txt,Wiesbaden,Hessen,FDP,fdp,2011.0,local election,Wahlprogramm,legacy_filename,ok,wi
GLMP-CDACE59A82,wi11gru.txt,manifestos/wi11gru.txt,Wiesbaden,Hessen,Grüne,gru,2011.0,local election,Wahlprogramm,legacy_filename,ok,wi
GLMP-CF293E0397,wi11pir.txt,manifestos/wi11pir.txt,Wiesbaden,Hessen,Piraten,pir,2011.0,local election,Wahlprogramm,legacy_filename,ok,wi
GLMP-95E9CC2D4A,wi11spd.txt,manifestos/wi11spd.txt,Wiesbaden,Hessen,SPD,spd,2011.0,local election,Wahlprogramm,legacy_filename,ok,wi
GLMP-0DA696D337,wv11fdp.txt,manifestos/wv11fdp.txt,Wilhelmshaven,Niedersachsen,FDP,fdp,2011.0,local election,Wahlprogramm,legacy_filename,ok,wv
GLMP-488FAE0184,wv11gru.txt,manifestos/wv11gru.txt,Wilhelmshaven,Niedersachsen,Grüne,gru,2011.0,local election,Wahlprogramm,legacy_filename,ok,wv
GLMP-9C1EF06A2D,wo11spd.txt,manifestos/wo11spd.txt,Wolfsburg,Niedersachsen,SPD,spd,2011.0,local election,Wahlprogramm,legacy_filename,ok,wo
GLMP-B7C7CC55B2,do12bli.txt,manifestos/do12bli.txt,Dortmund,Nordrhein-Westfalen,Bürgerliste Freie Wähler,bli,2012.0,local election,Wahlprogramm,legacy_filename,ok,do
GLMP-0CEC76576B,do12fdp.txt,manifestos/do12fdp.txt,Dortmund,Nordrhein-Westfalen,FDP,fdp,2012.0,local election,Wahlprogramm,legacy_filename,ok,do
GLMP-375BFA6D2B,do12fbi.txt,manifestos/do12fbi.txt,Dortmund,Nordrhein-Westfalen,Freie Bürger Initiative,fbi,2012.0,local election,Wahlprogramm,legacy_filename,ok,do
GLMP-0C228C65B6,do12gru.txt,manifestos/do12gru.txt,Dortmund,Nordrhein-Westfalen,Grüne,gru,2012.0,local election,Wahlprogramm,legacy_filename,ok,do
GLMP-E94EEF800C,ki13cdu.txt,manifestos/ki13cdu.txt,Kiel,Schleswig-Holstein,CDU,cdu,2013.0,local election,Wahlprogramm,legacy_filename,ok,ki
GLMP-96A084B843,ki13lin.txt,manifestos/ki13lin.txt,Kiel,Schleswig-Holstein,Die Linke,lin,2013.0,local election,Wahlprogramm,legacy_filename,ok,ki
GLMP-22A7A047D4,ki13fdp.txt,manifestos/ki13fdp.txt,Kiel,Schleswig-Holstein,FDP,fdp,2013.0,local election,Wahlprogramm,legacy_filename,ok,ki
GLMP-1A9AE7EC1C,ki13gru.txt,manifestos/ki13gru.txt,Kiel,Schleswig-Holstein,Grüne,gru,2013.0,local election,Wahlprogramm,legacy_filename,ok,ki
GLMP-2E06BCE854,ki13pir.txt,manifestos/ki13pir.txt,Kiel,Schleswig-Holstein,Piraten,pir,2013.0,local election,Wahlprogramm,legacy_filename,ok,ki
GLMP-8CC74A7F69,ki13spd.txt,manifestos/ki13spd.txt,Kiel,Schleswig-Holstein,SPD,spd,2013.0,local election,Wahlprogramm,legacy_filename,ok,ki
GLMP-B24B00D85F,ki13ssw.txt,manifestos/ki13ssw.txt,Kiel,Schleswig-Holstein,Südschleswigsche Wählerverband,ssw,2013.0,local election,Wahlprogramm,legacy_filename,ok,ki
GLMP-627BE3DC1D,ki13wir.txt,manifestos/ki13wir.txt,Kiel,Schleswig-Holstein,WIR,wir,2013.0,local election,Wahlprogramm,legacy_filename,ok,ki
GLMP-FFE9B33F46,ki13wak.txt,manifestos/ki13wak.txt,Kiel,Schleswig-Holstein,Wahlalternative Kieler Bürger,wak,2013.0,local election,Wahlprogramm,legacy_filename,ok,ki
GLMP-115C0F0CCE,lb13bfl.txt,manifestos/lb13bfl.txt,Luebeck,Schleswig-Holstein,Bürger für Lübeck,bfl,2013.0,local election,Wahlprogramm,legacy_filename,ok,lb
GLMP-BC3BFCE3BD,lb13cdu.txt,manifestos/lb13cdu.txt,Luebeck,Schleswig-Holstein,CDU,cdu,2013.0,local election,Wahlprogramm,legacy_filename,ok,lb
GLMP-7336B08D62,lb13lin.txt,manifestos/lb13lin.txt,Luebeck,Schleswig-Holstein,Die Linke,lin,2013.0,local election,Wahlprogramm,legacy_filename,ok,lb
GLMP-9B40CBBB6A,lb13par.txt,manifestos/lb13par.txt,Luebeck,Schleswig-Holstein,Die Partei,par,2013.0,local election,Wahlprogramm,legacy_filename,ok,lb
GLMP-FA9FBD0189,lb13fdp.txt,manifestos/lb13fdp.txt,Luebeck,Schleswig-Holstein,FDP,fdp,2013.0,local election,Wahlprogramm,legacy_filename,ok,lb
GLMP-B385864E0B,lb13fwg.txt,manifestos/lb13fwg.txt,Luebeck,Schleswig-Holstein,Freie Wähler,fwg,2013.0,local election,Wahlprogramm,legacy_filename,ok,lb
GLMP-67A971F0F2,lb13ful.txt,manifestos/lb13ful.txt,Luebeck,Schleswig-Holstein,Für Unser Lübeck,ful,2013.0,local election,Wahlprogramm,legacy_filename,ok,lb
GLMP-139BCEB7FE,lb13gru.txt,manifestos/lb13gru.txt,Luebeck,Schleswig-Holstein,Grüne,gru,2013.0,local election,Wahlprogramm,legacy_filename,ok,lb
GLMP-290670F893,lb13pir.txt,manifestos/lb13pir.txt,Luebeck,Schleswig-Holstein,Piraten,pir,2013.0,local election,Wahlprogramm,legacy_filename,ok,lb
GLMP-D6592160C1,lb13spd.txt,manifestos/lb13spd.txt,Luebeck,Schleswig-Holstein,SPD,spd,2013.0,local election,Wahlprogramm,legacy_filename,ok,lb
GLMP-8CE6038E96,ac14afd.txt,manifestos/ac14afd.txt,Aachen,Nordrhein-Westfalen,Alternative für Deutschland,afd,2014.0,local election,Wahlprogramm,legacy_filename,ok,ac
GLMP-EBFFBFAEAC,ac14cdu.txt,manifestos/ac14cdu.txt,Aachen,Nordrhein-Westfalen,CDU,cdu,2014.0,local election,Wahlprogramm,legacy_filename,ok,ac
GLMP-9E550B1D88,ac14lin.txt,manifestos/ac14lin.txt,Aachen,Nordrhein-Westfalen,Die Linke,lin,2014.0,local election,Wahlprogramm,legacy_filename,ok,ac
GLMP-3FA6299081,ac14fdp.txt,manifestos/ac14fdp.txt,Aachen,Nordrhein-Westfalen,FDP,fdp,2014.0,local election,Wahlprogramm,legacy_filename,ok,ac
GLMP-D7FC4363D9,ac14gru.txt,manifestos/ac14gru.txt,Aachen,Nordrhein-Westfalen,Grüne,gru,2014.0,local election,Wahlprogramm,legacy_filename,ok,ac
GLMP-5DBACC308A,ac14pir.txt,manifestos/ac14pir.txt,Aachen,Nordrhein-Westfalen,Piraten,pir,2014.0,local election,Wahlprogramm,legacy_filename,ok,ac
GLMP-95A998A62E,ac14spd.txt,manifestos/ac14spd.txt,Aachen,Nordrhein-Westfalen,SPD,spd,2014.0,local election,Wahlprogramm,legacy_filename,ok,ac
GLMP-72F6857DE0,au14afd.txt,manifestos/au14afd.txt,Augsburg,Bayern,Alternative für Deutschland,afd,2014.0,local election,Wahlprogramm,legacy_filename,ok,au
GLMP-5A12F27B2E,au14csu.txt,manifestos/au14csu.txt,Augsburg,Bayern,CSU,csu,2014.0,local election,Wahlprogramm,legacy_filename,ok,au
GLMP-DB0F901DE6,au14lin.txt,manifestos/au14lin.txt,Augsburg,Bayern,Die Linke,lin,2014.0,local election,Wahlprogramm,legacy_filename,ok,au
GLMP-76EC2CB68B,au14fdp.txt,manifestos/au14fdp.txt,Augsburg,Bayern,FDP,fdp,2014.0,local election,Wahlprogramm,legacy_filename,ok,au
GLMP-59EBA23F15,au14fwg.txt,manifestos/au14fwg.txt,Augsburg,Bayern,Freie Wähler,fwg,2014.0,local election,Wahlprogramm,legacy_filename,ok,au
GLMP-CFDCAF1275,au14gru.txt,manifestos/au14gru.txt,Augsburg,Bayern,Grüne,gru,2014.0,local election,Wahlprogramm,legacy_filename,ok,au
GLMP-762D83A6E0,au14pol.txt,manifestos/au14pol.txt,Augsburg,Bayern,Polit-WG,pol,2014.0,local election,Wahlprogramm,legacy_filename,ok,au
GLMP-DFD14FF1A3,au14spd.txt,manifestos/au14spd.txt,Augsburg,Bayern,SPD,spd,2014.0,local election,Wahlprogramm,legacy_filename,ok,au
GLMP-6E68FC13CA,au14odp.txt,manifestos/au14odp.txt,Augsburg,Bayern,Ökologisch-Demokratische Partei (ÖDP),odp,2014.0,local election,Wahlprogramm,legacy_filename,ok,au
GLMP-166B566B43,bg14afd.txt,manifestos/bg14afd.txt,Bergisch Gladbach,Nordrhein-Westfalen,Alternative für Deutschland,afd,2014.0,local election,Wahlprogramm,legacy_filename,ok,bg
GLMP-346B8B06B1,bg14bgl.txt,manifestos/bg14bgl.txt,Bergisch Gladbach,Nordrhein-Westfalen,Bürger Partei GL (Bergisch Gladbach),bgl,2014.0,local election,Wahlprogramm,legacy_filename,ok,bg
GLMP-24D3D5762D,bg14cdu.txt,manifestos/bg14cdu.txt,Bergisch Gladbach,Nordrhein-Westfalen,CDU,cdu,2014.0,local election,Wahlprogramm,legacy_filename,ok,bg
GLMP-965DE0C401,bg14lin.txt,manifestos/bg14lin.txt,Bergisch Gladbach,Nordrhein-Westfalen,Die Linke,lin,2014.0,local election,Wahlprogramm,legacy_filename,ok,bg
GLMP-97DCCC9FB4,bg14fdp.txt,manifestos/bg14fdp.txt,Bergisch Gladbach,Nordrhein-Westfalen,FDP,fdp,2014.0,local election,Wahlprogramm,legacy_filename,ok,bg
GLMP-ECC7B96074,bg14gru.txt,manifestos/bg14gru.txt,Bergisch Gladbach,Nordrhein-Westfalen,Grüne,gru,2014.0,local election,Wahlprogramm,legacy_filename,ok,bg
GLMP-772270971D,bg14spd.txt,manifestos/bg14spd.txt,Bergisch Gladbach,Nordrhein-Westfalen,SPD,spd,2014.0,local election,Wahlprogramm,legacy_filename,ok,bg
GLMP-02B889A11F,bi14bfb.txt,manifestos/bi14bfb.txt,Bielefeld,Nordrhein-Westfalen,Bürgergemeinschaft für Bielefeld,bfb,2014.0,local election,Wahlprogramm,legacy_filename,ok,bi
GLMP-B1C9B2DA74,bi14cdu.txt,manifestos/bi14cdu.txt,Bielefeld,Nordrhein-Westfalen,CDU,cdu,2014.0,local election,Wahlprogramm,legacy_filename,ok,bi
GLMP-CC9C86DD52,bi14lin.txt,manifestos/bi14lin.txt,Bielefeld,Nordrhein-Westfalen,Die Linke,lin,2014.0,local election,Wahlprogramm,legacy_filename,ok,bi
GLMP-D6BE8B1EE4,bi14fdp.txt,manifestos/bi14fdp.txt,Bielefeld,Nordrhein-Westfalen,FDP,fdp,2014.0,local election,Wahlprogramm,legacy_filename,ok,bi
GLMP-2405C9D22C,bi14gru.txt,manifestos/bi14gru.txt,Bielefeld,Nordrhein-Westfalen,Grüne,gru,2014.0,local election,Wahlprogramm,legacy_filename,ok,bi
GLMP-12561D5935,bi14pir.txt,manifestos/bi14pir.txt,Bielefeld,Nordrhein-Westfalen,Piraten,pir,2014.0,local election,Wahlprogramm,legacy_filename,ok,bi
GLMP-8EE47CF82A,bi14spd.txt,manifestos/bi14spd.txt,Bielefeld,Nordrhein-Westfalen,SPD,spd,2014.0,local election,Wahlprogramm,legacy_filename,ok,bi
GLMP-AB20244073,bo14afd.txt,manifestos/bo14afd.txt,Bochum,Nordrhein-Westfalen,Alternative für Deutschland,afd,2014.0,local election,Wahlprogramm,legacy_filename,ok,bo
GLMP-D2C6F8BDBE,bo14cdu.txt,manifestos/bo14cdu.txt,Bochum,Nordrhein-Westfalen,CDU,cdu,2014.0,local election,Wahlprogramm,legacy_filename,ok,bo
GLMP-B7A3CCCEC9,bo14lin.txt,manifestos/bo14lin.txt,Bochum,Nordrhein-Westfalen,Die Linke,lin,2014.0,local election,Wahlprogramm,legacy_filename,ok,bo
GLMP-E4E15960A3,bo14fdp.txt,manifestos/bo14fdp.txt,Bochum,Nordrhein-Westfalen,FDP,fdp,2014.0,local election,Wahlprogramm,legacy_filename,ok,bo
GLMP-3FEB833EB9,bo14fbb.txt,manifestos/bo14fbb.txt,Bochum,Nordrhein-Westfalen,Freie Bürger Bochum,fbb,2014.0,local election,Wahlprogramm,legacy_filename,ok,bo
GLMP-89EFE48EA3,bo14gru.txt,manifestos/bo14gru.txt,Bochum,Nordrhein-Westfalen,Grüne,gru,2014.0,local election,Wahlprogramm,legacy_filename,ok,bo
GLMP-0DCFB241F2,bo14pir.txt,manifestos/bo14pir.txt,Bochum,Nordrhein-Westfalen,Piraten,pir,2014.0,local election,Wahlprogramm,legacy_filename,ok,bo
GLMP-8489B77EBF,bo14spd.txt,manifestos/bo14spd.txt,Bochum,Nordrhein-Westfalen,SPD,spd,2014.0,local election,Wahlprogramm,legacy_filename,ok,bo
GLMP-6E60A3263E,bo14sol.txt,manifestos/bo14sol.txt,Bochum,Nordrhein-Westfalen,Soziale Liste Bochum,sol,2014.0,local election,Wahlprogramm,legacy_filename,ok,bo
GLMP-6BC981E19C,bo14sgb.txt,manifestos/bo14sgb.txt,Bochum,Nordrhein-Westfalen,Stadtgestalter Bochum,sgb,2014.0,local election,Wahlprogramm,legacy_filename,ok,bo
GLMP-BA8B17091F,bo14uwg.txt,manifestos/bo14uwg.txt,Bochum,Nordrhein-Westfalen,Unabhängige Wählergemeinschaft (UWG),uwg,2014.0,local election,Wahlprogramm,legacy_filename,ok,bo
GLMP-D5AC1FA4A2,bn14afd.txt,manifestos/bn14afd.txt,Bonn,Nordrhein-Westfalen,Alternative für Deutschland,afd,2014.0,local election,Wahlprogramm,legacy_filename,ok,bn
GLMP-590B77DB63,bn14bbb.txt,manifestos/bn14bbb.txt,Bonn,Nordrhein-Westfalen,Bürger Bund Bonn,bbb,2014.0,local election,Wahlprogramm,legacy_filename,ok,bn
GLMP-C530E0D592,bn14cdu.txt,manifestos/bn14cdu.txt,Bonn,Nordrhein-Westfalen,CDU,cdu,2014.0,local election,Wahlprogramm,legacy_filename,ok,bn
GLMP-2735CBD0EA,bn14lin.txt,manifestos/bn14lin.txt,Bonn,Nordrhein-Westfalen,Die Linke,lin,2014.0,local election,Wahlprogramm,legacy_filename,ok,bn
GLMP-99EDDA4D5B,bn14fdp.txt,manifestos/bn14fdp.txt,Bonn,Nordrhein-Westfalen,FDP,fdp,2014.0,local election,Wahlprogramm,legacy_filename,ok,bn
GLMP-8C8EB767A1,bn14gru.txt,manifestos/bn14gru.txt,Bonn,Nordrhein-Westfalen,Grüne,gru,2014.0,local election,Wahlprogramm,legacy_filename,ok,bn
GLMP-072AE9DFA3,bn14pir.txt,manifestos/bn14pir.txt,Bonn,Nordrhein-Westfalen,Piraten,pir,2014.0,local election,Wahlprogramm,legacy_filename,ok,bn
GLMP-88D5EC6D60,bn14spd.txt,manifestos/bn14spd.txt,Bonn,Nordrhein-Westfalen,SPD,spd,2014.0,local election,Wahlprogramm,legacy_filename,ok,bn
GLMP-889DE73B8D,bt14cdu.txt,manifestos/bt14cdu.txt,Bottrop,Nordrhein-Westfalen,CDU,cdu,2014.0,local election,Wahlprogramm,legacy_filename,ok,bt
GLMP-332F1F2DF6,bt14dkp.txt,manifestos/bt14dkp.txt,Bottrop,Nordrhein-Westfalen,Deutsche Kommunistische Partei,dkp,2014.0,local election,Wahlprogramm,legacy_filename,ok,bt
GLMP-CEDFB7DCD5,bt14lin.txt,manifestos/bt14lin.txt,Bottrop,Nordrhein-Westfalen,Die Linke,lin,2014.0,local election,Wahlprogramm,legacy_filename,ok,bt
GLMP-903BB4BDC8,bt14fdp.txt,manifestos/bt14fdp.txt,Bottrop,Nordrhein-Westfalen,FDP,fdp,2014.0,local election,Wahlprogramm,legacy_filename,ok,bt
GLMP-DCCB7EB807,bt14pir.txt,manifestos/bt14pir.txt,Bottrop,Nordrhein-Westfalen,Piraten,pir,2014.0,local election,Wahlprogramm,legacy_filename,ok,bt
GLMP-D292B27AEA,bt14spd.txt,manifestos/bt14spd.txt,Bottrop,Nordrhein-Westfalen,SPD,spd,2014.0,local election,Wahlprogramm,legacy_filename,ok,bt
GLMP-EF23A71848,ch14cdu.txt,manifestos/ch14cdu.txt,Chemnitz,Sachsen,CDU,cdu,2014.0,local election,Wahlprogramm,legacy_filename,ok,ch
GLMP-6E7049BEE1,ch14lin.txt,manifestos/ch14lin.txt,Chemnitz,Sachsen,Die Linke,lin,2014.0,local election,Wahlprogramm,legacy_filename,ok,ch
GLMP-A326F78F16,ch14par.txt,manifestos/ch14par.txt,Chemnitz,Sachsen,Die Partei,par,2014.0,local election,Wahlprogramm,legacy_filename,ok,ch
GLMP-532F41A4C2,ch14fdp.txt,manifestos/ch14fdp.txt,Chemnitz,Sachsen,FDP,fdp,2014.0,local election,Wahlprogramm,legacy_filename,ok,ch
GLMP-D5954CDF73,ch14gru.txt,manifestos/ch14gru.txt,Chemnitz,Sachsen,Grüne,gru,2014.0,local election,Wahlprogramm,legacy_filename,ok,ch
GLMP-2E77E20504,ch14pir.txt,manifestos/ch14pir.txt,Chemnitz,Sachsen,Piraten,pir,2014.0,local election,Wahlprogramm,legacy_filename,ok,ch
GLMP-2971E9D7DD,ch14pro.txt,manifestos/ch14pro.txt,Chemnitz,Sachsen,Pro Chemnitz,pro,2014.0,local election,Wahlprogramm,legacy_filename,ok,ch
GLMP-E16BBAA898,ch14spd.txt,manifestos/ch14spd.txt,Chemnitz,Sachsen,SPD,spd,2014.0,local election,Wahlprogramm,legacy_filename,ok,ch
GLMP-D81E4D2FE1,ch14vos.txt,manifestos/ch14vos.txt,Chemnitz,Sachsen,VOSI (Wählervereinigung Volksslidarität Chemnitz),vos,2014.0,local election,Wahlprogramm,legacy_filename,ok,ch
GLMP-B37E5B7055,co14afd.txt,manifestos/co14afd.txt,Cottbus,Brandenburg,Alternative für Deutschland,afd,2014.0,local election,Wahlprogramm,legacy_filename,ok,co
GLMP-C8FACE0718,co14cdu.txt,manifestos/co14cdu.txt,Cottbus,Brandenburg,CDU,cdu,2014.0,local election,Wahlprogramm,legacy_filename,ok,co
GLMP-6667D11692,co14lin.txt,manifestos/co14lin.txt,Cottbus,Brandenburg,Die Linke,lin,2014.0,local election,Wahlprogramm,legacy_filename,ok,co
GLMP-777B0960A3,co14fra.txt,manifestos/co14fra.txt,Cottbus,Brandenburg,Frauenliste,fra,2014.0,local election,Wahlprogramm,legacy_filename,ok,co
GLMP-48B0CFCAB1,co14gru.txt,manifestos/co14gru.txt,Cottbus,Brandenburg,Grüne,gru,2014.0,local election,Wahlprogramm,legacy_filename,ok,co
GLMP-6168162259,co14spd.txt,manifestos/co14spd.txt,Cottbus,Brandenburg,SPD,spd,2014.0,local election,Wahlprogramm,legacy_filename,ok,co
GLMP-9EC203C260,do14afd.txt,manifestos/do14afd.txt,Dortmund,Nordrhein-Westfalen,Alternative für Deutschland,afd,2014.0,local election,Wahlprogramm,legacy_filename,ok,do
GLMP-E96B322FC2,do14bli.txt,manifestos/do14bli.txt,Dortmund,Nordrhein-Westfalen,Bürgerliste Freie Wähler,bli,2014.0,local election,Wahlprogramm,legacy_filename,ok,do
GLMP-B898489D46,do14cdu.txt,manifestos/do14cdu.txt,Dortmund,Nordrhein-Westfalen,CDU,cdu,2014.0,local election,Wahlprogramm,legacy_filename,ok,do
GLMP-EE0A8A672C,do14lin.txt,manifestos/do14lin.txt,Dortmund,Nordrhein-Westfalen,Die Linke,lin,2014.0,local election,Wahlprogramm,legacy_filename,ok,do
GLMP-C182301DE8,do14rec.txt,manifestos/do14rec.txt,Dortmund,Nordrhein-Westfalen,Die Rechte,rec,2014.0,local election,Wahlprogramm,legacy_filename,ok,do
GLMP-7A98BFFCD8,do14fdp.txt,manifestos/do14fdp.txt,Dortmund,Nordrhein-Westfalen,FDP,fdp,2014.0,local election,Wahlprogramm,legacy_filename,ok,do
GLMP-0BF3BF8407,do14fbi.txt,manifestos/do14fbi.txt,Dortmund,Nordrhein-Westfalen,Freie Bürger Initiative,fbi,2014.0,local election,Wahlprogramm,legacy_filename,ok,do
GLMP-8C023B71EB,do14gru.txt,manifestos/do14gru.txt,Dortmund,Nordrhein-Westfalen,Grüne,gru,2014.0,local election,Wahlprogramm,legacy_filename,ok,do
GLMP-5B72519506,do14pir.txt,manifestos/do14pir.txt,Dortmund,Nordrhein-Westfalen,Piraten,pir,2014.0,local election,Wahlprogramm,legacy_filename,ok,do
GLMP-A40CBC940E,do14spd.txt,manifestos/do14spd.txt,Dortmund,Nordrhein-Westfalen,SPD,spd,2014.0,local election,Wahlprogramm,legacy_filename,ok,do
GLMP-00ECD2B05C,dr14afd.txt,manifestos/dr14afd.txt,Dresden,Sachsen,Alternative für Deutschland,afd,2014.0,local election,Wahlprogramm,legacy_filename,ok,dr
GLMP-51A2F06258,dr14bfb.txt,manifestos/dr14bfb.txt,Dresden,Sachsen,Bündnis für Bürger,bfb,2014.0,local election,Wahlprogramm,legacy_filename,ok,dr
GLMP-E5DBF5406E,dr14cdu.txt,manifestos/dr14cdu.txt,Dresden,Sachsen,CDU,cdu,2014.0,local election,Wahlprogramm,legacy_filename,ok,dr
GLMP-CD1CDB522A,dr14lin.txt,manifestos/dr14lin.txt,Dresden,Sachsen,Die Linke,lin,2014.0,local election,Wahlprogramm,legacy_filename,ok,dr
GLMP-58F0018D74,dr14par.txt,manifestos/dr14par.txt,Dresden,Sachsen,Die Partei,par,2014.0,local election,Wahlprogramm,legacy_filename,ok,dr
GLMP-0223F14512,dr14fdp.txt,manifestos/dr14fdp.txt,Dresden,Sachsen,FDP,fdp,2014.0,local election,Wahlprogramm,legacy_filename,ok,dr
GLMP-1123C59EF3,dr14gru.txt,manifestos/dr14gru.txt,Dresden,Sachsen,Grüne,gru,2014.0,local election,Wahlprogramm,legacy_filename,ok,dr
GLMP-8A04F19C66,dr14jfw.txt,manifestos/dr14jfw.txt,Dresden,Sachsen,Junge Freie Wähler,jfw,2014.0,local election,Wahlprogramm,legacy_filename,ok,dr
GLMP-EC5BA8DDBD,dr14pir.txt,manifestos/dr14pir.txt,Dresden,Sachsen,Piraten,pir,2014.0,local election,Wahlprogramm,legacy_filename,ok,dr
GLMP-88A562DF4D,dr14spd.txt,manifestos/dr14spd.txt,Dresden,Sachsen,SPD,spd,2014.0,local election,Wahlprogramm,legacy_filename,ok,dr
GLMP-EB463872D4,ds14afd.txt,manifestos/ds14afd.txt,Duesseldorf,Nordrhein-Westfalen,Alternative für Deutschland,afd,2014.0,local election,Wahlprogramm,legacy_filename,ok,ds
GLMP-8CD110E83E,ds14cdu.txt,manifestos/ds14cdu.txt,Duesseldorf,Nordrhein-Westfalen,CDU,cdu,2014.0,local election,Wahlprogramm,legacy_filename,ok,ds
GLMP-8F23E18ED2,ds14lin.txt,manifestos/ds14lin.txt,Duesseldorf,Nordrhein-Westfalen,Die Linke,lin,2014.0,local election,Wahlprogramm,legacy_filename,ok,ds
GLMP-313DCBCEBB,ds14fdp.txt,manifestos/ds14fdp.txt,Duesseldorf,Nordrhein-Westfalen,FDP,fdp,2014.0,local election,Wahlprogramm,legacy_filename,ok,ds
GLMP-89A7558C14,ds14gru.txt,manifestos/ds14gru.txt,Duesseldorf,Nordrhein-Westfalen,Grüne,gru,2014.0,local election,Wahlprogramm,legacy_filename,ok,ds
GLMP-BC9EA363AD,ds14pir.txt,manifestos/ds14pir.txt,Duesseldorf,Nordrhein-Westfalen,Piraten,pir,2014.0,local election,Wahlprogramm,legacy_filename,ok,ds
GLMP-3C0DC1F329,ds14spd.txt,manifestos/ds14spd.txt,Duesseldorf,Nordrhein-Westfalen,SPD,spd,2014.0,local election,Wahlprogramm,legacy_filename,ok,ds
GLMP-92C64FD537,du14afd.txt,manifestos/du14afd.txt,Duisburg,Nordrhein-Westfalen,Alternative für Deutschland,afd,2014.0,local election,Wahlprogramm,legacy_filename,ok,du
GLMP-BB94E44942,du14bul.txt,manifestos/du14bul.txt,Duisburg,Nordrhein-Westfalen,Bürgerliche Liberale,bul,2014.0,local election,Wahlprogramm,legacy_filename,ok,du
GLMP-E6BFCD9A08,du14cdu.txt,manifestos/du14cdu.txt,Duisburg,Nordrhein-Westfalen,CDU,cdu,2014.0,local election,Wahlprogramm,legacy_filename,ok,du
GLMP-C47B973881,du14lin.txt,manifestos/du14lin.txt,Duisburg,Nordrhein-Westfalen,Die Linke,lin,2014.0,local election,Wahlprogramm,legacy_filename,ok,du
GLMP-65A2F7CEC5,du14fdp.txt,manifestos/du14fdp.txt,Duisburg,Nordrhein-Westfalen,FDP,fdp,2014.0,local election,Wahlprogramm,legacy_filename,ok,du
GLMP-87263664D3,du14gru.txt,manifestos/du14gru.txt,Duisburg,Nordrhein-Westfalen,Grüne,gru,2014.0,local election,Wahlprogramm,legacy_filename,ok,du
GLMP-A645122153,du14jud.txt,manifestos/du14jud.txt,Duisburg,Nordrhein-Westfalen,Junges Duisburg,jud,2014.0,local election,Wahlprogramm,legacy_filename,ok,du
GLMP-E58F122E0E,du14pir.txt,manifestos/du14pir.txt,Duisburg,Nordrhein-Westfalen,Piraten,pir,2014.0,local election,Wahlprogramm,legacy_filename,ok,du
GLMP-29F090636A,du14spd.txt,manifestos/du14spd.txt,Duisburg,Nordrhein-Westfalen,SPD,spd,2014.0,local election,Wahlprogramm,legacy_filename,ok,du
GLMP-63622642CE,ef14cdu.txt,manifestos/ef14cdu.txt,Erfurt,Thüringen,CDU,cdu,2014.0,local election,Wahlprogramm,legacy_filename,ok,ef
GLMP-659BB6681E,ef14lin.txt,manifestos/ef14lin.txt,Erfurt,Thüringen,Die Linke,lin,2014.0,local election,Wahlprogramm,legacy_filename,ok,ef
GLMP-0B4E9C880D,ef14fwg.txt,manifestos/ef14fwg.txt,Erfurt,Thüringen,Freie Wähler,fwg,2014.0,local election,Wahlprogramm,legacy_filename,ok,ef
GLMP-54972586A6,ef14gru.txt,manifestos/ef14gru.txt,Erfurt,Thüringen,Grüne,gru,2014.0,local election,Wahlprogramm,legacy_filename,ok,ef
GLMP-1167E1F14A,ef14spd.txt,manifestos/ef14spd.txt,Erfurt,Thüringen,SPD,spd,2014.0,local election,Wahlprogramm,legacy_filename,ok,ef
GLMP-06DF8C21A2,er14csu.txt,manifestos/er14csu.txt,Erlangen,Bayern,CSU,csu,2014.0,local election,Wahlprogramm,legacy_filename,ok,er
GLMP-EBFF82A69B,er14lin.txt,manifestos/er14lin.txt,Erlangen,Bayern,Die Linke,lin,2014.0,local election,Wahlprogramm,legacy_filename,ok,er
GLMP-196425668D,er14fdp.txt,manifestos/er14fdp.txt,Erlangen,Bayern,FDP,fdp,2014.0,local election,Wahlprogramm,legacy_filename,ok,er
GLMP-87BC093528,er14fwg.txt,manifestos/er14fwg.txt,Erlangen,Bayern,Freie Wähler,fwg,2014.0,local election,Wahlprogramm,legacy_filename,ok,er
GLMP-0104C9155D,er14gru.txt,manifestos/er14gru.txt,Erlangen,Bayern,Grüne,gru,2014.0,local election,Wahlprogramm,legacy_filename,ok,er
GLMP-0E32F31481,er14spd.txt,manifestos/er14spd.txt,Erlangen,Bayern,SPD,spd,2014.0,local election,Wahlprogramm,legacy_filename,ok,er
GLMP-25FAB0A70A,er14odp.txt,manifestos/er14odp.txt,Erlangen,Bayern,Ökologisch-Demokratische Partei (ÖDP),odp,2014.0,local election,Wahlprogramm,legacy_filename,ok,er
GLMP-E03902959C,es14afd.txt,manifestos/es14afd.txt,Essen,Nordrhein-Westfalen,Alternative für Deutschland,afd,2014.0,local election,Wahlprogramm,legacy_filename,ok,es
GLMP-9F88560E1F,es14cdu.txt,manifestos/es14cdu.txt,Essen,Nordrhein-Westfalen,CDU,cdu,2014.0,local election,Wahlprogramm,legacy_filename,ok,es
GLMP-46479D868D,es14lin.txt,manifestos/es14lin.txt,Essen,Nordrhein-Westfalen,Die Linke,lin,2014.0,local election,Wahlprogramm,legacy_filename,ok,es
GLMP-E08E1DDE5D,es14par.txt,manifestos/es14par.txt,Essen,Nordrhein-Westfalen,Die Partei,par,2014.0,local election,Wahlprogramm,legacy_filename,ok,es
GLMP-9DE651A87E,es14ebb.txt,manifestos/es14ebb.txt,Essen,Nordrhein-Westfalen,Essener Bürger Bündnis,ebb,2014.0,local election,Wahlprogramm,legacy_filename,ok,es
GLMP-859E845435,es14fdp.txt,manifestos/es14fdp.txt,Essen,Nordrhein-Westfalen,FDP,fdp,2014.0,local election,Wahlprogramm,legacy_filename,ok,es
GLMP-7EBB1B4F43,es14gru.txt,manifestos/es14gru.txt,Essen,Nordrhein-Westfalen,Grüne,gru,2014.0,local election,Wahlprogramm,legacy_filename,ok,es
GLMP-FE53F65525,es14pir.txt,manifestos/es14pir.txt,Essen,Nordrhein-Westfalen,Piraten,pir,2014.0,local election,Wahlprogramm,legacy_filename,ok,es
GLMP-A3AEA0527A,es14spd.txt,manifestos/es14spd.txt,Essen,Nordrhein-Westfalen,SPD,spd,2014.0,local election,Wahlprogramm,legacy_filename,ok,es
GLMP-D4ECC21519,fr14cdu.txt,manifestos/fr14cdu.txt,Freiburg im Breisgau,Baden-Württemberg,CDU,cdu,2014.0,local election,Wahlprogramm,legacy_filename,ok,fr
GLMP-3070E18C61,fr14lin.txt,manifestos/fr14lin.txt,Freiburg im Breisgau,Baden-Württemberg,Die Linke,lin,2014.0,local election,Wahlprogramm,legacy_filename,ok,fr
GLMP-E5354620A9,fr14par.txt,manifestos/fr14par.txt,Freiburg im Breisgau,Baden-Württemberg,Die Partei,par,2014.0,local election,Wahlprogramm,legacy_filename,ok,fr
GLMP-4B64BBEB5A,fr14fdp.txt,manifestos/fr14fdp.txt,Freiburg im Breisgau,Baden-Württemberg,FDP,fdp,2014.0,local election,Wahlprogramm,legacy_filename,ok,fr
GLMP-73834D8F23,fr14fwg.txt,manifestos/fr14fwg.txt,Freiburg im Breisgau,Baden-Württemberg,Freie Wähler,fwg,2014.0,local election,Wahlprogramm,legacy_filename,ok,fr
GLMP-06B46A46AB,fr14ffr.txt,manifestos/fr14ffr.txt,Freiburg im Breisgau,Baden-Württemberg,Für Freiburg,ffr,2014.0,local election,Wahlprogramm,legacy_filename,ok,fr
GLMP-6872CCF48D,fr14gru.txt,manifestos/fr14gru.txt,Freiburg im Breisgau,Baden-Württemberg,Grüne,gru,2014.0,local election,Wahlprogramm,legacy_filename,ok,fr
GLMP-F4542514F6,fr14juf.txt,manifestos/fr14juf.txt,Freiburg im Breisgau,Baden-Württemberg,Junges Freiburg,juf,2014.0,local election,Wahlprogramm,legacy_filename,ok,fr
GLMP-5953F8C6CE,fr14spd.txt,manifestos/fr14spd.txt,Freiburg im Breisgau,Baden-Württemberg,SPD,spd,2014.0,local election,Wahlprogramm,legacy_filename,ok,fr
GLMP-ADAE75B771,fr14uff.txt,manifestos/fr14uff.txt,Freiburg im Breisgau,Baden-Württemberg,Unabhängige Frauen Freiburg,uff,2014.0,local election,Wahlprogramm,legacy_filename,ok,fr
GLMP-9B0719C31E,fu14csu.txt,manifestos/fu14csu.txt,Fuerth,Bayern,CSU,csu,2014.0,local election,Wahlprogramm,legacy_filename,ok,fu
GLMP-86A7C6D8BD,fu14lin.txt,manifestos/fu14lin.txt,Fuerth,Bayern,Die Linke,lin,2014.0,local election,Wahlprogramm,legacy_filename,ok,fu
GLMP-9F725627E3,fu14fdp.txt,manifestos/fu14fdp.txt,Fuerth,Bayern,FDP,fdp,2014.0,local election,Wahlprogramm,legacy_filename,ok,fu
GLMP-CAE080BD50,fu14fwg.txt,manifestos/fu14fwg.txt,Fuerth,Bayern,Freie Wähler,fwg,2014.0,local election,Wahlprogramm,legacy_filename,ok,fu
GLMP-04A57BFE35,fu14gru.txt,manifestos/fu14gru.txt,Fuerth,Bayern,Grüne,gru,2014.0,local election,Wahlprogramm,legacy_filename,ok,fu
GLMP-7A3113FA9B,fu14spd.txt,manifestos/fu14spd.txt,Fuerth,Bayern,SPD,spd,2014.0,local election,Wahlprogramm,legacy_filename,ok,fu
GLMP-342ACC533F,ge14afd.txt,manifestos/ge14afd.txt,Gelsenkirchen,Nordrhein-Westfalen,Alternative für Deutschland,afd,2014.0,local election,Wahlprogramm,legacy_filename,ok,ge
GLMP-E10AC72E90,ge14cdu.txt,manifestos/ge14cdu.txt,Gelsenkirchen,Nordrhein-Westfalen,CDU,cdu,2014.0,local election,Wahlprogramm,legacy_filename,ok,ge
GLMP-0FED2F9720,ge14lin.txt,manifestos/ge14lin.txt,Gelsenkirchen,Nordrhein-Westfalen,Die Linke,lin,2014.0,local election,Wahlprogramm,legacy_filename,ok,ge
GLMP-B00266D1A3,ge14gru.txt,manifestos/ge14gru.txt,Gelsenkirchen,Nordrhein-Westfalen,Grüne,gru,2014.0,local election,Wahlprogramm,legacy_filename,ok,ge
GLMP-0488CD81AE,ge14spd.txt,manifestos/ge14spd.txt,Gelsenkirchen,Nordrhein-Westfalen,SPD,spd,2014.0,local election,Wahlprogramm,legacy_filename,ok,ge
GLMP-556AA3F8D8,ge14win.txt,manifestos/ge14win.txt,Gelsenkirchen,Nordrhein-Westfalen,Wähler Initiative NRW,win,2014.0,local election,Wahlprogramm,legacy_filename,ok,ge
GLMP-4A74C3A44E,ha14bfh.txt,manifestos/ha14bfh.txt,Hagen,Nordrhein-Westfalen,Bürger für  (BfHO),bfh,2014.0,local election,Wahlprogramm,legacy_filename,ok,ha
GLMP-0A8A57DC1C,ha14cdu.txt,manifestos/ha14cdu.txt,Hagen,Nordrhein-Westfalen,CDU,cdu,2014.0,local election,Wahlprogramm,legacy_filename,ok,ha
GLMP-1D01E74464,ha14lin.txt,manifestos/ha14lin.txt,Hagen,Nordrhein-Westfalen,Die Linke,lin,2014.0,local election,Wahlprogramm,legacy_filename,ok,ha
GLMP-680778D9A8,ha14fdp.txt,manifestos/ha14fdp.txt,Hagen,Nordrhein-Westfalen,FDP,fdp,2014.0,local election,Wahlprogramm,legacy_filename,ok,ha
GLMP-A233372655,ha14gru.txt,manifestos/ha14gru.txt,Hagen,Nordrhein-Westfalen,Grüne,gru,2014.0,local election,Wahlprogramm,legacy_filename,ok,ha
GLMP-6FAB5FCA28,ha14pir.txt,manifestos/ha14pir.txt,Hagen,Nordrhein-Westfalen,Piraten,pir,2014.0,local election,Wahlprogramm,legacy_filename,ok,ha
GLMP-74B2A2A8EE,ha14spd.txt,manifestos/ha14spd.txt,Hagen,Nordrhein-Westfalen,SPD,spd,2014.0,local election,Wahlprogramm,legacy_filename,ok,ha
GLMP-16D275C09C,hl14cdu.txt,manifestos/hl14cdu.txt,Halle (Saale),Sachsen-Anhalt,CDU,cdu,2014.0,local election,Wahlprogramm,legacy_filename,ok,hl
GLMP-F5D5275A80,hl14lin.txt,manifestos/hl14lin.txt,Halle (Saale),Sachsen-Anhalt,Die Linke,lin,2014.0,local election,Wahlprogramm,legacy_filename,ok,hl
GLMP-7DCA8CEC5B,hl14par.txt,manifestos/hl14par.txt,Halle (Saale),Sachsen-Anhalt,Die Partei,par,2014.0,local election,Wahlprogramm,legacy_filename,ok,hl
GLMP-D238AD77DC,hl14fdp.txt,manifestos/hl14fdp.txt,Halle (Saale),Sachsen-Anhalt,FDP,fdp,2014.0,local election,Wahlprogramm,legacy_filename,ok,hl
GLMP-22072CC823,hl14gru.txt,manifestos/hl14gru.txt,Halle (Saale),Sachsen-Anhalt,Grüne,gru,2014.0,local election,Wahlprogramm,legacy_filename,ok,hl
GLMP-D4769DF4FB,hl14mit.txt,manifestos/hl14mit.txt,Halle (Saale),Sachsen-Anhalt,MitBürger,mit,2014.0,local election,Wahlprogramm,legacy_filename,ok,hl
GLMP-7A89C9552A,hl14spd.txt,manifestos/hl14spd.txt,Halle (Saale),Sachsen-Anhalt,SPD,spd,2014.0,local election,Wahlprogramm,legacy_filename,ok,hl
GLMP-633028EB86,hm14cdu.txt,manifestos/hm14cdu.txt,Hamm,Nordrhein-Westfalen,CDU,cdu,2014.0,local election,Wahlprogramm,legacy_filename,ok,hm
GLMP-0995804617,hm14lin.txt,manifestos/hm14lin.txt,Hamm,Nordrhein-Westfalen,Die Linke,lin,2014.0,local election,Wahlprogramm,legacy_filename,ok,hm
GLMP-8FED162918,hm14rec.txt,manifestos/hm14rec.txt,Hamm,Nordrhein-Westfalen,Die Rechte,rec,2014.0,local election,Wahlprogramm,legacy_filename,ok,hm
GLMP-C6DBF357E6,hm14fdp.txt,manifestos/hm14fdp.txt,Hamm,Nordrhein-Westfalen,FDP,fdp,2014.0,local election,Wahlprogramm,legacy_filename,ok,hm
GLMP-D0F28D8A47,hm14gru.txt,manifestos/hm14gru.txt,Hamm,Nordrhein-Westfalen,Grüne,gru,2014.0,local election,Wahlprogramm,legacy_filename,ok,hm
GLMP-8EABED6479,hm14pir.txt,manifestos/hm14pir.txt,Hamm,Nordrhein-Westfalen,Piraten,pir,2014.0,local election,Wahlprogramm,legacy_filename,ok,hm
GLMP-45737E6BF4,hm14prh.txt,manifestos/hm14prh.txt,Hamm,Nordrhein-Westfalen,Pro Hamm,prh,2014.0,local election,Wahlprogramm,legacy_filename,ok,hm
GLMP-7BC5C623EB,hm14spd.txt,manifestos/hm14spd.txt,Hamm,Nordrhein-Westfalen,SPD,spd,2014.0,local election,Wahlprogramm,legacy_filename,ok,hm
GLMP-2407BCF861,hd14bul.txt,manifestos/hd14bul.txt,Heidelberg,Baden-Württemberg,Bunte Linke Heidelberg,bul,2014.0,local election,Wahlprogramm,legacy_filename,ok,hd
GLMP-F69F7EE538,hd14cdu.txt,manifestos/hd14cdu.txt,Heidelberg,Baden-Württemberg,CDU,cdu,2014.0,local election,Wahlprogramm,legacy_filename,ok,hd
GLMP-0F0CC6D42C,hd14lin.txt,manifestos/hd14lin.txt,Heidelberg,Baden-Württemberg,Die Linke,lin,2014.0,local election,Wahlprogramm,legacy_filename,ok,hd
GLMP-55D08BCF89,hd14fdp.txt,manifestos/hd14fdp.txt,Heidelberg,Baden-Württemberg,FDP,fdp,2014.0,local election,Wahlprogramm,legacy_filename,ok,hd
GLMP-80D4FD1ADF,hd14gru.txt,manifestos/hd14gru.txt,Heidelberg,Baden-Württemberg,Grüne,gru,2014.0,local election,Wahlprogramm,legacy_filename,ok,hd
GLMP-1D25A572AF,hd14gal.txt,manifestos/hd14gal.txt,Heidelberg,Baden-Württemberg,Grüne Alternative Liste,gal,2014.0,local election,Wahlprogramm,legacy_filename,ok,hd
GLMP-00608D2348,hd14pir.txt,manifestos/hd14pir.txt,Heidelberg,Baden-Württemberg,Piraten,pir,2014.0,local election,Wahlprogramm,legacy_filename,ok,hd
GLMP-F1D15A13B8,hd14spd.txt,manifestos/hd14spd.txt,Heidelberg,Baden-Württemberg,SPD,spd,2014.0,local election,Wahlprogramm,legacy_filename,ok,hd
GLMP-F4F885AA5C,hn14cdu.txt,manifestos/hn14cdu.txt,Heilbronn,Baden-Württemberg,CDU,cdu,2014.0,local election,Wahlprogramm,legacy_filename,ok,hn
GLMP-16B951D171,hn14lin.txt,manifestos/hn14lin.txt,Heilbronn,Baden-Württemberg,Die Linke,lin,2014.0,local election,Wahlprogramm,legacy_filename,ok,hn
GLMP-7053E730A1,hn14fdp.txt,manifestos/hn14fdp.txt,Heilbronn,Baden-Württemberg,FDP,fdp,2014.0,local election,Wahlprogramm,legacy_filename,ok,hn
GLMP-3E37F5854F,hn14gru.txt,manifestos/hn14gru.txt,Heilbronn,Baden-Württemberg,Grüne,gru,2014.0,local election,Wahlprogramm,legacy_filename,ok,hn
GLMP-EC59EF0EA8,hn14spd.txt,manifestos/hn14spd.txt,Heilbronn,Baden-Württemberg,SPD,spd,2014.0,local election,Wahlprogramm,legacy_filename,ok,hn
GLMP-0B671417B9,in14bgi.txt,manifestos/in14bgi.txt,Ingolstadt,Bayern,Bürgergemeinschaft Ingolstadt,bgi,2014.0,local election,Wahlprogramm,legacy_filename,ok,in
GLMP-1D8E440927,in14csu.txt,manifestos/in14csu.txt,Ingolstadt,Bayern,CSU,csu,2014.0,local election,Wahlprogramm,legacy_filename,ok,in
GLMP-955BA0432C,in14lin.txt,manifestos/in14lin.txt,Ingolstadt,Bayern,Die Linke,lin,2014.0,local election,Wahlprogramm,legacy_filename,ok,in
GLMP-CFE8D015A1,in14fdp.txt,manifestos/in14fdp.txt,Ingolstadt,Bayern,FDP,fdp,2014.0,local election,Wahlprogramm,legacy_filename,ok,in
GLMP-2F3E22A103,in14fwg.txt,manifestos/in14fwg.txt,Ingolstadt,Bayern,Freie Wähler,fwg,2014.0,local election,Wahlprogramm,legacy_filename,ok,in
GLMP-86BC3E2CBB,in14gru.txt,manifestos/in14gru.txt,Ingolstadt,Bayern,Grüne,gru,2014.0,local election,Wahlprogramm,legacy_filename,ok,in
GLMP-8FE3120EB8,je14bfj.txt,manifestos/je14bfj.txt,Jena,Thüringen,Bürger für Jena,bfj,2014.0,local election,Wahlprogramm,legacy_filename,ok,je
GLMP-3EE8CD4634,je14cdu.txt,manifestos/je14cdu.txt,Jena,Thüringen,CDU,cdu,2014.0,local election,Wahlprogramm,legacy_filename,ok,je
GLMP-A13850AF29,je14gut.txt,manifestos/je14gut.txt,Jena,Thüringen,Die Guten,gut,2014.0,local election,Wahlprogramm,legacy_filename,ok,je
GLMP-C94CEA3078,je14lin.txt,manifestos/je14lin.txt,Jena,Thüringen,Die Linke,lin,2014.0,local election,Wahlprogramm,legacy_filename,ok,je
GLMP-C641CA8FDF,je14fdp.txt,manifestos/je14fdp.txt,Jena,Thüringen,FDP,fdp,2014.0,local election,Wahlprogramm,legacy_filename,ok,je
GLMP-8D15D08020,je14gru.txt,manifestos/je14gru.txt,Jena,Thüringen,Grüne,gru,2014.0,local election,Wahlprogramm,legacy_filename,ok,je
GLMP-95A1C65D44,je14pir.txt,manifestos/je14pir.txt,Jena,Thüringen,Piraten,pir,2014.0,local election,Wahlprogramm,legacy_filename,ok,je
GLMP-53422C76FF,je14spd.txt,manifestos/je14spd.txt,Jena,Thüringen,SPD,spd,2014.0,local election,Wahlprogramm,legacy_filename,ok,je
GLMP-D96E6930C4,ks14afd.txt,manifestos/ks14afd.txt,Karlsruhe,Baden-Württemberg,Alternative für Deutschland,afd,2014.0,local election,Wahlprogramm,legacy_filename,ok,ks
GLMP-A0F143D466,ks14cdu.txt,manifestos/ks14cdu.txt,Karlsruhe,Baden-Württemberg,CDU,cdu,2014.0,local election,Wahlprogramm,legacy_filename,ok,ks
GLMP-85A5875AE8,ks14lin.txt,manifestos/ks14lin.txt,Karlsruhe,Baden-Württemberg,Die Linke,lin,2014.0,local election,Wahlprogramm,legacy_filename,ok,ks
GLMP-309CC75DFA,ks14par.txt,manifestos/ks14par.txt,Karlsruhe,Baden-Württemberg,Die Partei,par,2014.0,local election,Wahlprogramm,legacy_filename,ok,ks
GLMP-7BA7AABF44,ks14fdp.txt,manifestos/ks14fdp.txt,Karlsruhe,Baden-Württemberg,FDP,fdp,2014.0,local election,Wahlprogramm,legacy_filename,ok,ks
GLMP-2005B618AA,ks14fwg.txt,manifestos/ks14fwg.txt,Karlsruhe,Baden-Württemberg,Freie Wähler,fwg,2014.0,local election,Wahlprogramm,legacy_filename,ok,ks
GLMP-BEA5F7369B,ks14gfk.txt,manifestos/ks14gfk.txt,Karlsruhe,Baden-Württemberg,Gemeinsam für Karlsruhe,gfk,2014.0,local election,Wahlprogramm,legacy_filename,ok,ks
GLMP-DA04484BFF,ks14gru.txt,manifestos/ks14gru.txt,Karlsruhe,Baden-Württemberg,Grüne,gru,2014.0,local election,Wahlprogramm,legacy_filename,ok,ks
GLMP-3802E11059,ks14kal.txt,manifestos/ks14kal.txt,Karlsruhe,Baden-Württemberg,Karlsruher Liste,kal,2014.0,local election,Wahlprogramm,legacy_filename,ok,ks
GLMP-82538ADCAD,ks14pir.txt,manifestos/ks14pir.txt,Karlsruhe,Baden-Württemberg,Piraten,pir,2014.0,local election,Wahlprogramm,legacy_filename,ok,ks
GLMP-093A42CC0E,ks14spd.txt,manifestos/ks14spd.txt,Karlsruhe,Baden-Württemberg,SPD,spd,2014.0,local election,Wahlprogramm,legacy_filename,ok,ks
GLMP-71FB57A406,kb14afd.txt,manifestos/kb14afd.txt,Koblenz,Rheinland-Pfalz,Alternative für Deutschland,afd,2014.0,local election,Wahlprogramm,legacy_filename,ok,kb
GLMP-662107E16D,kb14biz.txt,manifestos/kb14biz.txt,Koblenz,Rheinland-Pfalz,Bürgerinitiative für Koblenz,biz,2014.0,local election,Wahlprogramm,legacy_filename,ok,kb
GLMP-62CFA9AE25,kb14cdu.txt,manifestos/kb14cdu.txt,Koblenz,Rheinland-Pfalz,CDU,cdu,2014.0,local election,Wahlprogramm,legacy_filename,ok,kb
GLMP-AE92219431,kb14lin.txt,manifestos/kb14lin.txt,Koblenz,Rheinland-Pfalz,Die Linke,lin,2014.0,local election,Wahlprogramm,legacy_filename,ok,kb
GLMP-75607FF7FC,kb14fbg.txt,manifestos/kb14fbg.txt,Koblenz,Rheinland-Pfalz,Freie Bürgergruppe Koblenz,fbg,2014.0,local election,Wahlprogramm,legacy_filename,ok,kb
GLMP-3B86B63E15,kb14gru.txt,manifestos/kb14gru.txt,Koblenz,Rheinland-Pfalz,Grüne,gru,2014.0,local election,Wahlprogramm,legacy_filename,ok,kb
GLMP-E03F69AA58,kb14spd.txt,manifestos/kb14spd.txt,Koblenz,Rheinland-Pfalz,SPD,spd,2014.0,local election,Wahlprogramm,legacy_filename,ok,kb
GLMP-33C0989C9E,ko14afd.txt,manifestos/ko14afd.txt,Koeln,Nordrhein-Westfalen,Alternative für Deutschland,afd,2014.0,local election,Wahlprogramm,legacy_filename,ok,ko
GLMP-4803A50E0A,ko14cdu.txt,manifestos/ko14cdu.txt,Koeln,Nordrhein-Westfalen,CDU,cdu,2014.0,local election,Wahlprogramm,legacy_filename,ok,ko
GLMP-321A09B64A,ko14dfr.txt,manifestos/ko14dfr.txt,Koeln,Nordrhein-Westfalen,Deine Freunde,dfr,2014.0,local election,Wahlprogramm,legacy_filename,ok,ko
GLMP-186FB4FCBB,ko14lin.txt,manifestos/ko14lin.txt,Koeln,Nordrhein-Westfalen,Die Linke,lin,2014.0,local election,Wahlprogramm,legacy_filename,ok,ko
GLMP-3B60D4D134,ko14fdp.txt,manifestos/ko14fdp.txt,Koeln,Nordrhein-Westfalen,FDP,fdp,2014.0,local election,Wahlprogramm,legacy_filename,ok,ko
GLMP-D9FC08BC0D,ko14fwg.txt,manifestos/ko14fwg.txt,Koeln,Nordrhein-Westfalen,Freie Wähler,fwg,2014.0,local election,Wahlprogramm,legacy_filename,ok,ko
GLMP-0BE923A4FC,ko14gru.txt,manifestos/ko14gru.txt,Koeln,Nordrhein-Westfalen,Grüne,gru,2014.0,local election,Wahlprogramm,legacy_filename,ok,ko
GLMP-FE80EDFA1D,ko14pir.txt,manifestos/ko14pir.txt,Koeln,Nordrhein-Westfalen,Piraten,pir,2014.0,local election,Wahlprogramm,legacy_filename,ok,ko
GLMP-AC547F7637,ko14spd.txt,manifestos/ko14spd.txt,Koeln,Nordrhein-Westfalen,SPD,spd,2014.0,local election,Wahlprogramm,legacy_filename,ok,ko
GLMP-8EC7DEBDB4,kr14afd.txt,manifestos/kr14afd.txt,Krefeld,Nordrhein-Westfalen,Alternative für Deutschland,afd,2014.0,local election,Wahlprogramm,legacy_filename,ok,kr
GLMP-7765C91433,kr14cdu.txt,manifestos/kr14cdu.txt,Krefeld,Nordrhein-Westfalen,CDU,cdu,2014.0,local election,Wahlprogramm,legacy_filename,ok,kr
GLMP-27410EC48C,kr14lin.txt,manifestos/kr14lin.txt,Krefeld,Nordrhein-Westfalen,Die Linke,lin,2014.0,local election,Wahlprogramm,legacy_filename,ok,kr
GLMP-DE7732F01B,kr14par.txt,manifestos/kr14par.txt,Krefeld,Nordrhein-Westfalen,Die Partei,par,2014.0,local election,Wahlprogramm,legacy_filename,ok,kr
GLMP-E8332D28BD,kr14fdp.txt,manifestos/kr14fdp.txt,Krefeld,Nordrhein-Westfalen,FDP,fdp,2014.0,local election,Wahlprogramm,legacy_filename,ok,kr
GLMP-70898CEA8E,kr14gru.txt,manifestos/kr14gru.txt,Krefeld,Nordrhein-Westfalen,Grüne,gru,2014.0,local election,Wahlprogramm,legacy_filename,ok,kr
GLMP-3F856DB2D4,kr14spd.txt,manifestos/kr14spd.txt,Krefeld,Nordrhein-Westfalen,SPD,spd,2014.0,local election,Wahlprogramm,legacy_filename,ok,kr
GLMP-F3F020A16B,kr14uwg.txt,manifestos/kr14uwg.txt,Krefeld,Nordrhein-Westfalen,Unabhängige Wählergemeinschaft (UWG),uwg,2014.0,local election,Wahlprogramm,legacy_filename,ok,kr
GLMP-3C4225F24B,lp14cdu.txt,manifestos/lp14cdu.txt,Leipzig,Sachsen,CDU,cdu,2014.0,local election,Wahlprogramm,legacy_filename,ok,lp
GLMP-A593C2A8F3,lp14lin.txt,manifestos/lp14lin.txt,Leipzig,Sachsen,Die Linke,lin,2014.0,local election,Wahlprogramm,legacy_filename,ok,lp
GLMP-495518959E,lp14fdp.txt,manifestos/lp14fdp.txt,Leipzig,Sachsen,FDP,fdp,2014.0,local election,Wahlprogramm,legacy_filename,ok,lp
GLMP-05AED50235,lp14gru.txt,manifestos/lp14gru.txt,Leipzig,Sachsen,Grüne,gru,2014.0,local election,Wahlprogramm,legacy_filename,ok,lp
GLMP-1145B3254B,lp14pir.txt,manifestos/lp14pir.txt,Leipzig,Sachsen,Piraten,pir,2014.0,local election,Wahlprogramm,legacy_filename,ok,lp
GLMP-99F9290AC4,lp14spd.txt,manifestos/lp14spd.txt,Leipzig,Sachsen,SPD,spd,2014.0,local election,Wahlprogramm,legacy_filename,ok,lp
GLMP-2FC6EA6557,le14cdu.txt,manifestos/le14cdu.txt,Leverkusen,Nordrhein-Westfalen,CDU,cdu,2014.0,local election,Wahlprogramm,legacy_filename,ok,le
GLMP-25F7BE378B,le14lin.txt,manifestos/le14lin.txt,Leverkusen,Nordrhein-Westfalen,Die Linke,lin,2014.0,local election,Wahlprogramm,legacy_filename,ok,le
GLMP-25C712D115,le14fdp.txt,manifestos/le14fdp.txt,Leverkusen,Nordrhein-Westfalen,FDP,fdp,2014.0,local election,Wahlprogramm,legacy_filename,ok,le
GLMP-FFB3B8DF2D,le14fwg.txt,manifestos/le14fwg.txt,Leverkusen,Nordrhein-Westfalen,Freie Wähler,fwg,2014.0,local election,Wahlprogramm,legacy_filename,ok,le
GLMP-076B7731AA,le14gru.txt,manifestos/le14gru.txt,Leverkusen,Nordrhein-Westfalen,Grüne,gru,2014.0,local election,Wahlprogramm,legacy_filename,ok,le
GLMP-1B0F27CF43,le14lev.txt,manifestos/le14lev.txt,Leverkusen,Nordrhein-Westfalen,LEV Partei,lev,2014.0,local election,Wahlprogramm,legacy_filename,ok,le
GLMP-20AAEB0663,le14poo.txt,manifestos/le14poo.txt,Leverkusen,Nordrhein-Westfalen,Opladen Plus,poo,2014.0,local election,Wahlprogramm,legacy_filename,ok,le
GLMP-75854E2E3A,le14pir.txt,manifestos/le14pir.txt,Leverkusen,Nordrhein-Westfalen,Piraten,pir,2014.0,local election,Wahlprogramm,legacy_filename,ok,le
GLMP-3B8E4AED6E,le14spd.txt,manifestos/le14spd.txt,Leverkusen,Nordrhein-Westfalen,SPD,spd,2014.0,local election,Wahlprogramm,legacy_filename,ok,le
GLMP-1CF15E813C,lu14cdu.txt,manifestos/lu14cdu.txt,Ludwigshafen am Rhein,Rheinland-Pfalz,CDU,cdu,2014.0,local election,Wahlprogramm,legacy_filename,ok,lu
GLMP-63FD320693,lu14fdp.txt,manifestos/lu14fdp.txt,Ludwigshafen am Rhein,Rheinland-Pfalz,FDP,fdp,2014.0,local election,Wahlprogramm,legacy_filename,ok,lu
GLMP-8C1416BDFE,lu14gru.txt,manifestos/lu14gru.txt,Ludwigshafen am Rhein,Rheinland-Pfalz,Grüne,gru,2014.0,local election,Wahlprogramm,legacy_filename,ok,lu
GLMP-8A2524A1B1,lu14pir.txt,manifestos/lu14pir.txt,Ludwigshafen am Rhein,Rheinland-Pfalz,Piraten,pir,2014.0,local election,Wahlprogramm,legacy_filename,ok,lu
GLMP-A5021FA1A8,lu14spd.txt,manifestos/lu14spd.txt,Ludwigshafen am Rhein,Rheinland-Pfalz,SPD,spd,2014.0,local election,Wahlprogramm,legacy_filename,ok,lu
GLMP-612F794F26,mb14fut.txt,manifestos/mb14fut.txt,Magdeburg,Sachsen-Anhalt,???,fut,2014.0,local election,Wahlprogramm,legacy_filename,ok,mb
GLMP-89041F17C4,mb14bfm.txt,manifestos/mb14bfm.txt,Magdeburg,Sachsen-Anhalt,Bund für Magedeburg - Freie Wähler,bfm,2014.0,local election,Wahlprogramm,legacy_filename,ok,mb
GLMP-8184A264E7,mb14cdu.txt,manifestos/mb14cdu.txt,Magdeburg,Sachsen-Anhalt,CDU,cdu,2014.0,local election,Wahlprogramm,legacy_filename,ok,mb
GLMP-3B72E60883,mb14lin.txt,manifestos/mb14lin.txt,Magdeburg,Sachsen-Anhalt,Die Linke,lin,2014.0,local election,Wahlprogramm,legacy_filename,ok,mb
GLMP-66B1D870A2,mb14fdp.txt,manifestos/mb14fdp.txt,Magdeburg,Sachsen-Anhalt,FDP,fdp,2014.0,local election,Wahlprogramm,legacy_filename,ok,mb
GLMP-4879FA7709,mb14gru.txt,manifestos/mb14gru.txt,Magdeburg,Sachsen-Anhalt,Grüne,gru,2014.0,local election,Wahlprogramm,legacy_filename,ok,mb
GLMP-2FA97785BA,mb14spd.txt,manifestos/mb14spd.txt,Magdeburg,Sachsen-Anhalt,SPD,spd,2014.0,local election,Wahlprogramm,legacy_filename,ok,mb
GLMP-4F744B09DD,mz14afd.txt,manifestos/mz14afd.txt,Mainz,Rheinland-Pfalz,Alternative für Deutschland,afd,2014.0,local election,Wahlprogramm,legacy_filename,ok,mz
GLMP-43433A81E5,mz14cdu.txt,manifestos/mz14cdu.txt,Mainz,Rheinland-Pfalz,CDU,cdu,2014.0,local election,Wahlprogramm,legacy_filename,ok,mz
GLMP-A0A1A6262B,mz14lin.txt,manifestos/mz14lin.txt,Mainz,Rheinland-Pfalz,Die Linke,lin,2014.0,local election,Wahlprogramm,legacy_filename,ok,mz
GLMP-AC173CDF8B,mz14fdp.txt,manifestos/mz14fdp.txt,Mainz,Rheinland-Pfalz,FDP,fdp,2014.0,local election,Wahlprogramm,legacy_filename,ok,mz
GLMP-D28DC77230,mz14fwg.txt,manifestos/mz14fwg.txt,Mainz,Rheinland-Pfalz,Freie Wähler,fwg,2014.0,local election,Wahlprogramm,legacy_filename,ok,mz
GLMP-44783E536F,mz14gru.txt,manifestos/mz14gru.txt,Mainz,Rheinland-Pfalz,Grüne,gru,2014.0,local election,Wahlprogramm,legacy_filename,ok,mz
GLMP-DBF203AD1F,mz14pir.txt,manifestos/mz14pir.txt,Mainz,Rheinland-Pfalz,Piraten,pir,2014.0,local election,Wahlprogramm,legacy_filename,ok,mz
GLMP-160E415108,mz14pro.txt,manifestos/mz14pro.txt,Mainz,Rheinland-Pfalz,Pro Mainz,pro,2014.0,local election,Wahlprogramm,legacy_filename,ok,mz
GLMP-F13DDB3B2C,mz14spd.txt,manifestos/mz14spd.txt,Mainz,Rheinland-Pfalz,SPD,spd,2014.0,local election,Wahlprogramm,legacy_filename,ok,mz
GLMP-8916EA0019,mz14odp.txt,manifestos/mz14odp.txt,Mainz,Rheinland-Pfalz,Ökologisch-Demokratische Partei (ÖDP),odp,2014.0,local election,Wahlprogramm,legacy_filename,ok,mz
GLMP-2FC0E278D7,ma14afd.txt,manifestos/ma14afd.txt,Mannheim,Baden-Württemberg,Alternative für Deutschland,afd,2014.0,local election,Wahlprogramm,legacy_filename,ok,ma
GLMP-568F3DAD89,ma14cdu.txt,manifestos/ma14cdu.txt,Mannheim,Baden-Württemberg,CDU,cdu,2014.0,local election,Wahlprogramm,legacy_filename,ok,ma
GLMP-FD01773F08,ma14lin.txt,manifestos/ma14lin.txt,Mannheim,Baden-Württemberg,Die Linke,lin,2014.0,local election,Wahlprogramm,legacy_filename,ok,ma
GLMP-CBD82E6FA9,ma14fdp.txt,manifestos/ma14fdp.txt,Mannheim,Baden-Württemberg,FDP,fdp,2014.0,local election,Wahlprogramm,legacy_filename,ok,ma
GLMP-F73771CCD7,ma14fwg.txt,manifestos/ma14fwg.txt,Mannheim,Baden-Württemberg,Freie Wähler,fwg,2014.0,local election,Wahlprogramm,legacy_filename,ok,ma
GLMP-31F81F8091,ma14gru.txt,manifestos/ma14gru.txt,Mannheim,Baden-Württemberg,Grüne,gru,2014.0,local election,Wahlprogramm,legacy_filename,ok,ma
GLMP-B23AA586E6,ma14spd.txt,manifestos/ma14spd.txt,Mannheim,Baden-Württemberg,SPD,spd,2014.0,local election,Wahlprogramm,legacy_filename,ok,ma
GLMP-555EA727DD,mg14afd.txt,manifestos/mg14afd.txt,Moenchengladbach,Nordrhein-Westfalen,Alternative für Deutschland,afd,2014.0,local election,Wahlprogramm,legacy_filename,ok,mg
GLMP-CE59718ADD,mg14cdu.txt,manifestos/mg14cdu.txt,Moenchengladbach,Nordrhein-Westfalen,CDU,cdu,2014.0,local election,Wahlprogramm,legacy_filename,ok,mg
GLMP-7242C802E7,mg14lin.txt,manifestos/mg14lin.txt,Moenchengladbach,Nordrhein-Westfalen,Die Linke,lin,2014.0,local election,Wahlprogramm,legacy_filename,ok,mg
GLMP-ECAEEDD560,mg14fdp.txt,manifestos/mg14fdp.txt,Moenchengladbach,Nordrhein-Westfalen,FDP,fdp,2014.0,local election,Wahlprogramm,legacy_filename,ok,mg
GLMP-0364C012A6,mg14fwg.txt,manifestos/mg14fwg.txt,Moenchengladbach,Nordrhein-Westfalen,Freie Wähler,fwg,2014.0,local election,Wahlprogramm,legacy_filename,ok,mg
GLMP-08B8656E3E,mg14gru.txt,manifestos/mg14gru.txt,Moenchengladbach,Nordrhein-Westfalen,Grüne,gru,2014.0,local election,Wahlprogramm,legacy_filename,ok,mg
GLMP-E5377CDE34,mg14pir.txt,manifestos/mg14pir.txt,Moenchengladbach,Nordrhein-Westfalen,Piraten,pir,2014.0,local election,Wahlprogramm,legacy_filename,ok,mg
GLMP-2A541AA815,mg14spd.txt,manifestos/mg14spd.txt,Moenchengladbach,Nordrhein-Westfalen,SPD,spd,2014.0,local election,Wahlprogramm,legacy_filename,ok,mg
GLMP-5140699472,mo14lin.txt,manifestos/mo14lin.txt,Moers,Nordrhein-Westfalen,Die Linke,lin,2014.0,local election,Wahlprogramm,legacy_filename,ok,mo
GLMP-F075463425,mo14fdp.txt,manifestos/mo14fdp.txt,Moers,Nordrhein-Westfalen,FDP,fdp,2014.0,local election,Wahlprogramm,legacy_filename,ok,mo
GLMP-5FB996924F,mo14fbg.txt,manifestos/mo14fbg.txt,Moers,Nordrhein-Westfalen,Freie Bürger-Gemeinschaft Moers,fbg,2014.0,local election,Wahlprogramm,legacy_filename,ok,mo
GLMP-7233FB76E3,mo14gru.txt,manifestos/mo14gru.txt,Moers,Nordrhein-Westfalen,Grüne,gru,2014.0,local election,Wahlprogramm,legacy_filename,ok,mo
GLMP-5052AE5686,mo14spd.txt,manifestos/mo14spd.txt,Moers,Nordrhein-Westfalen,SPD,spd,2014.0,local election,Wahlprogramm,legacy_filename,ok,mo
GLMP-8BB3B82C7B,mh14afd.txt,manifestos/mh14afd.txt,Muelheim an der Ruhr,Nordrhein-Westfalen,Alternative für Deutschland,afd,2014.0,local election,Wahlprogramm,legacy_filename,ok,mh
GLMP-71FA2D889F,mh14bub.txt,manifestos/mh14bub.txt,Muelheim an der Ruhr,Nordrhein-Westfalen,Bündnis für Bildung,bub,2014.0,local election,Wahlprogramm,legacy_filename,ok,mh
GLMP-F9DD534E0C,mh14bfb.txt,manifestos/mh14bfb.txt,Muelheim an der Ruhr,Nordrhein-Westfalen,Bündnis für Bürger,bfb,2014.0,local election,Wahlprogramm,legacy_filename,ok,mh
GLMP-A4459ACA6B,mh14cdu.txt,manifestos/mh14cdu.txt,Muelheim an der Ruhr,Nordrhein-Westfalen,CDU,cdu,2014.0,local election,Wahlprogramm,legacy_filename,ok,mh
GLMP-7355D51853,mh14lin.txt,manifestos/mh14lin.txt,Muelheim an der Ruhr,Nordrhein-Westfalen,Die Linke,lin,2014.0,local election,Wahlprogramm,legacy_filename,ok,mh
GLMP-968F414F5F,mh14fdp.txt,manifestos/mh14fdp.txt,Muelheim an der Ruhr,Nordrhein-Westfalen,FDP,fdp,2014.0,local election,Wahlprogramm,legacy_filename,ok,mh
GLMP-432FE3CCA2,mh14gru.txt,manifestos/mh14gru.txt,Muelheim an der Ruhr,Nordrhein-Westfalen,Grüne,gru,2014.0,local election,Wahlprogramm,legacy_filename,ok,mh
GLMP-824192B00F,mh14mbi.txt,manifestos/mh14mbi.txt,Muelheim an der Ruhr,Nordrhein-Westfalen,Mülheimer Bürger Initiative,mbi,2014.0,local election,Wahlprogramm,legacy_filename,ok,mh
GLMP-20A7792578,mh14pir.txt,manifestos/mh14pir.txt,Muelheim an der Ruhr,Nordrhein-Westfalen,Piraten,pir,2014.0,local election,Wahlprogramm,legacy_filename,ok,mh
GLMP-CFD102C90A,mh14spd.txt,manifestos/mh14spd.txt,Muelheim an der Ruhr,Nordrhein-Westfalen,SPD,spd,2014.0,local election,Wahlprogramm,legacy_filename,ok,mh
GLMP-F65630D8FB,mh14wam.txt,manifestos/mh14wam.txt,Muelheim an der Ruhr,Nordrhein-Westfalen,Wir aus Mülheim,wam,2014.0,local election,Wahlprogramm,legacy_filename,ok,mh
GLMP-B7484AD1C0,mu14afd.txt,manifestos/mu14afd.txt,Muenchen,Bayern,Alternative für Deutschland,afd,2014.0,local election,Wahlprogramm,legacy_filename,ok,mu
GLMP-34856D3FDC,mu14csu.txt,manifestos/mu14csu.txt,Muenchen,Bayern,CSU,csu,2014.0,local election,Wahlprogramm,legacy_filename,ok,mu
GLMP-27E50B8236,mu14lin.txt,manifestos/mu14lin.txt,Muenchen,Bayern,Die Linke,lin,2014.0,local election,Wahlprogramm,legacy_filename,ok,mu
GLMP-DF58A35A18,mu14fdp.txt,manifestos/mu14fdp.txt,Muenchen,Bayern,FDP,fdp,2014.0,local election,Wahlprogramm,legacy_filename,ok,mu
GLMP-796DE955A9,mu14fwg.txt,manifestos/mu14fwg.txt,Muenchen,Bayern,Freie Wähler,fwg,2014.0,local election,Wahlprogramm,legacy_filename,ok,mu
GLMP-E21C077C09,mu14gru.txt,manifestos/mu14gru.txt,Muenchen,Bayern,Grüne,gru,2014.0,local election,Wahlprogramm,legacy_filename,ok,mu
GLMP-BA51E38068,mu14pir.txt,manifestos/mu14pir.txt,Muenchen,Bayern,Piraten,pir,2014.0,local election,Wahlprogramm,legacy_filename,ok,mu
GLMP-9E1E863C7E,mu14spd.txt,manifestos/mu14spd.txt,Muenchen,Bayern,SPD,spd,2014.0,local election,Wahlprogramm,legacy_filename,ok,mu
GLMP-CDD8C18E4B,ms14afd.txt,manifestos/ms14afd.txt,Muenster,Nordrhein-Westfalen,Alternative für Deutschland,afd,2014.0,local election,Wahlprogramm,legacy_filename,ok,ms
GLMP-1FE4BB9750,ms14cdu.txt,manifestos/ms14cdu.txt,Muenster,Nordrhein-Westfalen,CDU,cdu,2014.0,local election,Wahlprogramm,legacy_filename,ok,ms
GLMP-8179B20B7F,ms14lin.txt,manifestos/ms14lin.txt,Muenster,Nordrhein-Westfalen,Die Linke,lin,2014.0,local election,Wahlprogramm,legacy_filename,ok,ms
GLMP-EE8AEF2F96,ms14fdp.txt,manifestos/ms14fdp.txt,Muenster,Nordrhein-Westfalen,FDP,fdp,2014.0,local election,Wahlprogramm,legacy_filename,ok,ms
GLMP-4559248EE3,ms14gru.txt,manifestos/ms14gru.txt,Muenster,Nordrhein-Westfalen,Grüne,gru,2014.0,local election,Wahlprogramm,legacy_filename,ok,ms
GLMP-5D08F306A8,ms14pir.txt,manifestos/ms14pir.txt,Muenster,Nordrhein-Westfalen,Piraten,pir,2014.0,local election,Wahlprogramm,legacy_filename,ok,ms
GLMP-4316593874,ms14spd.txt,manifestos/ms14spd.txt,Muenster,Nordrhein-Westfalen,SPD,spd,2014.0,local election,Wahlprogramm,legacy_filename,ok,ms
GLMP-8FF40EBEAB,ms14uwg.txt,manifestos/ms14uwg.txt,Muenster,Nordrhein-Westfalen,Unabhängige Wählergemeinschaft (UWG),uwg,2014.0,local election,Wahlprogramm,legacy_filename,ok,ms
GLMP-6CCB9CFD2F,ms14odp.txt,manifestos/ms14odp.txt,Muenster,Nordrhein-Westfalen,Ökologisch-Demokratische Partei (ÖDP),odp,2014.0,local election,Wahlprogramm,legacy_filename,ok,ms
GLMP-BC2C935882,ne14cdu.txt,manifestos/ne14cdu.txt,Neuss,Nordrhein-Westfalen,CDU,cdu,2014.0,local election,Wahlprogramm,legacy_filename,ok,ne
GLMP-100A45E1F5,ne14lin.txt,manifestos/ne14lin.txt,Neuss,Nordrhein-Westfalen,Die Linke,lin,2014.0,local election,Wahlprogramm,legacy_filename,ok,ne
GLMP-FC85150484,ne14fdp.txt,manifestos/ne14fdp.txt,Neuss,Nordrhein-Westfalen,FDP,fdp,2014.0,local election,Wahlprogramm,legacy_filename,ok,ne
GLMP-139096CE83,ne14gru.txt,manifestos/ne14gru.txt,Neuss,Nordrhein-Westfalen,Grüne,gru,2014.0,local election,Wahlprogramm,legacy_filename,ok,ne
GLMP-599AE40B4E,ne14spd.txt,manifestos/ne14spd.txt,Neuss,Nordrhein-Westfalen,SPD,spd,2014.0,local election,Wahlprogramm,legacy_filename,ok,ne
GLMP-3F6DAE0573,nu14bia.txt,manifestos/nu14bia.txt,Nuernberg,Bayern,Bürgerinitiative Ausländerstopp,bia,2014.0,local election,Wahlprogramm,legacy_filename,ok,nu
GLMP-C3DFD395FE,nu14csu.txt,manifestos/nu14csu.txt,Nuernberg,Bayern,CSU,csu,2014.0,local election,Wahlprogramm,legacy_filename,ok,nu
GLMP-508D7DC019,nu14gut.txt,manifestos/nu14gut.txt,Nuernberg,Bayern,Die Guten,gut,2014.0,local election,Wahlprogramm,legacy_filename,ok,nu
GLMP-7FF254DE58,nu14fdp.txt,manifestos/nu14fdp.txt,Nuernberg,Bayern,FDP,fdp,2014.0,local election,Wahlprogramm,legacy_filename,ok,nu
GLMP-DE69AAC562,nu14fwg.txt,manifestos/nu14fwg.txt,Nuernberg,Bayern,Freie Wähler,fwg,2014.0,local election,Wahlprogramm,legacy_filename,ok,nu
GLMP-AC6CBC6F66,nu14gru.txt,manifestos/nu14gru.txt,Nuernberg,Bayern,Grüne,gru,2014.0,local election,Wahlprogramm,legacy_filename,ok,nu
GLMP-789E6C85B3,nu14pir.txt,manifestos/nu14pir.txt,Nuernberg,Bayern,Piraten,pir,2014.0,local election,Wahlprogramm,legacy_filename,ok,nu
GLMP-C34584A5DF,nu14spd.txt,manifestos/nu14spd.txt,Nuernberg,Bayern,SPD,spd,2014.0,local election,Wahlprogramm,legacy_filename,ok,nu
GLMP-364567B0E0,nu14odp.txt,manifestos/nu14odp.txt,Nuernberg,Bayern,Ökologisch-Demokratische Partei (ÖDP),odp,2014.0,local election,Wahlprogramm,legacy_filename,ok,nu
GLMP-A9DD5DD193,ob14bob.txt,manifestos/ob14bob.txt,Oberhausen,Nordrhein-Westfalen,Bündnis Oberhausen Bürger,bob,2014.0,local election,Wahlprogramm,legacy_filename,ok,ob
GLMP-C300DD9597,ob14cdu.txt,manifestos/ob14cdu.txt,Oberhausen,Nordrhein-Westfalen,CDU,cdu,2014.0,local election,Wahlprogramm,legacy_filename,ok,ob
GLMP-6F46F8D7CB,ob14lin.txt,manifestos/ob14lin.txt,Oberhausen,Nordrhein-Westfalen,Die Linke,lin,2014.0,local election,Wahlprogramm,legacy_filename,ok,ob
GLMP-FC0117A7A8,ob14fdp.txt,manifestos/ob14fdp.txt,Oberhausen,Nordrhein-Westfalen,FDP,fdp,2014.0,local election,Wahlprogramm,legacy_filename,ok,ob
GLMP-9F78331D52,ob14gru.txt,manifestos/ob14gru.txt,Oberhausen,Nordrhein-Westfalen,Grüne,gru,2014.0,local election,Wahlprogramm,legacy_filename,ok,ob
GLMP-C967BF2DAB,ob14spd.txt,manifestos/ob14spd.txt,Oberhausen,Nordrhein-Westfalen,SPD,spd,2014.0,local election,Wahlprogramm,legacy_filename,ok,ob
GLMP-864B1B78EC,pb14afd.txt,manifestos/pb14afd.txt,Paderborn,Nordrhein-Westfalen,Alternative für Deutschland,afd,2014.0,local election,Wahlprogramm,legacy_filename,ok,pb
GLMP-4D425C456E,pb14dip.txt,manifestos/pb14dip.txt,Paderborn,Nordrhein-Westfalen,Demokratische Initiative Parderborn,dip,2014.0,local election,Wahlprogramm,legacy_filename,ok,pb
GLMP-B81DCCA6D8,pb14fdp.txt,manifestos/pb14fdp.txt,Paderborn,Nordrhein-Westfalen,FDP,fdp,2014.0,local election,Wahlprogramm,legacy_filename,ok,pb
GLMP-AF190988AF,pb14fbi.txt,manifestos/pb14fbi.txt,Paderborn,Nordrhein-Westfalen,Freie Bürger Initiative,fbi,2014.0,local election,Wahlprogramm,legacy_filename,ok,pb
GLMP-17CEF4452D,pb14spd.txt,manifestos/pb14spd.txt,Paderborn,Nordrhein-Westfalen,SPD,spd,2014.0,local election,Wahlprogramm,legacy_filename,ok,pb
GLMP-7E95A57AB2,pf14cdu.txt,manifestos/pf14cdu.txt,Pforzheim,Baden-Württemberg,CDU,cdu,2014.0,local election,Wahlprogramm,legacy_filename,ok,pf
GLMP-6E04A33B7A,pf14fdp.txt,manifestos/pf14fdp.txt,Pforzheim,Baden-Württemberg,FDP,fdp,2014.0,local election,Wahlprogramm,legacy_filename,ok,pf
GLMP-1B53BB7F02,pf14gru.txt,manifestos/pf14gru.txt,Pforzheim,Baden-Württemberg,Grüne,gru,2014.0,local election,Wahlprogramm,legacy_filename,ok,pf
GLMP-780CB5024A,pf14lbb.txt,manifestos/pf14lbb.txt,Pforzheim,Baden-Württemberg,Liste Bürgerbeteiligunghaushalt Pforzheim,lbb,2014.0,local election,Wahlprogramm,legacy_filename,ok,pf
GLMP-CAAA0297AF,pf14lis.txt,manifestos/pf14lis.txt,Pforzheim,Baden-Württemberg,Liste Eltern Pforzheim,lis,2014.0,local election,Wahlprogramm,legacy_filename,ok,pf
GLMP-968B69F907,pf14spd.txt,manifestos/pf14spd.txt,Pforzheim,Baden-Württemberg,SPD,spd,2014.0,local election,Wahlprogramm,legacy_filename,ok,pf
GLMP-04176BDD4B,pf14uab.txt,manifestos/pf14uab.txt,Pforzheim,Baden-Württemberg,Unabhängige Bürger für Pforzheim,uab,2014.0,local election,Wahlprogramm,legacy_filename,ok,pf
GLMP-A8074C70FA,pf14wip.txt,manifestos/pf14wip.txt,Pforzheim,Baden-Württemberg,Wir sind Pforzheim,wip,2014.0,local election,Wahlprogramm,legacy_filename,ok,pf
GLMP-132EFD6CBA,po14bbp.txt,manifestos/po14bbp.txt,Potsdam,Brandenburg,Bürgerbündnis Potsdam,bbp,2014.0,local election,Wahlprogramm,legacy_filename,ok,po
GLMP-76043F92C3,po14cdu.txt,manifestos/po14cdu.txt,Potsdam,Brandenburg,CDU,cdu,2014.0,local election,Wahlprogramm,legacy_filename,ok,po
GLMP-7976AD979A,po14lin.txt,manifestos/po14lin.txt,Potsdam,Brandenburg,Die Linke,lin,2014.0,local election,Wahlprogramm,legacy_filename,ok,po
GLMP-55E96CF4F1,po14dia.txt,manifestos/po14dia.txt,Potsdam,Brandenburg,Die aNDERE,dia,2014.0,local election,Wahlprogramm,legacy_filename,ok,po
GLMP-28F22563FF,po14fdp.txt,manifestos/po14fdp.txt,Potsdam,Brandenburg,FDP,fdp,2014.0,local election,Wahlprogramm,legacy_filename,ok,po
GLMP-A6939D32B4,po14fwg.txt,manifestos/po14fwg.txt,Potsdam,Brandenburg,Freie Wähler,fwg,2014.0,local election,Wahlprogramm,legacy_filename,ok,po
GLMP-B531861841,po14gru.txt,manifestos/po14gru.txt,Potsdam,Brandenburg,Grüne,gru,2014.0,local election,Wahlprogramm,legacy_filename,ok,po
GLMP-6E4181ECB8,po14pot.txt,manifestos/po14pot.txt,Potsdam,Brandenburg,Potsdamer Demokraten,pot,2014.0,local election,Wahlprogramm,legacy_filename,ok,po
GLMP-2072170D6B,po14spd.txt,manifestos/po14spd.txt,Potsdam,Brandenburg,SPD,spd,2014.0,local election,Wahlprogramm,legacy_filename,ok,po
GLMP-FBFED59996,re14cdu.txt,manifestos/re14cdu.txt,Recklinghausen,Nordrhein-Westfalen,CDU,cdu,2014.0,local election,Wahlprogramm,legacy_filename,ok,re
GLMP-CD6ACF845E,re14fdp.txt,manifestos/re14fdp.txt,Recklinghausen,Nordrhein-Westfalen,FDP,fdp,2014.0,local election,Wahlprogramm,legacy_filename,ok,re
GLMP-87C0798D32,re14gru.txt,manifestos/re14gru.txt,Recklinghausen,Nordrhein-Westfalen,Grüne,gru,2014.0,local election,Wahlprogramm,legacy_filename,ok,re
GLMP-D85937B1B7,re14spd.txt,manifestos/re14spd.txt,Recklinghausen,Nordrhein-Westfalen,SPD,spd,2014.0,local election,Wahlprogramm,legacy_filename,ok,re
GLMP-5DAF54A259,rg14csu.txt,manifestos/rg14csu.txt,Regensburg,Bayern,CSU,csu,2014.0,local election,Wahlprogramm,legacy_filename,ok,rg
GLMP-9A09602D5E,rg14csb.txt,manifestos/rg14csb.txt,Regensburg,Bayern,Christiliche-Soziale Bürger,csb,2014.0,local election,Wahlprogramm,legacy_filename,ok,rg
GLMP-E6BE05F6F8,rg14lin.txt,manifestos/rg14lin.txt,Regensburg,Bayern,Die Linke,lin,2014.0,local election,Wahlprogramm,legacy_filename,ok,rg
GLMP-3984C576B5,rg14fdp.txt,manifestos/rg14fdp.txt,Regensburg,Bayern,FDP,fdp,2014.0,local election,Wahlprogramm,legacy_filename,ok,rg
GLMP-A87559E0C4,rg14fwg.txt,manifestos/rg14fwg.txt,Regensburg,Bayern,Freie Wähler,fwg,2014.0,local election,Wahlprogramm,legacy_filename,ok,rg
GLMP-B418DE9A90,rg14gru.txt,manifestos/rg14gru.txt,Regensburg,Bayern,Grüne,gru,2014.0,local election,Wahlprogramm,legacy_filename,ok,rg
GLMP-51E0B04D15,rg14pir.txt,manifestos/rg14pir.txt,Regensburg,Bayern,Piraten,pir,2014.0,local election,Wahlprogramm,legacy_filename,ok,rg
GLMP-93545F1FD0,rg14spd.txt,manifestos/rg14spd.txt,Regensburg,Bayern,SPD,spd,2014.0,local election,Wahlprogramm,legacy_filename,ok,rg
GLMP-C68E63F943,rg14odp.txt,manifestos/rg14odp.txt,Regensburg,Bayern,Ökologisch-Demokratische Partei (ÖDP),odp,2014.0,local election,Wahlprogramm,legacy_filename,ok,rg
GLMP-FBDDD58062,rs14cdu.txt,manifestos/rs14cdu.txt,Remscheid,Nordrhein-Westfalen,CDU,cdu,2014.0,local election,Wahlprogramm,legacy_filename,ok,rs
GLMP-0FF4CD87BC,rs14fdp.txt,manifestos/rs14fdp.txt,Remscheid,Nordrhein-Westfalen,FDP,fdp,2014.0,local election,Wahlprogramm,legacy_filename,ok,rs
GLMP-3410835278,rs14gru.txt,manifestos/rs14gru.txt,Remscheid,Nordrhein-Westfalen,Grüne,gru,2014.0,local election,Wahlprogramm,legacy_filename,ok,rs
GLMP-69E895EA57,rs14spd.txt,manifestos/rs14spd.txt,Remscheid,Nordrhein-Westfalen,SPD,spd,2014.0,local election,Wahlprogramm,legacy_filename,ok,rs
GLMP-8A1F269F32,rs14wir.txt,manifestos/rs14wir.txt,Remscheid,Nordrhein-Westfalen,Wählergemeinschaft in Remscheid (W.i.R.),wir,2014.0,local election,Wahlprogramm,legacy_filename,ok,rs
GLMP-783BF0D8ED,rt14lin.txt,manifestos/rt14lin.txt,Reutlingen,Baden-Württemberg,Die Linke,lin,2014.0,local election,Wahlprogramm,legacy_filename,ok,rt
GLMP-94211A366D,rt14fdp.txt,manifestos/rt14fdp.txt,Reutlingen,Baden-Württemberg,FDP,fdp,2014.0,local election,Wahlprogramm,legacy_filename,ok,rt
GLMP-2B44345281,rt14fwg.txt,manifestos/rt14fwg.txt,Reutlingen,Baden-Württemberg,Freie Wähler,fwg,2014.0,local election,Wahlprogramm,legacy_filename,ok,rt
GLMP-B15251A3E2,rt14spd.txt,manifestos/rt14spd.txt,Reutlingen,Baden-Württemberg,SPD,spd,2014.0,local election,Wahlprogramm,legacy_filename,ok,rt
GLMP-28E43DC802,ro14bru.txt,manifestos/ro14bru.txt,Rostock,Mecklenburg-Vorpommern,Aufbruch 09,bru,2014.0,local election,Wahlprogramm,legacy_filename,ok,ro
GLMP-BE209F9A78,ro14cdu.txt,manifestos/ro14cdu.txt,Rostock,Mecklenburg-Vorpommern,CDU,cdu,2014.0,local election,Wahlprogramm,legacy_filename,ok,ro
GLMP-83279E1B53,ro14lin.txt,manifestos/ro14lin.txt,Rostock,Mecklenburg-Vorpommern,Die Linke,lin,2014.0,local election,Wahlprogramm,legacy_filename,ok,ro
GLMP-DFE315019D,ro14gru.txt,manifestos/ro14gru.txt,Rostock,Mecklenburg-Vorpommern,Grüne,gru,2014.0,local election,Wahlprogramm,legacy_filename,ok,ro
GLMP-468F540624,ro14rob.txt,manifestos/ro14rob.txt,Rostock,Mecklenburg-Vorpommern,Rostocker Bund,rob,2014.0,local election,Wahlprogramm,legacy_filename,ok,ro
GLMP-D7B5CC0B55,ro14spd.txt,manifestos/ro14spd.txt,Rostock,Mecklenburg-Vorpommern,SPD,spd,2014.0,local election,Wahlprogramm,legacy_filename,ok,ro
GLMP-7797E65693,sb14cdu.txt,manifestos/sb14cdu.txt,Saarbruecken,Saarland,CDU,cdu,2014.0,local election,Wahlprogramm,legacy_filename,ok,sb
GLMP-D793615D9D,sb14fdp.txt,manifestos/sb14fdp.txt,Saarbruecken,Saarland,FDP,fdp,2014.0,local election,Wahlprogramm,legacy_filename,ok,sb
GLMP-82B3A54CE5,sb14fwg.txt,manifestos/sb14fwg.txt,Saarbruecken,Saarland,Freie Wähler,fwg,2014.0,local election,Wahlprogramm,legacy_filename,ok,sb
GLMP-B5F6FB89AE,sb14gru.txt,manifestos/sb14gru.txt,Saarbruecken,Saarland,Grüne,gru,2014.0,local election,Wahlprogramm,legacy_filename,ok,sb
GLMP-DE4032489F,sb14pir.txt,manifestos/sb14pir.txt,Saarbruecken,Saarland,Piraten,pir,2014.0,local election,Wahlprogramm,legacy_filename,ok,sb
GLMP-9CB482F85C,sb14spd.txt,manifestos/sb14spd.txt,Saarbruecken,Saarland,SPD,spd,2014.0,local election,Wahlprogramm,legacy_filename,ok,sb
GLMP-68F29B3CBD,sb14sfa.txt,manifestos/sb14sfa.txt,Saarbruecken,Saarland,Saarland für Alle,sfa,2014.0,local election,Wahlprogramm,legacy_filename,ok,sb
GLMP-2B6C5F830E,si14afd.txt,manifestos/si14afd.txt,Siegen,Nordrhein-Westfalen,Alternative für Deutschland,afd,2014.0,local election,Wahlprogramm,legacy_filename,ok,si
GLMP-BFD18048B8,si14cdu.txt,manifestos/si14cdu.txt,Siegen,Nordrhein-Westfalen,CDU,cdu,2014.0,local election,Wahlprogramm,legacy_filename,ok,si
GLMP-6711E530C0,si14lin.txt,manifestos/si14lin.txt,Siegen,Nordrhein-Westfalen,Die Linke,lin,2014.0,local election,Wahlprogramm,legacy_filename,ok,si
GLMP-77E7A71B5E,si14fdp.txt,manifestos/si14fdp.txt,Siegen,Nordrhein-Westfalen,FDP,fdp,2014.0,local election,Wahlprogramm,legacy_filename,ok,si
GLMP-9D69DB7453,si14gru.txt,manifestos/si14gru.txt,Siegen,Nordrhein-Westfalen,Grüne,gru,2014.0,local election,Wahlprogramm,legacy_filename,ok,si
GLMP-A839BC5B7A,si14spd.txt,manifestos/si14spd.txt,Siegen,Nordrhein-Westfalen,SPD,spd,2014.0,local election,Wahlprogramm,legacy_filename,ok,si
GLMP-426E138529,si14uwg.txt,manifestos/si14uwg.txt,Siegen,Nordrhein-Westfalen,Unabhängige Wählergemeinschaft (UWG),uwg,2014.0,local election,Wahlprogramm,legacy_filename,ok,si
GLMP-DAC9A3317F,sg14afd.txt,manifestos/sg14afd.txt,Solingen,Nordrhein-Westfalen,Alternative für Deutschland,afd,2014.0,local election,Wahlprogramm,legacy_filename,ok,sg
GLMP-ABD2F97087,sg14cdu.txt,manifestos/sg14cdu.txt,Solingen,Nordrhein-Westfalen,CDU,cdu,2014.0,local election,Wahlprogramm,legacy_filename,ok,sg
GLMP-04A4D728D4,sg14lin.txt,manifestos/sg14lin.txt,Solingen,Nordrhein-Westfalen,Die Linke,lin,2014.0,local election,Wahlprogramm,legacy_filename,ok,sg
GLMP-8AA53B25B4,sg14fdp.txt,manifestos/sg14fdp.txt,Solingen,Nordrhein-Westfalen,FDP,fdp,2014.0,local election,Wahlprogramm,legacy_filename,ok,sg
GLMP-B47EF9DB77,sg14fbu.txt,manifestos/sg14fbu.txt,Solingen,Nordrhein-Westfalen,Freie Bürger Union,fbu,2014.0,local election,Wahlprogramm,legacy_filename,ok,sg
GLMP-7FF3792580,sg14gru.txt,manifestos/sg14gru.txt,Solingen,Nordrhein-Westfalen,Grüne,gru,2014.0,local election,Wahlprogramm,legacy_filename,ok,sg
GLMP-69A499B153,sg14pir.txt,manifestos/sg14pir.txt,Solingen,Nordrhein-Westfalen,Piraten,pir,2014.0,local election,Wahlprogramm,legacy_filename,ok,sg
GLMP-395A989FF3,sg14spd.txt,manifestos/sg14spd.txt,Solingen,Nordrhein-Westfalen,SPD,spd,2014.0,local election,Wahlprogramm,legacy_filename,ok,sg
GLMP-1BC30C9234,st14afd.txt,manifestos/st14afd.txt,Stuttgart,Baden-Württemberg,Alternative für Deutschland,afd,2014.0,local election,Wahlprogramm,legacy_filename,ok,st
GLMP-6AE6B5F167,st14cdu.txt,manifestos/st14cdu.txt,Stuttgart,Baden-Württemberg,CDU,cdu,2014.0,local election,Wahlprogramm,legacy_filename,ok,st
GLMP-14AB9A0184,st14lin.txt,manifestos/st14lin.txt,Stuttgart,Baden-Württemberg,Die Linke,lin,2014.0,local election,Wahlprogramm,legacy_filename,ok,st
GLMP-FE4579957F,st14rep.txt,manifestos/st14rep.txt,Stuttgart,Baden-Württemberg,Die Republikaner,rep,2014.0,local election,Wahlprogramm,legacy_filename,ok,st
GLMP-B43E82A654,st14fdp.txt,manifestos/st14fdp.txt,Stuttgart,Baden-Württemberg,FDP,fdp,2014.0,local election,Wahlprogramm,legacy_filename,ok,st
GLMP-4B21687DBE,st14gru.txt,manifestos/st14gru.txt,Stuttgart,Baden-Württemberg,Grüne,gru,2014.0,local election,Wahlprogramm,legacy_filename,ok,st
GLMP-2F6FD5A8E2,st14pir.txt,manifestos/st14pir.txt,Stuttgart,Baden-Württemberg,Piraten,pir,2014.0,local election,Wahlprogramm,legacy_filename,ok,st
GLMP-0DA4BF0B99,st14spd.txt,manifestos/st14spd.txt,Stuttgart,Baden-Württemberg,SPD,spd,2014.0,local election,Wahlprogramm,legacy_filename,ok,st
GLMP-6486C8A488,st14sos.txt,manifestos/st14sos.txt,Stuttgart,Baden-Württemberg,SÖS (Stuttgart Ökologisch Sozial),sos,2014.0,local election,Wahlprogramm,legacy_manual_override,ok,st
GLMP-1DD6EFA30C,tr14cdu.txt,manifestos/tr14cdu.txt,Trier,Rheinland-Pfalz,CDU,cdu,2014.0,local election,Wahlprogramm,legacy_filename,ok,tr
GLMP-9202F89A38,tr14lin.txt,manifestos/tr14lin.txt,Trier,Rheinland-Pfalz,Die Linke,lin,2014.0,local election,Wahlprogramm,legacy_filename,ok,tr
GLMP-A1E1C6582A,tr14fdp.txt,manifestos/tr14fdp.txt,Trier,Rheinland-Pfalz,FDP,fdp,2014.0,local election,Wahlprogramm,legacy_filename,ok,tr
GLMP-07C68701DB,tr14fwg.txt,manifestos/tr14fwg.txt,Trier,Rheinland-Pfalz,Freie Wähler,fwg,2014.0,local election,Wahlprogramm,legacy_filename,ok,tr
GLMP-CCC98BF81D,tr14gru.txt,manifestos/tr14gru.txt,Trier,Rheinland-Pfalz,Grüne,gru,2014.0,local election,Wahlprogramm,legacy_filename,ok,tr
GLMP-3394D49BE7,tr14pir.txt,manifestos/tr14pir.txt,Trier,Rheinland-Pfalz,Piraten,pir,2014.0,local election,Wahlprogramm,legacy_filename,ok,tr
GLMP-4F3737CF86,tr14spd.txt,manifestos/tr14spd.txt,Trier,Rheinland-Pfalz,SPD,spd,2014.0,local election,Wahlprogramm,legacy_filename,ok,tr
GLMP-9B93F26F39,ul14cdu.txt,manifestos/ul14cdu.txt,Ulm,Baden-Württemberg,CDU,cdu,2014.0,local election,Wahlprogramm,legacy_filename,ok,ul
GLMP-DCFFA28BAD,ul14fdp.txt,manifestos/ul14fdp.txt,Ulm,Baden-Württemberg,FDP,fdp,2014.0,local election,Wahlprogramm,legacy_filename,ok,ul
GLMP-16D82CF13F,ul14gru.txt,manifestos/ul14gru.txt,Ulm,Baden-Württemberg,Grüne,gru,2014.0,local election,Wahlprogramm,legacy_filename,ok,ul
GLMP-637F007659,ul14spd.txt,manifestos/ul14spd.txt,Ulm,Baden-Württemberg,SPD,spd,2014.0,local election,Wahlprogramm,legacy_filename,ok,ul
GLMP-E6C277B3DB,wz14buf.txt,manifestos/wz14buf.txt,Wuerzburg,Bayern,Bürgerforum Würzburg,buf,2014.0,local election,Wahlprogramm,legacy_filename,ok,wz
GLMP-D31DE3C43A,wz14csu.txt,manifestos/wz14csu.txt,Wuerzburg,Bayern,CSU,csu,2014.0,local election,Wahlprogramm,legacy_filename,ok,wz
GLMP-49F406116B,wz14lin.txt,manifestos/wz14lin.txt,Wuerzburg,Bayern,Die Linke,lin,2014.0,local election,Wahlprogramm,legacy_filename,ok,wz
GLMP-BBBF79EE0E,wz14fdp.txt,manifestos/wz14fdp.txt,Wuerzburg,Bayern,FDP,fdp,2014.0,local election,Wahlprogramm,legacy_filename,ok,wz
GLMP-DA9CBDEF06,wz14fwg.txt,manifestos/wz14fwg.txt,Wuerzburg,Bayern,Freie Wähler,fwg,2014.0,local election,Wahlprogramm,legacy_filename,ok,wz
GLMP-16F69E3CC5,wz14gru.txt,manifestos/wz14gru.txt,Wuerzburg,Bayern,Grüne,gru,2014.0,local election,Wahlprogramm,legacy_filename,ok,wz
GLMP-D0B7C45648,wz14spd.txt,manifestos/wz14spd.txt,Wuerzburg,Bayern,SPD,spd,2014.0,local election,Wahlprogramm,legacy_filename,ok,wz
GLMP-8945E808BB,wz14wzl.txt,manifestos/wz14wzl.txt,Wuerzburg,Bayern,Würzburger Liste,wzl,2014.0,local election,Wahlprogramm,legacy_filename,ok,wz
GLMP-D4E3E96358,wz14zfw.txt,manifestos/wz14zfw.txt,Wuerzburg,Bayern,Zukunft für Würzburg,zfw,2014.0,local election,Wahlprogramm,legacy_filename,ok,wz
GLMP-C6B8BFAA14,wz14odp.txt,manifestos/wz14odp.txt,Wuerzburg,Bayern,Ökologisch-Demokratische Partei (ÖDP),odp,2014.0,local election,Wahlprogramm,legacy_filename,ok,wz
GLMP-03A32C7F12,wu14cdu.txt,manifestos/wu14cdu.txt,Wuppertal,Nordrhein-Westfalen,CDU,cdu,2014.0,local election,Wahlprogramm,legacy_filename,ok,wu
GLMP-14FE1C631E,wu14fdp.txt,manifestos/wu14fdp.txt,Wuppertal,Nordrhein-Westfalen,FDP,fdp,2014.0,local election,Wahlprogramm,legacy_filename,ok,wu
GLMP-AFE28563E6,wu14gru.txt,manifestos/wu14gru.txt,Wuppertal,Nordrhein-Westfalen,Grüne,gru,2014.0,local election,Wahlprogramm,legacy_filename,ok,wu
GLMP-7AD818BBF9,wu14pir.txt,manifestos/wu14pir.txt,Wuppertal,Nordrhein-Westfalen,Piraten,pir,2014.0,local election,Wahlprogramm,legacy_filename,ok,wu
GLMP-6163B131BC,wu14spd.txt,manifestos/wu14spd.txt,Wuppertal,Nordrhein-Westfalen,SPD,spd,2014.0,local election,Wahlprogramm,legacy_filename,ok,wu
GLMP-EAA407527F,wu14wfw.txt,manifestos/wu14wfw.txt,Wuppertal,Nordrhein-Westfalen,Wählergemeinschaft für Wuppertal,wfw,2014.0,local election,Wahlprogramm,legacy_filename,ok,wu
GLMP-D962F75AF1,br15afd.txt,manifestos/br15afd.txt,Bremen,Bremen,Alternative für Deutschland,afd,2015.0,local election,Wahlprogramm,legacy_filename,ok,br
GLMP-8FFA21ED33,br15biw.txt,manifestos/br15biw.txt,Bremen,Bremen,Bürger in Wut,biw,2015.0,local election,Wahlprogramm,legacy_filename,ok,br
GLMP-ECFD3AFFFD,br15cdu.txt,manifestos/br15cdu.txt,Bremen,Bremen,CDU,cdu,2015.0,local election,Wahlprogramm,legacy_filename,ok,br
GLMP-32A314BFD3,br15lin.txt,manifestos/br15lin.txt,Bremen,Bremen,Die Linke,lin,2015.0,local election,Wahlprogramm,legacy_filename,ok,br
GLMP-50984DE469,br15fdp.txt,manifestos/br15fdp.txt,Bremen,Bremen,FDP,fdp,2015.0,local election,Wahlprogramm,legacy_filename,ok,br
GLMP-79F28161D6,br15gru.txt,manifestos/br15gru.txt,Bremen,Bremen,Grüne,gru,2015.0,local election,Wahlprogramm,legacy_filename,ok,br
GLMP-12EF492CBF,br15nli.txt,manifestos/br15nli.txt,Bremen,Bremen,Neue Liberale,nli,2015.0,local election,Wahlprogramm,legacy_filename,ok,br
GLMP-EF2C8D361A,br15pir.txt,manifestos/br15pir.txt,Bremen,Bremen,Piraten,pir,2015.0,local election,Wahlprogramm,legacy_filename,ok,br
GLMP-912C1CE176,br15spd.txt,manifestos/br15spd.txt,Bremen,Bremen,SPD,spd,2015.0,local election,Wahlprogramm,legacy_filename,ok,br
GLMP-6B0596A12C,br15tsp.txt,manifestos/br15tsp.txt,Bremen,Bremen,Tierschutzpartei,tsp,2015.0,local election,Wahlprogramm,legacy_filename,ok,br
GLMP-7602826FE9,bh15afd.txt,manifestos/bh15afd.txt,Bremerhaven,Bremen,Alternative für Deutschland,afd,2015.0,local election,Wahlprogramm,legacy_filename,ok,bh
GLMP-8C1248554F,bh15cdu.txt,manifestos/bh15cdu.txt,Bremerhaven,Bremen,CDU,cdu,2015.0,local election,Wahlprogramm,legacy_filename,ok,bh
GLMP-EF0D1D11FB,bh15lin.txt,manifestos/bh15lin.txt,Bremerhaven,Bremen,Die Linke,lin,2015.0,local election,Wahlprogramm,legacy_filename,ok,bh
GLMP-3CF62BEEB6,bh15par.txt,manifestos/bh15par.txt,Bremerhaven,Bremen,Die Partei,par,2015.0,local election,Wahlprogramm,legacy_filename,ok,bh
GLMP-AEE7EEC32F,bh15gru.txt,manifestos/bh15gru.txt,Bremerhaven,Bremen,Grüne,gru,2015.0,local election,Wahlprogramm,legacy_filename,ok,bh
GLMP-DA4B5221AD,bh15pir.txt,manifestos/bh15pir.txt,Bremerhaven,Bremen,Piraten,pir,2015.0,local election,Wahlprogramm,legacy_filename,ok,bh
GLMP-49583EB4CD,bh15spd.txt,manifestos/bh15spd.txt,Bremerhaven,Bremen,SPD,spd,2015.0,local election,Wahlprogramm,legacy_filename,ok,bh
GLMP-52392FA07C,bs16afd.txt,manifestos/bs16afd.txt,Braunschweig,Niedersachsen,Alternative für Deutschland,afd,2016.0,local election,Wahlprogramm,legacy_filename,ok,bs
GLMP-CF432716A8,bs16cdu.txt,manifestos/bs16cdu.txt,Braunschweig,Niedersachsen,CDU,cdu,2016.0,local election,Wahlprogramm,legacy_filename,ok,bs
GLMP-A569D89C28,bs16lin.txt,manifestos/bs16lin.txt,Braunschweig,Niedersachsen,Die Linke,lin,2016.0,local election,Wahlprogramm,legacy_filename,ok,bs
GLMP-FA42D187EA,bs16fdp.txt,manifestos/bs16fdp.txt,Braunschweig,Niedersachsen,FDP,fdp,2016.0,local election,Wahlprogramm,legacy_filename,ok,bs
GLMP-55832982D5,bs16gru.txt,manifestos/bs16gru.txt,Braunschweig,Niedersachsen,Grüne,gru,2016.0,local election,Wahlprogramm,legacy_filename,ok,bs
GLMP-61C0ACA6A4,bs16spd.txt,manifestos/bs16spd.txt,Braunschweig,Niedersachsen,SPD,spd,2016.0,local election,Wahlprogramm,legacy_filename,ok,bs
GLMP-46C85F5526,da16afd.txt,manifestos/da16afd.txt,Darmstadt,Hessen,Alternative für Deutschland,afd,2016.0,local election,Wahlprogramm,legacy_filename,ok,da
GLMP-E97459B682,da16cdu.txt,manifestos/da16cdu.txt,Darmstadt,Hessen,CDU,cdu,2016.0,local election,Wahlprogramm,legacy_filename,ok,da
GLMP-B7DAC1EE50,da16lin.txt,manifestos/da16lin.txt,Darmstadt,Hessen,Die Linke,lin,2016.0,local election,Wahlprogramm,legacy_filename,ok,da
GLMP-9042637390,da16fdp.txt,manifestos/da16fdp.txt,Darmstadt,Hessen,FDP,fdp,2016.0,local election,Wahlprogramm,legacy_filename,ok,da
GLMP-664D4A69D7,da16gru.txt,manifestos/da16gru.txt,Darmstadt,Hessen,Grüne,gru,2016.0,local election,Wahlprogramm,legacy_filename,ok,da
GLMP-347952C1A0,da16pir.txt,manifestos/da16pir.txt,Darmstadt,Hessen,Piraten,pir,2016.0,local election,Wahlprogramm,legacy_filename,ok,da
GLMP-85A235F5E3,da16spd.txt,manifestos/da16spd.txt,Darmstadt,Hessen,SPD,spd,2016.0,local election,Wahlprogramm,legacy_filename,ok,da
GLMP-9FCE117FDA,da16uwi.txt,manifestos/da16uwi.txt,Darmstadt,Hessen,UWIGA (nabhängige Wählergemeinschaft hervor gegangen aus  IG Abwasser),uwi,2016.0,local election,Wahlprogramm,legacy_filename,ok,da
GLMP-1DCCC18CDF,da16uff.txt,manifestos/da16uff.txt,Darmstadt,Hessen,Uffbasse,uff,2016.0,local election,Wahlprogramm,legacy_filename,ok,da
GLMP-292FBE7ACC,dl16cdu.txt,manifestos/dl16cdu.txt,Delmenhorst,Niedersachsen,CDU,cdu,2016.0,local election,Wahlprogramm,legacy_filename,ok,dl
GLMP-ED788DCA65,dl16lin.txt,manifestos/dl16lin.txt,Delmenhorst,Niedersachsen,Die Linke,lin,2016.0,local election,Wahlprogramm,legacy_filename,ok,dl
GLMP-74E476FCA9,dl16fdp.txt,manifestos/dl16fdp.txt,Delmenhorst,Niedersachsen,FDP,fdp,2016.0,local election,Wahlprogramm,legacy_filename,ok,dl
GLMP-D63DC53795,dl16gru.txt,manifestos/dl16gru.txt,Delmenhorst,Niedersachsen,Grüne,gru,2016.0,local election,Wahlprogramm,legacy_filename,ok,dl
GLMP-69E3B8CD7A,dl16spd.txt,manifestos/dl16spd.txt,Delmenhorst,Niedersachsen,SPD,spd,2016.0,local election,Wahlprogramm,legacy_filename,ok,dl
GLMP-66A59B41B9,em16afd.txt,manifestos/em16afd.txt,Emden,Niedersachsen,Alternative für Deutschland,afd,2016.0,local election,Wahlprogramm,legacy_filename,ok,em
GLMP-95CD179760,em16cdu.txt,manifestos/em16cdu.txt,Emden,Niedersachsen,CDU,cdu,2016.0,local election,Wahlprogramm,legacy_filename,ok,em
GLMP-8C398ACB1F,em16fdp.txt,manifestos/em16fdp.txt,Emden,Niedersachsen,FDP,fdp,2016.0,local election,Wahlprogramm,legacy_filename,ok,em
GLMP-6708C8367B,em16gru.txt,manifestos/em16gru.txt,Emden,Niedersachsen,Grüne,gru,2016.0,local election,Wahlprogramm,legacy_filename,ok,em
GLMP-4B92FD80A3,em16spd.txt,manifestos/em16spd.txt,Emden,Niedersachsen,SPD,spd,2016.0,local election,Wahlprogramm,legacy_filename,ok,em
GLMP-DE3210F3BF,ff16afd.txt,manifestos/ff16afd.txt,Frankfurt am Main,Hessen,Alternative für Deutschland,afd,2016.0,local election,Wahlprogramm,legacy_filename,ok,ff
GLMP-37BB04B77C,ff16bff.txt,manifestos/ff16bff.txt,Frankfurt am Main,Hessen,Bürger für Frankfurt,bff,2016.0,local election,Wahlprogramm,legacy_filename,ok,ff
GLMP-5253DC6496,ff16cdu.txt,manifestos/ff16cdu.txt,Frankfurt am Main,Hessen,CDU,cdu,2016.0,local election,Wahlprogramm,legacy_filename,ok,ff
GLMP-A197071F18,ff16lin.txt,manifestos/ff16lin.txt,Frankfurt am Main,Hessen,Die Linke,lin,2016.0,local election,Wahlprogramm,legacy_filename,ok,ff
GLMP-560C2435CF,ff16fdp.txt,manifestos/ff16fdp.txt,Frankfurt am Main,Hessen,FDP,fdp,2016.0,local election,Wahlprogramm,legacy_filename,ok,ff
GLMP-F0FC0D0ECE,ff16gru.txt,manifestos/ff16gru.txt,Frankfurt am Main,Hessen,Grüne,gru,2016.0,local election,Wahlprogramm,legacy_filename,ok,ff
GLMP-DD72A1E68C,ff16pir.txt,manifestos/ff16pir.txt,Frankfurt am Main,Hessen,Piraten,pir,2016.0,local election,Wahlprogramm,legacy_filename,ok,ff
GLMP-42E42461CD,ff16spd.txt,manifestos/ff16spd.txt,Frankfurt am Main,Hessen,SPD,spd,2016.0,local election,Wahlprogramm,legacy_filename,ok,ff
GLMP-A72BBA3FF3,go16afd.txt,manifestos/go16afd.txt,Goettingen,Niedersachsen,Alternative für Deutschland,afd,2016.0,local election,Wahlprogramm,legacy_filename,ok,go
GLMP-38CF22DB59,go16cdu.txt,manifestos/go16cdu.txt,Goettingen,Niedersachsen,CDU,cdu,2016.0,local election,Wahlprogramm,legacy_filename,ok,go
GLMP-CCC8B8CCA2,go16lin.txt,manifestos/go16lin.txt,Goettingen,Niedersachsen,Die Linke,lin,2016.0,local election,Wahlprogramm,legacy_filename,ok,go
GLMP-AC4E32C78A,go16fdp.txt,manifestos/go16fdp.txt,Goettingen,Niedersachsen,FDP,fdp,2016.0,local election,Wahlprogramm,legacy_filename,ok,go
GLMP-32A10BFEF4,go16gru.txt,manifestos/go16gru.txt,Goettingen,Niedersachsen,Grüne,gru,2016.0,local election,Wahlprogramm,legacy_filename,ok,go
GLMP-B489404305,go16spd.txt,manifestos/go16spd.txt,Goettingen,Niedersachsen,SPD,spd,2016.0,local election,Wahlprogramm,legacy_filename,ok,go
GLMP-B46750012A,hv16afd.txt,manifestos/hv16afd.txt,Hannover,Niedersachsen,Alternative für Deutschland,afd,2016.0,local election,Wahlprogramm,legacy_filename,ok,hv
GLMP-0A7E4149D0,hv16cdu.txt,manifestos/hv16cdu.txt,Hannover,Niedersachsen,CDU,cdu,2016.0,local election,Wahlprogramm,legacy_filename,ok,hv
GLMP-00057547CE,hv16lin.txt,manifestos/hv16lin.txt,Hannover,Niedersachsen,Die Linke,lin,2016.0,local election,Wahlprogramm,legacy_filename,ok,hv
GLMP-4B03C131A3,hv16fdp.txt,manifestos/hv16fdp.txt,Hannover,Niedersachsen,FDP,fdp,2016.0,local election,Wahlprogramm,legacy_filename,ok,hv
GLMP-DEEEA58391,hv16gru.txt,manifestos/hv16gru.txt,Hannover,Niedersachsen,Grüne,gru,2016.0,local election,Wahlprogramm,legacy_filename,ok,hv
GLMP-8A1B5336E7,hv16spd.txt,manifestos/hv16spd.txt,Hannover,Niedersachsen,SPD,spd,2016.0,local election,Wahlprogramm,legacy_filename,ok,hv
GLMP-9CCC441379,ka16afd.txt,manifestos/ka16afd.txt,Kassel,Hessen,Alternative für Deutschland,afd,2016.0,local election,Wahlprogramm,legacy_filename,ok,ka
GLMP-F8BABB2697,ka16cdu.txt,manifestos/ka16cdu.txt,Kassel,Hessen,CDU,cdu,2016.0,local election,Wahlprogramm,legacy_filename,ok,ka
GLMP-ACC69B54FF,ka16lin.txt,manifestos/ka16lin.txt,Kassel,Hessen,Die Linke,lin,2016.0,local election,Wahlprogramm,legacy_filename,ok,ka
GLMP-1F16C4541B,ka16fdp.txt,manifestos/ka16fdp.txt,Kassel,Hessen,FDP,fdp,2016.0,local election,Wahlprogramm,legacy_filename,ok,ka
GLMP-0A6E20A838,ka16fwg.txt,manifestos/ka16fwg.txt,Kassel,Hessen,Freie Wähler,fwg,2016.0,local election,Wahlprogramm,legacy_filename,ok,ka
GLMP-1259B644CC,ka16gru.txt,manifestos/ka16gru.txt,Kassel,Hessen,Grüne,gru,2016.0,local election,Wahlprogramm,legacy_filename,ok,ka
GLMP-2F84356BFC,ka16pir.txt,manifestos/ka16pir.txt,Kassel,Hessen,Piraten,pir,2016.0,local election,Wahlprogramm,legacy_filename,ok,ka
GLMP-D520BDCAED,ka16spd.txt,manifestos/ka16spd.txt,Kassel,Hessen,SPD,spd,2016.0,local election,Wahlprogramm,legacy_filename,ok,ka
GLMP-F9B54DDA7F,of16afd.txt,manifestos/of16afd.txt,Offenbach am Main,Hessen,Alternative für Deutschland,afd,2016.0,local election,Wahlprogramm,legacy_filename,ok,of
GLMP-3A4B86D663,of16cdu.txt,manifestos/of16cdu.txt,Offenbach am Main,Hessen,CDU,cdu,2016.0,local election,Wahlprogramm,legacy_filename,ok,of
GLMP-C50FC15596,of16lin.txt,manifestos/of16lin.txt,Offenbach am Main,Hessen,Die Linke,lin,2016.0,local election,Wahlprogramm,legacy_filename,ok,of
GLMP-9907B9DD1C,of16fdp.txt,manifestos/of16fdp.txt,Offenbach am Main,Hessen,FDP,fdp,2016.0,local election,Wahlprogramm,legacy_filename,ok,of
GLMP-77FF3CFB8B,of16fno.txt,manifestos/of16fno.txt,Offenbach am Main,Hessen,Forum Neues Offenbach,fno,2016.0,local election,Wahlprogramm,legacy_filename,ok,of
GLMP-29D5A218A4,of16fwg.txt,manifestos/of16fwg.txt,Offenbach am Main,Hessen,Freie Wähler,fwg,2016.0,local election,Wahlprogramm,legacy_filename,ok,of
GLMP-ABC2053542,of16gru.txt,manifestos/of16gru.txt,Offenbach am Main,Hessen,Grüne,gru,2016.0,local election,Wahlprogramm,legacy_filename,ok,of
GLMP-A20627E8C0,of16pir.txt,manifestos/of16pir.txt,Offenbach am Main,Hessen,Piraten,pir,2016.0,local election,Wahlprogramm,legacy_filename,ok,of
GLMP-85FB1E8520,of16spd.txt,manifestos/of16spd.txt,Offenbach am Main,Hessen,SPD,spd,2016.0,local election,Wahlprogramm,legacy_filename,ok,of
GLMP-FE901CBDEC,ol16afd.txt,manifestos/ol16afd.txt,Oldenburg,Niedersachsen,Alternative für Deutschland,afd,2016.0,local election,Wahlprogramm,legacy_filename,ok,ol
GLMP-44C1B7B57E,ol16cdu.txt,manifestos/ol16cdu.txt,Oldenburg,Niedersachsen,CDU,cdu,2016.0,local election,Wahlprogramm,legacy_filename,ok,ol
GLMP-EEF144627A,ol16lin.txt,manifestos/ol16lin.txt,Oldenburg,Niedersachsen,Die Linke,lin,2016.0,local election,Wahlprogramm,legacy_filename,ok,ol
GLMP-2930D0C284,ol16fdp.txt,manifestos/ol16fdp.txt,Oldenburg,Niedersachsen,FDP,fdp,2016.0,local election,Wahlprogramm,legacy_filename,ok,ol
GLMP-2F41E3883F,ol16gru.txt,manifestos/ol16gru.txt,Oldenburg,Niedersachsen,Grüne,gru,2016.0,local election,Wahlprogramm,legacy_filename,ok,ol
GLMP-02F7EBB4E9,ol16spd.txt,manifestos/ol16spd.txt,Oldenburg,Niedersachsen,SPD,spd,2016.0,local election,Wahlprogramm,legacy_filename,ok,ol
GLMP-2F244B45E8,os16cdu.txt,manifestos/os16cdu.txt,Osnabrueck,Niedersachsen,CDU,cdu,2016.0,local election,Wahlprogramm,legacy_filename,ok,os
GLMP-65F5AE15B8,os16lin.txt,manifestos/os16lin.txt,Osnabrueck,Niedersachsen,Die Linke,lin,2016.0,local election,Wahlprogramm,legacy_filename,ok,os
GLMP-E811D177E9,os16fdp.txt,manifestos/os16fdp.txt,Osnabrueck,Niedersachsen,FDP,fdp,2016.0,local election,Wahlprogramm,legacy_filename,ok,os
GLMP-FD0E77F9B4,os16gru.txt,manifestos/os16gru.txt,Osnabrueck,Niedersachsen,Grüne,gru,2016.0,local election,Wahlprogramm,legacy_filename,ok,os
GLMP-DDD4CC6E7C,os16spd.txt,manifestos/os16spd.txt,Osnabrueck,Niedersachsen,SPD,spd,2016.0,local election,Wahlprogramm,legacy_filename,ok,os
GLMP-7D2BA9F318,sa16afd.txt,manifestos/sa16afd.txt,Salzgitter,Niedersachsen,Alternative für Deutschland,afd,2016.0,local election,Wahlprogramm,legacy_filename,ok,sa
GLMP-3AFBCCC874,sa16cdu.txt,manifestos/sa16cdu.txt,Salzgitter,Niedersachsen,CDU,cdu,2016.0,local election,Wahlprogramm,legacy_filename,ok,sa
GLMP-94F456C231,sa16lin.txt,manifestos/sa16lin.txt,Salzgitter,Niedersachsen,Die Linke,lin,2016.0,local election,Wahlprogramm,legacy_filename,ok,sa
GLMP-E7C197A3FD,sa16fdp.txt,manifestos/sa16fdp.txt,Salzgitter,Niedersachsen,FDP,fdp,2016.0,local election,Wahlprogramm,legacy_filename,ok,sa
GLMP-3B93D6DFFE,sa16gru.txt,manifestos/sa16gru.txt,Salzgitter,Niedersachsen,Grüne,gru,2016.0,local election,Wahlprogramm,legacy_filename,ok,sa
GLMP-21770920C7,sa16spd.txt,manifestos/sa16spd.txt,Salzgitter,Niedersachsen,SPD,spd,2016.0,local election,Wahlprogramm,legacy_filename,ok,sa
GLMP-4E4D221B3C,wi16afd.txt,manifestos/wi16afd.txt,Wiesbaden,Hessen,Alternative für Deutschland,afd,2016.0,local election,Wahlprogramm,legacy_filename,ok,wi
GLMP-7DC59071B2,wi16blw.txt,manifestos/wi16blw.txt,Wiesbaden,Hessen,Bürgerliste Wiesbaden,blw,2016.0,local election,Wahlprogramm,legacy_filename,ok,wi
GLMP-AC5F557789,wi16cdu.txt,manifestos/wi16cdu.txt,Wiesbaden,Hessen,CDU,cdu,2016.0,local election,Wahlprogramm,legacy_filename,ok,wi
GLMP-C2CA6A1275,wi16lin.txt,manifestos/wi16lin.txt,Wiesbaden,Hessen,Die Linke,lin,2016.0,local election,Wahlprogramm,legacy_filename,ok,wi
GLMP-8CD4BF6124,wi16fdp.txt,manifestos/wi16fdp.txt,Wiesbaden,Hessen,FDP,fdp,2016.0,local election,Wahlprogramm,legacy_filename,ok,wi
GLMP-69F4958CF6,wi16fwg.txt,manifestos/wi16fwg.txt,Wiesbaden,Hessen,Freie Wähler,fwg,2016.0,local election,Wahlprogramm,legacy_filename,ok,wi
GLMP-2C8ED7492E,wi16gru.txt,manifestos/wi16gru.txt,Wiesbaden,Hessen,Grüne,gru,2016.0,local election,Wahlprogramm,legacy_filename,ok,wi
GLMP-3CF8FE60A0,wi16pir.txt,manifestos/wi16pir.txt,Wiesbaden,Hessen,Piraten,pir,2016.0,local election,Wahlprogramm,legacy_filename,ok,wi
GLMP-AB38641334,wi16spd.txt,manifestos/wi16spd.txt,Wiesbaden,Hessen,SPD,spd,2016.0,local election,Wahlprogramm,legacy_filename,ok,wi
GLMP-1F4224CC20,wv16afd.txt,manifestos/wv16afd.txt,Wilhelmshaven,Niedersachsen,Alternative für Deutschland,afd,2016.0,local election,Wahlprogramm,legacy_filename,ok,wv
GLMP-D26891BEDE,wv16cdu.txt,manifestos/wv16cdu.txt,Wilhelmshaven,Niedersachsen,CDU,cdu,2016.0,local election,Wahlprogramm,legacy_filename,ok,wv
GLMP-514033E42B,wv16lin.txt,manifestos/wv16lin.txt,Wilhelmshaven,Niedersachsen,Die Linke,lin,2016.0,local election,Wahlprogramm,legacy_filename,ok,wv
GLMP-F50B2A2A3E,wv16fdp.txt,manifestos/wv16fdp.txt,Wilhelmshaven,Niedersachsen,FDP,fdp,2016.0,local election,Wahlprogramm,legacy_filename,ok,wv
GLMP-49835CB7B0,wv16gru.txt,manifestos/wv16gru.txt,Wilhelmshaven,Niedersachsen,Grüne,gru,2016.0,local election,Wahlprogramm,legacy_filename,ok,wv
GLMP-F6B7C6947A,wv16spd.txt,manifestos/wv16spd.txt,Wilhelmshaven,Niedersachsen,SPD,spd,2016.0,local election,Wahlprogramm,legacy_filename,ok,wv
GLMP-A0489297A8,wo16afd.txt,manifestos/wo16afd.txt,Wolfsburg,Niedersachsen,Alternative für Deutschland,afd,2016.0,local election,Wahlprogramm,legacy_filename,ok,wo
GLMP-C8882B5628,wo16cdu.txt,manifestos/wo16cdu.txt,Wolfsburg,Niedersachsen,CDU,cdu,2016.0,local election,Wahlprogramm,legacy_filename,ok,wo
GLMP-B83F30B85C,wo16lin.txt,manifestos/wo16lin.txt,Wolfsburg,Niedersachsen,Die Linke,lin,2016.0,local election,Wahlprogramm,legacy_filename,ok,wo
GLMP-3F38D82F07,wo16fdp.txt,manifestos/wo16fdp.txt,Wolfsburg,Niedersachsen,FDP,fdp,2016.0,local election,Wahlprogramm,legacy_filename,ok,wo
GLMP-78A4D7612B,wo16gru.txt,manifestos/wo16gru.txt,Wolfsburg,Niedersachsen,Grüne,gru,2016.0,local election,Wahlprogramm,legacy_filename,ok,wo
GLMP-91297B55AA,wo16spd.txt,manifestos/wo16spd.txt,Wolfsburg,Niedersachsen,SPD,spd,2016.0,local election,Wahlprogramm,legacy_filename,ok,wo
GLMP-A8C401AE5C,ki18afd.txt,manifestos/ki18afd.txt,Kiel,Schleswig-Holstein,Alternative für Deutschland,afd,2018.0,local election,Wahlprogramm,legacy_filename,ok,ki
GLMP-D0D552BACD,ki18cdu.txt,manifestos/ki18cdu.txt,Kiel,Schleswig-Holstein,CDU,cdu,2018.0,local election,Wahlprogramm,legacy_filename,ok,ki
GLMP-B7FB12D98F,ki18lin.txt,manifestos/ki18lin.txt,Kiel,Schleswig-Holstein,Die Linke,lin,2018.0,local election,Wahlprogramm,legacy_filename,ok,ki
GLMP-C8165FB16C,ki18par.txt,manifestos/ki18par.txt,Kiel,Schleswig-Holstein,Die Partei,par,2018.0,local election,Wahlprogramm,legacy_filename,ok,ki
GLMP-D58FA1646E,ki18fdp.txt,manifestos/ki18fdp.txt,Kiel,Schleswig-Holstein,FDP,fdp,2018.0,local election,Wahlprogramm,legacy_filename,ok,ki
GLMP-9A3AB4A33D,ki18gru.txt,manifestos/ki18gru.txt,Kiel,Schleswig-Holstein,Grüne,gru,2018.0,local election,Wahlprogramm,legacy_filename,ok,ki
GLMP-B0B9954064,ki18pir.txt,manifestos/ki18pir.txt,Kiel,Schleswig-Holstein,Piraten,pir,2018.0,local election,Wahlprogramm,legacy_filename,ok,ki
GLMP-B418325B87,ki18spd.txt,manifestos/ki18spd.txt,Kiel,Schleswig-Holstein,SPD,spd,2018.0,local election,Wahlprogramm,legacy_filename,ok,ki
GLMP-1EF0D4A78D,ki18ssw.txt,manifestos/ki18ssw.txt,Kiel,Schleswig-Holstein,Südschleswigsche Wählerverband,ssw,2018.0,local election,Wahlprogramm,legacy_filename,ok,ki
GLMP-B06019194B,lb18afd.txt,manifestos/lb18afd.txt,Luebeck,Schleswig-Holstein,Alternative für Deutschland,afd,2018.0,local election,Wahlprogramm,legacy_filename,ok,lb
GLMP-99590B0594,lb18bfl.txt,manifestos/lb18bfl.txt,Luebeck,Schleswig-Holstein,Bürger für Lübeck,bfl,2018.0,local election,Wahlprogramm,legacy_filename,ok,lb
GLMP-2B8619EB95,lb18cdu.txt,manifestos/lb18cdu.txt,Luebeck,Schleswig-Holstein,CDU,cdu,2018.0,local election,Wahlprogramm,legacy_filename,ok,lb
GLMP-4DBA9C9F2A,lb18dkp.txt,manifestos/lb18dkp.txt,Luebeck,Schleswig-Holstein,Deutsche Kommunistische Partei,dkp,2018.0,local election,Wahlprogramm,legacy_filename,ok,lb
GLMP-CA00543849,lb18lin.txt,manifestos/lb18lin.txt,Luebeck,Schleswig-Holstein,Die Linke,lin,2018.0,local election,Wahlprogramm,legacy_filename,ok,lb
GLMP-D4F7CDAD48,lb18par.txt,manifestos/lb18par.txt,Luebeck,Schleswig-Holstein,Die Partei,par,2018.0,local election,Wahlprogramm,legacy_filename,ok,lb
GLMP-4D03585909,lb18dua.txt,manifestos/lb18dua.txt,Luebeck,Schleswig-Holstein,Die Unabhängigen (Lübeck),dua,2018.0,local election,Wahlprogramm,legacy_filename,ok,lb
GLMP-260E641D0E,lb18fdp.txt,manifestos/lb18fdp.txt,Luebeck,Schleswig-Holstein,FDP,fdp,2018.0,local election,Wahlprogramm,legacy_filename,ok,lb
GLMP-5D413744D7,lb18fwg.txt,manifestos/lb18fwg.txt,Luebeck,Schleswig-Holstein,Freie Wähler,fwg,2018.0,local election,Wahlprogramm,legacy_filename,ok,lb
GLMP-83A304EC8A,lb18gra.txt,manifestos/lb18gra.txt,Luebeck,Schleswig-Holstein,Grün Alternativ Links (Lübeck),gra,2018.0,local election,Wahlprogramm,legacy_filename,ok,lb
GLMP-AA97DF571C,lb18gru.txt,manifestos/lb18gru.txt,Luebeck,Schleswig-Holstein,Grüne,gru,2018.0,local election,Wahlprogramm,legacy_filename,ok,lb
GLMP-B6B9580C65,lb18gal.txt,manifestos/lb18gal.txt,Luebeck,Schleswig-Holstein,Grüne Alternative Liste,gal,2018.0,local election,Wahlprogramm,legacy_filename,ok,lb
GLMP-7580D6B441,lb18spd.txt,manifestos/lb18spd.txt,Luebeck,Schleswig-Holstein,SPD,spd,2018.0,local election,Wahlprogramm,legacy_filename,ok,lb
GLMP-18D99D3540,bh19afd.txt,manifestos/bh19afd.txt,Bremerhaven,Bremen,Alternative für Deutschland,afd,2019.0,local election,Wahlprogramm,legacy_filename,ok,bh
GLMP-A615DC6C58,bh19bge.txt,manifestos/bh19bge.txt,Bremerhaven,Bremen,Bündnis Grundeinkommen,bge,2019.0,local election,Wahlprogramm,legacy_manual_override,ok,bh
GLMP-CACDEE9912,bh19biw.txt,manifestos/bh19biw.txt,Bremerhaven,Bremen,Bürger in Wut,biw,2019.0,local election,Wahlprogramm,legacy_filename,ok,bh
GLMP-12D6A12289,bh19dih.txt,manifestos/bh19dih.txt,Bremerhaven,Bremen,Die Humanisten,dih,2019.0,local election,Wahlprogramm,legacy_manual_override,ok,bh
GLMP-9E3CA8B5BA,bh19lin.txt,manifestos/bh19lin.txt,Bremerhaven,Bremen,Die Linke,lin,2019.0,local election,Wahlprogramm,legacy_filename,ok,bh
GLMP-342A16782E,bh19rec.txt,manifestos/bh19rec.txt,Bremerhaven,Bremen,Die Rechte,rec,2019.0,local election,Wahlprogramm,legacy_filename,ok,bh
GLMP-5D390B3FE9,bh19fdp.txt,manifestos/bh19fdp.txt,Bremerhaven,Bremen,FDP,fdp,2019.0,local election,Wahlprogramm,legacy_filename,ok,bh
GLMP-74D38D7DC7,bh19fwg.txt,manifestos/bh19fwg.txt,Bremerhaven,Bremen,Freie Wähler,fwg,2019.0,local election,Wahlprogramm,legacy_filename,ok,bh
GLMP-E297C534AC,bh19gru.txt,manifestos/bh19gru.txt,Bremerhaven,Bremen,Grüne,gru,2019.0,local election,Wahlprogramm,legacy_filename,ok,bh
GLMP-E2E7523536,bh19pir.txt,manifestos/bh19pir.txt,Bremerhaven,Bremen,Piraten,pir,2019.0,local election,Wahlprogramm,legacy_filename,ok,bh
GLMP-B1F0106887,bh19spd.txt,manifestos/bh19spd.txt,Bremerhaven,Bremen,SPD,spd,2019.0,local election,Wahlprogramm,legacy_filename,ok,bh
GLMP-3545948259,bh19veg.txt,manifestos/bh19veg.txt,Bremerhaven,Bremen,V-Partei³,veg,2019.0,local election,Wahlprogramm,legacy_manual_override,ok,bh
GLMP-9520A3D210,ch19afd.txt,manifestos/ch19afd.txt,Chemnitz,Sachsen,Alternative für Deutschland,afd,2019.0,local election,Wahlprogramm,legacy_filename,ok,ch
GLMP-C7538676D9,ch19cdu.txt,manifestos/ch19cdu.txt,Chemnitz,Sachsen,CDU,cdu,2019.0,local election,Wahlprogramm,legacy_filename,ok,ch
GLMP-9E5CCF7ACC,ch19cfa.txt,manifestos/ch19cfa.txt,Chemnitz,Sachsen,Chemnitz für Alle,cfa,2019.0,local election,Wahlprogramm,legacy_filename,ok,ch
GLMP-E9A42741CA,ch19lin.txt,manifestos/ch19lin.txt,Chemnitz,Sachsen,Die Linke,lin,2019.0,local election,Wahlprogramm,legacy_filename,ok,ch
GLMP-B22FEB0E7F,ch19par.txt,manifestos/ch19par.txt,Chemnitz,Sachsen,Die Partei,par,2019.0,local election,Wahlprogramm,legacy_filename,ok,ch
GLMP-CBB67F3CC9,ch19fdp.txt,manifestos/ch19fdp.txt,Chemnitz,Sachsen,FDP,fdp,2019.0,local election,Wahlprogramm,legacy_filename,ok,ch
GLMP-F9F949AE89,ch19gru.txt,manifestos/ch19gru.txt,Chemnitz,Sachsen,Grüne,gru,2019.0,local election,Wahlprogramm,legacy_filename,ok,ch
GLMP-1A81A09B3D,ch19prc.txt,manifestos/ch19prc.txt,Chemnitz,Sachsen,Pro Chemnitz,prc,2019.0,local election,Wahlprogramm,legacy_manual_override,ok,ch
GLMP-9C7C0AD6FA,ch19spd.txt,manifestos/ch19spd.txt,Chemnitz,Sachsen,SPD,spd,2019.0,local election,Wahlprogramm,legacy_filename,ok,ch
GLMP-B9A7890F73,ch19vos.txt,manifestos/ch19vos.txt,Chemnitz,Sachsen,VOSI (Wählervereinigung Volksslidarität Chemnitz),vos,2019.0,local election,Wahlprogramm,legacy_filename,ok,ch
GLMP-BE33DE8617,co19aub.txt,manifestos/co19aub.txt,Cottbus,Brandenburg,Aktive unabhängige Bürger (Cottbus),aub,2019.0,local election,Wahlprogramm,legacy_filename,ok,co
GLMP-FA49AF1699,co19afd.txt,manifestos/co19afd.txt,Cottbus,Brandenburg,Alternative für Deutschland,afd,2019.0,local election,Wahlprogramm,legacy_filename,ok,co
GLMP-78696274E4,co19cdu.txt,manifestos/co19cdu.txt,Cottbus,Brandenburg,CDU,cdu,2019.0,local election,Wahlprogramm,legacy_filename,ok,co
GLMP-56F89AB76B,co19lin.txt,manifestos/co19lin.txt,Cottbus,Brandenburg,Die Linke,lin,2019.0,local election,Wahlprogramm,legacy_filename,ok,co
GLMP-72FF9BCEFF,co19fdp.txt,manifestos/co19fdp.txt,Cottbus,Brandenburg,FDP,fdp,2019.0,local election,Wahlprogramm,legacy_filename,ok,co
GLMP-0233F3CB9B,co19gru.txt,manifestos/co19gru.txt,Cottbus,Brandenburg,Grüne,gru,2019.0,local election,Wahlprogramm,legacy_filename,ok,co
GLMP-EB11265CEE,co19spd.txt,manifestos/co19spd.txt,Cottbus,Brandenburg,SPD,spd,2019.0,local election,Wahlprogramm,legacy_filename,ok,co
GLMP-A2C5A7E33B,co19uco.txt,manifestos/co19uco.txt,Cottbus,Brandenburg,Unser Cotbus!,uco,2019.0,local election,Wahlprogramm,legacy_filename,ok,co
GLMP-0DF5E0D644,dr19afd.txt,manifestos/dr19afd.txt,Dresden,Sachsen,Alternative für Deutschland,afd,2019.0,local election,Wahlprogramm,legacy_filename,ok,dr
GLMP-638658D115,dr19cdu.txt,manifestos/dr19cdu.txt,Dresden,Sachsen,CDU,cdu,2019.0,local election,Wahlprogramm,legacy_filename,ok,dr
GLMP-6C0E374240,dr19lin.txt,manifestos/dr19lin.txt,Dresden,Sachsen,Die Linke,lin,2019.0,local election,Wahlprogramm,legacy_filename,ok,dr
GLMP-AED008472E,dr19par.txt,manifestos/dr19par.txt,Dresden,Sachsen,Die Partei,par,2019.0,local election,Wahlprogramm,legacy_filename,ok,dr
GLMP-C07166476A,dr19fdp.txt,manifestos/dr19fdp.txt,Dresden,Sachsen,FDP,fdp,2019.0,local election,Wahlprogramm,legacy_filename,ok,dr
GLMP-B21A99FF43,dr19fwg.txt,manifestos/dr19fwg.txt,Dresden,Sachsen,Freie Wähler,fwg,2019.0,local election,Wahlprogramm,legacy_filename,ok,dr
GLMP-3C57B6BD03,dr19gru.txt,manifestos/dr19gru.txt,Dresden,Sachsen,Grüne,gru,2019.0,local election,Wahlprogramm,legacy_filename,ok,dr
GLMP-6C3E83CCAB,dr19pir.txt,manifestos/dr19pir.txt,Dresden,Sachsen,Piraten,pir,2019.0,local election,Wahlprogramm,legacy_filename,ok,dr
GLMP-B57E0ED770,dr19spd.txt,manifestos/dr19spd.txt,Dresden,Sachsen,SPD,spd,2019.0,local election,Wahlprogramm,legacy_filename,ok,dr
GLMP-5966AB857F,ef19dri.txt,manifestos/ef19dri.txt,Erfurt,Thüringen,Der Dritte Weg,dri,2019.0,local election,Wahlprogramm,legacy_filename,ok,ef
GLMP-16D462729D,ef19lin.txt,manifestos/ef19lin.txt,Erfurt,Thüringen,Die Linke,lin,2019.0,local election,Wahlprogramm,legacy_filename,ok,ef
GLMP-9F29B5FB6E,ef19gru.txt,manifestos/ef19gru.txt,Erfurt,Thüringen,Grüne,gru,2019.0,local election,Wahlprogramm,legacy_filename,ok,ef
GLMP-AD7863B71B,ef19mws.txt,manifestos/ef19mws.txt,Erfurt,Thüringen,Mehrwertstadt Erfurt,mws,2019.0,local election,Wahlprogramm,legacy_manual_override,ok,ef
GLMP-69F2F47962,ef19pir.txt,manifestos/ef19pir.txt,Erfurt,Thüringen,Piraten,pir,2019.0,local election,Wahlprogramm,legacy_filename,ok,ef
GLMP-BD36664D08,ef19spd.txt,manifestos/ef19spd.txt,Erfurt,Thüringen,SPD,spd,2019.0,local election,Wahlprogramm,legacy_filename,ok,ef
GLMP-69B8F759D2,fr19cdu.txt,manifestos/fr19cdu.txt,Freiburg im Breisgau,Baden-Württemberg,CDU,cdu,2019.0,local election,Wahlprogramm,legacy_filename,ok,fr
GLMP-C659D76DF2,fr19par.txt,manifestos/fr19par.txt,Freiburg im Breisgau,Baden-Württemberg,Die Partei,par,2019.0,local election,Wahlprogramm,legacy_filename,ok,fr
GLMP-1C912C9D48,fr19fdp.txt,manifestos/fr19fdp.txt,Freiburg im Breisgau,Baden-Württemberg,FDP,fdp,2019.0,local election,Wahlprogramm,legacy_filename,ok,fr
GLMP-BD2C3910EE,fr19frl.txt,manifestos/fr19frl.txt,Freiburg im Breisgau,Baden-Württemberg,Freiburg Lebenswert,frl,2019.0,local election,Wahlprogramm,legacy_filename,ok,fr
GLMP-1DA3457CD3,fr19juf.txt,manifestos/fr19juf.txt,Freiburg im Breisgau,Baden-Württemberg,Junges Freiburg,juf,2019.0,local election,Wahlprogramm,legacy_filename,ok,fr
GLMP-93A4A6A58F,fr19klf.txt,manifestos/fr19klf.txt,Freiburg im Breisgau,Baden-Württemberg,Kulturliste Freiburg,klf,2019.0,local election,Wahlprogramm,legacy_filename,ok,fr
GLMP-08A39A1BAF,fr19spd.txt,manifestos/fr19spd.txt,Freiburg im Breisgau,Baden-Württemberg,SPD,spd,2019.0,local election,Wahlprogramm,legacy_filename,ok,fr
GLMP-5E9BC5D283,fr19uff.txt,manifestos/fr19uff.txt,Freiburg im Breisgau,Baden-Württemberg,Unabhängige Frauen Freiburg,uff,2019.0,local election,Wahlprogramm,legacy_filename,ok,fr
GLMP-DFD4D52811,hl19lin.txt,manifestos/hl19lin.txt,Halle (Saale),Sachsen-Anhalt,Die Linke,lin,2019.0,local election,Wahlprogramm,legacy_filename,ok,hl
GLMP-594B65B127,hl19par.txt,manifestos/hl19par.txt,Halle (Saale),Sachsen-Anhalt,Die Partei,par,2019.0,local election,Wahlprogramm,legacy_filename,ok,hl
GLMP-4FE4EF09CB,hl19fdp.txt,manifestos/hl19fdp.txt,Halle (Saale),Sachsen-Anhalt,FDP,fdp,2019.0,local election,Wahlprogramm,legacy_filename,ok,hl
GLMP-FC76353001,hl19fwg.txt,manifestos/hl19fwg.txt,Halle (Saale),Sachsen-Anhalt,Freie Wähler,fwg,2019.0,local election,Wahlprogramm,legacy_filename,ok,hl
GLMP-0959DF2B9A,hl19gru.txt,manifestos/hl19gru.txt,Halle (Saale),Sachsen-Anhalt,Grüne,gru,2019.0,local election,Wahlprogramm,legacy_filename,ok,hl
GLMP-74E626D5C6,hl19hsh.txt,manifestos/hl19hsh.txt,Halle (Saale),Sachsen-Anhalt,Hauptsache Halle,hsh,2019.0,local election,Wahlprogramm,legacy_filename,ok,hl
GLMP-0E0300965F,hl19spd.txt,manifestos/hl19spd.txt,Halle (Saale),Sachsen-Anhalt,SPD,spd,2019.0,local election,Wahlprogramm,legacy_filename,ok,hl
GLMP-7CCF6003F4,hd19afd.txt,manifestos/hd19afd.txt,Heidelberg,Baden-Württemberg,Alternative für Deutschland,afd,2019.0,local election,Wahlprogramm,legacy_filename,ok,hd
GLMP-03EBD28C20,hd19bul.txt,manifestos/hd19bul.txt,Heidelberg,Baden-Württemberg,Bunte Linke Heidelberg,bul,2019.0,local election,Wahlprogramm,legacy_filename,ok,hd
GLMP-71ECBDE5A1,hd19cdu.txt,manifestos/hd19cdu.txt,Heidelberg,Baden-Württemberg,CDU,cdu,2019.0,local election,Wahlprogramm,legacy_filename,ok,hd
GLMP-082B88C9A9,hd19dhd.txt,manifestos/hd19dhd.txt,Heidelberg,Baden-Württemberg,Die Heidelberger,dhd,2019.0,local election,Wahlprogramm,legacy_manual_override,ok,hd
GLMP-FB79BAF3F3,hd19lin.txt,manifestos/hd19lin.txt,Heidelberg,Baden-Württemberg,Die Linke,lin,2019.0,local election,Wahlprogramm,legacy_filename,ok,hd
GLMP-AA286F686E,hd19par.txt,manifestos/hd19par.txt,Heidelberg,Baden-Württemberg,Die Partei,par,2019.0,local election,Wahlprogramm,legacy_filename,ok,hd
GLMP-B58605CD9D,hd19fdp.txt,manifestos/hd19fdp.txt,Heidelberg,Baden-Württemberg,FDP,fdp,2019.0,local election,Wahlprogramm,legacy_filename,ok,hd
GLMP-CE9072A6E1,hd19fwg.txt,manifestos/hd19fwg.txt,Heidelberg,Baden-Württemberg,Freie Wähler,fwg,2019.0,local election,Wahlprogramm,legacy_filename,ok,hd
GLMP-7F8CB8DAAF,hd19gru.txt,manifestos/hd19gru.txt,Heidelberg,Baden-Württemberg,Grüne,gru,2019.0,local election,Wahlprogramm,legacy_filename,ok,hd
GLMP-FF6A8DAF12,hd19gal.txt,manifestos/hd19gal.txt,Heidelberg,Baden-Württemberg,Grüne Alternative Liste,gal,2019.0,local election,Wahlprogramm,legacy_filename,ok,hd
GLMP-1593E5A1F6,hd19hib.txt,manifestos/hd19hib.txt,Heidelberg,Baden-Württemberg,Heidelberg in Bewegung,hib,2019.0,local election,Wahlprogramm,legacy_manual_override,ok,hd
GLMP-6E1ABE1BC4,hd19spd.txt,manifestos/hd19spd.txt,Heidelberg,Baden-Württemberg,SPD,spd,2019.0,local election,Wahlprogramm,legacy_filename,ok,hd
GLMP-8C19F6BCE9,hn19afd.txt,manifestos/hn19afd.txt,Heilbronn,Baden-Württemberg,Alternative für Deutschland,afd,2019.0,local election,Wahlprogramm,legacy_filename,ok,hn
GLMP-517D7B09F7,hn19cdu.txt,manifestos/hn19cdu.txt,Heilbronn,Baden-Württemberg,CDU,cdu,2019.0,local election,Wahlprogramm,legacy_filename,ok,hn
GLMP-4095BD0267,hn19lin.txt,manifestos/hn19lin.txt,Heilbronn,Baden-Württemberg,Die Linke,lin,2019.0,local election,Wahlprogramm,legacy_filename,ok,hn
GLMP-F4B58629BE,hn19fdp.txt,manifestos/hn19fdp.txt,Heilbronn,Baden-Württemberg,FDP,fdp,2019.0,local election,Wahlprogramm,legacy_filename,ok,hn
GLMP-04C1BF3B69,hn19fwv.txt,manifestos/hn19fwv.txt,Heilbronn,Baden-Württemberg,Freie Wählervereinigung (Heilbronn),fwv,2019.0,local election,Wahlprogramm,legacy_filename,ok,hn
GLMP-1ACDE2658B,hn19gru.txt,manifestos/hn19gru.txt,Heilbronn,Baden-Württemberg,Grüne,gru,2019.0,local election,Wahlprogramm,legacy_filename,ok,hn
GLMP-FDED324340,hn19phb.txt,manifestos/hn19phb.txt,Heilbronn,Baden-Württemberg,Pro Heilbronn,phb,2019.0,local election,Wahlprogramm,legacy_filename,ok,hn
GLMP-A942B2A415,hn19spd.txt,manifestos/hn19spd.txt,Heilbronn,Baden-Württemberg,SPD,spd,2019.0,local election,Wahlprogramm,legacy_filename,ok,hn
GLMP-732695693B,je19bfj.txt,manifestos/je19bfj.txt,Jena,Thüringen,Bürger für Jena,bfj,2019.0,local election,Wahlprogramm,legacy_filename,ok,je
GLMP-32EFBB6503,je19cdu.txt,manifestos/je19cdu.txt,Jena,Thüringen,CDU,cdu,2019.0,local election,Wahlprogramm,legacy_filename,ok,je
GLMP-016EB7644B,je19gut.txt,manifestos/je19gut.txt,Jena,Thüringen,Die Guten,gut,2019.0,local election,Wahlprogramm,legacy_filename,ok,je
GLMP-C328A3B97F,je19lin.txt,manifestos/je19lin.txt,Jena,Thüringen,Die Linke,lin,2019.0,local election,Wahlprogramm,legacy_filename,ok,je
GLMP-3C73E2EBAA,je19fdp.txt,manifestos/je19fdp.txt,Jena,Thüringen,FDP,fdp,2019.0,local election,Wahlprogramm,legacy_filename,ok,je
GLMP-711C3B9E0A,je19gru.txt,manifestos/je19gru.txt,Jena,Thüringen,Grüne,gru,2019.0,local election,Wahlprogramm,legacy_filename,ok,je
GLMP-3BE5DA04C8,je19spd.txt,manifestos/je19spd.txt,Jena,Thüringen,SPD,spd,2019.0,local election,Wahlprogramm,legacy_filename,ok,je
GLMP-7B5CE1AD26,ks19afd.txt,manifestos/ks19afd.txt,Karlsruhe,Baden-Württemberg,Alternative für Deutschland,afd,2019.0,local election,Wahlprogramm,legacy_filename,ok,ks
GLMP-445C6744B2,ks19cdu.txt,manifestos/ks19cdu.txt,Karlsruhe,Baden-Württemberg,CDU,cdu,2019.0,local election,Wahlprogramm,legacy_filename,ok,ks
GLMP-656742AD54,ks19lin.txt,manifestos/ks19lin.txt,Karlsruhe,Baden-Württemberg,Die Linke,lin,2019.0,local election,Wahlprogramm,legacy_filename,ok,ks
GLMP-B6BAC5E1D1,ks19par.txt,manifestos/ks19par.txt,Karlsruhe,Baden-Württemberg,Die Partei,par,2019.0,local election,Wahlprogramm,legacy_filename,ok,ks
GLMP-B65E0F6685,ks19fdp.txt,manifestos/ks19fdp.txt,Karlsruhe,Baden-Württemberg,FDP,fdp,2019.0,local election,Wahlprogramm,legacy_filename,ok,ks
GLMP-E5CF18F962,ks19fwg.txt,manifestos/ks19fwg.txt,Karlsruhe,Baden-Württemberg,Freie Wähler,fwg,2019.0,local election,Wahlprogramm,legacy_filename,ok,ks
GLMP-B37A68ED72,ks19fkr.txt,manifestos/ks19fkr.txt,Karlsruhe,Baden-Württemberg,Für Karlsruhe,fkr,2019.0,local election,Wahlprogramm,legacy_filename,ok,ks
GLMP-F580C2E74A,ks19gru.txt,manifestos/ks19gru.txt,Karlsruhe,Baden-Württemberg,Grüne,gru,2019.0,local election,Wahlprogramm,legacy_filename,ok,ks
GLMP-3B5E60AAF0,ks19kal.txt,manifestos/ks19kal.txt,Karlsruhe,Baden-Württemberg,Karlsruher Liste,kal,2019.0,local election,Wahlprogramm,legacy_filename,ok,ks
GLMP-BCC08C3B81,ks19spd.txt,manifestos/ks19spd.txt,Karlsruhe,Baden-Württemberg,SPD,spd,2019.0,local election,Wahlprogramm,legacy_filename,ok,ks
GLMP-DDE2E84606,kb19afd.txt,manifestos/kb19afd.txt,Koblenz,Rheinland-Pfalz,Alternative für Deutschland,afd,2019.0,local election,Wahlprogramm,legacy_filename,ok,kb
GLMP-5D0A1DE8B0,kb19cdu.txt,manifestos/kb19cdu.txt,Koblenz,Rheinland-Pfalz,CDU,cdu,2019.0,local election,Wahlprogramm,legacy_filename,ok,kb
GLMP-AF37AAEC86,kb19lin.txt,manifestos/kb19lin.txt,Koblenz,Rheinland-Pfalz,Die Linke,lin,2019.0,local election,Wahlprogramm,legacy_filename,ok,kb
GLMP-85515B15E5,kb19fdp.txt,manifestos/kb19fdp.txt,Koblenz,Rheinland-Pfalz,FDP,fdp,2019.0,local election,Wahlprogramm,legacy_filename,ok,kb
GLMP-13FCFBBB08,kb19fwg.txt,manifestos/kb19fwg.txt,Koblenz,Rheinland-Pfalz,Freie Wähler,fwg,2019.0,local election,Wahlprogramm,legacy_filename,ok,kb
GLMP-B9390A4341,kb19gru.txt,manifestos/kb19gru.txt,Koblenz,Rheinland-Pfalz,Grüne,gru,2019.0,local election,Wahlprogramm,legacy_filename,ok,kb
GLMP-927AE35958,kb19spd.txt,manifestos/kb19spd.txt,Koblenz,Rheinland-Pfalz,SPD,spd,2019.0,local election,Wahlprogramm,legacy_filename,ok,kb
GLMP-D32041837D,kb19wgs.txt,manifestos/kb19wgs.txt,Koblenz,Rheinland-Pfalz,Wählergruppe Schupp (Koblenz),wgs,2019.0,local election,Wahlprogramm,legacy_filename,ok,kb
GLMP-284D59F56A,lp19afd.txt,manifestos/lp19afd.txt,Leipzig,Sachsen,Alternative für Deutschland,afd,2019.0,local election,Wahlprogramm,legacy_filename,ok,lp
GLMP-BC54143F3B,lp19cdu.txt,manifestos/lp19cdu.txt,Leipzig,Sachsen,CDU,cdu,2019.0,local election,Wahlprogramm,legacy_filename,ok,lp
GLMP-3F6ECDA709,lp19lin.txt,manifestos/lp19lin.txt,Leipzig,Sachsen,Die Linke,lin,2019.0,local election,Wahlprogramm,legacy_filename,ok,lp
GLMP-465EC99837,lp19par.txt,manifestos/lp19par.txt,Leipzig,Sachsen,Die Partei,par,2019.0,local election,Wahlprogramm,legacy_filename,ok,lp
GLMP-48A2B142EF,lp19fdp.txt,manifestos/lp19fdp.txt,Leipzig,Sachsen,FDP,fdp,2019.0,local election,Wahlprogramm,legacy_filename,ok,lp
GLMP-602C55B105,lp19gru.txt,manifestos/lp19gru.txt,Leipzig,Sachsen,Grüne,gru,2019.0,local election,Wahlprogramm,legacy_filename,ok,lp
GLMP-FF7807F956,lp19lfg.txt,manifestos/lp19lfg.txt,Leipzig,Sachsen,Leipziger für Grundeinkommen,lfg,2019.0,local election,Wahlprogramm,legacy_filename,ok,lp
GLMP-B8FD18156D,lp19pir.txt,manifestos/lp19pir.txt,Leipzig,Sachsen,Piraten,pir,2019.0,local election,Wahlprogramm,legacy_filename,ok,lp
GLMP-F41A9367FE,lp19spd.txt,manifestos/lp19spd.txt,Leipzig,Sachsen,SPD,spd,2019.0,local election,Wahlprogramm,legacy_filename,ok,lp
GLMP-4D2A012A9E,lp19wvl.txt,manifestos/lp19wvl.txt,Leipzig,Sachsen,Wählervereinigung Leipzig,wvl,2019.0,local election,Wahlprogramm,legacy_filename,ok,lp
GLMP-D77E8422F4,lu19afd.txt,manifestos/lu19afd.txt,Ludwigshafen am Rhein,Rheinland-Pfalz,Alternative für Deutschland,afd,2019.0,local election,Wahlprogramm,legacy_filename,ok,lu
GLMP-E09295257D,lu19cdu.txt,manifestos/lu19cdu.txt,Ludwigshafen am Rhein,Rheinland-Pfalz,CDU,cdu,2019.0,local election,Wahlprogramm,legacy_filename,ok,lu
GLMP-07CB607FAA,lu19fdp.txt,manifestos/lu19fdp.txt,Ludwigshafen am Rhein,Rheinland-Pfalz,FDP,fdp,2019.0,local election,Wahlprogramm,legacy_filename,ok,lu
GLMP-DE0DE446AD,lu19fwg.txt,manifestos/lu19fwg.txt,Ludwigshafen am Rhein,Rheinland-Pfalz,Freie Wähler,fwg,2019.0,local election,Wahlprogramm,legacy_filename,ok,lu
GLMP-911A79ACDE,lu19gru.txt,manifestos/lu19gru.txt,Ludwigshafen am Rhein,Rheinland-Pfalz,Grüne,gru,2019.0,local election,Wahlprogramm,legacy_filename,ok,lu
GLMP-48659ED211,lu19pir.txt,manifestos/lu19pir.txt,Ludwigshafen am Rhein,Rheinland-Pfalz,Piraten,pir,2019.0,local election,Wahlprogramm,legacy_filename,ok,lu
GLMP-B18769A14A,lu19spd.txt,manifestos/lu19spd.txt,Ludwigshafen am Rhein,Rheinland-Pfalz,SPD,spd,2019.0,local election,Wahlprogramm,legacy_filename,ok,lu
GLMP-075954E5B2,mb19afd.txt,manifestos/mb19afd.txt,Magdeburg,Sachsen-Anhalt,Alternative für Deutschland,afd,2019.0,local election,Wahlprogramm,legacy_filename,ok,mb
GLMP-B87F84AF27,mb19cdu.txt,manifestos/mb19cdu.txt,Magdeburg,Sachsen-Anhalt,CDU,cdu,2019.0,local election,Wahlprogramm,legacy_filename,ok,mb
GLMP-B59D71EB42,mb19lin.txt,manifestos/mb19lin.txt,Magdeburg,Sachsen-Anhalt,Die Linke,lin,2019.0,local election,Wahlprogramm,legacy_filename,ok,mb
GLMP-CB48AF0D31,mb19gar.txt,manifestos/mb19gar.txt,Magdeburg,Sachsen-Anhalt,Gartenpartei (Magdeburg),gar,2019.0,local election,Wahlprogramm,legacy_filename,ok,mb
GLMP-87C2C35944,mb19tsa.txt,manifestos/mb19tsa.txt,Magdeburg,Sachsen-Anhalt,Tierschutzallianz,tsa,2019.0,local election,Wahlprogramm,legacy_filename,ok,mb
GLMP-44E01D5BC2,mb19tsp.txt,manifestos/mb19tsp.txt,Magdeburg,Sachsen-Anhalt,Tierschutzpartei,tsp,2019.0,local election,Wahlprogramm,legacy_filename,ok,mb
GLMP-9973C1BA7E,mb19ftr.txt,manifestos/mb19ftr.txt,Magdeburg,Sachsen-Anhalt,future! (Magdeburg),ftr,2019.0,local election,Wahlprogramm,legacy_filename,ok,mb
GLMP-8339E28397,mz19afd.txt,manifestos/mz19afd.txt,Mainz,Rheinland-Pfalz,Alternative für Deutschland,afd,2019.0,local election,Wahlprogramm,legacy_filename,ok,mz
GLMP-EBF463D7B7,mz19big.txt,manifestos/mz19big.txt,Mainz,Rheinland-Pfalz,Bündnis für Innovation & Gerechtigkeit,big,2019.0,local election,Wahlprogramm,legacy_filename,ok,mz
GLMP-8D751FD5D5,mz19cdu.txt,manifestos/mz19cdu.txt,Mainz,Rheinland-Pfalz,CDU,cdu,2019.0,local election,Wahlprogramm,legacy_filename,ok,mz
GLMP-CED76D8B8D,mz19lin.txt,manifestos/mz19lin.txt,Mainz,Rheinland-Pfalz,Die Linke,lin,2019.0,local election,Wahlprogramm,legacy_filename,ok,mz
GLMP-1DC17FCE86,mz19par.txt,manifestos/mz19par.txt,Mainz,Rheinland-Pfalz,Die Partei,par,2019.0,local election,Wahlprogramm,legacy_filename,ok,mz
GLMP-CE1ECA249E,mz19fdp.txt,manifestos/mz19fdp.txt,Mainz,Rheinland-Pfalz,FDP,fdp,2019.0,local election,Wahlprogramm,legacy_filename,ok,mz
GLMP-6E65B06593,mz19fwg.txt,manifestos/mz19fwg.txt,Mainz,Rheinland-Pfalz,Freie Wähler,fwg,2019.0,local election,Wahlprogramm,legacy_filename,ok,mz
GLMP-31DE556EB2,mz19gru.txt,manifestos/mz19gru.txt,Mainz,Rheinland-Pfalz,Grüne,gru,2019.0,local election,Wahlprogramm,legacy_filename,ok,mz
GLMP-D4C2638F0C,mz19pir.txt,manifestos/mz19pir.txt,Mainz,Rheinland-Pfalz,Piraten,pir,2019.0,local election,Wahlprogramm,legacy_filename,ok,mz
GLMP-F1B204DE81,mz19spd.txt,manifestos/mz19spd.txt,Mainz,Rheinland-Pfalz,SPD,spd,2019.0,local election,Wahlprogramm,legacy_filename,ok,mz
GLMP-497808019F,mz19vlt.txt,manifestos/mz19vlt.txt,Mainz,Rheinland-Pfalz,Volt,vlt,2019.0,local election,Wahlprogramm,legacy_filename,ok,mz
GLMP-57B1F603FF,mz19odp.txt,manifestos/mz19odp.txt,Mainz,Rheinland-Pfalz,Ökologisch-Demokratische Partei (ÖDP),odp,2019.0,local election,Wahlprogramm,legacy_filename,ok,mz
GLMP-84FB874747,ma19lin.txt,manifestos/ma19lin.txt,Mannheim,Baden-Württemberg,Die Linke,lin,2019.0,local election,Wahlprogramm,legacy_filename,ok,ma
GLMP-704BA2061C,ma19par.txt,manifestos/ma19par.txt,Mannheim,Baden-Württemberg,Die Partei,par,2019.0,local election,Wahlprogramm,legacy_filename,ok,ma
GLMP-ACF6788C94,ma19fdp.txt,manifestos/ma19fdp.txt,Mannheim,Baden-Württemberg,FDP,fdp,2019.0,local election,Wahlprogramm,legacy_filename,ok,ma
GLMP-AE0170CFE8,ma19mal.txt,manifestos/ma19mal.txt,Mannheim,Baden-Württemberg,Freie Wähler – Mannheimer Liste (ML),mal,2019.0,local election,Wahlprogramm,legacy_manual_override,ok,ma
GLMP-AE360AD9D7,ma19gru.txt,manifestos/ma19gru.txt,Mannheim,Baden-Württemberg,Grüne,gru,2019.0,local election,Wahlprogramm,legacy_filename,ok,ma
GLMP-816BFCD450,ma19tsp.txt,manifestos/ma19tsp.txt,Mannheim,Baden-Württemberg,Tierschutzpartei,tsp,2019.0,local election,Wahlprogramm,legacy_filename,ok,ma
GLMP-59A9341B56,pf19cdu.txt,manifestos/pf19cdu.txt,Pforzheim,Baden-Württemberg,CDU,cdu,2019.0,local election,Wahlprogramm,legacy_filename,ok,pf
GLMP-E2782153F8,pf19lin.txt,manifestos/pf19lin.txt,Pforzheim,Baden-Württemberg,Die Linke,lin,2019.0,local election,Wahlprogramm,legacy_filename,ok,pf
GLMP-F0F3D3521E,pf19eid.txt,manifestos/pf19eid.txt,Pforzheim,Baden-Württemberg,Eltern in Deutschland (Pforzheim),eid,2019.0,local election,Wahlprogramm,legacy_filename,ok,pf
GLMP-087958132A,pf19fwg.txt,manifestos/pf19fwg.txt,Pforzheim,Baden-Württemberg,Freie Wähler,fwg,2019.0,local election,Wahlprogramm,legacy_filename,ok,pf
GLMP-F5528B5C89,pf19gru.txt,manifestos/pf19gru.txt,Pforzheim,Baden-Württemberg,Grüne,gru,2019.0,local election,Wahlprogramm,legacy_filename,ok,pf
GLMP-49B21411CA,pf19spd.txt,manifestos/pf19spd.txt,Pforzheim,Baden-Württemberg,SPD,spd,2019.0,local election,Wahlprogramm,legacy_filename,ok,pf
GLMP-064C822BBC,pf19uab.txt,manifestos/pf19uab.txt,Pforzheim,Baden-Württemberg,Unabhängige Bürger für Pforzheim,uab,2019.0,local election,Wahlprogramm,legacy_filename,ok,pf
GLMP-D3514F4F25,po19afd.txt,manifestos/po19afd.txt,Potsdam,Brandenburg,Alternative für Deutschland,afd,2019.0,local election,Wahlprogramm,legacy_filename,ok,po
GLMP-49EE36BD11,po19bbp.txt,manifestos/po19bbp.txt,Potsdam,Brandenburg,Bürgerbündnis Potsdam,bbp,2019.0,local election,Wahlprogramm,legacy_filename,ok,po
GLMP-49BEAD546E,po19cdu.txt,manifestos/po19cdu.txt,Potsdam,Brandenburg,CDU,cdu,2019.0,local election,Wahlprogramm,legacy_filename,ok,po
GLMP-9DA82CF007,po19lin.txt,manifestos/po19lin.txt,Potsdam,Brandenburg,Die Linke,lin,2019.0,local election,Wahlprogramm,legacy_filename,ok,po
GLMP-375DB7E6F4,po19dia.txt,manifestos/po19dia.txt,Potsdam,Brandenburg,Die aNDERE,dia,2019.0,local election,Wahlprogramm,legacy_filename,ok,po
GLMP-12AB13A7B7,po19fdp.txt,manifestos/po19fdp.txt,Potsdam,Brandenburg,FDP,fdp,2019.0,local election,Wahlprogramm,legacy_filename,ok,po
GLMP-755B7B72EB,po19fwg.txt,manifestos/po19fwg.txt,Potsdam,Brandenburg,Freie Wähler,fwg,2019.0,local election,Wahlprogramm,legacy_filename,ok,po
GLMP-FE5480E396,po19gru.txt,manifestos/po19gru.txt,Potsdam,Brandenburg,Grüne,gru,2019.0,local election,Wahlprogramm,legacy_filename,ok,po
GLMP-C51B878223,po19ich.txt,manifestos/po19ich.txt,Potsdam,Brandenburg,Ich,ich,2019.0,local election,Wahlprogramm,legacy_manual_override,ok,po
GLMP-627875EA26,po19spd.txt,manifestos/po19spd.txt,Potsdam,Brandenburg,SPD,spd,2019.0,local election,Wahlprogramm,legacy_filename,ok,po
GLMP-7064AF53B6,rt19afd.txt,manifestos/rt19afd.txt,Reutlingen,Baden-Württemberg,Alternative für Deutschland,afd,2019.0,local election,Wahlprogramm,legacy_filename,ok,rt
GLMP-66C619218D,rt19cdu.txt,manifestos/rt19cdu.txt,Reutlingen,Baden-Württemberg,CDU,cdu,2019.0,local election,Wahlprogramm,legacy_filename,ok,rt
GLMP-3ED6D11E1C,rt19guu.txt,manifestos/rt19guu.txt,Reutlingen,Baden-Württemberg,Die Grünen und Unabhängigen,guu,2019.0,local election,Wahlprogramm,legacy_manual_override,ok,rt
GLMP-2526161D4C,rt19lin.txt,manifestos/rt19lin.txt,Reutlingen,Baden-Württemberg,Die Linke,lin,2019.0,local election,Wahlprogramm,legacy_filename,ok,rt
GLMP-14CFDA6EED,rt19fwg.txt,manifestos/rt19fwg.txt,Reutlingen,Baden-Württemberg,Freie Wähler,fwg,2019.0,local election,Wahlprogramm,legacy_filename,ok,rt
GLMP-98F9681A00,rt19spd.txt,manifestos/rt19spd.txt,Reutlingen,Baden-Württemberg,SPD,spd,2019.0,local election,Wahlprogramm,legacy_filename,ok,rt
GLMP-BE05945176,rt19wir.txt,manifestos/rt19wir.txt,Reutlingen,Baden-Württemberg,WIR,wir,2019.0,local election,Wahlprogramm,legacy_filename,ok,rt
GLMP-8AE12303C7,ro19afd.txt,manifestos/ro19afd.txt,Rostock,Mecklenburg-Vorpommern,Alternative für Deutschland,afd,2019.0,local election,Wahlprogramm,legacy_filename,ok,ro
GLMP-25AEBE0AF4,ro19cdu.txt,manifestos/ro19cdu.txt,Rostock,Mecklenburg-Vorpommern,CDU,cdu,2019.0,local election,Wahlprogramm,legacy_filename,ok,ro
GLMP-3D5D26EDB8,ro19lin.txt,manifestos/ro19lin.txt,Rostock,Mecklenburg-Vorpommern,Die Linke,lin,2019.0,local election,Wahlprogramm,legacy_filename,ok,ro
GLMP-7B99B9283B,ro19fdp.txt,manifestos/ro19fdp.txt,Rostock,Mecklenburg-Vorpommern,FDP,fdp,2019.0,local election,Wahlprogramm,legacy_filename,ok,ro
GLMP-F9A8D0D75F,ro19fwg.txt,manifestos/ro19fwg.txt,Rostock,Mecklenburg-Vorpommern,Freie Wähler,fwg,2019.0,local election,Wahlprogramm,legacy_filename,ok,ro
GLMP-FE989A6B8D,ro19gru.txt,manifestos/ro19gru.txt,Rostock,Mecklenburg-Vorpommern,Grüne,gru,2019.0,local election,Wahlprogramm,legacy_filename,ok,ro
GLMP-CA15A660D4,ro19rob.txt,manifestos/ro19rob.txt,Rostock,Mecklenburg-Vorpommern,Rostocker Bund,rob,2019.0,local election,Wahlprogramm,legacy_filename,ok,ro
GLMP-2C476205BF,ro19spd.txt,manifestos/ro19spd.txt,Rostock,Mecklenburg-Vorpommern,SPD,spd,2019.0,local election,Wahlprogramm,legacy_filename,ok,ro
GLMP-5084205E54,ro19ufr.txt,manifestos/ro19ufr.txt,Rostock,Mecklenburg-Vorpommern,Unabhängige Bürger für Rostock,ufr,2019.0,local election,Wahlprogramm,legacy_filename,ok,ro
GLMP-CAAD175BB7,sb19cdu.txt,manifestos/sb19cdu.txt,Saarbruecken,Saarland,CDU,cdu,2019.0,local election,Wahlprogramm,legacy_filename,ok,sb
GLMP-2B09664535,sb19lin.txt,manifestos/sb19lin.txt,Saarbruecken,Saarland,Die Linke,lin,2019.0,local election,Wahlprogramm,legacy_filename,ok,sb
GLMP-31921EBCA3,sb19fdp.txt,manifestos/sb19fdp.txt,Saarbruecken,Saarland,FDP,fdp,2019.0,local election,Wahlprogramm,legacy_filename,ok,sb
GLMP-A18AEBA623,sb19gru.txt,manifestos/sb19gru.txt,Saarbruecken,Saarland,Grüne,gru,2019.0,local election,Wahlprogramm,legacy_filename,ok,sb
GLMP-399ABB7C0F,sb19spd.txt,manifestos/sb19spd.txt,Saarbruecken,Saarland,SPD,spd,2019.0,local election,Wahlprogramm,legacy_filename,ok,sb
GLMP-3B9066B694,st19afd.txt,manifestos/st19afd.txt,Stuttgart,Baden-Württemberg,Alternative für Deutschland,afd,2019.0,local election,Wahlprogramm,legacy_filename,ok,st
GLMP-731E80DCA2,st19bzs.txt,manifestos/st19bzs.txt,Stuttgart,Baden-Württemberg,Bündnis Zukunft Stuttgart23,bzs,2019.0,local election,Wahlprogramm,legacy_filename,ok,st
GLMP-B729242C88,st19cdu.txt,manifestos/st19cdu.txt,Stuttgart,Baden-Württemberg,CDU,cdu,2019.0,local election,Wahlprogramm,legacy_filename,ok,st
GLMP-12B74F702B,st19dib.txt,manifestos/st19dib.txt,Stuttgart,Baden-Württemberg,Demokratie in Bewegung (Stuttgart),dib,2019.0,local election,Wahlprogramm,legacy_filename,ok,st
GLMP-1899C0BF9B,st19lin.txt,manifestos/st19lin.txt,Stuttgart,Baden-Württemberg,Die Linke,lin,2019.0,local election,Wahlprogramm,legacy_filename,ok,st
GLMP-0002A12C2A,st19par.txt,manifestos/st19par.txt,Stuttgart,Baden-Württemberg,Die Partei,par,2019.0,local election,Wahlprogramm,legacy_filename,ok,st
GLMP-BF51E9AE29,st19fdp.txt,manifestos/st19fdp.txt,Stuttgart,Baden-Württemberg,FDP,fdp,2019.0,local election,Wahlprogramm,legacy_filename,ok,st
GLMP-2E1018B144,st19fli.txt,manifestos/st19fli.txt,Stuttgart,Baden-Württemberg,Feministische Liste (Stuttgart),fli,2019.0,local election,Wahlprogramm,legacy_filename,ok,st
GLMP-14170E0615,st19fwg.txt,manifestos/st19fwg.txt,Stuttgart,Baden-Württemberg,Freie Wähler,fwg,2019.0,local election,Wahlprogramm,legacy_filename,ok,st
GLMP-937DDB5F52,st19gru.txt,manifestos/st19gru.txt,Stuttgart,Baden-Württemberg,Grüne,gru,2019.0,local election,Wahlprogramm,legacy_filename,ok,st
GLMP-0142E48F34,st19jli.txt,manifestos/st19jli.txt,Stuttgart,Baden-Württemberg,Junge Liste (Stuttgart),jli,2019.0,local election,Wahlprogramm,legacy_filename,ok,st
GLMP-CF423B45ED,st19kfv.txt,manifestos/st19kfv.txt,Stuttgart,Baden-Württemberg,Kein Fahrverbot (Stuttgart),kfv,2019.0,local election,Wahlprogramm,legacy_filename,ok,st
GLMP-EDF27619B7,st19pir.txt,manifestos/st19pir.txt,Stuttgart,Baden-Württemberg,Piraten,pir,2019.0,local election,Wahlprogramm,legacy_filename,ok,st
GLMP-08D4AF6905,st19spd.txt,manifestos/st19spd.txt,Stuttgart,Baden-Württemberg,SPD,spd,2019.0,local election,Wahlprogramm,legacy_filename,ok,st
GLMP-D860AFFC7F,st19sub.txt,manifestos/st19sub.txt,Stuttgart,Baden-Württemberg,Schertlens unabhängige Bürger (Stuttgart),sub,2019.0,local election,Wahlprogramm,legacy_filename,ok,st
GLMP-C79F99456F,st19stl.txt,manifestos/st19stl.txt,Stuttgart,Baden-Württemberg,Stadtliste,stl,2019.0,local election,Wahlprogramm,legacy_filename,ok,st
GLMP-0E71650FCC,st19sos.txt,manifestos/st19sos.txt,Stuttgart,Baden-Württemberg,SÖS (Stuttgart Ökologisch Sozial),sos,2019.0,local election,Wahlprogramm,legacy_manual_override,ok,st
GLMP-48EB6294B3,st19tsp.txt,manifestos/st19tsp.txt,Stuttgart,Baden-Württemberg,Tierschutzpartei,tsp,2019.0,local election,Wahlprogramm,legacy_filename,ok,st
GLMP-3E8CBD6E6B,st19odp.txt,manifestos/st19odp.txt,Stuttgart,Baden-Württemberg,Ökologisch-Demokratische Partei (ÖDP),odp,2019.0,local election,Wahlprogramm,legacy_filename,ok,st
GLMP-364B94CB69,tr19afd.txt,manifestos/tr19afd.txt,Trier,Rheinland-Pfalz,Alternative für Deutschland,afd,2019.0,local election,Wahlprogramm,legacy_filename,ok,tr
GLMP-DEC510554F,tr19cdu.txt,manifestos/tr19cdu.txt,Trier,Rheinland-Pfalz,CDU,cdu,2019.0,local election,Wahlprogramm,legacy_filename,ok,tr
GLMP-2D1CA7E5B4,tr19lin.txt,manifestos/tr19lin.txt,Trier,Rheinland-Pfalz,Die Linke,lin,2019.0,local election,Wahlprogramm,legacy_filename,ok,tr
GLMP-17EDF0F9E8,tr19par.txt,manifestos/tr19par.txt,Trier,Rheinland-Pfalz,Die Partei,par,2019.0,local election,Wahlprogramm,legacy_filename,ok,tr
GLMP-6EBBAF50B7,tr19fdp.txt,manifestos/tr19fdp.txt,Trier,Rheinland-Pfalz,FDP,fdp,2019.0,local election,Wahlprogramm,legacy_filename,ok,tr
GLMP-D2BA73BD32,tr19gru.txt,manifestos/tr19gru.txt,Trier,Rheinland-Pfalz,Grüne,gru,2019.0,local election,Wahlprogramm,legacy_filename,ok,tr
GLMP-C4F3177292,tr19spd.txt,manifestos/tr19spd.txt,Trier,Rheinland-Pfalz,SPD,spd,2019.0,local election,Wahlprogramm,legacy_filename,ok,tr
GLMP-E66C66BA94,ul19blo.txt,manifestos/ul19blo.txt,Ulm,Baden-Württemberg,Bündnis lebenswerte Ortschaften,blo,2019.0,local election,Wahlprogramm,legacy_filename,ok,ul
GLMP-0E369CE0F6,ul19cdu.txt,manifestos/ul19cdu.txt,Ulm,Baden-Württemberg,CDU,cdu,2019.0,local election,Wahlprogramm,legacy_filename,ok,ul
GLMP-B79B1183E7,ul19lin.txt,manifestos/ul19lin.txt,Ulm,Baden-Württemberg,Die Linke,lin,2019.0,local election,Wahlprogramm,legacy_filename,ok,ul
GLMP-0566A1AC0B,ul19fdp.txt,manifestos/ul19fdp.txt,Ulm,Baden-Württemberg,FDP,fdp,2019.0,local election,Wahlprogramm,legacy_filename,ok,ul
GLMP-6936D9AC77,ul19gru.txt,manifestos/ul19gru.txt,Ulm,Baden-Württemberg,Grüne,gru,2019.0,local election,Wahlprogramm,legacy_filename,ok,ul
GLMP-AD635BA022,ul19pir.txt,manifestos/ul19pir.txt,Ulm,Baden-Württemberg,Piraten,pir,2019.0,local election,Wahlprogramm,legacy_filename,ok,ul
GLMP-5BDF715985,ul19spd.txt,manifestos/ul19spd.txt,Ulm,Baden-Württemberg,SPD,spd,2019.0,local election,Wahlprogramm,legacy_filename,ok,ul
GLMP-A16ED733B8,ul19ufa.txt,manifestos/ul19ufa.txt,Ulm,Baden-Württemberg,Ulm für Alle,ufa,2019.0,local election,Wahlprogramm,legacy_filename,ok,ul
GLMP-3D1A4926B9,ul19uws.txt,manifestos/ul19uws.txt,Ulm,Baden-Württemberg,Unabhängige Wählervereinigung Söflingen,uws,2019.0,local election,Wahlprogramm,legacy_filename,ok,ul
GLMP-802067E89B,ac20afd.txt,manifestos/ac20afd.txt,Aachen,Nordrhein-Westfalen,Alternative für Deutschland,afd,2020.0,local election,Wahlprogramm,legacy_filename,ok,ac
GLMP-2ABD8A29F0,ac20cdu.txt,manifestos/ac20cdu.txt,Aachen,Nordrhein-Westfalen,CDU,cdu,2020.0,local election,Wahlprogramm,legacy_filename,ok,ac
GLMP-185C0EA23F,ac20lin.txt,manifestos/ac20lin.txt,Aachen,Nordrhein-Westfalen,Die Linke,lin,2020.0,local election,Wahlprogramm,legacy_filename,ok,ac
GLMP-3B0A2745FC,ac20fdp.txt,manifestos/ac20fdp.txt,Aachen,Nordrhein-Westfalen,FDP,fdp,2020.0,local election,Wahlprogramm,legacy_filename,ok,ac
GLMP-86F66F52E7,ac20gru.txt,manifestos/ac20gru.txt,Aachen,Nordrhein-Westfalen,Grüne,gru,2020.0,local election,Wahlprogramm,legacy_filename,ok,ac
GLMP-ACD55733B2,ac20pir.txt,manifestos/ac20pir.txt,Aachen,Nordrhein-Westfalen,Piraten,pir,2020.0,local election,Wahlprogramm,legacy_filename,ok,ac
GLMP-4890084C23,ac20spd.txt,manifestos/ac20spd.txt,Aachen,Nordrhein-Westfalen,SPD,spd,2020.0,local election,Wahlprogramm,legacy_filename,ok,ac
GLMP-12265E25EF,ac20vlt.txt,manifestos/ac20vlt.txt,Aachen,Nordrhein-Westfalen,Volt,vlt,2020.0,local election,Wahlprogramm,legacy_filename,ok,ac
GLMP-5EA2715AF4,ac20odp.txt,manifestos/ac20odp.txt,Aachen,Nordrhein-Westfalen,Ökologisch-Demokratische Partei (ÖDP),odp,2020.0,local election,Wahlprogramm,legacy_filename,ok,ac
GLMP-CDB1D0A249,au20afd.txt,manifestos/au20afd.txt,Augsburg,Bayern,Alternative für Deutschland,afd,2020.0,local election,Wahlprogramm,legacy_filename,ok,au
GLMP-70F9646DD4,au20aib.txt,manifestos/au20aib.txt,Augsburg,Bayern,Augsburg in Bürgerhand,aib,2020.0,local election,Wahlprogramm,legacy_manual_override,ok,au
GLMP-E27E206148,au20csu.txt,manifestos/au20csu.txt,Augsburg,Bayern,CSU,csu,2020.0,local election,Wahlprogramm,legacy_filename,ok,au
GLMP-1BE1C67627,au20dib.txt,manifestos/au20dib.txt,Augsburg,Bayern,Demokratie in Bewegung (Stuttgart),dib,2020.0,local election,Wahlprogramm,legacy_filename,ok,au
GLMP-66E2BD127C,au20lin.txt,manifestos/au20lin.txt,Augsburg,Bayern,Die Linke,lin,2020.0,local election,Wahlprogramm,legacy_filename,ok,au
GLMP-E76E7719B1,au20par.txt,manifestos/au20par.txt,Augsburg,Bayern,Die Partei,par,2020.0,local election,Wahlprogramm,legacy_filename,ok,au
GLMP-327EE8F264,au20fdp.txt,manifestos/au20fdp.txt,Augsburg,Bayern,FDP,fdp,2020.0,local election,Wahlprogramm,legacy_filename,ok,au
GLMP-DA323C71BC,au20fwg.txt,manifestos/au20fwg.txt,Augsburg,Bayern,Freie Wähler,fwg,2020.0,local election,Wahlprogramm,legacy_filename,ok,au
GLMP-00785E688F,au20aux.txt,manifestos/au20aux.txt,Augsburg,Bayern,Generation Aux,aux,2020.0,local election,Wahlprogramm,legacy_manual_override,ok,au
GLMP-719D5ABAC1,au20gru.txt,manifestos/au20gru.txt,Augsburg,Bayern,Grüne,gru,2020.0,local election,Wahlprogramm,legacy_filename,ok,au
GLMP-24DC938A90,au20pro.txt,manifestos/au20pro.txt,Augsburg,Bayern,Pro Augsburg,pro,2020.0,local election,Wahlprogramm,legacy_filename,ok,au
GLMP-5951113F2F,au20spd.txt,manifestos/au20spd.txt,Augsburg,Bayern,SPD,spd,2020.0,local election,Wahlprogramm,legacy_filename,ok,au
GLMP-0FE5131EA9,au20vvv.txt,manifestos/au20vvv.txt,Augsburg,Bayern,V³-Partei,vvv,2020.0,local election,Wahlprogramm,legacy_filename,ok,au
GLMP-79C0ABDCBC,au20wsa.txt,manifestos/au20wsa.txt,Augsburg,Bayern,Wir sind Augsburg,wsa,2020.0,local election,Wahlprogramm,legacy_manual_override,ok,au
GLMP-BB3CD2C13E,au20odp.txt,manifestos/au20odp.txt,Augsburg,Bayern,Ökologisch-Demokratische Partei (ÖDP),odp,2020.0,local election,Wahlprogramm,legacy_filename,ok,au
GLMP-85ECF256DD,bg20bgl.txt,manifestos/bg20bgl.txt,Bergisch Gladbach,Nordrhein-Westfalen,Bürger Partei GL (Bergisch Gladbach),bgl,2020.0,local election,Wahlprogramm,legacy_filename,ok,bg
GLMP-A462ACAE13,bg20cdu.txt,manifestos/bg20cdu.txt,Bergisch Gladbach,Nordrhein-Westfalen,CDU,cdu,2020.0,local election,Wahlprogramm,legacy_filename,ok,bg
GLMP-E5D3EAEB4C,bg20fdp.txt,manifestos/bg20fdp.txt,Bergisch Gladbach,Nordrhein-Westfalen,FDP,fdp,2020.0,local election,Wahlprogramm,legacy_filename,ok,bg
GLMP-4E70A6A75E,bg20gru.txt,manifestos/bg20gru.txt,Bergisch Gladbach,Nordrhein-Westfalen,Grüne,gru,2020.0,local election,Wahlprogramm,legacy_filename,ok,bg
GLMP-885C7170AE,bg20spd.txt,manifestos/bg20spd.txt,Bergisch Gladbach,Nordrhein-Westfalen,SPD,spd,2020.0,local election,Wahlprogramm,legacy_filename,ok,bg
GLMP-431BD4812B,bi20afd.txt,manifestos/bi20afd.txt,Bielefeld,Nordrhein-Westfalen,Alternative für Deutschland,afd,2020.0,local election,Wahlprogramm,legacy_filename,ok,bi
GLMP-4D121EA31E,bi20big.txt,manifestos/bi20big.txt,Bielefeld,Nordrhein-Westfalen,Bündnis für Innovation & Gerechtigkeit,big,2020.0,local election,Wahlprogramm,legacy_filename,ok,bi
GLMP-222DF45EE0,bi20bfb.txt,manifestos/bi20bfb.txt,Bielefeld,Nordrhein-Westfalen,Bürgergemeinschaft für Bielefeld,bfb,2020.0,local election,Wahlprogramm,legacy_filename,ok,bi
GLMP-1D6F58E720,bi20wgb.txt,manifestos/bi20wgb.txt,Bielefeld,Nordrhein-Westfalen,Bürgernähe - Initiativen für Bielefeld,wgb,2020.0,local election,Wahlprogramm,legacy_filename,ok,bi
GLMP-7B8C90D9AC,bi20cdu.txt,manifestos/bi20cdu.txt,Bielefeld,Nordrhein-Westfalen,CDU,cdu,2020.0,local election,Wahlprogramm,legacy_filename,ok,bi
GLMP-61DDD6EAC4,bi20lin.txt,manifestos/bi20lin.txt,Bielefeld,Nordrhein-Westfalen,Die Linke,lin,2020.0,local election,Wahlprogramm,legacy_filename,ok,bi
GLMP-DCCE53A6B7,bi20par.txt,manifestos/bi20par.txt,Bielefeld,Nordrhein-Westfalen,Die Partei,par,2020.0,local election,Wahlprogramm,legacy_filename,ok,bi
GLMP-CDEE20D022,bi20fdp.txt,manifestos/bi20fdp.txt,Bielefeld,Nordrhein-Westfalen,FDP,fdp,2020.0,local election,Wahlprogramm,legacy_filename,ok,bi
GLMP-5AEE0F1EEE,bi20gru.txt,manifestos/bi20gru.txt,Bielefeld,Nordrhein-Westfalen,Grüne,gru,2020.0,local election,Wahlprogramm,legacy_filename,ok,bi
GLMP-AB8DA2591F,bi20spd.txt,manifestos/bi20spd.txt,Bielefeld,Nordrhein-Westfalen,SPD,spd,2020.0,local election,Wahlprogramm,legacy_filename,ok,bi
GLMP-37957BB73B,bo20afd.txt,manifestos/bo20afd.txt,Bochum,Nordrhein-Westfalen,Alternative für Deutschland,afd,2020.0,local election,Wahlprogramm,legacy_filename,ok,bo
GLMP-ED43AE76FB,bo20lin.txt,manifestos/bo20lin.txt,Bochum,Nordrhein-Westfalen,Die Linke,lin,2020.0,local election,Wahlprogramm,legacy_filename,ok,bo
GLMP-95C670B103,bo20par.txt,manifestos/bo20par.txt,Bochum,Nordrhein-Westfalen,Die Partei,par,2020.0,local election,Wahlprogramm,legacy_filename,ok,bo
GLMP-9BE8ED4215,bo20fdp.txt,manifestos/bo20fdp.txt,Bochum,Nordrhein-Westfalen,FDP,fdp,2020.0,local election,Wahlprogramm,legacy_filename,ok,bo
GLMP-CB8AB59884,bo20gru.txt,manifestos/bo20gru.txt,Bochum,Nordrhein-Westfalen,Grüne,gru,2020.0,local election,Wahlprogramm,legacy_filename,ok,bo
GLMP-88F1F74B2E,bo20npd.txt,manifestos/bo20npd.txt,Bochum,Nordrhein-Westfalen,NPD,npd,2020.0,local election,Wahlprogramm,legacy_manual_override,ok,bo
GLMP-D703552302,bo20spd.txt,manifestos/bo20spd.txt,Bochum,Nordrhein-Westfalen,SPD,spd,2020.0,local election,Wahlprogramm,legacy_filename,ok,bo
GLMP-8A66269AA0,bo20sol.txt,manifestos/bo20sol.txt,Bochum,Nordrhein-Westfalen,Soziale Liste Bochum,sol,2020.0,local election,Wahlprogramm,legacy_filename,ok,bo
GLMP-90C029EE0D,bo20uwg.txt,manifestos/bo20uwg.txt,Bochum,Nordrhein-Westfalen,Unabhängige Wählergemeinschaft (UWG),uwg,2020.0,local election,Wahlprogramm,legacy_filename,ok,bo
GLMP-097834C16A,bn20afd.txt,manifestos/bn20afd.txt,Bonn,Nordrhein-Westfalen,Alternative für Deutschland,afd,2020.0,local election,Wahlprogramm,legacy_filename,ok,bn
GLMP-A7A0C6121C,bn20big.txt,manifestos/bn20big.txt,Bonn,Nordrhein-Westfalen,Bündnis für Innovation & Gerechtigkeit,big,2020.0,local election,Wahlprogramm,legacy_filename,ok,bn
GLMP-94CE758705,bn20bbb.txt,manifestos/bn20bbb.txt,Bonn,Nordrhein-Westfalen,Bürger Bund Bonn,bbb,2020.0,local election,Wahlprogramm,legacy_filename,ok,bn
GLMP-6465FA710F,bn20cdu.txt,manifestos/bn20cdu.txt,Bonn,Nordrhein-Westfalen,CDU,cdu,2020.0,local election,Wahlprogramm,legacy_filename,ok,bn
GLMP-8BDF8282BB,bn20lin.txt,manifestos/bn20lin.txt,Bonn,Nordrhein-Westfalen,Die Linke,lin,2020.0,local election,Wahlprogramm,legacy_filename,ok,bn
GLMP-380E6F948F,bn20par.txt,manifestos/bn20par.txt,Bonn,Nordrhein-Westfalen,Die Partei,par,2020.0,local election,Wahlprogramm,legacy_filename,ok,bn
GLMP-3969F9EDEC,bn20fdp.txt,manifestos/bn20fdp.txt,Bonn,Nordrhein-Westfalen,FDP,fdp,2020.0,local election,Wahlprogramm,legacy_filename,ok,bn
GLMP-1CAE2EC593,bn20gru.txt,manifestos/bn20gru.txt,Bonn,Nordrhein-Westfalen,Grüne,gru,2020.0,local election,Wahlprogramm,legacy_filename,ok,bn
GLMP-B24F82EBD1,bn20pir.txt,manifestos/bn20pir.txt,Bonn,Nordrhein-Westfalen,Piraten,pir,2020.0,local election,Wahlprogramm,legacy_filename,ok,bn
GLMP-706036CA55,bn20spd.txt,manifestos/bn20spd.txt,Bonn,Nordrhein-Westfalen,SPD,spd,2020.0,local election,Wahlprogramm,legacy_filename,ok,bn
GLMP-8F105ADBAC,bn20vlt.txt,manifestos/bn20vlt.txt,Bonn,Nordrhein-Westfalen,Volt,vlt,2020.0,local election,Wahlprogramm,legacy_filename,ok,bn
GLMP-F31CF747B6,bt20afd.txt,manifestos/bt20afd.txt,Bottrop,Nordrhein-Westfalen,Alternative für Deutschland,afd,2020.0,local election,Wahlprogramm,legacy_filename,ok,bt
GLMP-F7F00C4C52,bt20lin.txt,manifestos/bt20lin.txt,Bottrop,Nordrhein-Westfalen,Die Linke,lin,2020.0,local election,Wahlprogramm,legacy_filename,ok,bt
GLMP-AD48D22A9F,bt20fdp.txt,manifestos/bt20fdp.txt,Bottrop,Nordrhein-Westfalen,FDP,fdp,2020.0,local election,Wahlprogramm,legacy_filename,ok,bt
GLMP-608015710C,do20afd.txt,manifestos/do20afd.txt,Dortmund,Nordrhein-Westfalen,Alternative für Deutschland,afd,2020.0,local election,Wahlprogramm,legacy_filename,ok,do
GLMP-22BB3E0379,do20baj.txt,manifestos/do20baj.txt,Dortmund,Nordrhein-Westfalen,Basisdemokratie jetzt in Dortmund,baj,2020.0,local election,Wahlprogramm,legacy_manual_override,ok,do
GLMP-07BC14299C,do20bvt.txt,manifestos/do20bvt.txt,Dortmund,Nordrhein-Westfalen,Bündnis für Vielfalt und Toleranz,bvt,2020.0,local election,Wahlprogramm,legacy_manual_override,ok,do
GLMP-348C613E85,do20cdu.txt,manifestos/do20cdu.txt,Dortmund,Nordrhein-Westfalen,CDU,cdu,2020.0,local election,Wahlprogramm,legacy_filename,ok,do
GLMP-286B5D8225,do20dkp.txt,manifestos/do20dkp.txt,Dortmund,Nordrhein-Westfalen,Deutsche Kommunistische Partei,dkp,2020.0,local election,Wahlprogramm,legacy_filename,ok,do
GLMP-CC943EB1C7,do20lin.txt,manifestos/do20lin.txt,Dortmund,Nordrhein-Westfalen,Die Linke,lin,2020.0,local election,Wahlprogramm,legacy_filename,ok,do
GLMP-F39D0829CE,do20par.txt,manifestos/do20par.txt,Dortmund,Nordrhein-Westfalen,Die Partei,par,2020.0,local election,Wahlprogramm,legacy_filename,ok,do
GLMP-B5F1352E91,do20rec.txt,manifestos/do20rec.txt,Dortmund,Nordrhein-Westfalen,Die Rechte,rec,2020.0,local election,Wahlprogramm,legacy_filename,ok,do
GLMP-70F5777D6E,do20dos.txt,manifestos/do20dos.txt,Dortmund,Nordrhein-Westfalen,Digital Ökologisch Sozial,dos,2020.0,local election,Wahlprogramm,legacy_manual_override,ok,do
GLMP-23D0520EB0,do20fdp.txt,manifestos/do20fdp.txt,Dortmund,Nordrhein-Westfalen,FDP,fdp,2020.0,local election,Wahlprogramm,legacy_filename,ok,do
GLMP-9BB924CF5C,do20fbi.txt,manifestos/do20fbi.txt,Dortmund,Nordrhein-Westfalen,Freie Bürger Initiative,fbi,2020.0,local election,Wahlprogramm,legacy_filename,ok,do
GLMP-6C4C7949E1,do20gru.txt,manifestos/do20gru.txt,Dortmund,Nordrhein-Westfalen,Grüne,gru,2020.0,local election,Wahlprogramm,legacy_filename,ok,do
GLMP-09C9881A31,do20pir.txt,manifestos/do20pir.txt,Dortmund,Nordrhein-Westfalen,Piraten,pir,2020.0,local election,Wahlprogramm,legacy_filename,ok,do
GLMP-286BEA4EC0,do20spd.txt,manifestos/do20spd.txt,Dortmund,Nordrhein-Westfalen,SPD,spd,2020.0,local election,Wahlprogramm,legacy_filename,ok,do
GLMP-4CD0ED1589,ds20afd.txt,manifestos/ds20afd.txt,Duesseldorf,Nordrhein-Westfalen,Alternative für Deutschland,afd,2020.0,local election,Wahlprogramm,legacy_filename,ok,ds
GLMP-EA7C1A0FBD,ds20bli.txt,manifestos/ds20bli.txt,Duesseldorf,Nordrhein-Westfalen,Bürgerliste Freie Wähler,bli,2020.0,local election,Wahlprogramm,legacy_filename,ok,ds
GLMP-D6C95F5C64,ds20cdu.txt,manifestos/ds20cdu.txt,Duesseldorf,Nordrhein-Westfalen,CDU,cdu,2020.0,local election,Wahlprogramm,legacy_filename,ok,ds
GLMP-01EF203A68,ds20lin.txt,manifestos/ds20lin.txt,Duesseldorf,Nordrhein-Westfalen,Die Linke,lin,2020.0,local election,Wahlprogramm,legacy_filename,ok,ds
GLMP-A091B4F64A,ds20par.txt,manifestos/ds20par.txt,Duesseldorf,Nordrhein-Westfalen,Die Partei,par,2020.0,local election,Wahlprogramm,legacy_filename,ok,ds
GLMP-A1242FE529,ds20rep.txt,manifestos/ds20rep.txt,Duesseldorf,Nordrhein-Westfalen,Die Republikaner,rep,2020.0,local election,Wahlprogramm,legacy_filename,ok,ds
GLMP-6A6AB74318,ds20fdp.txt,manifestos/ds20fdp.txt,Duesseldorf,Nordrhein-Westfalen,FDP,fdp,2020.0,local election,Wahlprogramm,legacy_filename,ok,ds
GLMP-AF980CD4F0,ds20fwg.txt,manifestos/ds20fwg.txt,Duesseldorf,Nordrhein-Westfalen,Freie Wähler,fwg,2020.0,local election,Wahlprogramm,legacy_filename,ok,ds
GLMP-0693C542DF,ds20gru.txt,manifestos/ds20gru.txt,Duesseldorf,Nordrhein-Westfalen,Grüne,gru,2020.0,local election,Wahlprogramm,legacy_filename,ok,ds
GLMP-7DCB99F72F,ds20kld.txt,manifestos/ds20kld.txt,Duesseldorf,Nordrhein-Westfalen,Klima Liste (Düsseldorf),kld,2020.0,local election,Wahlprogramm,legacy_filename,ok,ds
GLMP-374FC59876,ds20pir.txt,manifestos/ds20pir.txt,Duesseldorf,Nordrhein-Westfalen,Piraten,pir,2020.0,local election,Wahlprogramm,legacy_filename,ok,ds
GLMP-652C8B8665,ds20spd.txt,manifestos/ds20spd.txt,Duesseldorf,Nordrhein-Westfalen,SPD,spd,2020.0,local election,Wahlprogramm,legacy_filename,ok,ds
GLMP-71390452DE,ds20tsp.txt,manifestos/ds20tsp.txt,Duesseldorf,Nordrhein-Westfalen,Tierschutzpartei,tsp,2020.0,local election,Wahlprogramm,legacy_filename,ok,ds
GLMP-339932E164,ds20vlt.txt,manifestos/ds20vlt.txt,Duesseldorf,Nordrhein-Westfalen,Volt,vlt,2020.0,local election,Wahlprogramm,legacy_filename,ok,ds
GLMP-30413BB43F,du20afd.txt,manifestos/du20afd.txt,Duisburg,Nordrhein-Westfalen,Alternative für Deutschland,afd,2020.0,local election,Wahlprogramm,legacy_filename,ok,du
GLMP-11BD51AF56,du20aud.txt,manifestos/du20aud.txt,Duisburg,Nordrhein-Westfalen,Aufbruch Duisburg,aud,2020.0,local election,Wahlprogramm,legacy_manual_override,ok,du
GLMP-E6519BB35A,du20bdd.txt,manifestos/du20bdd.txt,Duisburg,Nordrhein-Westfalen,BIG-DERGAH Wahlbündnis Duisburg,bdd,2020.0,local election,Wahlprogramm,legacy_manual_override,ok,du
GLMP-C11DE6F2C9,du20bul.txt,manifestos/du20bul.txt,Duisburg,Nordrhein-Westfalen,Bürgerliche Liberale,bul,2020.0,local election,Wahlprogramm,legacy_filename,ok,du
GLMP-7828EF6C6B,du20cdu.txt,manifestos/du20cdu.txt,Duisburg,Nordrhein-Westfalen,CDU,cdu,2020.0,local election,Wahlprogramm,legacy_filename,ok,du
GLMP-0785730C44,du20lin.txt,manifestos/du20lin.txt,Duisburg,Nordrhein-Westfalen,Die Linke,lin,2020.0,local election,Wahlprogramm,legacy_filename,ok,du
GLMP-AD91EE354E,du20par.txt,manifestos/du20par.txt,Duisburg,Nordrhein-Westfalen,Die Partei,par,2020.0,local election,Wahlprogramm,legacy_filename,ok,du
GLMP-003FACFE77,du20fdp.txt,manifestos/du20fdp.txt,Duisburg,Nordrhein-Westfalen,FDP,fdp,2020.0,local election,Wahlprogramm,legacy_filename,ok,du
GLMP-3596C9D547,du20gru.txt,manifestos/du20gru.txt,Duisburg,Nordrhein-Westfalen,Grüne,gru,2020.0,local election,Wahlprogramm,legacy_filename,ok,du
GLMP-937D4248F1,du20jud.txt,manifestos/du20jud.txt,Duisburg,Nordrhein-Westfalen,Junges Duisburg,jud,2020.0,local election,Wahlprogramm,legacy_filename,ok,du
GLMP-E1BA66C5C1,du20spd.txt,manifestos/du20spd.txt,Duisburg,Nordrhein-Westfalen,SPD,spd,2020.0,local election,Wahlprogramm,legacy_filename,ok,du
GLMP-FAB0EB821B,du20sgu.txt,manifestos/du20sgu.txt,Duisburg,Nordrhein-Westfalen,"Sozial, Gerecht, Unabhängig",sgu,2020.0,local election,Wahlprogramm,legacy_filename,ok,du
GLMP-8D75B20B6B,es20afd.txt,manifestos/es20afd.txt,Essen,Nordrhein-Westfalen,Alternative für Deutschland,afd,2020.0,local election,Wahlprogramm,legacy_filename,ok,es
GLMP-1E509DF678,es20cdu.txt,manifestos/es20cdu.txt,Essen,Nordrhein-Westfalen,CDU,cdu,2020.0,local election,Wahlprogramm,legacy_filename,ok,es
GLMP-9C4FCA8DB2,es20dkp.txt,manifestos/es20dkp.txt,Essen,Nordrhein-Westfalen,Deutsche Kommunistische Partei,dkp,2020.0,local election,Wahlprogramm,legacy_filename,ok,es
GLMP-960435D770,es20lin.txt,manifestos/es20lin.txt,Essen,Nordrhein-Westfalen,Die Linke,lin,2020.0,local election,Wahlprogramm,legacy_filename,ok,es
GLMP-AD939F5400,es20par.txt,manifestos/es20par.txt,Essen,Nordrhein-Westfalen,Die Partei,par,2020.0,local election,Wahlprogramm,legacy_filename,ok,es
GLMP-51B120B01F,es20ebb.txt,manifestos/es20ebb.txt,Essen,Nordrhein-Westfalen,Essener Bürger Bündnis,ebb,2020.0,local election,Wahlprogramm,legacy_filename,ok,es
GLMP-17D3BA05C8,es20fdp.txt,manifestos/es20fdp.txt,Essen,Nordrhein-Westfalen,FDP,fdp,2020.0,local election,Wahlprogramm,legacy_filename,ok,es
GLMP-8D1112126B,es20gru.txt,manifestos/es20gru.txt,Essen,Nordrhein-Westfalen,Grüne,gru,2020.0,local election,Wahlprogramm,legacy_filename,ok,es
GLMP-E5077C9B32,es20spd.txt,manifestos/es20spd.txt,Essen,Nordrhein-Westfalen,SPD,spd,2020.0,local election,Wahlprogramm,legacy_filename,ok,es
GLMP-B93126F6D4,fu20afd.txt,manifestos/fu20afd.txt,Fuerth,Bayern,Alternative für Deutschland,afd,2020.0,local election,Wahlprogramm,legacy_filename,ok,fu
GLMP-079C6D3212,fu20csu.txt,manifestos/fu20csu.txt,Fuerth,Bayern,CSU,csu,2020.0,local election,Wahlprogramm,legacy_filename,ok,fu
GLMP-EC45FA6925,fu20lin.txt,manifestos/fu20lin.txt,Fuerth,Bayern,Die Linke,lin,2020.0,local election,Wahlprogramm,legacy_filename,ok,fu
GLMP-6E4C8F5900,fu20fdp.txt,manifestos/fu20fdp.txt,Fuerth,Bayern,FDP,fdp,2020.0,local election,Wahlprogramm,legacy_filename,ok,fu
GLMP-669A3CF05C,fu20fwg.txt,manifestos/fu20fwg.txt,Fuerth,Bayern,Freie Wähler,fwg,2020.0,local election,Wahlprogramm,legacy_filename,ok,fu
GLMP-CA9E26E7C4,fu20gru.txt,manifestos/fu20gru.txt,Fuerth,Bayern,Grüne,gru,2020.0,local election,Wahlprogramm,legacy_filename,ok,fu
GLMP-791867318F,fu20spd.txt,manifestos/fu20spd.txt,Fuerth,Bayern,SPD,spd,2020.0,local election,Wahlprogramm,legacy_filename,ok,fu
GLMP-618BA2BBF4,ge20aug.txt,manifestos/ge20aug.txt,Gelsenkirchen,Nordrhein-Westfalen,AUF Gelsenkirchen,aug,2020.0,local election,Wahlprogramm,legacy_manual_override,ok,ge
GLMP-80A5E0DC97,ge20afd.txt,manifestos/ge20afd.txt,Gelsenkirchen,Nordrhein-Westfalen,Alternative für Deutschland,afd,2020.0,local election,Wahlprogramm,legacy_filename,ok,ge
GLMP-140376C311,ge20cdu.txt,manifestos/ge20cdu.txt,Gelsenkirchen,Nordrhein-Westfalen,CDU,cdu,2020.0,local election,Wahlprogramm,legacy_filename,ok,ge
GLMP-1ABD064512,ge20lin.txt,manifestos/ge20lin.txt,Gelsenkirchen,Nordrhein-Westfalen,Die Linke,lin,2020.0,local election,Wahlprogramm,legacy_filename,ok,ge
GLMP-404E93CBCD,ge20par.txt,manifestos/ge20par.txt,Gelsenkirchen,Nordrhein-Westfalen,Die Partei,par,2020.0,local election,Wahlprogramm,legacy_filename,ok,ge
GLMP-BA90B204DD,ge20gru.txt,manifestos/ge20gru.txt,Gelsenkirchen,Nordrhein-Westfalen,Grüne,gru,2020.0,local election,Wahlprogramm,legacy_filename,ok,ge
GLMP-5ECB5A46C0,ge20spd.txt,manifestos/ge20spd.txt,Gelsenkirchen,Nordrhein-Westfalen,SPD,spd,2020.0,local election,Wahlprogramm,legacy_filename,ok,ge
GLMP-A2E2A18F76,ge20tsp.txt,manifestos/ge20tsp.txt,Gelsenkirchen,Nordrhein-Westfalen,Tierschutzpartei,tsp,2020.0,local election,Wahlprogramm,legacy_filename,ok,ge
GLMP-145FAA7081,ge20win.txt,manifestos/ge20win.txt,Gelsenkirchen,Nordrhein-Westfalen,Wähler Initiative NRW,win,2020.0,local election,Wahlprogramm,legacy_filename,ok,ge
GLMP-1F6F7C9F70,gt20afd.txt,manifestos/gt20afd.txt,Gütersloh,Nordrhein-Westfalen,Alternative für Deutschland,afd,2020.0,local election,Wahlprogramm,legacy_filename,ok,gt
GLMP-6CE60169D6,gt20bfg.txt,manifestos/gt20bfg.txt,Gütersloh,Nordrhein-Westfalen,BfGT – Bürger für Gütersloh,bfg,2020.0,local election,Wahlprogramm,legacy_manual_override,ok,gt
GLMP-8E0F3450F5,gt20cdu.txt,manifestos/gt20cdu.txt,Gütersloh,Nordrhein-Westfalen,CDU,cdu,2020.0,local election,Wahlprogramm,legacy_filename,ok,gt
GLMP-743D917979,gt20lin.txt,manifestos/gt20lin.txt,Gütersloh,Nordrhein-Westfalen,Die Linke,lin,2020.0,local election,Wahlprogramm,legacy_filename,ok,gt
GLMP-35A500BACC,gt20fdp.txt,manifestos/gt20fdp.txt,Gütersloh,Nordrhein-Westfalen,FDP,fdp,2020.0,local election,Wahlprogramm,legacy_filename,ok,gt
GLMP-62F07829DE,gt20gru.txt,manifestos/gt20gru.txt,Gütersloh,Nordrhein-Westfalen,Grüne,gru,2020.0,local election,Wahlprogramm,legacy_filename,ok,gt
GLMP-B5ACDA52CB,gt20spd.txt,manifestos/gt20spd.txt,Gütersloh,Nordrhein-Westfalen,SPD,spd,2020.0,local election,Wahlprogramm,legacy_filename,ok,gt
GLMP-CAD913254F,gt20uwg.txt,manifestos/gt20uwg.txt,Gütersloh,Nordrhein-Westfalen,Unabhängige Wählergemeinschaft (UWG),uwg,2020.0,local election,Wahlprogramm,legacy_filename,ok,gt
GLMP-522BE1B935,ha20cdu.txt,manifestos/ha20cdu.txt,Hagen,Nordrhein-Westfalen,CDU,cdu,2020.0,local election,Wahlprogramm,legacy_filename,ok,ha
GLMP-FB41082B7D,ha20par.txt,manifestos/ha20par.txt,Hagen,Nordrhein-Westfalen,Die Partei,par,2020.0,local election,Wahlprogramm,legacy_filename,ok,ha
GLMP-F9F7E981CC,ha20fdp.txt,manifestos/ha20fdp.txt,Hagen,Nordrhein-Westfalen,FDP,fdp,2020.0,local election,Wahlprogramm,legacy_filename,ok,ha
GLMP-F2357056C6,ha20gru.txt,manifestos/ha20gru.txt,Hagen,Nordrhein-Westfalen,Grüne,gru,2020.0,local election,Wahlprogramm,legacy_filename,ok,ha
GLMP-4181896682,ha20hak.txt,manifestos/ha20hak.txt,Hagen,Nordrhein-Westfalen,Hagen Aktiv,hak,2020.0,local election,Wahlprogramm,legacy_manual_override,ok,ha
GLMP-682ADCD289,ha20spd.txt,manifestos/ha20spd.txt,Hagen,Nordrhein-Westfalen,SPD,spd,2020.0,local election,Wahlprogramm,legacy_filename,ok,ha
GLMP-0705965AFF,hm20afd.txt,manifestos/hm20afd.txt,Hamm,Nordrhein-Westfalen,Alternative für Deutschland,afd,2020.0,local election,Wahlprogramm,legacy_filename,ok,hm
GLMP-DB325098CC,hm20cdu.txt,manifestos/hm20cdu.txt,Hamm,Nordrhein-Westfalen,CDU,cdu,2020.0,local election,Wahlprogramm,legacy_filename,ok,hm
GLMP-06AB7C2C54,hm20lin.txt,manifestos/hm20lin.txt,Hamm,Nordrhein-Westfalen,Die Linke,lin,2020.0,local election,Wahlprogramm,legacy_filename,ok,hm
GLMP-FB9F3BEE97,hm20fdp.txt,manifestos/hm20fdp.txt,Hamm,Nordrhein-Westfalen,FDP,fdp,2020.0,local election,Wahlprogramm,legacy_filename,ok,hm
GLMP-5F7BE758B6,hm20gru.txt,manifestos/hm20gru.txt,Hamm,Nordrhein-Westfalen,Grüne,gru,2020.0,local election,Wahlprogramm,legacy_filename,ok,hm
GLMP-DE9CD63D06,hm20prh.txt,manifestos/hm20prh.txt,Hamm,Nordrhein-Westfalen,Pro Hamm,prh,2020.0,local election,Wahlprogramm,legacy_filename,ok,hm
GLMP-D27C830B33,hm20spd.txt,manifestos/hm20spd.txt,Hamm,Nordrhein-Westfalen,SPD,spd,2020.0,local election,Wahlprogramm,legacy_filename,ok,hm
GLMP-89FD46FA0D,he20cdu.txt,manifestos/he20cdu.txt,Herne,Nordrhein-Westfalen,CDU,cdu,2020.0,local election,Wahlprogramm,legacy_filename,ok,he
GLMP-05AD649BB3,he20lin.txt,manifestos/he20lin.txt,Herne,Nordrhein-Westfalen,Die Linke,lin,2020.0,local election,Wahlprogramm,legacy_filename,ok,he
GLMP-ECC0192341,he20fdp.txt,manifestos/he20fdp.txt,Herne,Nordrhein-Westfalen,FDP,fdp,2020.0,local election,Wahlprogramm,legacy_filename,ok,he
GLMP-519831F639,he20gru.txt,manifestos/he20gru.txt,Herne,Nordrhein-Westfalen,Grüne,gru,2020.0,local election,Wahlprogramm,legacy_filename,ok,he
GLMP-68CE770F10,he20pir.txt,manifestos/he20pir.txt,Herne,Nordrhein-Westfalen,Piraten,pir,2020.0,local election,Wahlprogramm,legacy_filename,ok,he
GLMP-19A24DE27A,he20spd.txt,manifestos/he20spd.txt,Herne,Nordrhein-Westfalen,SPD,spd,2020.0,local election,Wahlprogramm,legacy_filename,ok,he
GLMP-0FA6904CDC,he20wwh.txt,manifestos/he20wwh.txt,Herne,Nordrhein-Westfalen,Wählergemeinschaft Wanne-Herne,wwh,2020.0,local election,Wahlprogramm,legacy_manual_override,ok,he
GLMP-E76DD4B8CF,in20afd.txt,manifestos/in20afd.txt,Ingolstadt,Bayern,Alternative für Deutschland,afd,2020.0,local election,Wahlprogramm,legacy_filename,ok,in
GLMP-394E40D9C6,in20bgi.txt,manifestos/in20bgi.txt,Ingolstadt,Bayern,Bürgergemeinschaft Ingolstadt,bgi,2020.0,local election,Wahlprogramm,legacy_filename,ok,in
GLMP-12EDE2F474,in20csu.txt,manifestos/in20csu.txt,Ingolstadt,Bayern,CSU,csu,2020.0,local election,Wahlprogramm,legacy_filename,ok,in
GLMP-0AE74EB6BF,in20lin.txt,manifestos/in20lin.txt,Ingolstadt,Bayern,Die Linke,lin,2020.0,local election,Wahlprogramm,legacy_filename,ok,in
GLMP-036E8B8C97,in20fdp.txt,manifestos/in20fdp.txt,Ingolstadt,Bayern,FDP,fdp,2020.0,local election,Wahlprogramm,legacy_filename,ok,in
GLMP-ABAA9A3C6A,in20fwg.txt,manifestos/in20fwg.txt,Ingolstadt,Bayern,Freie Wähler,fwg,2020.0,local election,Wahlprogramm,legacy_filename,ok,in
GLMP-E0DA168B01,in20gru.txt,manifestos/in20gru.txt,Ingolstadt,Bayern,Grüne,gru,2020.0,local election,Wahlprogramm,legacy_filename,ok,in
GLMP-FA25CE54BF,in20juu.txt,manifestos/in20juu.txt,Ingolstadt,Bayern,Junge Union,juu,2020.0,local election,Wahlprogramm,legacy_filename,ok,in
GLMP-8D754444D0,in20spd.txt,manifestos/in20spd.txt,Ingolstadt,Bayern,SPD,spd,2020.0,local election,Wahlprogramm,legacy_filename,ok,in
GLMP-09A6A88DFF,in20udi.txt,manifestos/in20udi.txt,Ingolstadt,Bayern,Unabhängige Demokraten Ingolstadts,udi,2020.0,local election,Wahlprogramm,legacy_manual_override,ok,in
GLMP-7D40000FBE,in20odp.txt,manifestos/in20odp.txt,Ingolstadt,Bayern,Ökologisch-Demokratische Partei (ÖDP),odp,2020.0,local election,Wahlprogramm,legacy_filename,ok,in
GLMP-BD221909B2,ko20afd.txt,manifestos/ko20afd.txt,Koeln,Nordrhein-Westfalen,Alternative für Deutschland,afd,2020.0,local election,Wahlprogramm,legacy_filename,ok,ko
GLMP-5A8FD49EC2,ko20cdu.txt,manifestos/ko20cdu.txt,Koeln,Nordrhein-Westfalen,CDU,cdu,2020.0,local election,Wahlprogramm,legacy_filename,ok,ko
GLMP-344ECCA749,ko20gut.txt,manifestos/ko20gut.txt,Koeln,Nordrhein-Westfalen,Die Guten,gut,2020.0,local election,Wahlprogramm,legacy_filename,ok,ko
GLMP-2B0A2AAA5B,ko20lin.txt,manifestos/ko20lin.txt,Koeln,Nordrhein-Westfalen,Die Linke,lin,2020.0,local election,Wahlprogramm,legacy_filename,ok,ko
GLMP-AA41379AAE,ko20par.txt,manifestos/ko20par.txt,Koeln,Nordrhein-Westfalen,Die Partei,par,2020.0,local election,Wahlprogramm,legacy_filename,ok,ko
GLMP-647F4C3F55,ko20fdp.txt,manifestos/ko20fdp.txt,Koeln,Nordrhein-Westfalen,FDP,fdp,2020.0,local election,Wahlprogramm,legacy_filename,ok,ko
GLMP-111053B495,ko20fwg.txt,manifestos/ko20fwg.txt,Koeln,Nordrhein-Westfalen,Freie Wähler,fwg,2020.0,local election,Wahlprogramm,legacy_filename,ok,ko
GLMP-17DFA8212B,ko20gru.txt,manifestos/ko20gru.txt,Koeln,Nordrhein-Westfalen,Grüne,gru,2020.0,local election,Wahlprogramm,legacy_filename,ok,ko
GLMP-CD10E93638,ko20kli.txt,manifestos/ko20kli.txt,Koeln,Nordrhein-Westfalen,Klima Freunde Köln,kli,2020.0,local election,Wahlprogramm,legacy_manual_override,ok,ko
GLMP-00AC8F3318,ko20spd.txt,manifestos/ko20spd.txt,Koeln,Nordrhein-Westfalen,SPD,spd,2020.0,local election,Wahlprogramm,legacy_filename,ok,ko
GLMP-0D7C8D79B9,ko20vlt.txt,manifestos/ko20vlt.txt,Koeln,Nordrhein-Westfalen,Volt,vlt,2020.0,local election,Wahlprogramm,legacy_filename,ok,ko
GLMP-5527917335,ko20odp.txt,manifestos/ko20odp.txt,Koeln,Nordrhein-Westfalen,Ökologisch-Demokratische Partei (ÖDP),odp,2020.0,local election,Wahlprogramm,legacy_filename,ok,ko
GLMP-2555E5CAFC,kr20afd.txt,manifestos/kr20afd.txt,Krefeld,Nordrhein-Westfalen,Alternative für Deutschland,afd,2020.0,local election,Wahlprogramm,legacy_filename,ok,kr
GLMP-7598E59ADB,kr20bob.txt,manifestos/kr20bob.txt,Krefeld,Nordrhein-Westfalen,Bündnis Oberhausen Bürger,bob,2020.0,local election,Wahlprogramm,legacy_filename,ok,kr
GLMP-789BE82A75,kr20cdu.txt,manifestos/kr20cdu.txt,Krefeld,Nordrhein-Westfalen,CDU,cdu,2020.0,local election,Wahlprogramm,legacy_filename,ok,kr
GLMP-2326B32620,kr20dkp.txt,manifestos/kr20dkp.txt,Krefeld,Nordrhein-Westfalen,Deutsche Kommunistische Partei,dkp,2020.0,local election,Wahlprogramm,legacy_filename,ok,kr
GLMP-81538EEECE,kr20fdp.txt,manifestos/kr20fdp.txt,Krefeld,Nordrhein-Westfalen,FDP,fdp,2020.0,local election,Wahlprogramm,legacy_filename,ok,kr
GLMP-619B48B7E4,kr20gru.txt,manifestos/kr20gru.txt,Krefeld,Nordrhein-Westfalen,Grüne,gru,2020.0,local election,Wahlprogramm,legacy_filename,ok,kr
GLMP-8B84556D78,kr20spd.txt,manifestos/kr20spd.txt,Krefeld,Nordrhein-Westfalen,SPD,spd,2020.0,local election,Wahlprogramm,legacy_filename,ok,kr
GLMP-5C4084D818,kr20wir.txt,manifestos/kr20wir.txt,Krefeld,Nordrhein-Westfalen,WIR,wir,2020.0,local election,Wahlprogramm,legacy_filename,ok,kr
GLMP-7F589F9F9A,kr20wuz.txt,manifestos/kr20wuz.txt,Krefeld,Nordrhein-Westfalen,Wählergemeinschaft Unsere Zukunft,wuz,2020.0,local election,Wahlprogramm,legacy_manual_override,ok,kr
GLMP-1264930358,le20afd.txt,manifestos/le20afd.txt,Leverkusen,Nordrhein-Westfalen,Alternative für Deutschland,afd,2020.0,local election,Wahlprogramm,legacy_filename,ok,le
GLMP-6C0B80693E,le20bli.txt,manifestos/le20bli.txt,Leverkusen,Nordrhein-Westfalen,Bürgerliste Freie Wähler,bli,2020.0,local election,Wahlprogramm,legacy_filename,ok,le
GLMP-6E9991343D,le20cdu.txt,manifestos/le20cdu.txt,Leverkusen,Nordrhein-Westfalen,CDU,cdu,2020.0,local election,Wahlprogramm,legacy_filename,ok,le
GLMP-E64569E210,le20par.txt,manifestos/le20par.txt,Leverkusen,Nordrhein-Westfalen,Die Partei,par,2020.0,local election,Wahlprogramm,legacy_filename,ok,le
GLMP-39035D05B1,le20fdp.txt,manifestos/le20fdp.txt,Leverkusen,Nordrhein-Westfalen,FDP,fdp,2020.0,local election,Wahlprogramm,legacy_filename,ok,le
GLMP-C881842266,le20gru.txt,manifestos/le20gru.txt,Leverkusen,Nordrhein-Westfalen,Grüne,gru,2020.0,local election,Wahlprogramm,legacy_filename,ok,le
GLMP-3667519B87,le20kld.txt,manifestos/le20kld.txt,Leverkusen,Nordrhein-Westfalen,Klima Liste (Düsseldorf),kld,2020.0,local election,Wahlprogramm,legacy_filename,ok,le
GLMP-B8BD4AA82A,le20lpp.txt,manifestos/le20lpp.txt,Leverkusen,Nordrhein-Westfalen,Leverkusener Liste,lpp,2020.0,local election,Wahlprogramm,legacy_manual_override,ok,le
GLMP-7AD3830AE7,le20poo.txt,manifestos/le20poo.txt,Leverkusen,Nordrhein-Westfalen,Opladen Plus,poo,2020.0,local election,Wahlprogramm,legacy_filename,ok,le
GLMP-B54C6EC2EF,le20spd.txt,manifestos/le20spd.txt,Leverkusen,Nordrhein-Westfalen,SPD,spd,2020.0,local election,Wahlprogramm,legacy_filename,ok,le
GLMP-3FD29C1472,mg20afd.txt,manifestos/mg20afd.txt,Moenchengladbach,Nordrhein-Westfalen,Alternative für Deutschland,afd,2020.0,local election,Wahlprogramm,legacy_filename,ok,mg
GLMP-BC95A0013F,mg20cdu.txt,manifestos/mg20cdu.txt,Moenchengladbach,Nordrhein-Westfalen,CDU,cdu,2020.0,local election,Wahlprogramm,legacy_filename,ok,mg
GLMP-4CDA7BC069,mg20lin.txt,manifestos/mg20lin.txt,Moenchengladbach,Nordrhein-Westfalen,Die Linke,lin,2020.0,local election,Wahlprogramm,legacy_filename,ok,mg
GLMP-D7DB42160E,mg20par.txt,manifestos/mg20par.txt,Moenchengladbach,Nordrhein-Westfalen,Die Partei,par,2020.0,local election,Wahlprogramm,legacy_filename,ok,mg
GLMP-8B8FEA8CAF,mg20fdp.txt,manifestos/mg20fdp.txt,Moenchengladbach,Nordrhein-Westfalen,FDP,fdp,2020.0,local election,Wahlprogramm,legacy_filename,ok,mg
GLMP-2E65CF208B,mg20gru.txt,manifestos/mg20gru.txt,Moenchengladbach,Nordrhein-Westfalen,Grüne,gru,2020.0,local election,Wahlprogramm,legacy_filename,ok,mg
GLMP-C652A60395,mg20spd.txt,manifestos/mg20spd.txt,Moenchengladbach,Nordrhein-Westfalen,SPD,spd,2020.0,local election,Wahlprogramm,legacy_filename,ok,mg
GLMP-3711C44404,mo20cdu.txt,manifestos/mo20cdu.txt,Moers,Nordrhein-Westfalen,CDU,cdu,2020.0,local election,Wahlprogramm,legacy_filename,ok,mo
GLMP-80F1CD5F60,mo20lin.txt,manifestos/mo20lin.txt,Moers,Nordrhein-Westfalen,Die Linke,lin,2020.0,local election,Wahlprogramm,legacy_filename,ok,mo
GLMP-84978D4012,mo20par.txt,manifestos/mo20par.txt,Moers,Nordrhein-Westfalen,Die Partei,par,2020.0,local election,Wahlprogramm,legacy_filename,ok,mo
GLMP-4E7658DD53,mo20fdp.txt,manifestos/mo20fdp.txt,Moers,Nordrhein-Westfalen,FDP,fdp,2020.0,local election,Wahlprogramm,legacy_filename,ok,mo
GLMP-7F77804798,mo20fbm.txt,manifestos/mo20fbm.txt,Moers,Nordrhein-Westfalen,Freie Bürgerliste Moers,fbm,2020.0,local election,Wahlprogramm,legacy_manual_override,ok,mo
GLMP-F9F915CD7F,mo20gra.txt,manifestos/mo20gra.txt,Moers,Nordrhein-Westfalen,Grün Alternativ Links (Lübeck),gra,2020.0,local election,Wahlprogramm,legacy_filename,ok,mo
GLMP-73057ED193,mo20gru.txt,manifestos/mo20gru.txt,Moers,Nordrhein-Westfalen,Grüne,gru,2020.0,local election,Wahlprogramm,legacy_filename,ok,mo
GLMP-7A6FB11EE6,mo20spd.txt,manifestos/mo20spd.txt,Moers,Nordrhein-Westfalen,SPD,spd,2020.0,local election,Wahlprogramm,legacy_filename,ok,mo
GLMP-52B7F9B05C,mh20bam.txt,manifestos/mh20bam.txt,Muelheim an der Ruhr,Nordrhein-Westfalen,Bürgerlicher Aufbruch Mülheim an der Ruhr,bam,2020.0,local election,Wahlprogramm,legacy_manual_override,ok,mh
GLMP-D128EE2416,mh20cdu.txt,manifestos/mh20cdu.txt,Muelheim an der Ruhr,Nordrhein-Westfalen,CDU,cdu,2020.0,local election,Wahlprogramm,legacy_filename,ok,mh
GLMP-CBBD690BF6,mh20fdp.txt,manifestos/mh20fdp.txt,Muelheim an der Ruhr,Nordrhein-Westfalen,FDP,fdp,2020.0,local election,Wahlprogramm,legacy_filename,ok,mh
GLMP-5360910BA3,mh20gru.txt,manifestos/mh20gru.txt,Muelheim an der Ruhr,Nordrhein-Westfalen,Grüne,gru,2020.0,local election,Wahlprogramm,legacy_filename,ok,mh
GLMP-B4F8228188,mh20mbi.txt,manifestos/mh20mbi.txt,Muelheim an der Ruhr,Nordrhein-Westfalen,Mülheimer Bürger Initiative,mbi,2020.0,local election,Wahlprogramm,legacy_filename,ok,mh
GLMP-69FBA83E71,mh20spd.txt,manifestos/mh20spd.txt,Muelheim an der Ruhr,Nordrhein-Westfalen,SPD,spd,2020.0,local election,Wahlprogramm,legacy_filename,ok,mh
GLMP-E7C0D2F892,mu20afd.txt,manifestos/mu20afd.txt,Muenchen,Bayern,Alternative für Deutschland,afd,2020.0,local election,Wahlprogramm,legacy_filename,ok,mu
GLMP-7D4BB208B5,mu20byp.txt,manifestos/mu20byp.txt,Muenchen,Bayern,Bayern-Partei,byp,2020.0,local election,Wahlprogramm,legacy_filename,ok,mu
GLMP-E1E4A568B6,mu20bia.txt,manifestos/mu20bia.txt,Muenchen,Bayern,Bürgerinitiative Ausländerstopp,bia,2020.0,local election,Wahlprogramm,legacy_filename,ok,mu
GLMP-8FBCF5A0F1,mu20csu.txt,manifestos/mu20csu.txt,Muenchen,Bayern,CSU,csu,2020.0,local election,Wahlprogramm,legacy_filename,ok,mu
GLMP-7842B70FB7,mu20lin.txt,manifestos/mu20lin.txt,Muenchen,Bayern,Die Linke,lin,2020.0,local election,Wahlprogramm,legacy_filename,ok,mu
GLMP-4099FE89DB,mu20par.txt,manifestos/mu20par.txt,Muenchen,Bayern,Die Partei,par,2020.0,local election,Wahlprogramm,legacy_filename,ok,mu
GLMP-A234A8A4D5,mu20fdp.txt,manifestos/mu20fdp.txt,Muenchen,Bayern,FDP,fdp,2020.0,local election,Wahlprogramm,legacy_filename,ok,mu
GLMP-D487B48C2F,mu20fwg.txt,manifestos/mu20fwg.txt,Muenchen,Bayern,Freie Wähler,fwg,2020.0,local election,Wahlprogramm,legacy_filename,ok,mu
GLMP-C655CAAC15,mu20gru.txt,manifestos/mu20gru.txt,Muenchen,Bayern,Grüne,gru,2020.0,local election,Wahlprogramm,legacy_filename,ok,mu
GLMP-D2738A148C,mu20mul.txt,manifestos/mu20mul.txt,Muenchen,Bayern,Münchner Liste,mul,2020.0,local election,Wahlprogramm,legacy_manual_override,ok,mu
GLMP-4BFAA18204,mu20rlm.txt,manifestos/mu20rlm.txt,Muenchen,Bayern,Rosa Liste München,rlm,2020.0,local election,Wahlprogramm,legacy_manual_override,ok,mu
GLMP-C6EFDDFA6B,mu20spd.txt,manifestos/mu20spd.txt,Muenchen,Bayern,SPD,spd,2020.0,local election,Wahlprogramm,legacy_filename,ok,mu
GLMP-368A30F82A,mu20vlt.txt,manifestos/mu20vlt.txt,Muenchen,Bayern,Volt,vlt,2020.0,local election,Wahlprogramm,legacy_filename,ok,mu
GLMP-BD7B2E9631,mu20mut.txt,manifestos/mu20mut.txt,Muenchen,Bayern,mut,mut,2020.0,local election,Wahlprogramm,legacy_manual_override,ok,mu
GLMP-F3619C8573,mu20odp.txt,manifestos/mu20odp.txt,Muenchen,Bayern,Ökologisch-Demokratische Partei (ÖDP),odp,2020.0,local election,Wahlprogramm,legacy_filename,ok,mu
GLMP-9E83F2DEBA,ms20cdu.txt,manifestos/ms20cdu.txt,Muenster,Nordrhein-Westfalen,CDU,cdu,2020.0,local election,Wahlprogramm,legacy_filename,ok,ms
GLMP-01E94778FD,ms20lin.txt,manifestos/ms20lin.txt,Muenster,Nordrhein-Westfalen,Die Linke,lin,2020.0,local election,Wahlprogramm,legacy_filename,ok,ms
GLMP-0D49D4479F,ms20par.txt,manifestos/ms20par.txt,Muenster,Nordrhein-Westfalen,Die Partei,par,2020.0,local election,Wahlprogramm,legacy_filename,ok,ms
GLMP-3FAE7145D5,ms20fdp.txt,manifestos/ms20fdp.txt,Muenster,Nordrhein-Westfalen,FDP,fdp,2020.0,local election,Wahlprogramm,legacy_filename,ok,ms
GLMP-B6C2FE1436,ms20gru.txt,manifestos/ms20gru.txt,Muenster,Nordrhein-Westfalen,Grüne,gru,2020.0,local election,Wahlprogramm,legacy_filename,ok,ms
GLMP-F432E98659,ms20mib.txt,manifestos/ms20mib.txt,Muenster,Nordrhein-Westfalen,Münster ist bunt und international,mib,2020.0,local election,Wahlprogramm,legacy_manual_override,ok,ms
GLMP-D48DDB8392,ms20pir.txt,manifestos/ms20pir.txt,Muenster,Nordrhein-Westfalen,Piraten,pir,2020.0,local election,Wahlprogramm,legacy_filename,ok,ms
GLMP-8D82489977,ms20spd.txt,manifestos/ms20spd.txt,Muenster,Nordrhein-Westfalen,SPD,spd,2020.0,local election,Wahlprogramm,legacy_filename,ok,ms
GLMP-C5C58FD8D4,ms20vlt.txt,manifestos/ms20vlt.txt,Muenster,Nordrhein-Westfalen,Volt,vlt,2020.0,local election,Wahlprogramm,legacy_filename,ok,ms
GLMP-B945D0B39A,ms20odp.txt,manifestos/ms20odp.txt,Muenster,Nordrhein-Westfalen,Ökologisch-Demokratische Partei (ÖDP),odp,2020.0,local election,Wahlprogramm,legacy_filename,ok,ms
GLMP-BD3D71E53C,ne20cdu.txt,manifestos/ne20cdu.txt,Neuss,Nordrhein-Westfalen,CDU,cdu,2020.0,local election,Wahlprogramm,legacy_filename,ok,ne
GLMP-BDD8193346,ne20dzp.txt,manifestos/ne20dzp.txt,Neuss,Nordrhein-Westfalen,Deutsche Zentrumspartei,dzp,2020.0,local election,Wahlprogramm,legacy_manual_override,ok,ne
GLMP-CD1B1C07B1,ne20lin.txt,manifestos/ne20lin.txt,Neuss,Nordrhein-Westfalen,Die Linke,lin,2020.0,local election,Wahlprogramm,legacy_filename,ok,ne
GLMP-8E7FDCE1E4,ne20fdp.txt,manifestos/ne20fdp.txt,Neuss,Nordrhein-Westfalen,FDP,fdp,2020.0,local election,Wahlprogramm,legacy_filename,ok,ne
GLMP-C98A440ED2,ne20gru.txt,manifestos/ne20gru.txt,Neuss,Nordrhein-Westfalen,Grüne,gru,2020.0,local election,Wahlprogramm,legacy_filename,ok,ne
GLMP-9B22282C58,ne20spd.txt,manifestos/ne20spd.txt,Neuss,Nordrhein-Westfalen,SPD,spd,2020.0,local election,Wahlprogramm,legacy_filename,ok,ne
GLMP-0A775D98DB,ne20tsh.txt,manifestos/ne20tsh.txt,Neuss,Nordrhein-Westfalen,Tierschutzpartei,tsh,2020.0,local election,Wahlprogramm,legacy_manual_override,ok,ne
GLMP-3ED8034752,ne20uwg.txt,manifestos/ne20uwg.txt,Neuss,Nordrhein-Westfalen,Unabhängige Wählergemeinschaft (UWG),uwg,2020.0,local election,Wahlprogramm,legacy_filename,ok,ne
GLMP-C9D386255B,nu20afd.txt,manifestos/nu20afd.txt,Nuernberg,Bayern,Alternative für Deutschland,afd,2020.0,local election,Wahlprogramm,legacy_filename,ok,nu
GLMP-2DF52E7D26,nu20bia.txt,manifestos/nu20bia.txt,Nuernberg,Bayern,Bürgerinitiative Ausländerstopp,bia,2020.0,local election,Wahlprogramm,legacy_filename,ok,nu
GLMP-477857170A,nu20csu.txt,manifestos/nu20csu.txt,Nuernberg,Bayern,CSU,csu,2020.0,local election,Wahlprogramm,legacy_filename,ok,nu
GLMP-1F0170BB53,nu20lin.txt,manifestos/nu20lin.txt,Nuernberg,Bayern,Die Linke,lin,2020.0,local election,Wahlprogramm,legacy_filename,ok,nu
GLMP-DA388CCDAA,nu20lil.txt,manifestos/nu20lil.txt,Nuernberg,Bayern,Die aNDERE,lil,2020.0,local election,Wahlprogramm,legacy_manual_override,ok,nu
GLMP-8CB7EF2B10,nu20fdp.txt,manifestos/nu20fdp.txt,Nuernberg,Bayern,FDP,fdp,2020.0,local election,Wahlprogramm,legacy_filename,ok,nu
GLMP-1390C10C35,nu20fwg.txt,manifestos/nu20fwg.txt,Nuernberg,Bayern,Freie Wähler,fwg,2020.0,local election,Wahlprogramm,legacy_filename,ok,nu
GLMP-82B8BAFD82,nu20gru.txt,manifestos/nu20gru.txt,Nuernberg,Bayern,Grüne,gru,2020.0,local election,Wahlprogramm,legacy_filename,ok,nu
GLMP-7DD8B24358,nu20pir.txt,manifestos/nu20pir.txt,Nuernberg,Bayern,Piraten,pir,2020.0,local election,Wahlprogramm,legacy_filename,ok,nu
GLMP-DE76B64D45,nu20spd.txt,manifestos/nu20spd.txt,Nuernberg,Bayern,SPD,spd,2020.0,local election,Wahlprogramm,legacy_filename,ok,nu
GLMP-626EEA5E94,nu20odp.txt,manifestos/nu20odp.txt,Nuernberg,Bayern,Ökologisch-Demokratische Partei (ÖDP),odp,2020.0,local election,Wahlprogramm,legacy_filename,ok,nu
GLMP-28DC18C7EC,ob20cdu.txt,manifestos/ob20cdu.txt,Oberhausen,Nordrhein-Westfalen,CDU,cdu,2020.0,local election,Wahlprogramm,legacy_filename,ok,ob
GLMP-E014CBBB22,ob20lin.txt,manifestos/ob20lin.txt,Oberhausen,Nordrhein-Westfalen,Die Linke,lin,2020.0,local election,Wahlprogramm,legacy_filename,ok,ob
GLMP-CEE4823B42,ob20vio.txt,manifestos/ob20vio.txt,Oberhausen,Nordrhein-Westfalen,Die Violetten,vio,2020.0,local election,Wahlprogramm,legacy_manual_override,ok,ob
GLMP-6BDAD5A49D,ob20gru.txt,manifestos/ob20gru.txt,Oberhausen,Nordrhein-Westfalen,Grüne,gru,2020.0,local election,Wahlprogramm,legacy_filename,ok,ob
GLMP-96E69DAB6F,ob20spd.txt,manifestos/ob20spd.txt,Oberhausen,Nordrhein-Westfalen,SPD,spd,2020.0,local election,Wahlprogramm,legacy_filename,ok,ob
GLMP-C4C47E3033,pb20afd.txt,manifestos/pb20afd.txt,Paderborn,Nordrhein-Westfalen,Alternative für Deutschland,afd,2020.0,local election,Wahlprogramm,legacy_filename,ok,pb
GLMP-3D8287A901,pb20cdu.txt,manifestos/pb20cdu.txt,Paderborn,Nordrhein-Westfalen,CDU,cdu,2020.0,local election,Wahlprogramm,legacy_filename,ok,pb
GLMP-7991BF04CE,pb20lin.txt,manifestos/pb20lin.txt,Paderborn,Nordrhein-Westfalen,Die Linke,lin,2020.0,local election,Wahlprogramm,legacy_filename,ok,pb
GLMP-40A3628622,pb20par.txt,manifestos/pb20par.txt,Paderborn,Nordrhein-Westfalen,Die Partei,par,2020.0,local election,Wahlprogramm,legacy_filename,ok,pb
GLMP-EF5552BE53,pb20fdp.txt,manifestos/pb20fdp.txt,Paderborn,Nordrhein-Westfalen,FDP,fdp,2020.0,local election,Wahlprogramm,legacy_filename,ok,pb
GLMP-E3EF68E7F7,pb20fbi.txt,manifestos/pb20fbi.txt,Paderborn,Nordrhein-Westfalen,Freie Bürger Initiative,fbi,2020.0,local election,Wahlprogramm,legacy_filename,ok,pb
GLMP-708EDDC118,pb20fpb.txt,manifestos/pb20fpb.txt,Paderborn,Nordrhein-Westfalen,Für Paderborn,fpb,2020.0,local election,Wahlprogramm,legacy_filename,ok,pb
GLMP-A37D37CE5A,pb20gru.txt,manifestos/pb20gru.txt,Paderborn,Nordrhein-Westfalen,Grüne,gru,2020.0,local election,Wahlprogramm,legacy_filename,ok,pb
GLMP-BDCA211C12,pb20spd.txt,manifestos/pb20spd.txt,Paderborn,Nordrhein-Westfalen,SPD,spd,2020.0,local election,Wahlprogramm,legacy_filename,ok,pb
GLMP-D3C5601AFC,pb20vlt.txt,manifestos/pb20vlt.txt,Paderborn,Nordrhein-Westfalen,Volt,vlt,2020.0,local election,Wahlprogramm,legacy_filename,ok,pb
GLMP-B7A26797FD,re20cdu.txt,manifestos/re20cdu.txt,Recklinghausen,Nordrhein-Westfalen,CDU,cdu,2020.0,local election,Wahlprogramm,legacy_filename,ok,re
GLMP-B38639874B,re20phd.txt,manifestos/re20phd.txt,Recklinghausen,Nordrhein-Westfalen,Die Holisten,phd,2020.0,local election,Wahlprogramm,legacy_manual_override,ok,re
GLMP-C557CCE56C,re20fdp.txt,manifestos/re20fdp.txt,Recklinghausen,Nordrhein-Westfalen,FDP,fdp,2020.0,local election,Wahlprogramm,legacy_filename,ok,re
GLMP-B9D8390F0B,re20gru.txt,manifestos/re20gru.txt,Recklinghausen,Nordrhein-Westfalen,Grüne,gru,2020.0,local election,Wahlprogramm,legacy_filename,ok,re
GLMP-729344B346,re20spd.txt,manifestos/re20spd.txt,Recklinghausen,Nordrhein-Westfalen,SPD,spd,2020.0,local election,Wahlprogramm,legacy_filename,ok,re
GLMP-FB68EAA629,re20ubp.txt,manifestos/re20ubp.txt,Recklinghausen,Nordrhein-Westfalen,Unabhängige-Bürger-Partei,ubp,2020.0,local election,Wahlprogramm,legacy_filename,ok,re
GLMP-8050C2340B,rg20brk.txt,manifestos/rg20brk.txt,Regensburg,Bayern,Brücke – Ideen verbinden Menschen e.V.,brk,2020.0,local election,Wahlprogramm,legacy_manual_override,ok,rg
GLMP-D41CA0830F,rg20csu.txt,manifestos/rg20csu.txt,Regensburg,Bayern,CSU,csu,2020.0,local election,Wahlprogramm,legacy_filename,ok,rg
GLMP-35FEBBE0D0,rg20csb.txt,manifestos/rg20csb.txt,Regensburg,Bayern,Christiliche-Soziale Bürger,csb,2020.0,local election,Wahlprogramm,legacy_filename,ok,rg
GLMP-11A2280D5E,rg20lin.txt,manifestos/rg20lin.txt,Regensburg,Bayern,Die Linke,lin,2020.0,local election,Wahlprogramm,legacy_filename,ok,rg
GLMP-2C0BF9E6CD,rg20par.txt,manifestos/rg20par.txt,Regensburg,Bayern,Die Partei,par,2020.0,local election,Wahlprogramm,legacy_filename,ok,rg
GLMP-7A9452D433,rg20fdp.txt,manifestos/rg20fdp.txt,Regensburg,Bayern,FDP,fdp,2020.0,local election,Wahlprogramm,legacy_filename,ok,rg
GLMP-B106C9E6FA,rg20fwg.txt,manifestos/rg20fwg.txt,Regensburg,Bayern,Freie Wähler,fwg,2020.0,local election,Wahlprogramm,legacy_filename,ok,rg
GLMP-30FB51FBA9,rg20gru.txt,manifestos/rg20gru.txt,Regensburg,Bayern,Grüne,gru,2020.0,local election,Wahlprogramm,legacy_filename,ok,rg
GLMP-A08DDAAE7E,rg20spd.txt,manifestos/rg20spd.txt,Regensburg,Bayern,SPD,spd,2020.0,local election,Wahlprogramm,legacy_filename,ok,rg
GLMP-E7BF68D466,rg20odp.txt,manifestos/rg20odp.txt,Regensburg,Bayern,Ökologisch-Demokratische Partei (ÖDP),odp,2020.0,local election,Wahlprogramm,legacy_filename,ok,rg
GLMP-E445B21E59,rs20cdu.txt,manifestos/rs20cdu.txt,Remscheid,Nordrhein-Westfalen,CDU,cdu,2020.0,local election,Wahlprogramm,legacy_filename,ok,rs
GLMP-1CEC44511D,rs20lin.txt,manifestos/rs20lin.txt,Remscheid,Nordrhein-Westfalen,Die Linke,lin,2020.0,local election,Wahlprogramm,legacy_filename,ok,rs
GLMP-7213D1E2F1,rs20ers.txt,manifestos/rs20ers.txt,Remscheid,Nordrhein-Westfalen,Echt Remscheid,ers,2020.0,local election,Wahlprogramm,legacy_filename,ok,rs
GLMP-4F2A0ABD8C,rs20fdp.txt,manifestos/rs20fdp.txt,Remscheid,Nordrhein-Westfalen,FDP,fdp,2020.0,local election,Wahlprogramm,legacy_filename,ok,rs
GLMP-8DF170FCFA,rs20gru.txt,manifestos/rs20gru.txt,Remscheid,Nordrhein-Westfalen,Grüne,gru,2020.0,local election,Wahlprogramm,legacy_filename,ok,rs
GLMP-B646AD1443,rs20spd.txt,manifestos/rs20spd.txt,Remscheid,Nordrhein-Westfalen,SPD,spd,2020.0,local election,Wahlprogramm,legacy_filename,ok,rs
GLMP-83A3CF0524,rs20wir.txt,manifestos/rs20wir.txt,Remscheid,Nordrhein-Westfalen,Wählergemeinschaft in Remscheid (W.i.R.),wir,2020.0,local election,Wahlprogramm,legacy_filename,ok,rs
GLMP-36350F590A,si20cdu.txt,manifestos/si20cdu.txt,Siegen,Nordrhein-Westfalen,CDU,cdu,2020.0,local election,Wahlprogramm,legacy_filename,ok,si
GLMP-6B01EF1F50,si20lin.txt,manifestos/si20lin.txt,Siegen,Nordrhein-Westfalen,Die Linke,lin,2020.0,local election,Wahlprogramm,legacy_filename,ok,si
GLMP-1D7E571FFB,si20fdp.txt,manifestos/si20fdp.txt,Siegen,Nordrhein-Westfalen,FDP,fdp,2020.0,local election,Wahlprogramm,legacy_filename,ok,si
GLMP-D1991BE4F6,si20gru.txt,manifestos/si20gru.txt,Siegen,Nordrhein-Westfalen,Grüne,gru,2020.0,local election,Wahlprogramm,legacy_filename,ok,si
GLMP-7839040100,si20spd.txt,manifestos/si20spd.txt,Siegen,Nordrhein-Westfalen,SPD,spd,2020.0,local election,Wahlprogramm,legacy_filename,ok,si
GLMP-9BFFA213F1,si20vlt.txt,manifestos/si20vlt.txt,Siegen,Nordrhein-Westfalen,Volt,vlt,2020.0,local election,Wahlprogramm,legacy_filename,ok,si
GLMP-804F2C2630,sg20abi.txt,manifestos/sg20abi.txt,Solingen,Nordrhein-Westfalen,Alternative Bürgerinitiative (ABI),abi,2020.0,local election,Wahlprogramm,legacy_manual_override,ok,sg
GLMP-E4531144AA,sg20afd.txt,manifestos/sg20afd.txt,Solingen,Nordrhein-Westfalen,Alternative für Deutschland,afd,2020.0,local election,Wahlprogramm,legacy_filename,ok,sg
GLMP-7E1E6B5804,sg20cdu.txt,manifestos/sg20cdu.txt,Solingen,Nordrhein-Westfalen,CDU,cdu,2020.0,local election,Wahlprogramm,legacy_filename,ok,sg
GLMP-CA8314B800,sg20lin.txt,manifestos/sg20lin.txt,Solingen,Nordrhein-Westfalen,Die Linke,lin,2020.0,local election,Wahlprogramm,legacy_filename,ok,sg
GLMP-0B04578AD0,sg20par.txt,manifestos/sg20par.txt,Solingen,Nordrhein-Westfalen,Die Partei,par,2020.0,local election,Wahlprogramm,legacy_filename,ok,sg
GLMP-0E0C8478BD,sg20fdp.txt,manifestos/sg20fdp.txt,Solingen,Nordrhein-Westfalen,FDP,fdp,2020.0,local election,Wahlprogramm,legacy_filename,ok,sg
GLMP-D70E3897B8,sg20fbu.txt,manifestos/sg20fbu.txt,Solingen,Nordrhein-Westfalen,Freie Bürger Union,fbu,2020.0,local election,Wahlprogramm,legacy_filename,ok,sg
GLMP-FC3171DE0E,sg20gru.txt,manifestos/sg20gru.txt,Solingen,Nordrhein-Westfalen,Grüne,gru,2020.0,local election,Wahlprogramm,legacy_filename,ok,sg
GLMP-12F45EEE1A,sg20spd.txt,manifestos/sg20spd.txt,Solingen,Nordrhein-Westfalen,SPD,spd,2020.0,local election,Wahlprogramm,legacy_filename,ok,sg
GLMP-F72E20F065,sg20sla.txt,manifestos/sg20sla.txt,Solingen,Nordrhein-Westfalen,Solingen Aktiv,sla,2020.0,local election,Wahlprogramm,legacy_filename,ok,sg
GLMP-C0AB7105B5,wz20buf.txt,manifestos/wz20buf.txt,Wuerzburg,Bayern,Bürgerforum Würzburg,buf,2020.0,local election,Wahlprogramm,legacy_filename,ok,wz
GLMP-5514846A78,wz20csu.txt,manifestos/wz20csu.txt,Wuerzburg,Bayern,CSU,csu,2020.0,local election,Wahlprogramm,legacy_filename,ok,wz
GLMP-8661FD5B96,wz20fdp.txt,manifestos/wz20fdp.txt,Wuerzburg,Bayern,FDP,fdp,2020.0,local election,Wahlprogramm,legacy_filename,ok,wz
GLMP-F208C55F5E,wz20fwg.txt,manifestos/wz20fwg.txt,Wuerzburg,Bayern,Freie Wähler,fwg,2020.0,local election,Wahlprogramm,legacy_filename,ok,wz
GLMP-0C035C93CB,wz20gru.txt,manifestos/wz20gru.txt,Wuerzburg,Bayern,Grüne,gru,2020.0,local election,Wahlprogramm,legacy_filename,ok,wz
GLMP-D5A67A0031,wz20spd.txt,manifestos/wz20spd.txt,Wuerzburg,Bayern,SPD,spd,2020.0,local election,Wahlprogramm,legacy_filename,ok,wz
GLMP-68CD2634B7,wz20wzl.txt,manifestos/wz20wzl.txt,Wuerzburg,Bayern,Würzburger Liste,wzl,2020.0,local election,Wahlprogramm,legacy_filename,ok,wz
GLMP-261D64E27E,wz20zfw.txt,manifestos/wz20zfw.txt,Wuerzburg,Bayern,Zukunft für Würzburg,zfw,2020.0,local election,Wahlprogramm,legacy_filename,ok,wz
GLMP-6C1DB9C5A8,wu20afd.txt,manifestos/wu20afd.txt,Wuppertal,Nordrhein-Westfalen,Alternative für Deutschland,afd,2020.0,local election,Wahlprogramm,legacy_filename,ok,wu
GLMP-270BEE5E36,wu20cdu.txt,manifestos/wu20cdu.txt,Wuppertal,Nordrhein-Westfalen,CDU,cdu,2020.0,local election,Wahlprogramm,legacy_filename,ok,wu
GLMP-F0E5DA94A8,wu20lin.txt,manifestos/wu20lin.txt,Wuppertal,Nordrhein-Westfalen,Die Linke,lin,2020.0,local election,Wahlprogramm,legacy_filename,ok,wu
GLMP-16A0A4615F,wu20fdp.txt,manifestos/wu20fdp.txt,Wuppertal,Nordrhein-Westfalen,FDP,fdp,2020.0,local election,Wahlprogramm,legacy_filename,ok,wu
GLMP-A50EE14216,wu20gru.txt,manifestos/wu20gru.txt,Wuppertal,Nordrhein-Westfalen,Grüne,gru,2020.0,local election,Wahlprogramm,legacy_filename,ok,wu
GLMP-E9202F66EE,wu20spd.txt,manifestos/wu20spd.txt,Wuppertal,Nordrhein-Westfalen,SPD,spd,2020.0,local election,Wahlprogramm,legacy_filename,ok,wu
GLMP-6ADB336BBF,wu20wfw.txt,manifestos/wu20wfw.txt,Wuppertal,Nordrhein-Westfalen,Wählergemeinschaft für Wuppertal,wfw,2020.0,local election,Wahlprogramm,legacy_filename,ok,wu
GLMP-16F9C3197F,Aalen_AfD_2024.txt,manifestos/Aalen_AfD_2024.txt,Aalen,Baden-Württemberg,AfD,,2024.0,local election,Wahlprogramm,modern_filename,ok,
GLMP-1EE6A690DC,Aalen_CDU_2024.txt,manifestos/Aalen_CDU_2024.txt,Aalen,Baden-Württemberg,CDU,cdu,2024.0,local election,Wahlprogramm,modern_filename,ok,
GLMP-9642013419,Aalen_Freie Wähler_2024.txt,manifestos/Aalen_Freie Wähler_2024.txt,Aalen,Baden-Württemberg,Freie Wähler,fwg,2024.0,local election,Wahlprogramm,modern_filename,ok,
GLMP-91360F980E,Aalen_Grüne_2024.txt,manifestos/Aalen_Grüne_2024.txt,Aalen,Baden-Württemberg,Grüne,gru,2024.0,local election,Wahlprogramm,modern_filename,ok,
GLMP-C6C0CB66DE,Aalen_SPD_2024.txt,manifestos/Aalen_SPD_2024.txt,Aalen,Baden-Württemberg,SPD,spd,2024.0,local election,Wahlprogramm,modern_filename,ok,
GLMP-EFAFA559B7,Altentreptow_Altentreptower Wählergemeinschaft_2024.txt,manifestos/Altentreptow_Altentreptower Wählergemeinschaft_2024.txt,Altentreptow,Mecklenburg-Vorpommern,Altentreptower Wählergemeinschaft,,2024.0,local election,Wahlprogramm,modern_filename,ok,
GLMP-A4D415179A,Altentreptow_CDU_2024.txt,manifestos/Altentreptow_CDU_2024.txt,Altentreptow,Mecklenburg-Vorpommern,CDU,cdu,2024.0,local election,Wahlprogramm,modern_filename,ok,
GLMP-13BFCA51C6,Altentreptow_SPD_2024.txt,manifestos/Altentreptow_SPD_2024.txt,Altentreptow,Mecklenburg-Vorpommern,SPD,spd,2024.0,local election,Wahlprogramm,modern_filename,ok,
GLMP-877504185F,Alzey_AfD_2024.txt,manifestos/Alzey_AfD_2024.txt,Alzey,Rheinland-Pfalz,AfD,,2024.0,local election,Wahlprogramm,modern_filename,ok,
GLMP-D9BE4EBD9C,Alzey_CDU_2024.txt,manifestos/Alzey_CDU_2024.txt,Alzey,Rheinland-Pfalz,CDU,cdu,2024.0,local election,Wahlprogramm,modern_filename,ok,
GLMP-DA8E167829,Alzey_FDP_2024.txt,manifestos/Alzey_FDP_2024.txt,Alzey,Rheinland-Pfalz,FDP,fdp,2024.0,local election,Wahlprogramm,modern_filename,ok,
GLMP-251F2BDFEC,Alzey_FWG_2024.txt,manifestos/Alzey_FWG_2024.txt,Alzey,Rheinland-Pfalz,FWG,,2024.0,local election,Wahlprogramm,modern_filename,ok,
GLMP-FBB2C7EF92,Alzey_Grüne_2024.txt,manifestos/Alzey_Grüne_2024.txt,Alzey,Rheinland-Pfalz,Grüne,gru,2024.0,local election,Wahlprogramm,modern_filename,ok,
GLMP-616C8A5250,Alzey_SPD_2024.txt,manifestos/Alzey_SPD_2024.txt,Alzey,Rheinland-Pfalz,SPD,spd,2024.0,local election,Wahlprogramm,modern_filename,ok,
GLMP-FAD14E160B,Arnstadt_BürgerProjekt_2024.txt,manifestos/Arnstadt_BürgerProjekt_2024.txt,Arnstadt,Thüringen,BürgerProjekt,,2024.0,local election,Wahlprogramm,modern_filename,ok,
GLMP-6A289D2631,Arnstadt_CDU_2024.txt,manifestos/Arnstadt_CDU_2024.txt,Arnstadt,Thüringen,CDU,cdu,2024.0,local election,Wahlprogramm,modern_filename,ok,
GLMP-5EE895ACBC,Arnstadt_FDP_2024.txt,manifestos/Arnstadt_FDP_2024.txt,Arnstadt,Thüringen,FDP,fdp,2024.0,local election,Wahlprogramm,modern_filename,ok,
GLMP-3D1834A200,Arnstadt_FWG_2024.txt,manifestos/Arnstadt_FWG_2024.txt,Arnstadt,Thüringen,FWG,,2024.0,local election,Wahlprogramm,modern_filename,ok,
GLMP-5CF49E8891,Arnstadt_Grüne_2024.txt,manifestos/Arnstadt_Grüne_2024.txt,Arnstadt,Thüringen,Grüne,gru,2024.0,local election,Wahlprogramm,modern_filename,ok,
GLMP-3E38F294A9,Arnstadt_SPD_2024.txt,manifestos/Arnstadt_SPD_2024.txt,Arnstadt,Thüringen,SPD,spd,2024.0,local election,Wahlprogramm,modern_filename,ok,
GLMP-4BBC64BA9A,Bad Belzig_Grüne_2024.txt,manifestos/Bad Belzig_Grüne_2024.txt,Bad Belzig,Brandenburg,Grüne,gru,2024.0,local election,Wahlprogramm,modern_filename,ok,
GLMP-7D20C06DCB,Bad Belzig_Linke_2024.txt,manifestos/Bad Belzig_Linke_2024.txt,Bad Belzig,Brandenburg,Linke,,2024.0,local election,Wahlprogramm,modern_filename,ok,
GLMP-492C912630,Bad Belzig_SPD_2024.txt,manifestos/Bad Belzig_SPD_2024.txt,Bad Belzig,Brandenburg,SPD,spd,2024.0,local election,Wahlprogramm,modern_filename,ok,
GLMP-D32E672FA0,Bad Dürrenberg_CDU_2024.txt,manifestos/Bad Dürrenberg_CDU_2024.txt,Bad Dürrenberg,Sachsen-Anhalt,CDU,cdu,2024.0,local election,Wahlprogramm,modern_filename,ok,
GLMP-7D836DD8F1,Bad Dürrenberg_FDP_2024.txt,manifestos/Bad Dürrenberg_FDP_2024.txt,Bad Dürrenberg,Sachsen-Anhalt,FDP,fdp,2024.0,local election,Wahlprogramm,modern_filename,ok,
GLMP-063D62C168,Bad Dürrenberg_Grüne_2024.txt,manifestos/Bad Dürrenberg_Grüne_2024.txt,Bad Dürrenberg,Sachsen-Anhalt,Grüne,gru,2024.0,local election,Wahlprogramm,modern_filename,ok,
GLMP-7812CCDBF6,Bad Dürrenberg_SPD_2024.txt,manifestos/Bad Dürrenberg_SPD_2024.txt,Bad Dürrenberg,Sachsen-Anhalt,SPD,spd,2024.0,local election,Wahlprogramm,modern_filename,ok,
GLMP-B541A5F861,Bad Hönningen_CDU_2024.txt,manifestos/Bad Hönningen_CDU_2024.txt,Bad Hönningen,Rheinland-Pfalz,CDU,cdu,2024.0,local election,Wahlprogramm,modern_filename,ok,
GLMP-F33B5A3CA0,Bad Hönningen_Grüne_2024.txt,manifestos/Bad Hönningen_Grüne_2024.txt,Bad Hönningen,Rheinland-Pfalz,Grüne,gru,2024.0,local election,Wahlprogramm,modern_filename,ok,
GLMP-F782F2C63A,Bad Kreuznach_AfD_2024.txt,manifestos/Bad Kreuznach_AfD_2024.txt,Bad Kreuznach,Rheinland-Pfalz,AfD,,2024.0,local election,Wahlprogramm,modern_filename,ok,
GLMP-7EEB829E61,Bad Kreuznach_Bündnis für Bad Kreuznach_2024.txt,manifestos/Bad Kreuznach_Bündnis für Bad Kreuznach_2024.txt,Bad Kreuznach,Rheinland-Pfalz,Bündnis für Bad Kreuznach,,2024.0,local election,Wahlprogramm,modern_filename,ok,
GLMP-A2EEEF12FB,Bad Kreuznach_CDU_2024.txt,manifestos/Bad Kreuznach_CDU_2024.txt,Bad Kreuznach,Rheinland-Pfalz,CDU,cdu,2024.0,local election,Wahlprogramm,modern_filename,ok,
GLMP-746EB2C4EC,Bad Kreuznach_FDP_2024.txt,manifestos/Bad Kreuznach_FDP_2024.txt,Bad Kreuznach,Rheinland-Pfalz,FDP,fdp,2024.0,local election,Wahlprogramm,modern_filename,ok,
GLMP-280229B354,Bad Kreuznach_Grüne_2024.txt,manifestos/Bad Kreuznach_Grüne_2024.txt,Bad Kreuznach,Rheinland-Pfalz,Grüne,gru,2024.0,local election,Wahlprogramm,modern_filename,ok,
GLMP-60248378F7,Bad Kreuznach_Linke_2024.txt,manifestos/Bad Kreuznach_Linke_2024.txt,Bad Kreuznach,Rheinland-Pfalz,Linke,,2024.0,local election,Wahlprogramm,modern_filename,ok,
GLMP-C66BDAF0FF,Bad Kreuznach_Liste faires Bad Kreuznach_2024.txt,manifestos/Bad Kreuznach_Liste faires Bad Kreuznach_2024.txt,Bad Kreuznach,Rheinland-Pfalz,Liste faires Bad Kreuznach,,2024.0,local election,Wahlprogramm,modern_filename,ok,
GLMP-7015B40D4C,Bad Kreuznach_PBK_2024.txt,manifestos/Bad Kreuznach_PBK_2024.txt,Bad Kreuznach,Rheinland-Pfalz,PBK,,2024.0,local election,Wahlprogramm,modern_filename,ok,
GLMP-014D47DA9B,Bad Kreuznach_SPD_2024.txt,manifestos/Bad Kreuznach_SPD_2024.txt,Bad Kreuznach,Rheinland-Pfalz,SPD,spd,2024.0,local election,Wahlprogramm,modern_filename,ok,
GLMP-3095A9AD21,Bad Lausick_AfD_2024.txt,manifestos/Bad Lausick_AfD_2024.txt,Bad Lausick,Sachsen,AfD,,2024.0,local election,Wahlprogramm,modern_filename,ok,
GLMP-F39ED44583,Bad Lausick_CDU_2024.txt,manifestos/Bad Lausick_CDU_2024.txt,Bad Lausick,Sachsen,CDU,cdu,2024.0,local election,Wahlprogramm,modern_filename,ok,
GLMP-9B53F93FB6,Bad Lausick_Linke_2024.txt,manifestos/Bad Lausick_Linke_2024.txt,Bad Lausick,Sachsen,Linke,,2024.0,local election,Wahlprogramm,modern_filename,ok,
GLMP-DC6768CDB0,Bad Lausick_SPD_2024.txt,manifestos/Bad Lausick_SPD_2024.txt,Bad Lausick,Sachsen,SPD,spd,2024.0,local election,Wahlprogramm,modern_filename,ok,
GLMP-740C8EBF5B,Bad Schönborn_CDU_2024.txt,manifestos/Bad Schönborn_CDU_2024.txt,Bad Schönborn,Baden-Württemberg,CDU,cdu,2024.0,local election,Wahlprogramm,modern_filename,ok,
GLMP-5C47C45530,Bad Schönborn_FWG_2024.txt,manifestos/Bad Schönborn_FWG_2024.txt,Bad Schönborn,Baden-Württemberg,FWG,,2024.0,local election,Wahlprogramm,modern_filename,ok,
GLMP-1D2CE719B2,Bad Schönborn_Grüne_2024.txt,manifestos/Bad Schönborn_Grüne_2024.txt,Bad Schönborn,Baden-Württemberg,Grüne,gru,2024.0,local election,Wahlprogramm,modern_filename,ok,
GLMP-7DF0D500D8,Bad Schönborn_SPD_2024.txt,manifestos/Bad Schönborn_SPD_2024.txt,Bad Schönborn,Baden-Württemberg,SPD,spd,2024.0,local election,Wahlprogramm,modern_filename,ok,
GLMP-4461D270B4,Baden-Baden_AfD_2024.txt,manifestos/Baden-Baden_AfD_2024.txt,Baden-Baden,Baden-Württemberg,AfD,,2024.0,local election,Wahlprogramm,modern_filename,ok,
GLMP-0799F03F40,Baden-Baden_CDU_2024.txt,manifestos/Baden-Baden_CDU_2024.txt,Baden-Baden,Baden-Württemberg,CDU,cdu,2024.0,local election,Wahlprogramm,modern_filename,ok,
GLMP-380694C632,Baden-Baden_FBB_2024.txt,manifestos/Baden-Baden_FBB_2024.txt,Baden-Baden,Baden-Württemberg,FBB,,2024.0,local election,Wahlprogramm,modern_filename,ok,
GLMP-21925BB29B,Baden-Baden_FDP_2024.txt,manifestos/Baden-Baden_FDP_2024.txt,Baden-Baden,Baden-Württemberg,FDP,fdp,2024.0,local election,Wahlprogramm,modern_filename,ok,
GLMP-DBB41ABEBE,Baden-Baden_Grüne_2024.txt,manifestos/Baden-Baden_Grüne_2024.txt,Baden-Baden,Baden-Württemberg,Grüne,gru,2024.0,local election,Wahlprogramm,modern_filename,ok,
GLMP-4C17CEDF8D,Baden-Baden_SPD_2024.txt,manifestos/Baden-Baden_SPD_2024.txt,Baden-Baden,Baden-Württemberg,SPD,spd,2024.0,local election,Wahlprogramm,modern_filename,ok,
GLMP-4CB5D6FFA1,Baiersbronn_AfD_2024.txt,manifestos/Baiersbronn_AfD_2024.txt,Baiersbronn,Baden-Württemberg,AfD,,2024.0,local election,Wahlprogramm,modern_filename,ok,
GLMP-6852433D02,Baiersbronn_BUB_2024.txt,manifestos/Baiersbronn_BUB_2024.txt,Baiersbronn,Baden-Württemberg,BUB,,2024.0,local election,Wahlprogramm,modern_filename,ok,
GLMP-483F869580,Baiersbronn_CDU_2024.txt,manifestos/Baiersbronn_CDU_2024.txt,Baiersbronn,Baden-Württemberg,CDU,cdu,2024.0,local election,Wahlprogramm,modern_filename,ok,
GLMP-5B84FAA1C8,Baiersbronn_FDP_2024.txt,manifestos/Baiersbronn_FDP_2024.txt,Baiersbronn,Baden-Württemberg,FDP,fdp,2024.0,local election,Wahlprogramm,modern_filename,ok,
GLMP-2B87818B4E,Baiersbronn_FWG_2024.txt,manifestos/Baiersbronn_FWG_2024.txt,Baiersbronn,Baden-Württemberg,FWG,,2024.0,local election,Wahlprogramm,modern_filename,ok,
GLMP-271441C02B,Barleben_AfD_2024.txt,manifestos/Barleben_AfD_2024.txt,Barleben,Sachsen-Anhalt,AfD,,2024.0,local election,Wahlprogramm,modern_filename,ok,
GLMP-90F8AD5719,Barleben_CDU_2024.txt,manifestos/Barleben_CDU_2024.txt,Barleben,Sachsen-Anhalt,CDU,cdu,2024.0,local election,Wahlprogramm,modern_filename,ok,
GLMP-BB41656754,Barleben_FWG_2024.txt,manifestos/Barleben_FWG_2024.txt,Barleben,Sachsen-Anhalt,FWG,,2024.0,local election,Wahlprogramm,modern_filename,ok,
GLMP-3AEB30586D,Barleben_Linke_2024.txt,manifestos/Barleben_Linke_2024.txt,Barleben,Sachsen-Anhalt,Linke,,2024.0,local election,Wahlprogramm,modern_filename,ok,
GLMP-50D9D7EEE6,Barleben_SPD_2024.txt,manifestos/Barleben_SPD_2024.txt,Barleben,Sachsen-Anhalt,SPD,spd,2024.0,local election,Wahlprogramm,modern_filename,ok,
GLMP-9C305BBA15,Beelitz_BPB_2024.txt,manifestos/Beelitz_BPB_2024.txt,Beelitz,Brandenburg,BPB,,2024.0,local election,Wahlprogramm,modern_filename,ok,
GLMP-6D031B8496,Beelitz_CDU_2024.txt,manifestos/Beelitz_CDU_2024.txt,Beelitz,Brandenburg,CDU,cdu,2024.0,local election,Wahlprogramm,modern_filename,ok,
GLMP-374018326D,Beelitz_FDP_2024.txt,manifestos/Beelitz_FDP_2024.txt,Beelitz,Brandenburg,FDP,fdp,2024.0,local election,Wahlprogramm,modern_filename,ok,
GLMP-9F36870B02,Beelitz_Grüne_2024.txt,manifestos/Beelitz_Grüne_2024.txt,Beelitz,Brandenburg,Grüne,gru,2024.0,local election,Wahlprogramm,modern_filename,ok,
GLMP-68D48B6AE9,Beelitz_UKB_2024.txt,manifestos/Beelitz_UKB_2024.txt,Beelitz,Brandenburg,UKB,,2024.0,local election,Wahlprogramm,modern_filename,ok,
GLMP-A468981345,Bernau bei Berlin_CDU_2024.txt,manifestos/Bernau bei Berlin_CDU_2024.txt,Bernau bei Berlin,Brandenburg,CDU,cdu,2024.0,local election,Wahlprogramm,modern_filename,ok,
GLMP-C01FB588ED,Bernau bei Berlin_Grüne_2024.txt,manifestos/Bernau bei Berlin_Grüne_2024.txt,Bernau bei Berlin,Brandenburg,Grüne,gru,2024.0,local election,Wahlprogramm,modern_filename,ok,
GLMP-86FC15CF89,Bernau bei Berlin_Linke_2024.txt,manifestos/Bernau bei Berlin_Linke_2024.txt,Bernau bei Berlin,Brandenburg,Linke,,2024.0,local election,Wahlprogramm,modern_filename,ok,
GLMP-DB71E2B6B6,Bernau bei Berlin_SPD_2024.txt,manifestos/Bernau bei Berlin_SPD_2024.txt,Bernau bei Berlin,Brandenburg,SPD,spd,2024.0,local election,Wahlprogramm,modern_filename,ok,
GLMP-FD4B64A9A5,Biederitz_Grüne_2024.txt,manifestos/Biederitz_Grüne_2024.txt,Biederitz,Sachsen-Anhalt,Grüne,gru,2024.0,local election,Wahlprogramm,modern_filename,ok,
GLMP-F9C33ACE69,Bismark_SPD_2024.txt,manifestos/Bismark_SPD_2024.txt,Bismark,Sachsen-Anhalt,SPD,spd,2024.0,local election,Wahlprogramm,modern_filename,ok,
GLMP-08C8192D8E,Blumberg_Freie Liste_2024.txt,manifestos/Blumberg_Freie Liste_2024.txt,Blumberg,Baden-Württemberg,Freie Liste,,2024.0,local election,Wahlprogramm,modern_filename,ok,
GLMP-F29E7A66A0,Boppard_Grüne_2024.txt,manifestos/Boppard_Grüne_2024.txt,Boppard,Rheinland-Pfalz,Grüne,gru,2024.0,local election,Wahlprogramm,modern_filename,ok,
GLMP-5436CF76CD,Boppard_SPD_2024.txt,manifestos/Boppard_SPD_2024.txt,Boppard,Rheinland-Pfalz,SPD,spd,2024.0,local election,Wahlprogramm,modern_filename,ok,
GLMP-8735F72466,"Brandenburg an der Havel_Bürger für Frieden, Vernunft und Gerechtigkeit_2024.txt","manifestos/Brandenburg an der Havel_Bürger für Frieden, Vernunft und Gerechtigkeit_2024.txt",Brandenburg an der Havel,Brandenburg,"Bürger für Frieden, Vernunft und Gerechtigkeit",,2024.0,local election,Wahlprogramm,modern_filename,ok,
GLMP-471D02C363,Brandenburg an der Havel_CDU_2024.txt,manifestos/Brandenburg an der Havel_CDU_2024.txt,Brandenburg an der Havel,Brandenburg,CDU,cdu,2024.0,local election,Wahlprogramm,modern_filename,ok,
GLMP-36F6C1A98A,Brandenburg an der Havel_FDP_2024.txt,manifestos/Brandenburg an der Havel_FDP_2024.txt,Brandenburg an der Havel,Brandenburg,FDP,fdp,2024.0,local election,Wahlprogramm,modern_filename,ok,
GLMP-409473BF78,Brandenburg an der Havel_FWG_2024.txt,manifestos/Brandenburg an der Havel_FWG_2024.txt,Brandenburg an der Havel,Brandenburg,FWG,,2024.0,local election,Wahlprogramm,modern_filename,ok,
GLMP-D5E7DE6BFB,Brandenburg an der Havel_Grüne_2024.txt,manifestos/Brandenburg an der Havel_Grüne_2024.txt,Brandenburg an der Havel,Brandenburg,Grüne,gru,2024.0,local election,Wahlprogramm,modern_filename,ok,
GLMP-AAF3F9156C,Brandenburg an der Havel_Linke_2024.txt,manifestos/Brandenburg an der Havel_Linke_2024.txt,Brandenburg an der Havel,Brandenburg,Linke,,2024.0,local election,Wahlprogramm,modern_filename,ok,
GLMP-09FD8A2A4C,Brandenburg an der Havel_SPD_2024.txt,manifestos/Brandenburg an der Havel_SPD_2024.txt,Brandenburg an der Havel,Brandenburg,SPD,spd,2024.0,local election,Wahlprogramm,modern_filename,ok,
GLMP-AE8560B857,Brieselang_AfD_2024.txt,manifestos/Brieselang_AfD_2024.txt,Brieselang,Brandenburg,AfD,,2024.0,local election,Wahlprogramm,modern_filename,ok,
GLMP-F90F16E6D5,Brieselang_BFB_2024.txt,manifestos/Brieselang_BFB_2024.txt,Brieselang,Brandenburg,BFB,,2024.0,local election,Wahlprogramm,modern_filename,ok,
GLMP-4A8BDBB548,Brieselang_CDU_2024.txt,manifestos/Brieselang_CDU_2024.txt,Brieselang,Brandenburg,CDU,cdu,2024.0,local election,Wahlprogramm,modern_filename,ok,
GLMP-2B08EBEFEE,Brieselang_FDP_2024.txt,manifestos/Brieselang_FDP_2024.txt,Brieselang,Brandenburg,FDP,fdp,2024.0,local election,Wahlprogramm,modern_filename,ok,
GLMP-3731690014,Brieselang_Grüne_2024.txt,manifestos/Brieselang_Grüne_2024.txt,Brieselang,Brandenburg,Grüne,gru,2024.0,local election,Wahlprogramm,modern_filename,ok,
GLMP-43182F0737,Brieselang_Linke_2024.txt,manifestos/Brieselang_Linke_2024.txt,Brieselang,Brandenburg,Linke,,2024.0,local election,Wahlprogramm,modern_filename,ok,
GLMP-74D7594CEB,Brieselang_SPD_2024.txt,manifestos/Brieselang_SPD_2024.txt,Brieselang,Brandenburg,SPD,spd,2024.0,local election,Wahlprogramm,modern_filename,ok,
GLMP-9B57E5B911,Böblingen_BfB_2024.txt,manifestos/Böblingen_BfB_2024.txt,Böblingen,Baden-Württemberg,BfB,,2024.0,local election,Wahlprogramm,modern_filename,ok,
GLMP-2B96E78B42,Böblingen_CDU_2024.txt,manifestos/Böblingen_CDU_2024.txt,Böblingen,Baden-Württemberg,CDU,cdu,2024.0,local election,Wahlprogramm,modern_filename,ok,
GLMP-6271B9EF98,Böblingen_FWG_2024.txt,manifestos/Böblingen_FWG_2024.txt,Böblingen,Baden-Württemberg,FWG,,2024.0,local election,Wahlprogramm,modern_filename,ok,
GLMP-F812B1BB14,Böblingen_Grüne_2024.txt,manifestos/Böblingen_Grüne_2024.txt,Böblingen,Baden-Württemberg,Grüne,gru,2024.0,local election,Wahlprogramm,modern_filename,ok,
GLMP-DEDF32F044,Böblingen_Linke_2024.txt,manifestos/Böblingen_Linke_2024.txt,Böblingen,Baden-Württemberg,Linke,,2024.0,local election,Wahlprogramm,modern_filename,ok,
GLMP-11C713542C,Böblingen_SPD_2024.txt,manifestos/Böblingen_SPD_2024.txt,Böblingen,Baden-Württemberg,SPD,spd,2024.0,local election,Wahlprogramm,modern_filename,ok,
GLMP-3ACF58A635,Bützow_CDU_2024.txt,manifestos/Bützow_CDU_2024.txt,Bützow,Mecklenburg-Vorpommern,CDU,cdu,2024.0,local election,Wahlprogramm,modern_filename,ok,
GLMP-AC44E002DD,Bützow_Linke_2024.txt,manifestos/Bützow_Linke_2024.txt,Bützow,Mecklenburg-Vorpommern,Linke,,2024.0,local election,Wahlprogramm,modern_filename,ok,
GLMP-E56A6EE749,Bützow_SPD_2024.txt,manifestos/Bützow_SPD_2024.txt,Bützow,Mecklenburg-Vorpommern,SPD,spd,2024.0,local election,Wahlprogramm,modern_filename,ok,
GLMP-65C5458837,Calbe (Saale)_SPD_2024.txt,manifestos/Calbe (Saale)_SPD_2024.txt,Calbe (Saale),Sachsen-Anhalt,SPD,spd,2024.0,local election,Wahlprogramm,modern_filename,ok,
GLMP-168A055875,Chemnitz_AfD_2024.txt,manifestos/Chemnitz_AfD_2024.txt,Chemnitz,Sachsen,AfD,,2024.0,local election,Wahlprogramm,modern_filename,ok,
GLMP-C7536E003F,Chemnitz_BBS_2024.txt,manifestos/Chemnitz_BBS_2024.txt,Chemnitz,Sachsen,BBS,,2024.0,local election,Wahlprogramm,modern_filename,ok,
GLMP-8EFDB78FE2,Chemnitz_BSW_2024.txt,manifestos/Chemnitz_BSW_2024.txt,Chemnitz,Sachsen,BSW,,2024.0,local election,Wahlprogramm,modern_filename,ok,
GLMP-F23052C1A6,Chemnitz_CDU_2024.txt,manifestos/Chemnitz_CDU_2024.txt,Chemnitz,Sachsen,CDU,cdu,2024.0,local election,Wahlprogramm,modern_filename,ok,
GLMP-266A97F48A,Chemnitz_Die Partei_2024.txt,manifestos/Chemnitz_Die Partei_2024.txt,Chemnitz,Sachsen,Die Partei,par,2024.0,local election,Wahlprogramm,modern_filename,ok,
GLMP-DBDBF57707,Chemnitz_FDP_2024.txt,manifestos/Chemnitz_FDP_2024.txt,Chemnitz,Sachsen,FDP,fdp,2024.0,local election,Wahlprogramm,modern_filename,ok,
GLMP-0A9294EF80,Chemnitz_Grüne_2024.txt,manifestos/Chemnitz_Grüne_2024.txt,Chemnitz,Sachsen,Grüne,gru,2024.0,local election,Wahlprogramm,modern_filename,ok,
GLMP-A04B383DE0,Chemnitz_Linke_2024.txt,manifestos/Chemnitz_Linke_2024.txt,Chemnitz,Sachsen,Linke,,2024.0,local election,Wahlprogramm,modern_filename,ok,
GLMP-FBA70ED7E2,Chemnitz_SPD_2024.txt,manifestos/Chemnitz_SPD_2024.txt,Chemnitz,Sachsen,SPD,spd,2024.0,local election,Wahlprogramm,modern_filename,ok,
GLMP-44048C83BD,Cottbus_AfD_2024.txt,manifestos/Cottbus_AfD_2024.txt,Cottbus,Brandenburg,AfD,,2024.0,local election,Wahlprogramm,modern_filename,ok,
GLMP-ABA96B0AA4,Cottbus_CDU_2024.txt,manifestos/Cottbus_CDU_2024.txt,Cottbus,Brandenburg,CDU,cdu,2024.0,local election,Wahlprogramm,modern_filename,ok,
GLMP-766997A84E,Cottbus_FDP_2024.txt,manifestos/Cottbus_FDP_2024.txt,Cottbus,Brandenburg,FDP,fdp,2024.0,local election,Wahlprogramm,modern_filename,ok,
GLMP-B8E92880D1,Cottbus_FWG_2024.txt,manifestos/Cottbus_FWG_2024.txt,Cottbus,Brandenburg,FWG,,2024.0,local election,Wahlprogramm,modern_filename,ok,
GLMP-EFF5399A16,Cottbus_Grüne_2024.txt,manifestos/Cottbus_Grüne_2024.txt,Cottbus,Brandenburg,Grüne,gru,2024.0,local election,Wahlprogramm,modern_filename,ok,
GLMP-347679D1E8,Cottbus_Linke_2024.txt,manifestos/Cottbus_Linke_2024.txt,Cottbus,Brandenburg,Linke,,2024.0,local election,Wahlprogramm,modern_filename,ok,
GLMP-61AEDAF3E5,Cottbus_SPD_2024.txt,manifestos/Cottbus_SPD_2024.txt,Cottbus,Brandenburg,SPD,spd,2024.0,local election,Wahlprogramm,modern_filename,ok,
GLMP-A40AE8FEB5,Dessau-Roßlau_AfD_2024.txt,manifestos/Dessau-Roßlau_AfD_2024.txt,Dessau-Roßlau,Sachsen-Anhalt,AfD,,2024.0,local election,Wahlprogramm,modern_filename,ok,
GLMP-E099A70799,Dessau-Roßlau_CDU_2024.txt,manifestos/Dessau-Roßlau_CDU_2024.txt,Dessau-Roßlau,Sachsen-Anhalt,CDU,cdu,2024.0,local election,Wahlprogramm,modern_filename,ok,
GLMP-4D708CA39F,Dessau-Roßlau_FDP_2024.txt,manifestos/Dessau-Roßlau_FDP_2024.txt,Dessau-Roßlau,Sachsen-Anhalt,FDP,fdp,2024.0,local election,Wahlprogramm,modern_filename,ok,
GLMP-7F7ECEB156,Dessau-Roßlau_Forum-Bürger_2024.txt,manifestos/Dessau-Roßlau_Forum-Bürger_2024.txt,Dessau-Roßlau,Sachsen-Anhalt,Forum-Bürger,,2024.0,local election,Wahlprogramm,modern_filename,ok,
GLMP-35E5B741AC,Dessau-Roßlau_Grüne_2024.txt,manifestos/Dessau-Roßlau_Grüne_2024.txt,Dessau-Roßlau,Sachsen-Anhalt,Grüne,gru,2024.0,local election,Wahlprogramm,modern_filename,ok,
GLMP-0155E69DCD,Dessau-Roßlau_Linke_2024.txt,manifestos/Dessau-Roßlau_Linke_2024.txt,Dessau-Roßlau,Sachsen-Anhalt,Linke,,2024.0,local election,Wahlprogramm,modern_filename,ok,
GLMP-7FF03DECBD,Dessau-Roßlau_Pro DE_2024.txt,manifestos/Dessau-Roßlau_Pro DE_2024.txt,Dessau-Roßlau,Sachsen-Anhalt,Pro DE,,2024.0,local election,Wahlprogramm,modern_filename,ok,
GLMP-950046E1AE,Dessau-Roßlau_SPD_2024.txt,manifestos/Dessau-Roßlau_SPD_2024.txt,Dessau-Roßlau,Sachsen-Anhalt,SPD,spd,2024.0,local election,Wahlprogramm,modern_filename,ok,
GLMP-146882AD7D,Dillingen (Saar)_FDP_2024.txt,manifestos/Dillingen (Saar)_FDP_2024.txt,Dillingen (Saar),Saarland,FDP,fdp,2024.0,local election,Wahlprogramm,modern_filename,ok,
GLMP-DEF6F6E9B3,Ditzingen_AfD_2024.txt,manifestos/Ditzingen_AfD_2024.txt,Ditzingen,Baden-Württemberg,AfD,,2024.0,local election,Wahlprogramm,modern_filename,ok,
GLMP-557C932578,Ditzingen_CDU_2024.txt,manifestos/Ditzingen_CDU_2024.txt,Ditzingen,Baden-Württemberg,CDU,cdu,2024.0,local election,Wahlprogramm,modern_filename,ok,
GLMP-35869FDBFF,Ditzingen_FDP_2024.txt,manifestos/Ditzingen_FDP_2024.txt,Ditzingen,Baden-Württemberg,FDP,fdp,2024.0,local election,Wahlprogramm,modern_filename,ok,
GLMP-457B418CC6,Ditzingen_FWG_2024.txt,manifestos/Ditzingen_FWG_2024.txt,Ditzingen,Baden-Württemberg,FWG,,2024.0,local election,Wahlprogramm,modern_filename,ok,
GLMP-1C6CB752D0,Ditzingen_Grüne_2024.txt,manifestos/Ditzingen_Grüne_2024.txt,Ditzingen,Baden-Württemberg,Grüne,gru,2024.0,local election,Wahlprogramm,modern_filename,ok,
GLMP-FD97DD9BA6,Ditzingen_SPD_2024.txt,manifestos/Ditzingen_SPD_2024.txt,Ditzingen,Baden-Württemberg,SPD,spd,2024.0,local election,Wahlprogramm,modern_filename,ok,
GLMP-0138AF57B8,Dornburg-Camburg_AfD_2024.txt,manifestos/Dornburg-Camburg_AfD_2024.txt,Dornburg-Camburg,Thüringen,AfD,,2024.0,local election,Wahlprogramm,modern_filename,ok,
GLMP-24009EE386,Dornburg-Camburg_Bündnis Ehrenamt_2024.txt,manifestos/Dornburg-Camburg_Bündnis Ehrenamt_2024.txt,Dornburg-Camburg,Thüringen,Bündnis Ehrenamt,,2024.0,local election,Wahlprogramm,modern_filename,ok,
GLMP-D3B2851C9A,Dornburg-Camburg_D-CBV_2024.txt,manifestos/Dornburg-Camburg_D-CBV_2024.txt,Dornburg-Camburg,Thüringen,D-CBV,,2024.0,local election,Wahlprogramm,modern_filename,ok,
GLMP-0D4F1DC51F,Dresden_AfD_2024.txt,manifestos/Dresden_AfD_2024.txt,Dresden,Sachsen,AfD,,2024.0,local election,Wahlprogramm,modern_filename,ok,
GLMP-CB1F9269DC,Dresden_BSW_2024.txt,manifestos/Dresden_BSW_2024.txt,Dresden,Sachsen,BSW,,2024.0,local election,Wahlprogramm,modern_filename,ok,
GLMP-C4799ECD6D,Dresden_CDU_2024.txt,manifestos/Dresden_CDU_2024.txt,Dresden,Sachsen,CDU,cdu,2024.0,local election,Wahlprogramm,modern_filename,ok,
GLMP-5B3C6232E6,Dresden_Die Partei_2024.txt,manifestos/Dresden_Die Partei_2024.txt,Dresden,Sachsen,Die Partei,par,2024.0,local election,Wahlprogramm,modern_filename,ok,
GLMP-A9CE431BAD,Dresden_DissDD_2024.txt,manifestos/Dresden_DissDD_2024.txt,Dresden,Sachsen,DissDD,,2024.0,local election,Wahlprogramm,modern_filename,ok,
GLMP-BE2246AF00,Dresden_FDP_2024.txt,manifestos/Dresden_FDP_2024.txt,Dresden,Sachsen,FDP,fdp,2024.0,local election,Wahlprogramm,modern_filename,ok,
GLMP-1A267EF430,Dresden_FWG_2024.txt,manifestos/Dresden_FWG_2024.txt,Dresden,Sachsen,FWG,,2024.0,local election,Wahlprogramm,modern_filename,ok,
GLMP-029A55E909,Dresden_Freie Bürger Dresden_2024.txt,manifestos/Dresden_Freie Bürger Dresden_2024.txt,Dresden,Sachsen,Freie Bürger Dresden,,2024.0,local election,Wahlprogramm,modern_filename,ok,
GLMP-C31287185D,Dresden_Freie Sachsen_2024.txt,manifestos/Dresden_Freie Sachsen_2024.txt,Dresden,Sachsen,Freie Sachsen,,2024.0,local election,Wahlprogramm,modern_filename,ok,
GLMP-6AC98BA395,Dresden_Grüne_2024.txt,manifestos/Dresden_Grüne_2024.txt,Dresden,Sachsen,Grüne,gru,2024.0,local election,Wahlprogramm,modern_filename,ok,
GLMP-C6E57FB1D5,Dresden_Linke_2024.txt,manifestos/Dresden_Linke_2024.txt,Dresden,Sachsen,Linke,,2024.0,local election,Wahlprogramm,modern_filename,ok,
GLMP-8742E5C48D,Dresden_Piraten_2024.txt,manifestos/Dresden_Piraten_2024.txt,Dresden,Sachsen,Piraten,pir,2024.0,local election,Wahlprogramm,modern_filename,ok,
GLMP-D183EFD048,Dresden_SPD_2024.txt,manifestos/Dresden_SPD_2024.txt,Dresden,Sachsen,SPD,spd,2024.0,local election,Wahlprogramm,modern_filename,ok,
GLMP-7A244D9994,Dresden_Team-Zastrow Bündnis Sachsen 24_2024.txt,manifestos/Dresden_Team-Zastrow Bündnis Sachsen 24_2024.txt,Dresden,Sachsen,Team-Zastrow Bündnis Sachsen 24,,2024.0,local election,Wahlprogramm,modern_filename,ok,
GLMP-C4C63D283A,Dresden_Volt_2024.txt,manifestos/Dresden_Volt_2024.txt,Dresden,Sachsen,Volt,vlt,2024.0,local election,Wahlprogramm,modern_filename,ok,
GLMP-F712CEC837,Dummerstorf_UBG_2024.txt,manifestos/Dummerstorf_UBG_2024.txt,Dummerstorf,Mecklenburg-Vorpommern,UBG,,2024.0,local election,Wahlprogramm,modern_filename,ok,
GLMP-803C1BB473,Ebersbach-Neugersdorf_CDU_2024.txt,manifestos/Ebersbach-Neugersdorf_CDU_2024.txt,Ebersbach-Neugersdorf,Sachsen,CDU,cdu,2024.0,local election,Wahlprogramm,modern_filename,ok,
GLMP-0BE103AD80,Ebersbach-Neugersdorf_Grüne_2024.txt,manifestos/Ebersbach-Neugersdorf_Grüne_2024.txt,Ebersbach-Neugersdorf,Sachsen,Grüne,gru,2024.0,local election,Wahlprogramm,modern_filename,ok,
GLMP-D39A787487,Ebersbach-Neugersdorf_Linke_2024.txt,manifestos/Ebersbach-Neugersdorf_Linke_2024.txt,Ebersbach-Neugersdorf,Sachsen,Linke,,2024.0,local election,Wahlprogramm,modern_filename,ok,
GLMP-D9ADC29562,Eberswalde_CDU_2024.txt,manifestos/Eberswalde_CDU_2024.txt,Eberswalde,Brandenburg,CDU,cdu,2024.0,local election,Wahlprogramm,modern_filename,ok,
GLMP-3F841E7CF9,Eberswalde_Grüne_2024.txt,manifestos/Eberswalde_Grüne_2024.txt,Eberswalde,Brandenburg,Grüne,gru,2024.0,local election,Wahlprogramm,modern_filename,ok,
GLMP-026904A4E8,Eberswalde_SPD_2024.txt,manifestos/Eberswalde_SPD_2024.txt,Eberswalde,Brandenburg,SPD,spd,2024.0,local election,Wahlprogramm,modern_filename,ok,
GLMP-453C1457C0,Eibenstock_CDU_2024.txt,manifestos/Eibenstock_CDU_2024.txt,Eibenstock,Sachsen,CDU,cdu,2024.0,local election,Wahlprogramm,modern_filename,ok,
GLMP-38C9F3DAF2,Eibenstock_FWG_2024.txt,manifestos/Eibenstock_FWG_2024.txt,Eibenstock,Sachsen,FWG,,2024.0,local election,Wahlprogramm,modern_filename,ok,
GLMP-105C0E7A28,Eibenstock_Gewerbe- & Tourismusverein Eibenstock e.V._2024.txt,manifestos/Eibenstock_Gewerbe- & Tourismusverein Eibenstock e.V._2024.txt,Eibenstock,Sachsen,Gewerbe- & Tourismusverein Eibenstock e.V.,,2024.0,local election,Wahlprogramm,modern_filename,ok,
GLMP-66443DC824,Eibenstock_SPD_2024.txt,manifestos/Eibenstock_SPD_2024.txt,Eibenstock,Sachsen,SPD,spd,2024.0,local election,Wahlprogramm,modern_filename,ok,
GLMP-04E405DD93,Erfurt_AfD_2024.txt,manifestos/Erfurt_AfD_2024.txt,Erfurt,Thüringen,AfD,,2024.0,local election,Wahlprogramm,modern_filename,ok,
GLMP-EEC78EE3D5,Erfurt_CDU_2024.txt,manifestos/Erfurt_CDU_2024.txt,Erfurt,Thüringen,CDU,cdu,2024.0,local election,Wahlprogramm,modern_filename,ok,
GLMP-56BED2CCD1,Erfurt_FDP_2024.txt,manifestos/Erfurt_FDP_2024.txt,Erfurt,Thüringen,FDP,fdp,2024.0,local election,Wahlprogramm,modern_filename,ok,
GLMP-B036B73697,Erfurt_FWG_2024.txt,manifestos/Erfurt_FWG_2024.txt,Erfurt,Thüringen,FWG,,2024.0,local election,Wahlprogramm,modern_filename,ok,
GLMP-F40839254D,Erfurt_Grüne_2024.txt,manifestos/Erfurt_Grüne_2024.txt,Erfurt,Thüringen,Grüne,gru,2024.0,local election,Wahlprogramm,modern_filename,ok,
GLMP-E0F9620468,Erfurt_Linke_2024.txt,manifestos/Erfurt_Linke_2024.txt,Erfurt,Thüringen,Linke,,2024.0,local election,Wahlprogramm,modern_filename,ok,
GLMP-46F92EDDD6,Erfurt_Mehrwertstadt_2024.txt,manifestos/Erfurt_Mehrwertstadt_2024.txt,Erfurt,Thüringen,Mehrwertstadt,,2024.0,local election,Wahlprogramm,modern_filename,ok,
GLMP-85A9553F93,Erfurt_Piraten_2024.txt,manifestos/Erfurt_Piraten_2024.txt,Erfurt,Thüringen,Piraten,pir,2024.0,local election,Wahlprogramm,modern_filename,ok,
GLMP-9428F7AE9D,Erfurt_Piraten und ÖDP_2024.txt,manifestos/Erfurt_Piraten und ÖDP_2024.txt,Erfurt,Thüringen,Piraten und ÖDP,,2024.0,local election,Wahlprogramm,modern_filename,ok,
GLMP-C5645656B4,Erfurt_SPD_2024.txt,manifestos/Erfurt_SPD_2024.txt,Erfurt,Thüringen,SPD,spd,2024.0,local election,Wahlprogramm,modern_filename,ok,
GLMP-A3B4C1B4B4,Erfurt_ÖDP_2024.txt,manifestos/Erfurt_ÖDP_2024.txt,Erfurt,Thüringen,ÖDP,,2024.0,local election,Wahlprogramm,modern_filename,ok,
GLMP-1D6637DDF7,Erlenbach_CDU_2024.txt,manifestos/Erlenbach_CDU_2024.txt,Erlenbach,Baden-Württemberg,CDU,cdu,2024.0,local election,Wahlprogramm,modern_filename,ok,
GLMP-F14785B869,Esslingen am Neckar_AfD_2024.txt,manifestos/Esslingen am Neckar_AfD_2024.txt,Esslingen am Neckar,Baden-Württemberg,AfD,,2024.0,local election,Wahlprogramm,modern_filename,ok,
GLMP-0238285EEF,Esslingen am Neckar_CDU_2024.txt,manifestos/Esslingen am Neckar_CDU_2024.txt,Esslingen am Neckar,Baden-Württemberg,CDU,cdu,2024.0,local election,Wahlprogramm,modern_filename,ok,
GLMP-FC533E5C6F,Esslingen am Neckar_FDP_2024.txt,manifestos/Esslingen am Neckar_FDP_2024.txt,Esslingen am Neckar,Baden-Württemberg,FDP,fdp,2024.0,local election,Wahlprogramm,modern_filename,ok,
GLMP-553B9C5656,Esslingen am Neckar_FWG_2024.txt,manifestos/Esslingen am Neckar_FWG_2024.txt,Esslingen am Neckar,Baden-Württemberg,FWG,,2024.0,local election,Wahlprogramm,modern_filename,ok,
GLMP-4A57FC9685,Esslingen am Neckar_Grüne_2024.txt,manifestos/Esslingen am Neckar_Grüne_2024.txt,Esslingen am Neckar,Baden-Württemberg,Grüne,gru,2024.0,local election,Wahlprogramm,modern_filename,ok,
GLMP-F7B17597F0,Esslingen am Neckar_Linke_2024.txt,manifestos/Esslingen am Neckar_Linke_2024.txt,Esslingen am Neckar,Baden-Württemberg,Linke,,2024.0,local election,Wahlprogramm,modern_filename,ok,
GLMP-2AE34E8350,Esslingen am Neckar_SPD_2024.txt,manifestos/Esslingen am Neckar_SPD_2024.txt,Esslingen am Neckar,Baden-Württemberg,SPD,spd,2024.0,local election,Wahlprogramm,modern_filename,ok,
GLMP-68EA93DC36,Esslingen am Neckar_VoltÖDP_2024.txt,manifestos/Esslingen am Neckar_VoltÖDP_2024.txt,Esslingen am Neckar,Baden-Württemberg,VoltÖDP,,2024.0,local election,Wahlprogramm,modern_filename,ok,
GLMP-5F80EB8075,Esslingen am Neckar_WIR_2024.txt,manifestos/Esslingen am Neckar_WIR_2024.txt,Esslingen am Neckar,Baden-Württemberg,WIR,wir,2024.0,local election,Wahlprogramm,modern_filename,ok,
GLMP-B9E8306D06,Falkensee_AfD_2024.txt,manifestos/Falkensee_AfD_2024.txt,Falkensee,Brandenburg,AfD,,2024.0,local election,Wahlprogramm,modern_filename,ok,
GLMP-A6487A428E,Falkensee_CDU_2024.txt,manifestos/Falkensee_CDU_2024.txt,Falkensee,Brandenburg,CDU,cdu,2024.0,local election,Wahlprogramm,modern_filename,ok,
GLMP-CE265A08CD,Falkensee_FDP_2024.txt,manifestos/Falkensee_FDP_2024.txt,Falkensee,Brandenburg,FDP,fdp,2024.0,local election,Wahlprogramm,modern_filename,ok,
GLMP-FC00186E04,Falkensee_Grüne_2024.txt,manifestos/Falkensee_Grüne_2024.txt,Falkensee,Brandenburg,Grüne,gru,2024.0,local election,Wahlprogramm,modern_filename,ok,
GLMP-691A89F687,Falkensee_SPD_2024.txt,manifestos/Falkensee_SPD_2024.txt,Falkensee,Brandenburg,SPD,spd,2024.0,local election,Wahlprogramm,modern_filename,ok,
GLMP-D43FEBE777,Forst (Lausitz)_CDU_2024.txt,manifestos/Forst (Lausitz)_CDU_2024.txt,Forst (Lausitz),Brandenburg,CDU,cdu,2024.0,local election,Wahlprogramm,modern_filename,ok,
GLMP-022C052DFE,Forst (Lausitz)_FDP_2024.txt,manifestos/Forst (Lausitz)_FDP_2024.txt,Forst (Lausitz),Brandenburg,FDP,fdp,2024.0,local election,Wahlprogramm,modern_filename,ok,
GLMP-4CE91AF7C0,Forst (Lausitz)_Grüne_2024.txt,manifestos/Forst (Lausitz)_Grüne_2024.txt,Forst (Lausitz),Brandenburg,Grüne,gru,2024.0,local election,Wahlprogramm,modern_filename,ok,
GLMP-97864C8C38,Forst (Lausitz)_Linke_2024.txt,manifestos/Forst (Lausitz)_Linke_2024.txt,Forst (Lausitz),Brandenburg,Linke,,2024.0,local election,Wahlprogramm,modern_filename,ok,
GLMP-BC5232780E,Forst (Lausitz)_SPD_2024.txt,manifestos/Forst (Lausitz)_SPD_2024.txt,Forst (Lausitz),Brandenburg,SPD,spd,2024.0,local election,Wahlprogramm,modern_filename,ok,
GLMP-89BAF890E2,Frankenblick_AfD-AfF_2024.txt,manifestos/Frankenblick_AfD-AfF_2024.txt,Frankenblick,Thüringen,AfD-AfF,,2024.0,local election,Wahlprogramm,modern_filename,ok,
GLMP-D6B1B17DD3,Frankenblick_CDU_2024.txt,manifestos/Frankenblick_CDU_2024.txt,Frankenblick,Thüringen,CDU,cdu,2024.0,local election,Wahlprogramm,modern_filename,ok,
GLMP-0A5A112EBC,Frankenblick_SPD_2024.txt,manifestos/Frankenblick_SPD_2024.txt,Frankenblick,Thüringen,SPD,spd,2024.0,local election,Wahlprogramm,modern_filename,ok,
GLMP-79A37FBF3A,Frankfurt (Oder)_AfD_2024.txt,manifestos/Frankfurt (Oder)_AfD_2024.txt,Frankfurt (Oder),Brandenburg,AfD,,2024.0,local election,Wahlprogramm,modern_filename,ok,
GLMP-7787E623B7,Frankfurt (Oder)_CDU_2024.txt,manifestos/Frankfurt (Oder)_CDU_2024.txt,Frankfurt (Oder),Brandenburg,CDU,cdu,2024.0,local election,Wahlprogramm,modern_filename,ok,
GLMP-3826AD6087,Frankfurt (Oder)_Die Partei_2024.txt,manifestos/Frankfurt (Oder)_Die Partei_2024.txt,Frankfurt (Oder),Brandenburg,Die Partei,par,2024.0,local election,Wahlprogramm,modern_filename,ok,
GLMP-98908814ED,Frankfurt (Oder)_FDP_2024.txt,manifestos/Frankfurt (Oder)_FDP_2024.txt,Frankfurt (Oder),Brandenburg,FDP,fdp,2024.0,local election,Wahlprogramm,modern_filename,ok,
GLMP-7CD15D7251,Frankfurt (Oder)_FWG_2024.txt,manifestos/Frankfurt (Oder)_FWG_2024.txt,Frankfurt (Oder),Brandenburg,FWG,,2024.0,local election,Wahlprogramm,modern_filename,ok,
GLMP-97E91D4E6D,Frankfurt (Oder)_Grüne_2024.txt,manifestos/Frankfurt (Oder)_Grüne_2024.txt,Frankfurt (Oder),Brandenburg,Grüne,gru,2024.0,local election,Wahlprogramm,modern_filename,ok,
GLMP-A536CE29B0,Frankfurt (Oder)_Linke_2024.txt,manifestos/Frankfurt (Oder)_Linke_2024.txt,Frankfurt (Oder),Brandenburg,Linke,,2024.0,local election,Wahlprogramm,modern_filename,ok,
GLMP-9D4EC3799D,Frankfurt (Oder)_SPD_2024.txt,manifestos/Frankfurt (Oder)_SPD_2024.txt,Frankfurt (Oder),Brandenburg,SPD,spd,2024.0,local election,Wahlprogramm,modern_filename,ok,
GLMP-6D618F4C8F,Fredersdorf-Vogelsdorf_Grüne_2024.txt,manifestos/Fredersdorf-Vogelsdorf_Grüne_2024.txt,Fredersdorf-Vogelsdorf,Brandenburg,Grüne,gru,2024.0,local election,Wahlprogramm,modern_filename,ok,
GLMP-866933C7D0,Fredersdorf-Vogelsdorf_SPD_2024.txt,manifestos/Fredersdorf-Vogelsdorf_SPD_2024.txt,Fredersdorf-Vogelsdorf,Brandenburg,SPD,spd,2024.0,local election,Wahlprogramm,modern_filename,ok,
GLMP-C84777AC54,Freiberg_Grüne_2024.txt,manifestos/Freiberg_Grüne_2024.txt,Freiberg,Sachsen,Grüne,gru,2024.0,local election,Wahlprogramm,modern_filename,ok,
GLMP-DC9F1268CC,Freiberg_SPD_2024.txt,manifestos/Freiberg_SPD_2024.txt,Freiberg,Sachsen,SPD,spd,2024.0,local election,Wahlprogramm,modern_filename,ok,
GLMP-CFB0059290,Freiburg im Breisgau_AfD_2024.txt,manifestos/Freiburg im Breisgau_AfD_2024.txt,Freiburg im Breisgau,Baden-Württemberg,AfD,,2024.0,local election,Wahlprogramm,modern_filename,ok,
GLMP-C020068FE0,Freiburg im Breisgau_Bürger für Freiburg_2024.txt,manifestos/Freiburg im Breisgau_Bürger für Freiburg_2024.txt,Freiburg im Breisgau,Baden-Württemberg,Bürger für Freiburg,,2024.0,local election,Wahlprogramm,modern_filename,ok,
GLMP-EFA518A79F,Freiburg im Breisgau_CDU_2024.txt,manifestos/Freiburg im Breisgau_CDU_2024.txt,Freiburg im Breisgau,Baden-Württemberg,CDU,cdu,2024.0,local election,Wahlprogramm,modern_filename,ok,
GLMP-755205E925,Freiburg im Breisgau_Die Partei_2024.txt,manifestos/Freiburg im Breisgau_Die Partei_2024.txt,Freiburg im Breisgau,Baden-Württemberg,Die Partei,par,2024.0,local election,Wahlprogramm,modern_filename,ok,
GLMP-7E2FF517A4,Freiburg im Breisgau_FDP_2024 .txt,manifestos/Freiburg im Breisgau_FDP_2024 .txt,Freiburg im Breisgau,Baden-Württemberg,FDP,fdp,2024.0,local election,Wahlprogramm,modern_filename,ok,
GLMP-CAFE90FA06,Freiburg im Breisgau_FWG_2024.txt,manifestos/Freiburg im Breisgau_FWG_2024.txt,Freiburg im Breisgau,Baden-Württemberg,FWG,,2024.0,local election,Wahlprogramm,modern_filename,ok,
GLMP-F0654D48D7,Freiburg im Breisgau_Freiburg Lebenswert_2024.txt,manifestos/Freiburg im Breisgau_Freiburg Lebenswert_2024.txt,Freiburg im Breisgau,Baden-Württemberg,Freiburg Lebenswert,frl,2024.0,local election,Wahlprogramm,modern_filename,ok,
GLMP-8C1880AD5C,Freiburg im Breisgau_Grüne_2024.txt,manifestos/Freiburg im Breisgau_Grüne_2024.txt,Freiburg im Breisgau,Baden-Württemberg,Grüne,gru,2024.0,local election,Wahlprogramm,modern_filename,ok,
GLMP-918FB29C92,Freiburg im Breisgau_Grüne Alternative Freiburg_2024.txt,manifestos/Freiburg im Breisgau_Grüne Alternative Freiburg_2024.txt,Freiburg im Breisgau,Baden-Württemberg,Grüne Alternative Freiburg,,2024.0,local election,Wahlprogramm,modern_filename,ok,
GLMP-CFA203F68E,Freiburg im Breisgau_Junges Freiburg_2024.txt,manifestos/Freiburg im Breisgau_Junges Freiburg_2024.txt,Freiburg im Breisgau,Baden-Württemberg,Junges Freiburg,juf,2024.0,local election,Wahlprogramm,modern_filename,ok,
GLMP-1D1EC8119C,Freiburg im Breisgau_Linke_2024.txt,manifestos/Freiburg im Breisgau_Linke_2024.txt,Freiburg im Breisgau,Baden-Württemberg,Linke,,2024.0,local election,Wahlprogramm,modern_filename,ok,
GLMP-EC687DF8D1,Freiburg im Breisgau_Liste Teilhabe und Inklusion_2024.txt,manifestos/Freiburg im Breisgau_Liste Teilhabe und Inklusion_2024.txt,Freiburg im Breisgau,Baden-Württemberg,Liste Teilhabe und Inklusion,,2024.0,local election,Wahlprogramm,modern_filename,ok,
GLMP-2A1FD44FBF,Freiburg im Breisgau_SPD_2024 .txt,manifestos/Freiburg im Breisgau_SPD_2024 .txt,Freiburg im Breisgau,Baden-Württemberg,SPD,spd,2024.0,local election,Wahlprogramm,modern_filename,ok,
GLMP-9807FE6E7C,Freiburg im Breisgau_Unabhängige Frauen Freiburg_2024.txt,manifestos/Freiburg im Breisgau_Unabhängige Frauen Freiburg_2024.txt,Freiburg im Breisgau,Baden-Württemberg,Unabhängige Frauen Freiburg,uff,2024.0,local election,Wahlprogramm,modern_filename,ok,
GLMP-D97896750E,Freiburg im Breisgau_Urbanes Freiburg_2024.txt,manifestos/Freiburg im Breisgau_Urbanes Freiburg_2024.txt,Freiburg im Breisgau,Baden-Württemberg,Urbanes Freiburg,,2024.0,local election,Wahlprogramm,modern_filename,ok,
GLMP-08338B3873,Freiburg im Breisgau_Volt_2024.txt,manifestos/Freiburg im Breisgau_Volt_2024.txt,Freiburg im Breisgau,Baden-Württemberg,Volt,vlt,2024.0,local election,Wahlprogramm,modern_filename,ok,
GLMP-D354949F7C,Friedrichshafen_AfD_2024.txt,manifestos/Friedrichshafen_AfD_2024.txt,Friedrichshafen,Baden-Württemberg,AfD,,2024.0,local election,Wahlprogramm,modern_filename,ok,
GLMP-AB3BEEFE4E,Friedrichshafen_CDU_2024.txt,manifestos/Friedrichshafen_CDU_2024.txt,Friedrichshafen,Baden-Württemberg,CDU,cdu,2024.0,local election,Wahlprogramm,modern_filename,ok,
GLMP-DE284315FA,Friedrichshafen_FDP_2024.txt,manifestos/Friedrichshafen_FDP_2024.txt,Friedrichshafen,Baden-Württemberg,FDP,fdp,2024.0,local election,Wahlprogramm,modern_filename,ok,
GLMP-EFD41574D3,Friedrichshafen_FWG_2024.txt,manifestos/Friedrichshafen_FWG_2024.txt,Friedrichshafen,Baden-Württemberg,FWG,,2024.0,local election,Wahlprogramm,modern_filename,ok,
GLMP-124F610215,Friedrichshafen_Grüne_2024.txt,manifestos/Friedrichshafen_Grüne_2024.txt,Friedrichshafen,Baden-Württemberg,Grüne,gru,2024.0,local election,Wahlprogramm,modern_filename,ok,
GLMP-85A48770C9,Friedrichshafen_Linke_2024.txt,manifestos/Friedrichshafen_Linke_2024.txt,Friedrichshafen,Baden-Württemberg,Linke,,2024.0,local election,Wahlprogramm,modern_filename,ok,
GLMP-5AE1B7DA6D,Friedrichshafen_Netzwerk für Friedrichshafen_2024.txt,manifestos/Friedrichshafen_Netzwerk für Friedrichshafen_2024.txt,Friedrichshafen,Baden-Württemberg,Netzwerk für Friedrichshafen,,2024.0,local election,Wahlprogramm,modern_filename,ok,
GLMP-41FD12E299,Friedrichshafen_SPD_2024.txt,manifestos/Friedrichshafen_SPD_2024.txt,Friedrichshafen,Baden-Württemberg,SPD,spd,2024.0,local election,Wahlprogramm,modern_filename,ok,
GLMP-79AE137829,Friedrichshafen_ÖDP_2024.txt,manifestos/Friedrichshafen_ÖDP_2024.txt,Friedrichshafen,Baden-Württemberg,ÖDP,,2024.0,local election,Wahlprogramm,modern_filename,ok,
GLMP-C5479B6EB4,Frohburg_AfD_2024.txt,manifestos/Frohburg_AfD_2024.txt,Frohburg,Sachsen,AfD,,2024.0,local election,Wahlprogramm,modern_filename,ok,
GLMP-6526B2A1A7,Frohburg_CDU_2024.txt,manifestos/Frohburg_CDU_2024.txt,Frohburg,Sachsen,CDU,cdu,2024.0,local election,Wahlprogramm,modern_filename,ok,
GLMP-6DA5A15B48,Frohburg_Linke_2024.txt,manifestos/Frohburg_Linke_2024.txt,Frohburg,Sachsen,Linke,,2024.0,local election,Wahlprogramm,modern_filename,ok,
GLMP-73093E9682,Frohburg_SPD_2024.txt,manifestos/Frohburg_SPD_2024.txt,Frohburg,Sachsen,SPD,spd,2024.0,local election,Wahlprogramm,modern_filename,ok,
GLMP-95C9884918,Fürstenberg (Havel)_CDU_2024.txt,manifestos/Fürstenberg (Havel)_CDU_2024.txt,Fürstenberg (Havel),Brandenburg,CDU,cdu,2024.0,local election,Wahlprogramm,modern_filename,ok,
GLMP-63220D9F24,Fürstenberg (Havel)_FDP_2024.txt,manifestos/Fürstenberg (Havel)_FDP_2024.txt,Fürstenberg (Havel),Brandenburg,FDP,fdp,2024.0,local election,Wahlprogramm,modern_filename,ok,
GLMP-C108879041,Fürstenberg (Havel)_Grüne_2024.txt,manifestos/Fürstenberg (Havel)_Grüne_2024.txt,Fürstenberg (Havel),Brandenburg,Grüne,gru,2024.0,local election,Wahlprogramm,modern_filename,ok,
GLMP-B89029CD1B,Fürstenberg (Havel)_Linke_2024.txt,manifestos/Fürstenberg (Havel)_Linke_2024.txt,Fürstenberg (Havel),Brandenburg,Linke,,2024.0,local election,Wahlprogramm,modern_filename,ok,
GLMP-DC129C7532,Fürstenberg (Havel)_SPD_2024.txt,manifestos/Fürstenberg (Havel)_SPD_2024.txt,Fürstenberg (Havel),Brandenburg,SPD,spd,2024.0,local election,Wahlprogramm,modern_filename,ok,
GLMP-1C9D6DD601,Gadebusch_Gadebuscher Bürgergemeinschaft GBG_2024.txt,manifestos/Gadebusch_Gadebuscher Bürgergemeinschaft GBG_2024.txt,Gadebusch,Mecklenburg-Vorpommern,Gadebuscher Bürgergemeinschaft GBG,,2024.0,local election,Wahlprogramm,modern_filename,ok,
GLMP-6A0D0FD1BC,Georgenthal_SPD_2024.txt,manifestos/Georgenthal_SPD_2024.txt,Georgenthal,Thüringen,SPD,spd,2024.0,local election,Wahlprogramm,modern_filename,ok,
GLMP-0AB53F8209,Gera_CDU_2024.txt,manifestos/Gera_CDU_2024.txt,Gera,Thüringen,CDU,cdu,2024.0,local election,Wahlprogramm,modern_filename,ok,
GLMP-8233529473,Gera_Grüne_2024.txt,manifestos/Gera_Grüne_2024.txt,Gera,Thüringen,Grüne,gru,2024.0,local election,Wahlprogramm,modern_filename,ok,
GLMP-51929EC7A9,Gera_Linke_2024.txt,manifestos/Gera_Linke_2024.txt,Gera,Thüringen,Linke,,2024.0,local election,Wahlprogramm,modern_filename,ok,
GLMP-A972669990,Gera_SPD_2024.txt,manifestos/Gera_SPD_2024.txt,Gera,Thüringen,SPD,spd,2024.0,local election,Wahlprogramm,modern_filename,ok,
GLMP-12592C8A5D,Gommern_SPD_2024.txt,manifestos/Gommern_SPD_2024.txt,Gommern,Sachsen-Anhalt,SPD,spd,2024.0,local election,Wahlprogramm,modern_filename,ok,
GLMP-A4F7F39E48,Grabow_CDU_2024 .txt,manifestos/Grabow_CDU_2024 .txt,Grabow,Mecklenburg-Vorpommern,CDU,cdu,2024.0,local election,Wahlprogramm,modern_filename,ok,
GLMP-AAF7498433,Grabow_FWG_2024.txt,manifestos/Grabow_FWG_2024.txt,Grabow,Mecklenburg-Vorpommern,FWG,,2024.0,local election,Wahlprogramm,modern_filename,ok,
GLMP-5BB1C96554,Grabow_SPD_2024.txt,manifestos/Grabow_SPD_2024.txt,Grabow,Mecklenburg-Vorpommern,SPD,spd,2024.0,local election,Wahlprogramm,modern_filename,ok,
GLMP-2865F1C630,Greifswald_AfD_2024.txt,manifestos/Greifswald_AfD_2024.txt,Greifswald,Mecklenburg-Vorpommern,AfD,,2024.0,local election,Wahlprogramm,modern_filename,ok,
GLMP-C784D98776,Greifswald_Allianz der Bürgerlichen Mitte (ADBM)_2024.txt,manifestos/Greifswald_Allianz der Bürgerlichen Mitte (ADBM)_2024.txt,Greifswald,Mecklenburg-Vorpommern,Allianz der Bürgerlichen Mitte (ADBM),,2024.0,local election,Wahlprogramm,modern_filename,ok,
GLMP-A74E876584,Greifswald_Alternative Liste_2024.txt,manifestos/Greifswald_Alternative Liste_2024.txt,Greifswald,Mecklenburg-Vorpommern,Alternative Liste,,2024.0,local election,Wahlprogramm,modern_filename,ok,
GLMP-3945B24C13,Greifswald_Bürgerliste Greifswald_2024.txt,manifestos/Greifswald_Bürgerliste Greifswald_2024.txt,Greifswald,Mecklenburg-Vorpommern,Bürgerliste Greifswald,,2024.0,local election,Wahlprogramm,modern_filename,ok,
GLMP-D7060BA8BE,Greifswald_CDU_2024.txt,manifestos/Greifswald_CDU_2024.txt,Greifswald,Mecklenburg-Vorpommern,CDU,cdu,2024.0,local election,Wahlprogramm,modern_filename,ok,
GLMP-B36B165669,Greifswald_Die Partei_2024.txt,manifestos/Greifswald_Die Partei_2024.txt,Greifswald,Mecklenburg-Vorpommern,Die Partei,par,2024.0,local election,Wahlprogramm,modern_filename,ok,
GLMP-B1AFC5ECD0,Greifswald_FDP_2024.txt,manifestos/Greifswald_FDP_2024.txt,Greifswald,Mecklenburg-Vorpommern,FDP,fdp,2024.0,local election,Wahlprogramm,modern_filename,ok,
GLMP-636A46EBA7,Greifswald_Grüne_2024.txt,manifestos/Greifswald_Grüne_2024.txt,Greifswald,Mecklenburg-Vorpommern,Grüne,gru,2024.0,local election,Wahlprogramm,modern_filename,ok,
GLMP-BDB82CF95F,Greifswald_Initative Bürgerentscheid_2024.txt,manifestos/Greifswald_Initative Bürgerentscheid_2024.txt,Greifswald,Mecklenburg-Vorpommern,Initative Bürgerentscheid,,2024.0,local election,Wahlprogramm,modern_filename,ok,
GLMP-CF61FC581B,Greifswald_Linke_2024.txt,manifestos/Greifswald_Linke_2024.txt,Greifswald,Mecklenburg-Vorpommern,Linke,,2024.0,local election,Wahlprogramm,modern_filename,ok,
GLMP-209037054B,Greifswald_SPD_2024.txt,manifestos/Greifswald_SPD_2024.txt,Greifswald,Mecklenburg-Vorpommern,SPD,spd,2024.0,local election,Wahlprogramm,modern_filename,ok,
GLMP-9898FDEB79,Greifswald_Tierschutzpartei_2024.txt,manifestos/Greifswald_Tierschutzpartei_2024.txt,Greifswald,Mecklenburg-Vorpommern,Tierschutzpartei,tsp,2024.0,local election,Wahlprogramm,modern_filename,ok,
GLMP-3D775C1553,Greifswald_Volt_2024.txt,manifestos/Greifswald_Volt_2024.txt,Greifswald,Mecklenburg-Vorpommern,Volt,vlt,2024.0,local election,Wahlprogramm,modern_filename,ok,
GLMP-C2F31F21BF,Grimmen_CDU_2024.txt,manifestos/Grimmen_CDU_2024.txt,Grimmen,Mecklenburg-Vorpommern,CDU,cdu,2024.0,local election,Wahlprogramm,modern_filename,ok,
GLMP-C5E45724FF,Grimmen_Linke_2024.txt,manifestos/Grimmen_Linke_2024.txt,Grimmen,Mecklenburg-Vorpommern,Linke,,2024.0,local election,Wahlprogramm,modern_filename,ok,
GLMP-7120788D2F,Großräschen_SPD_2024.txt,manifestos/Großräschen_SPD_2024.txt,Großräschen,Brandenburg,SPD,spd,2024.0,local election,Wahlprogramm,modern_filename,ok,
GLMP-E8228513E7,Großröhrsdorf_BFD_2024.txt,manifestos/Großröhrsdorf_BFD_2024.txt,Großröhrsdorf,Sachsen,BFD,,2024.0,local election,Wahlprogramm,modern_filename,ok,
GLMP-91B92A49CD,Großröhrsdorf_CDU_2024.txt,manifestos/Großröhrsdorf_CDU_2024.txt,Großröhrsdorf,Sachsen,CDU,cdu,2024.0,local election,Wahlprogramm,modern_filename,ok,
GLMP-80286A8579,Großröhrsdorf_FWG_2024.txt,manifestos/Großröhrsdorf_FWG_2024.txt,Großröhrsdorf,Sachsen,FWG,,2024.0,local election,Wahlprogramm,modern_filename,ok,
GLMP-10DDBB3E3D,Großröhrsdorf_SPD_2024.txt,manifestos/Großröhrsdorf_SPD_2024.txt,Großröhrsdorf,Sachsen,SPD,spd,2024.0,local election,Wahlprogramm,modern_filename,ok,
GLMP-78C32325CF,Göppingen_AfD_2024.txt,manifestos/Göppingen_AfD_2024.txt,Göppingen,Baden-Württemberg,AfD,,2024.0,local election,Wahlprogramm,modern_filename,ok,
GLMP-EC869BE0A5,Göppingen_CDU_2024.txt,manifestos/Göppingen_CDU_2024.txt,Göppingen,Baden-Württemberg,CDU,cdu,2024.0,local election,Wahlprogramm,modern_filename,ok,
GLMP-26FFAE95E5,Göppingen_FWG_2024.txt,manifestos/Göppingen_FWG_2024.txt,Göppingen,Baden-Württemberg,FWG,,2024.0,local election,Wahlprogramm,modern_filename,ok,
GLMP-3FDB6B0A84,Göppingen_Grüne_2024.txt,manifestos/Göppingen_Grüne_2024.txt,Göppingen,Baden-Württemberg,Grüne,gru,2024.0,local election,Wahlprogramm,modern_filename,ok,
GLMP-635C42218C,Göppingen_Linke_2024.txt,manifestos/Göppingen_Linke_2024.txt,Göppingen,Baden-Württemberg,Linke,,2024.0,local election,Wahlprogramm,modern_filename,ok,
GLMP-1E78AB6858,Görlitz_AfD_2024.txt,manifestos/Görlitz_AfD_2024.txt,Görlitz,Sachsen,AfD,,2024.0,local election,Wahlprogramm,modern_filename,ok,
GLMP-E1709EA7FC,Görlitz_CDU_2024.txt,manifestos/Görlitz_CDU_2024.txt,Görlitz,Sachsen,CDU,cdu,2024.0,local election,Wahlprogramm,modern_filename,ok,
GLMP-AF2E138B90,Görlitz_Grüne_2024.txt,manifestos/Görlitz_Grüne_2024.txt,Görlitz,Sachsen,Grüne,gru,2024.0,local election,Wahlprogramm,modern_filename,ok,
GLMP-107AC94417,Görlitz_Linke_2024.txt,manifestos/Görlitz_Linke_2024.txt,Görlitz,Sachsen,Linke,,2024.0,local election,Wahlprogramm,modern_filename,ok,
GLMP-E205D907C0,Görlitz_SPD_2024.txt,manifestos/Görlitz_SPD_2024.txt,Görlitz,Sachsen,SPD,spd,2024.0,local election,Wahlprogramm,modern_filename,ok,
GLMP-B60579B1B5,Güstrow_CDU_2024.txt,manifestos/Güstrow_CDU_2024.txt,Güstrow,Mecklenburg-Vorpommern,CDU,cdu,2024.0,local election,Wahlprogramm,modern_filename,ok,
GLMP-10719C55B2,Güstrow_Grüne_2024.txt,manifestos/Güstrow_Grüne_2024.txt,Güstrow,Mecklenburg-Vorpommern,Grüne,gru,2024.0,local election,Wahlprogramm,modern_filename,ok,
GLMP-26BBABB29E,Güstrow_Linke_2024.txt,manifestos/Güstrow_Linke_2024.txt,Güstrow,Mecklenburg-Vorpommern,Linke,,2024.0,local election,Wahlprogramm,modern_filename,ok,
GLMP-EEEBEB60C2,Güstrow_SPD_2024.txt,manifestos/Güstrow_SPD_2024.txt,Güstrow,Mecklenburg-Vorpommern,SPD,spd,2024.0,local election,Wahlprogramm,modern_filename,ok,
GLMP-1953DC2449,Hagenow_CDU_2024.txt,manifestos/Hagenow_CDU_2024.txt,Hagenow,Mecklenburg-Vorpommern,CDU,cdu,2024.0,local election,Wahlprogramm,modern_filename,ok,
GLMP-553314212B,Hagenow_FDP_2024.txt,manifestos/Hagenow_FDP_2024.txt,Hagenow,Mecklenburg-Vorpommern,FDP,fdp,2024.0,local election,Wahlprogramm,modern_filename,ok,
GLMP-85E2D0C434,Hagenow_Linke_2024.txt,manifestos/Hagenow_Linke_2024.txt,Hagenow,Mecklenburg-Vorpommern,Linke,,2024.0,local election,Wahlprogramm,modern_filename,ok,
GLMP-26B960610D,Hagenow_SPD_2024.txt,manifestos/Hagenow_SPD_2024.txt,Hagenow,Mecklenburg-Vorpommern,SPD,spd,2024.0,local election,Wahlprogramm,modern_filename,ok,
GLMP-5F60693E00,Hagenow_VAH_2024.txt,manifestos/Hagenow_VAH_2024.txt,Hagenow,Mecklenburg-Vorpommern,VAH,,2024.0,local election,Wahlprogramm,modern_filename,ok,
GLMP-787C206E24,Hainichen_CDU_2024.txt,manifestos/Hainichen_CDU_2024.txt,Hainichen,Sachsen,CDU,cdu,2024.0,local election,Wahlprogramm,modern_filename,ok,
GLMP-4E5A9D07A3,Haldensleben_AfD_2024.txt,manifestos/Haldensleben_AfD_2024.txt,Haldensleben,Sachsen-Anhalt,AfD,,2024.0,local election,Wahlprogramm,modern_filename,ok,
GLMP-1508263BBE,Haldensleben_BürgerbewegungHDL_2024.txt,manifestos/Haldensleben_BürgerbewegungHDL_2024.txt,Haldensleben,Sachsen-Anhalt,BürgerbewegungHDL,,2024.0,local election,Wahlprogramm,modern_filename,ok,
GLMP-0DF1DCA519,Haldensleben_CDU_2024.txt,manifestos/Haldensleben_CDU_2024.txt,Haldensleben,Sachsen-Anhalt,CDU,cdu,2024.0,local election,Wahlprogramm,modern_filename,ok,
GLMP-34E469DA1B,Haldensleben_Grüne_2024.txt,manifestos/Haldensleben_Grüne_2024.txt,Haldensleben,Sachsen-Anhalt,Grüne,gru,2024.0,local election,Wahlprogramm,modern_filename,ok,
GLMP-7B51A7E0DE,Halle (Saale)_AfD_2024.txt,manifestos/Halle (Saale)_AfD_2024.txt,Halle (Saale),Sachsen-Anhalt,AfD,,2024.0,local election,Wahlprogramm,modern_filename,ok,
GLMP-E94D8F5CB1,Halle (Saale)_CDU_2024.txt,manifestos/Halle (Saale)_CDU_2024.txt,Halle (Saale),Sachsen-Anhalt,CDU,cdu,2024.0,local election,Wahlprogramm,modern_filename,ok,
GLMP-70793135A6,Halle (Saale)_Die Basis_2024.txt,manifestos/Halle (Saale)_Die Basis_2024.txt,Halle (Saale),Sachsen-Anhalt,Die Basis,,2024.0,local election,Wahlprogramm,modern_filename,ok,
GLMP-EBEFCBC25C,Halle (Saale)_Die Partei_2024.txt,manifestos/Halle (Saale)_Die Partei_2024.txt,Halle (Saale),Sachsen-Anhalt,Die Partei,par,2024.0,local election,Wahlprogramm,modern_filename,ok,
GLMP-D2CE44D3DC,Halle (Saale)_Einzelbewerber_2024.txt,manifestos/Halle (Saale)_Einzelbewerber_2024.txt,Halle (Saale),Sachsen-Anhalt,Einzelbewerber,,2024.0,local election,Wahlprogramm,modern_filename,ok,
GLMP-CBA1BA12B6,Halle (Saale)_FDP_2024.txt,manifestos/Halle (Saale)_FDP_2024.txt,Halle (Saale),Sachsen-Anhalt,FDP,fdp,2024.0,local election,Wahlprogramm,modern_filename,ok,
GLMP-AB944E37F8,Halle (Saale)_FWG_2024.txt,manifestos/Halle (Saale)_FWG_2024.txt,Halle (Saale),Sachsen-Anhalt,FWG,,2024.0,local election,Wahlprogramm,modern_filename,ok,
GLMP-4EF3F735AE,Halle (Saale)_Grüne_2024.txt,manifestos/Halle (Saale)_Grüne_2024.txt,Halle (Saale),Sachsen-Anhalt,Grüne,gru,2024.0,local election,Wahlprogramm,modern_filename,ok,
GLMP-228599587C,Halle (Saale)_Hauptsache Halle_2024.txt,manifestos/Halle (Saale)_Hauptsache Halle_2024.txt,Halle (Saale),Sachsen-Anhalt,Hauptsache Halle,hsh,2024.0,local election,Wahlprogramm,modern_filename,ok,
GLMP-3272B41370,Halle (Saale)_Linke_2024.txt,manifestos/Halle (Saale)_Linke_2024.txt,Halle (Saale),Sachsen-Anhalt,Linke,,2024.0,local election,Wahlprogramm,modern_filename,ok,
GLMP-7EF67E4895,Halle (Saale)_SPD_2024.txt,manifestos/Halle (Saale)_SPD_2024.txt,Halle (Saale),Sachsen-Anhalt,SPD,spd,2024.0,local election,Wahlprogramm,modern_filename,ok,
GLMP-909DFBE14F,Halle (Saale)_Volt_2024.txt,manifestos/Halle (Saale)_Volt_2024.txt,Halle (Saale),Sachsen-Anhalt,Volt,vlt,2024.0,local election,Wahlprogramm,modern_filename,ok,
GLMP-3DC1EF274C,Haßloch_CDU_2024.txt,manifestos/Haßloch_CDU_2024.txt,Haßloch,Rheinland-Pfalz,CDU,cdu,2024.0,local election,Wahlprogramm,modern_filename,ok,
GLMP-DAA8050AE3,Haßloch_FDP_2024.txt,manifestos/Haßloch_FDP_2024.txt,Haßloch,Rheinland-Pfalz,FDP,fdp,2024.0,local election,Wahlprogramm,modern_filename,ok,
GLMP-B701DF8C11,Haßloch_FWG_2024.txt,manifestos/Haßloch_FWG_2024.txt,Haßloch,Rheinland-Pfalz,FWG,,2024.0,local election,Wahlprogramm,modern_filename,ok,
GLMP-CB2DF81392,Haßloch_Grüne_2024.txt,manifestos/Haßloch_Grüne_2024.txt,Haßloch,Rheinland-Pfalz,Grüne,gru,2024.0,local election,Wahlprogramm,modern_filename,ok,
GLMP-4D7DCBF32C,Haßloch_HLL_2024.txt,manifestos/Haßloch_HLL_2024.txt,Haßloch,Rheinland-Pfalz,HLL,,2024.0,local election,Wahlprogramm,modern_filename,ok,
GLMP-340217645D,Haßloch_SPD_2024.txt,manifestos/Haßloch_SPD_2024.txt,Haßloch,Rheinland-Pfalz,SPD,spd,2024.0,local election,Wahlprogramm,modern_filename,ok,
GLMP-DCB5223DAD,Heidelberg_AfD_2024.txt,manifestos/Heidelberg_AfD_2024.txt,Heidelberg,Baden-Württemberg,AfD,,2024.0,local election,Wahlprogramm,modern_filename,ok,
GLMP-2AD8BCC70F,Heidelberg_Bunte Linke_2024.txt,manifestos/Heidelberg_Bunte Linke_2024.txt,Heidelberg,Baden-Württemberg,Bunte Linke,,2024.0,local election,Wahlprogramm,modern_filename,ok,
GLMP-11E3618720,Heidelberg_CDU_2024.txt,manifestos/Heidelberg_CDU_2024.txt,Heidelberg,Baden-Württemberg,CDU,cdu,2024.0,local election,Wahlprogramm,modern_filename,ok,
GLMP-7515C435A9,Heidelberg_Die Heidelberger_2024.txt,manifestos/Heidelberg_Die Heidelberger_2024.txt,Heidelberg,Baden-Württemberg,Die Heidelberger,,2024.0,local election,Wahlprogramm,modern_filename,ok,
GLMP-070259FAD5,Heidelberg_Die Partei_2024.txt,manifestos/Heidelberg_Die Partei_2024.txt,Heidelberg,Baden-Württemberg,Die Partei,par,2024.0,local election,Wahlprogramm,modern_filename,ok,
GLMP-F73231A663,Heidelberg_FDP_2024.txt,manifestos/Heidelberg_FDP_2024.txt,Heidelberg,Baden-Württemberg,FDP,fdp,2024.0,local election,Wahlprogramm,modern_filename,ok,
GLMP-C87D2EB350,Heidelberg_GAL_2024.txt,manifestos/Heidelberg_GAL_2024.txt,Heidelberg,Baden-Württemberg,GAL,,2024.0,local election,Wahlprogramm,modern_filename,ok,
GLMP-828CC9FFFB,Heidelberg_Grüne_2024.txt,manifestos/Heidelberg_Grüne_2024.txt,Heidelberg,Baden-Württemberg,Grüne,gru,2024.0,local election,Wahlprogramm,modern_filename,ok,
GLMP-6748BBF6EB,Heidelberg_Heidelberg in Bewegung_2024.txt,manifestos/Heidelberg_Heidelberg in Bewegung_2024.txt,Heidelberg,Baden-Württemberg,Heidelberg in Bewegung,,2024.0,local election,Wahlprogramm,modern_filename,ok,
GLMP-02298188F4,Heidelberg_IDA_2024.txt,manifestos/Heidelberg_IDA_2024.txt,Heidelberg,Baden-Württemberg,IDA,,2024.0,local election,Wahlprogramm,modern_filename,ok,
GLMP-52DFCEBF71,Heidelberg_Linke_2024.txt,manifestos/Heidelberg_Linke_2024.txt,Heidelberg,Baden-Württemberg,Linke,,2024.0,local election,Wahlprogramm,modern_filename,ok,
GLMP-D40B748264,Heidelberg_SPD_2024.txt,manifestos/Heidelberg_SPD_2024.txt,Heidelberg,Baden-Württemberg,SPD,spd,2024.0,local election,Wahlprogramm,modern_filename,ok,
GLMP-9938464A69,Heidelberg_Volt_2024.txt,manifestos/Heidelberg_Volt_2024.txt,Heidelberg,Baden-Württemberg,Volt,vlt,2024.0,local election,Wahlprogramm,modern_filename,ok,
GLMP-1D43397574,Heidenheim an der Brenz_AfD_2024.txt,manifestos/Heidenheim an der Brenz_AfD_2024.txt,Heidenheim an der Brenz,Baden-Württemberg,AfD,,2024.0,local election,Wahlprogramm,modern_filename,ok,
GLMP-46E7C170A1,Heidenheim an der Brenz_CDU_2024.txt,manifestos/Heidenheim an der Brenz_CDU_2024.txt,Heidenheim an der Brenz,Baden-Württemberg,CDU,cdu,2024.0,local election,Wahlprogramm,modern_filename,ok,
GLMP-9EAB544CC0,Heidenheim an der Brenz_FWG_2024.txt,manifestos/Heidenheim an der Brenz_FWG_2024.txt,Heidenheim an der Brenz,Baden-Württemberg,FWG,,2024.0,local election,Wahlprogramm,modern_filename,ok,
GLMP-7B2F9E29B7,Heidenheim an der Brenz_SPD_2024.txt,manifestos/Heidenheim an der Brenz_SPD_2024.txt,Heidenheim an der Brenz,Baden-Württemberg,SPD,spd,2024.0,local election,Wahlprogramm,modern_filename,ok,
GLMP-FA808A53AA,Heidenheim an der Brenz_ÖDP_2024.txt,manifestos/Heidenheim an der Brenz_ÖDP_2024.txt,Heidenheim an der Brenz,Baden-Württemberg,ÖDP,,2024.0,local election,Wahlprogramm,modern_filename,ok,
GLMP-BFD67B8DB0,Heilbronn_AfD_2024.txt,manifestos/Heilbronn_AfD_2024.txt,Heilbronn,Baden-Württemberg,AfD,,2024.0,local election,Wahlprogramm,modern_filename,ok,
GLMP-D8AEDFE004,Heilbronn_CDU_2024.txt,manifestos/Heilbronn_CDU_2024.txt,Heilbronn,Baden-Württemberg,CDU,cdu,2024.0,local election,Wahlprogramm,modern_filename,ok,
GLMP-4FF375A2A8,Heilbronn_FDP_2024.txt,manifestos/Heilbronn_FDP_2024.txt,Heilbronn,Baden-Württemberg,FDP,fdp,2024.0,local election,Wahlprogramm,modern_filename,ok,
GLMP-23FCBB970F,Heilbronn_Gemeinsam für unser HN_2024.txt,manifestos/Heilbronn_Gemeinsam für unser HN_2024.txt,Heilbronn,Baden-Württemberg,Gemeinsam für unser HN,,2024.0,local election,Wahlprogramm,modern_filename,ok,
GLMP-5EA0C6F21E,Heilbronn_Grüne_2024.txt,manifestos/Heilbronn_Grüne_2024.txt,Heilbronn,Baden-Württemberg,Grüne,gru,2024.0,local election,Wahlprogramm,modern_filename,ok,
GLMP-E2BFE96E45,Heilbronn_Linke_2024.txt,manifestos/Heilbronn_Linke_2024.txt,Heilbronn,Baden-Württemberg,Linke,,2024.0,local election,Wahlprogramm,modern_filename,ok,
GLMP-AEE0CD5830,Heilbronn_PRO_2024.txt,manifestos/Heilbronn_PRO_2024.txt,Heilbronn,Baden-Württemberg,PRO,,2024.0,local election,Wahlprogramm,modern_filename,ok,
GLMP-5269C9FECB,Heilbronn_SPD_2024.txt,manifestos/Heilbronn_SPD_2024.txt,Heilbronn,Baden-Württemberg,SPD,spd,2024.0,local election,Wahlprogramm,modern_filename,ok,
GLMP-F90DE9F0FA,Heilbronn_UfHN_2024.txt,manifestos/Heilbronn_UfHN_2024.txt,Heilbronn,Baden-Württemberg,UfHN,,2024.0,local election,Wahlprogramm,modern_filename,ok,
GLMP-FD5255224B,Heringsdorf_InKa_2024.txt,manifestos/Heringsdorf_InKa_2024.txt,Heringsdorf,Mecklenburg-Vorpommern,InKa,,2024.0,local election,Wahlprogramm,modern_filename,ok,
GLMP-07F4E5F529,Heringsdorf_SPD_2024.txt,manifestos/Heringsdorf_SPD_2024.txt,Heringsdorf,Mecklenburg-Vorpommern,SPD,spd,2024.0,local election,Wahlprogramm,modern_filename,ok,
GLMP-4B6E40CABA,Hohenmölsen_AHL_2024.txt,manifestos/Hohenmölsen_AHL_2024.txt,Hohenmölsen,Sachsen-Anhalt,AHL,,2024.0,local election,Wahlprogramm,modern_filename,ok,
GLMP-003EC2B698,Hohenmölsen_Grüne_2024.txt,manifestos/Hohenmölsen_Grüne_2024.txt,Hohenmölsen,Sachsen-Anhalt,Grüne,gru,2024.0,local election,Wahlprogramm,modern_filename,ok,
GLMP-F5638D4AAC,Hohenmölsen_Linke_2024.txt,manifestos/Hohenmölsen_Linke_2024.txt,Hohenmölsen,Sachsen-Anhalt,Linke,,2024.0,local election,Wahlprogramm,modern_filename,ok,
GLMP-D947566A73,Hüfingen_Freies Forum_2024.txt,manifestos/Hüfingen_Freies Forum_2024.txt,Hüfingen,Baden-Württemberg,Freies Forum,,2024.0,local election,Wahlprogramm,modern_filename,ok,
GLMP-D21AD75B67,Hüfingen_LBU_2024.txt,manifestos/Hüfingen_LBU_2024.txt,Hüfingen,Baden-Württemberg,LBU,,2024.0,local election,Wahlprogramm,modern_filename,ok,
GLMP-2D4402D8FD,Jena_AfD_2024.txt,manifestos/Jena_AfD_2024.txt,Jena,Thüringen,AfD,,2024.0,local election,Wahlprogramm,modern_filename,ok,
GLMP-5D59E7D006,Jena_Bürger für Jena_2024.txt,manifestos/Jena_Bürger für Jena_2024.txt,Jena,Thüringen,Bürger für Jena,bfj,2024.0,local election,Wahlprogramm,modern_filename,ok,
GLMP-0818EB1070,Jena_CDU_2024.txt,manifestos/Jena_CDU_2024.txt,Jena,Thüringen,CDU,cdu,2024.0,local election,Wahlprogramm,modern_filename,ok,
GLMP-18AFE008B3,Jena_Die Basis_2024.txt,manifestos/Jena_Die Basis_2024.txt,Jena,Thüringen,Die Basis,,2024.0,local election,Wahlprogramm,modern_filename,ok,
GLMP-6FC82E9C65,Jena_FDP_2024.txt,manifestos/Jena_FDP_2024.txt,Jena,Thüringen,FDP,fdp,2024.0,local election,Wahlprogramm,modern_filename,ok,
GLMP-4B16175EB2,Jena_FWG_2024.txt,manifestos/Jena_FWG_2024.txt,Jena,Thüringen,FWG,,2024.0,local election,Wahlprogramm,modern_filename,ok,
GLMP-AF9D8C6B7C,Jena_Grüne_2024.txt,manifestos/Jena_Grüne_2024.txt,Jena,Thüringen,Grüne,gru,2024.0,local election,Wahlprogramm,modern_filename,ok,
GLMP-C8E81689BF,Jena_Linke_2024.txt,manifestos/Jena_Linke_2024.txt,Jena,Thüringen,Linke,,2024.0,local election,Wahlprogramm,modern_filename,ok,
GLMP-0CF67F1FAD,Jena_SPD_2024.txt,manifestos/Jena_SPD_2024.txt,Jena,Thüringen,SPD,spd,2024.0,local election,Wahlprogramm,modern_filename,ok,
GLMP-A2306FD061,Jena_Volt_2024.txt,manifestos/Jena_Volt_2024.txt,Jena,Thüringen,Volt,vlt,2024.0,local election,Wahlprogramm,modern_filename,ok,
GLMP-C25A589CCD,Kaiserslautern_CDU_2024.txt,manifestos/Kaiserslautern_CDU_2024.txt,Kaiserslautern,Rheinland-Pfalz,CDU,cdu,2024.0,local election,Wahlprogramm,modern_filename,ok,
GLMP-BA81A12A5D,Kaiserslautern_FDP_2024.txt,manifestos/Kaiserslautern_FDP_2024.txt,Kaiserslautern,Rheinland-Pfalz,FDP,fdp,2024.0,local election,Wahlprogramm,modern_filename,ok,
GLMP-87CCE4C5AB,Kaiserslautern_Grüne_2024.txt,manifestos/Kaiserslautern_Grüne_2024.txt,Kaiserslautern,Rheinland-Pfalz,Grüne,gru,2024.0,local election,Wahlprogramm,modern_filename,ok,
GLMP-ECFB7DDE75,Kaiserslautern_Linke_2024.txt,manifestos/Kaiserslautern_Linke_2024.txt,Kaiserslautern,Rheinland-Pfalz,Linke,,2024.0,local election,Wahlprogramm,modern_filename,ok,
GLMP-9EA865130E,Kaiserslautern_SPD_2024.txt,manifestos/Kaiserslautern_SPD_2024.txt,Kaiserslautern,Rheinland-Pfalz,SPD,spd,2024.0,local election,Wahlprogramm,modern_filename,ok,
GLMP-7ACFE0FAFF,Kandern_FWG_2024.txt,manifestos/Kandern_FWG_2024.txt,Kandern,Baden-Württemberg,FWG,,2024.0,local election,Wahlprogramm,modern_filename,ok,
GLMP-30778BAEFB,Kandern_Grüne_2024.txt,manifestos/Kandern_Grüne_2024.txt,Kandern,Baden-Württemberg,Grüne,gru,2024.0,local election,Wahlprogramm,modern_filename,ok,
GLMP-5E60BED4BF,Karlsruhe_AfD_2024.txt,manifestos/Karlsruhe_AfD_2024.txt,Karlsruhe,Baden-Württemberg,AfD,,2024.0,local election,Wahlprogramm,modern_filename,ok,
GLMP-D840F9A398,Karlsruhe_CDU_2024.txt,manifestos/Karlsruhe_CDU_2024.txt,Karlsruhe,Baden-Württemberg,CDU,cdu,2024.0,local election,Wahlprogramm,modern_filename,ok,
GLMP-BA4D7B005F,Karlsruhe_Demokratie und Aufklärung Karlsruhe_2024.txt,manifestos/Karlsruhe_Demokratie und Aufklärung Karlsruhe_2024.txt,Karlsruhe,Baden-Württemberg,Demokratie und Aufklärung Karlsruhe,,2024.0,local election,Wahlprogramm,modern_filename,ok,
GLMP-B565A4CC85,Karlsruhe_Die Partei_2024.txt,manifestos/Karlsruhe_Die Partei_2024.txt,Karlsruhe,Baden-Württemberg,Die Partei,par,2024.0,local election,Wahlprogramm,modern_filename,ok,
GLMP-211179337F,Karlsruhe_FDP_2024.txt,manifestos/Karlsruhe_FDP_2024.txt,Karlsruhe,Baden-Württemberg,FDP,fdp,2024.0,local election,Wahlprogramm,modern_filename,ok,
GLMP-4C405AD448,Karlsruhe_FWG_2024.txt,manifestos/Karlsruhe_FWG_2024.txt,Karlsruhe,Baden-Württemberg,FWG,,2024.0,local election,Wahlprogramm,modern_filename,ok,
GLMP-F328995E1D,Karlsruhe_Für Karlsruhe_2024.txt,manifestos/Karlsruhe_Für Karlsruhe_2024.txt,Karlsruhe,Baden-Württemberg,Für Karlsruhe,fkr,2024.0,local election,Wahlprogramm,modern_filename,ok,
GLMP-4C2018E279,Karlsruhe_Grüne_2024.txt,manifestos/Karlsruhe_Grüne_2024.txt,Karlsruhe,Baden-Württemberg,Grüne,gru,2024.0,local election,Wahlprogramm,modern_filename,ok,
GLMP-9AEB32F213,Karlsruhe_KAL_2024.txt,manifestos/Karlsruhe_KAL_2024.txt,Karlsruhe,Baden-Württemberg,KAL,,2024.0,local election,Wahlprogramm,modern_filename,ok,
GLMP-46290AE738,Karlsruhe_Linke_2024.txt,manifestos/Karlsruhe_Linke_2024.txt,Karlsruhe,Baden-Württemberg,Linke,,2024.0,local election,Wahlprogramm,modern_filename,ok,
GLMP-A880BEEBCC,Karlsruhe_SPD_2024.txt,manifestos/Karlsruhe_SPD_2024.txt,Karlsruhe,Baden-Württemberg,SPD,spd,2024.0,local election,Wahlprogramm,modern_filename,ok,
GLMP-861E39902B,Karlsruhe_Volt_2024.txt,manifestos/Karlsruhe_Volt_2024.txt,Karlsruhe,Baden-Württemberg,Volt,vlt,2024.0,local election,Wahlprogramm,modern_filename,ok,
GLMP-9995D2FCAA,Karlsruhe_ÖDP_2024.txt,manifestos/Karlsruhe_ÖDP_2024.txt,Karlsruhe,Baden-Württemberg,ÖDP,,2024.0,local election,Wahlprogramm,modern_filename,ok,
GLMP-179DBDAC4F,Keltern_CDU_2024.txt,manifestos/Keltern_CDU_2024.txt,Keltern,Baden-Württemberg,CDU,cdu,2024.0,local election,Wahlprogramm,modern_filename,ok,
GLMP-EE1C4D0C56,Keltern_Grüne_2024.txt,manifestos/Keltern_Grüne_2024.txt,Keltern,Baden-Württemberg,Grüne,gru,2024.0,local election,Wahlprogramm,modern_filename,ok,
GLMP-9F3CB85995,Keltern_SPD_2024.txt,manifestos/Keltern_SPD_2024.txt,Keltern,Baden-Württemberg,SPD,spd,2024.0,local election,Wahlprogramm,modern_filename,ok,
GLMP-6BEB7123C4,Keltern_WIW_2024.txt,manifestos/Keltern_WIW_2024.txt,Keltern,Baden-Württemberg,WIW,,2024.0,local election,Wahlprogramm,modern_filename,ok,
GLMP-FDFAA01341,Kirchheimbolanden_CDU_2024.txt,manifestos/Kirchheimbolanden_CDU_2024.txt,Kirchheimbolanden,Rheinland-Pfalz,CDU,cdu,2024.0,local election,Wahlprogramm,modern_filename,ok,
GLMP-3E40B8E039,Kleinmachnow_CDU_2024.txt,manifestos/Kleinmachnow_CDU_2024.txt,Kleinmachnow,Brandenburg,CDU,cdu,2024.0,local election,Wahlprogramm,modern_filename,ok,
GLMP-E3BCBF05DB,Kleinmachnow_FDP_2024.txt,manifestos/Kleinmachnow_FDP_2024.txt,Kleinmachnow,Brandenburg,FDP,fdp,2024.0,local election,Wahlprogramm,modern_filename,ok,
GLMP-A0C3052741,Kleinmachnow_Grüne_2024.txt,manifestos/Kleinmachnow_Grüne_2024.txt,Kleinmachnow,Brandenburg,Grüne,gru,2024.0,local election,Wahlprogramm,modern_filename,ok,
GLMP-0E319B45F8,Kleinmachnow_Linke_2024.txt,manifestos/Kleinmachnow_Linke_2024.txt,Kleinmachnow,Brandenburg,Linke,,2024.0,local election,Wahlprogramm,modern_filename,ok,
GLMP-4A1705ADF9,Kleinmachnow_SPD_2024.txt,manifestos/Kleinmachnow_SPD_2024.txt,Kleinmachnow,Brandenburg,SPD,spd,2024.0,local election,Wahlprogramm,modern_filename,ok,
GLMP-FED64B0EBE,Koblenz_AfD_2024.txt,manifestos/Koblenz_AfD_2024.txt,Koblenz,Rheinland-Pfalz,AfD,,2024.0,local election,Wahlprogramm,modern_filename,ok,
GLMP-DF00237601,Koblenz_CDU_2024.txt,manifestos/Koblenz_CDU_2024.txt,Koblenz,Rheinland-Pfalz,CDU,cdu,2024.0,local election,Wahlprogramm,modern_filename,ok,
GLMP-86F11C20D1,Koblenz_FDP_2024.txt,manifestos/Koblenz_FDP_2024.txt,Koblenz,Rheinland-Pfalz,FDP,fdp,2024.0,local election,Wahlprogramm,modern_filename,ok,
GLMP-960F56D31A,Koblenz_FWG_2024.txt,manifestos/Koblenz_FWG_2024.txt,Koblenz,Rheinland-Pfalz,FWG,,2024.0,local election,Wahlprogramm,modern_filename,ok,
GLMP-9C109C8213,Koblenz_Grüne_2024.txt,manifestos/Koblenz_Grüne_2024.txt,Koblenz,Rheinland-Pfalz,Grüne,gru,2024.0,local election,Wahlprogramm,modern_filename,ok,
GLMP-8EFCE4E30A,Koblenz_Linke_2024.txt,manifestos/Koblenz_Linke_2024.txt,Koblenz,Rheinland-Pfalz,Linke,,2024.0,local election,Wahlprogramm,modern_filename,ok,
GLMP-772C158E83,Koblenz_SPD_2024.txt,manifestos/Koblenz_SPD_2024.txt,Koblenz,Rheinland-Pfalz,SPD,spd,2024.0,local election,Wahlprogramm,modern_filename,ok,
GLMP-FABD368678,Konstanz_CDU_2024.txt,manifestos/Konstanz_CDU_2024.txt,Konstanz,Baden-Württemberg,CDU,cdu,2024.0,local election,Wahlprogramm,modern_filename,ok,
GLMP-0223475EFE,Konstanz_FDP_2024.txt,manifestos/Konstanz_FDP_2024.txt,Konstanz,Baden-Württemberg,FDP,fdp,2024.0,local election,Wahlprogramm,modern_filename,ok,
GLMP-C7148D68A1,Konstanz_FWG_2024.txt,manifestos/Konstanz_FWG_2024.txt,Konstanz,Baden-Württemberg,FWG,,2024.0,local election,Wahlprogramm,modern_filename,ok,
GLMP-265AF5C0AE,Konstanz_Grüne_2024.txt,manifestos/Konstanz_Grüne_2024.txt,Konstanz,Baden-Württemberg,Grüne,gru,2024.0,local election,Wahlprogramm,modern_filename,ok,
GLMP-7EFA3CFD96,Konstanz_JFK_2024.txt,manifestos/Konstanz_JFK_2024.txt,Konstanz,Baden-Württemberg,JFK,,2024.0,local election,Wahlprogramm,modern_filename,ok,
GLMP-7108F557C7,Konstanz_KN KOM.MT_2024.txt,manifestos/Konstanz_KN KOM.MT_2024.txt,Konstanz,Baden-Württemberg,KN KOM.MT,,2024.0,local election,Wahlprogramm,modern_filename,ok,
GLMP-2833449237,Konstanz_LLK_2024.txt,manifestos/Konstanz_LLK_2024.txt,Konstanz,Baden-Württemberg,LLK,,2024.0,local election,Wahlprogramm,modern_filename,ok,
GLMP-96A64ACECD,Konstanz_SPD_2024.txt,manifestos/Konstanz_SPD_2024.txt,Konstanz,Baden-Württemberg,SPD,spd,2024.0,local election,Wahlprogramm,modern_filename,ok,
GLMP-4CB73E2A7F,Königsee_CDU_2024.txt,manifestos/Königsee_CDU_2024.txt,Königsee,Thüringen,CDU,cdu,2024.0,local election,Wahlprogramm,modern_filename,ok,
GLMP-625DE3DA1B,Königsee_IWWFW_2024.txt,manifestos/Königsee_IWWFW_2024.txt,Königsee,Thüringen,IWWFW,,2024.0,local election,Wahlprogramm,modern_filename,ok,
GLMP-4D7943CB2E,Laage_CDU_2024.txt,manifestos/Laage_CDU_2024.txt,Laage,Mecklenburg-Vorpommern,CDU,cdu,2024.0,local election,Wahlprogramm,modern_filename,ok,
GLMP-F963ED960A,Laage_FDP_2024.txt,manifestos/Laage_FDP_2024.txt,Laage,Mecklenburg-Vorpommern,FDP,fdp,2024.0,local election,Wahlprogramm,modern_filename,ok,
GLMP-A8BE2B482F,Laage_Linke_2024.txt,manifestos/Laage_Linke_2024.txt,Laage,Mecklenburg-Vorpommern,Linke,,2024.0,local election,Wahlprogramm,modern_filename,ok,
GLMP-74D40F9FA9,Laage_SPD_2024.txt,manifestos/Laage_SPD_2024.txt,Laage,Mecklenburg-Vorpommern,SPD,spd,2024.0,local election,Wahlprogramm,modern_filename,ok,
GLMP-578E3A733B,Lahnstein_FBL_2024.txt,manifestos/Lahnstein_FBL_2024.txt,Lahnstein,Rheinland-Pfalz,FBL,,2024.0,local election,Wahlprogramm,modern_filename,ok,
GLMP-3639ABF8C9,Lahnstein_Grüne_2024.txt,manifestos/Lahnstein_Grüne_2024.txt,Lahnstein,Rheinland-Pfalz,Grüne,gru,2024.0,local election,Wahlprogramm,modern_filename,ok,
GLMP-958125F85D,Lahnstein_Linke_2024.txt,manifestos/Lahnstein_Linke_2024.txt,Lahnstein,Rheinland-Pfalz,Linke,,2024.0,local election,Wahlprogramm,modern_filename,ok,
GLMP-37DE36E122,Lahnstein_SPD_2024.txt,manifestos/Lahnstein_SPD_2024.txt,Lahnstein,Rheinland-Pfalz,SPD,spd,2024.0,local election,Wahlprogramm,modern_filename,ok,
GLMP-C0B23BB607,Lahnstein_ULL_2024.txt,manifestos/Lahnstein_ULL_2024.txt,Lahnstein,Rheinland-Pfalz,ULL,,2024.0,local election,Wahlprogramm,modern_filename,ok,
GLMP-776BCF173B,Lauta_AfD_2024.txt,manifestos/Lauta_AfD_2024.txt,Lauta,Sachsen,AfD,,2024.0,local election,Wahlprogramm,modern_filename,ok,
GLMP-A92B72DBC2,Lauta_CDU_2024.txt,manifestos/Lauta_CDU_2024.txt,Lauta,Sachsen,CDU,cdu,2024.0,local election,Wahlprogramm,modern_filename,ok,
GLMP-69B9A33ACD,Lauta_Grüne_2024.txt,manifestos/Lauta_Grüne_2024.txt,Lauta,Sachsen,Grüne,gru,2024.0,local election,Wahlprogramm,modern_filename,ok,
GLMP-BCE22E62FE,Lauta_Linke_2024.txt,manifestos/Lauta_Linke_2024.txt,Lauta,Sachsen,Linke,,2024.0,local election,Wahlprogramm,modern_filename,ok,
GLMP-907CF595DB,Lauter-Bernsbach_CDU_2024.txt,manifestos/Lauter-Bernsbach_CDU_2024.txt,Lauter-Bernsbach,Sachsen,CDU,cdu,2024.0,local election,Wahlprogramm,modern_filename,ok,
GLMP-836628411E,Lebach_CDU_2024.txt,manifestos/Lebach_CDU_2024.txt,Lebach,Saarland,CDU,cdu,2024.0,local election,Wahlprogramm,modern_filename,ok,
GLMP-816E3B781D,Lebach_FDP_2024.txt,manifestos/Lebach_FDP_2024.txt,Lebach,Saarland,FDP,fdp,2024.0,local election,Wahlprogramm,modern_filename,ok,
GLMP-099FF62099,Lebach_Grüne_2024.txt,manifestos/Lebach_Grüne_2024.txt,Lebach,Saarland,Grüne,gru,2024.0,local election,Wahlprogramm,modern_filename,ok,
GLMP-FF184B0BB9,Lebach_SPD_2024.txt,manifestos/Lebach_SPD_2024.txt,Lebach,Saarland,SPD,spd,2024.0,local election,Wahlprogramm,modern_filename,ok,
GLMP-1254FA4F1D,Leinefelde-Worbis_CDU_2024.txt,manifestos/Leinefelde-Worbis_CDU_2024.txt,Leinefelde-Worbis,Thüringen,CDU,cdu,2024.0,local election,Wahlprogramm,modern_filename,ok,
GLMP-2DDC0D397F,Leinefelde-Worbis_FW_2024.txt,manifestos/Leinefelde-Worbis_FW_2024.txt,Leinefelde-Worbis,Thüringen,FW,,2024.0,local election,Wahlprogramm,modern_filename,ok,
GLMP-566F1E653A,Leinefelde-Worbis_SPD_2024.txt,manifestos/Leinefelde-Worbis_SPD_2024.txt,Leinefelde-Worbis,Thüringen,SPD,spd,2024.0,local election,Wahlprogramm,modern_filename,ok,
GLMP-5DC323829F,Leipzig_AfD_2024.txt,manifestos/Leipzig_AfD_2024.txt,Leipzig,Sachsen,AfD,,2024.0,local election,Wahlprogramm,modern_filename,ok,
GLMP-1C1467AF8B,Leipzig_CDU_2024.txt,manifestos/Leipzig_CDU_2024.txt,Leipzig,Sachsen,CDU,cdu,2024.0,local election,Wahlprogramm,modern_filename,ok,
GLMP-087956F209,Leipzig_FDP_2024.txt,manifestos/Leipzig_FDP_2024.txt,Leipzig,Sachsen,FDP,fdp,2024.0,local election,Wahlprogramm,modern_filename,ok,
GLMP-D07893C2A2,Leipzig_FWG_2024.txt,manifestos/Leipzig_FWG_2024.txt,Leipzig,Sachsen,FWG,,2024.0,local election,Wahlprogramm,modern_filename,ok,
GLMP-947F4CBF98,Leipzig_Freie Sachsen_2024.txt,manifestos/Leipzig_Freie Sachsen_2024.txt,Leipzig,Sachsen,Freie Sachsen,,2024.0,local election,Wahlprogramm,modern_filename,ok,
GLMP-6BE374F4A3,Leipzig_Grüne_2024.txt,manifestos/Leipzig_Grüne_2024.txt,Leipzig,Sachsen,Grüne,gru,2024.0,local election,Wahlprogramm,modern_filename,ok,
GLMP-F5660AD60C,Leipzig_Linke_2024.txt,manifestos/Leipzig_Linke_2024.txt,Leipzig,Sachsen,Linke,,2024.0,local election,Wahlprogramm,modern_filename,ok,
GLMP-729E848E64,Leipzig_Piraten_2024.txt,manifestos/Leipzig_Piraten_2024.txt,Leipzig,Sachsen,Piraten,pir,2024.0,local election,Wahlprogramm,modern_filename,ok,
GLMP-A750ADEDD1,Leipzig_SPD_2024.txt,manifestos/Leipzig_SPD_2024.txt,Leipzig,Sachsen,SPD,spd,2024.0,local election,Wahlprogramm,modern_filename,ok,
GLMP-93419F8600,Leipzig_Volt_2024.txt,manifestos/Leipzig_Volt_2024.txt,Leipzig,Sachsen,Volt,vlt,2024.0,local election,Wahlprogramm,modern_filename,ok,
GLMP-11FFF755FA,Lingenfeld_CDU_2024.txt,manifestos/Lingenfeld_CDU_2024.txt,Lingenfeld,Rheinland-Pfalz,CDU,cdu,2024.0,local election,Wahlprogramm,modern_filename,ok,
GLMP-A6B17BDEA0,Lingenfeld_Grüne_2024.txt,manifestos/Lingenfeld_Grüne_2024.txt,Lingenfeld,Rheinland-Pfalz,Grüne,gru,2024.0,local election,Wahlprogramm,modern_filename,ok,
GLMP-36AD3965CD,Lossatal_AfD_2024.txt,manifestos/Lossatal_AfD_2024.txt,Lossatal,Sachsen,AfD,,2024.0,local election,Wahlprogramm,modern_filename,ok,
GLMP-7D4CD1FBBF,Lossatal_BFWL_2024.txt,manifestos/Lossatal_BFWL_2024.txt,Lossatal,Sachsen,BFWL,,2024.0,local election,Wahlprogramm,modern_filename,ok,
GLMP-484A93432D,Lossatal_CDU_2024.txt,manifestos/Lossatal_CDU_2024.txt,Lossatal,Sachsen,CDU,cdu,2024.0,local election,Wahlprogramm,modern_filename,ok,
GLMP-D223089FC7,Lossatal_Linke_2024.txt,manifestos/Lossatal_Linke_2024.txt,Lossatal,Sachsen,Linke,,2024.0,local election,Wahlprogramm,modern_filename,ok,
GLMP-AB15142F0E,Luckau_UWG_2024.txt,manifestos/Luckau_UWG_2024.txt,Luckau,Brandenburg,UWG,,2024.0,local election,Wahlprogramm,modern_filename,ok,
GLMP-8F953C72D7,Ludwigsburg_AfD_2024.txt,manifestos/Ludwigsburg_AfD_2024.txt,Ludwigsburg,Baden-Württemberg,AfD,,2024.0,local election,Wahlprogramm,modern_filename,ok,
GLMP-BA6B12A35C,Ludwigsburg_CDU_2024.txt,manifestos/Ludwigsburg_CDU_2024.txt,Ludwigsburg,Baden-Württemberg,CDU,cdu,2024.0,local election,Wahlprogramm,modern_filename,ok,
GLMP-EE256403DC,Ludwigsburg_FDP_2024.txt,manifestos/Ludwigsburg_FDP_2024.txt,Ludwigsburg,Baden-Württemberg,FDP,fdp,2024.0,local election,Wahlprogramm,modern_filename,ok,
GLMP-DA1E175D8D,Ludwigsburg_FWG_2024.txt,manifestos/Ludwigsburg_FWG_2024.txt,Ludwigsburg,Baden-Württemberg,FWG,,2024.0,local election,Wahlprogramm,modern_filename,ok,
GLMP-9EDE943290,Ludwigsburg_Grüne_2024.txt,manifestos/Ludwigsburg_Grüne_2024.txt,Ludwigsburg,Baden-Württemberg,Grüne,gru,2024.0,local election,Wahlprogramm,modern_filename,ok,
GLMP-D2E397A21E,Ludwigsburg_SPD_2024.txt,manifestos/Ludwigsburg_SPD_2024.txt,Ludwigsburg,Baden-Württemberg,SPD,spd,2024.0,local election,Wahlprogramm,modern_filename,ok,
GLMP-BCB771B9C9,Ludwigshafen am Rhein_AfD_2024.txt,manifestos/Ludwigshafen am Rhein_AfD_2024.txt,Ludwigshafen am Rhein,Rheinland-Pfalz,AfD,,2024.0,local election,Wahlprogramm,modern_filename,ok,
GLMP-4411DC4F04,Ludwigshafen am Rhein_CDU_2024.txt,manifestos/Ludwigshafen am Rhein_CDU_2024.txt,Ludwigshafen am Rhein,Rheinland-Pfalz,CDU,cdu,2024.0,local election,Wahlprogramm,modern_filename,ok,
GLMP-26CA32DD34,Ludwigshafen am Rhein_FDP_2024.txt,manifestos/Ludwigshafen am Rhein_FDP_2024.txt,Ludwigshafen am Rhein,Rheinland-Pfalz,FDP,fdp,2024.0,local election,Wahlprogramm,modern_filename,ok,
GLMP-7EDE7AD4A2,Ludwigshafen am Rhein_Grüne_2024.txt,manifestos/Ludwigshafen am Rhein_Grüne_2024.txt,Ludwigshafen am Rhein,Rheinland-Pfalz,Grüne,gru,2024.0,local election,Wahlprogramm,modern_filename,ok,
GLMP-08EBFC72FD,Ludwigshafen am Rhein_Linke_2024.txt,manifestos/Ludwigshafen am Rhein_Linke_2024.txt,Ludwigshafen am Rhein,Rheinland-Pfalz,Linke,,2024.0,local election,Wahlprogramm,modern_filename,ok,
GLMP-2B7CDC4905,Ludwigshafen am Rhein_SPD_2024.txt,manifestos/Ludwigshafen am Rhein_SPD_2024.txt,Ludwigshafen am Rhein,Rheinland-Pfalz,SPD,spd,2024.0,local election,Wahlprogramm,modern_filename,ok,
GLMP-5EF7258E14,Ludwigslust_AfL_2024.txt,manifestos/Ludwigslust_AfL_2024.txt,Ludwigslust,Mecklenburg-Vorpommern,AfL,,2024.0,local election,Wahlprogramm,modern_filename,ok,
GLMP-FF7AFF5FEE,Ludwigslust_CDU_2024.txt,manifestos/Ludwigslust_CDU_2024.txt,Ludwigslust,Mecklenburg-Vorpommern,CDU,cdu,2024.0,local election,Wahlprogramm,modern_filename,ok,
GLMP-95C3C1D0A7,Ludwigslust_Linke_2024.txt,manifestos/Ludwigslust_Linke_2024.txt,Ludwigslust,Mecklenburg-Vorpommern,Linke,,2024.0,local election,Wahlprogramm,modern_filename,ok,
GLMP-7BE05691B5,Ludwigslust_SPD_2024.txt,manifestos/Ludwigslust_SPD_2024.txt,Ludwigslust,Mecklenburg-Vorpommern,SPD,spd,2024.0,local election,Wahlprogramm,modern_filename,ok,
GLMP-F076C8D2E6,Magdeburg_AfD_2024.txt,manifestos/Magdeburg_AfD_2024.txt,Magdeburg,Sachsen-Anhalt,AfD,,2024.0,local election,Wahlprogramm,modern_filename,ok,
GLMP-FBE4012A80,Magdeburg_CDU_2024.txt,manifestos/Magdeburg_CDU_2024.txt,Magdeburg,Sachsen-Anhalt,CDU,cdu,2024.0,local election,Wahlprogramm,modern_filename,ok,
GLMP-DC480BA1FE,Magdeburg_FDP_2024.txt,manifestos/Magdeburg_FDP_2024.txt,Magdeburg,Sachsen-Anhalt,FDP,fdp,2024.0,local election,Wahlprogramm,modern_filename,ok,
GLMP-1820169BE8,Magdeburg_Grüne_2024.txt,manifestos/Magdeburg_Grüne_2024.txt,Magdeburg,Sachsen-Anhalt,Grüne,gru,2024.0,local election,Wahlprogramm,modern_filename,ok,
GLMP-6C8EA561DA,Magdeburg_Linke_2024.txt,manifestos/Magdeburg_Linke_2024.txt,Magdeburg,Sachsen-Anhalt,Linke,,2024.0,local election,Wahlprogramm,modern_filename,ok,
GLMP-F24807DD11,Magdeburg_SPD_2024.txt,manifestos/Magdeburg_SPD_2024.txt,Magdeburg,Sachsen-Anhalt,SPD,spd,2024.0,local election,Wahlprogramm,modern_filename,ok,
GLMP-BB48EA473B,Mainz_AfD_2024.txt,manifestos/Mainz_AfD_2024.txt,Mainz,Rheinland-Pfalz,AfD,,2024.0,local election,Wahlprogramm,modern_filename,ok,
GLMP-436C2B221E,Mainz_CDU_2024.txt,manifestos/Mainz_CDU_2024.txt,Mainz,Rheinland-Pfalz,CDU,cdu,2024.0,local election,Wahlprogramm,modern_filename,ok,
GLMP-BEC957570A,Mainz_FDP_2024.txt,manifestos/Mainz_FDP_2024.txt,Mainz,Rheinland-Pfalz,FDP,fdp,2024.0,local election,Wahlprogramm,modern_filename,ok,
GLMP-9A2F734270,Mainz_Grüne_2024.txt,manifestos/Mainz_Grüne_2024.txt,Mainz,Rheinland-Pfalz,Grüne,gru,2024.0,local election,Wahlprogramm,modern_filename,ok,
GLMP-E4F66BB40B,Mainz_SPD_2024.txt,manifestos/Mainz_SPD_2024.txt,Mainz,Rheinland-Pfalz,SPD,spd,2024.0,local election,Wahlprogramm,modern_filename,ok,
GLMP-B33E3323D0,Mandelbachtal_CDU_2024.txt,manifestos/Mandelbachtal_CDU_2024.txt,Mandelbachtal,Saarland,CDU,cdu,2024.0,local election,Wahlprogramm,modern_filename,ok,
GLMP-7B965D464D,Mandelbachtal_FWG_2024.txt,manifestos/Mandelbachtal_FWG_2024.txt,Mandelbachtal,Saarland,FWG,,2024.0,local election,Wahlprogramm,modern_filename,ok,
GLMP-3BA4F65283,Mannheim_AfD_2024.txt,manifestos/Mannheim_AfD_2024.txt,Mannheim,Baden-Württemberg,AfD,,2024.0,local election,Wahlprogramm,modern_filename,ok,
GLMP-2B13C42E5A,Mannheim_CDU_2024.txt,manifestos/Mannheim_CDU_2024.txt,Mannheim,Baden-Württemberg,CDU,cdu,2024.0,local election,Wahlprogramm,modern_filename,ok,
GLMP-56EF542CA0,Mannheim_FDP_2024.txt,manifestos/Mannheim_FDP_2024.txt,Mannheim,Baden-Württemberg,FDP,fdp,2024.0,local election,Wahlprogramm,modern_filename,ok,
GLMP-2B087061FF,Mannheim_FWG_2024.txt,manifestos/Mannheim_FWG_2024.txt,Mannheim,Baden-Württemberg,FWG,,2024.0,local election,Wahlprogramm,modern_filename,ok,
GLMP-9C36270785,Mannheim_Grüne_2024.txt,manifestos/Mannheim_Grüne_2024.txt,Mannheim,Baden-Württemberg,Grüne,gru,2024.0,local election,Wahlprogramm,modern_filename,ok,
GLMP-C59CF4BD2F,Mannheim_Klimaliste_2024.txt,manifestos/Mannheim_Klimaliste_2024.txt,Mannheim,Baden-Württemberg,Klimaliste,,2024.0,local election,Wahlprogramm,modern_filename,ok,
GLMP-49AC7E86E8,Mannheim_Linke_2024.txt,manifestos/Mannheim_Linke_2024.txt,Mannheim,Baden-Württemberg,Linke,,2024.0,local election,Wahlprogramm,modern_filename,ok,
GLMP-A73C71AF2B,Mannheim_Mannheimer_2024.txt,manifestos/Mannheim_Mannheimer_2024.txt,Mannheim,Baden-Württemberg,Mannheimer,,2024.0,local election,Wahlprogramm,modern_filename,ok,
GLMP-F50CBCFF34,Mannheim_SPD_2024.txt,manifestos/Mannheim_SPD_2024.txt,Mannheim,Baden-Württemberg,SPD,spd,2024.0,local election,Wahlprogramm,modern_filename,ok,
GLMP-825F9A762B,Marpingen_SPD_2024.txt,manifestos/Marpingen_SPD_2024.txt,Marpingen,Saarland,SPD,spd,2024.0,local election,Wahlprogramm,modern_filename,ok,
GLMP-CCB8648004,Meiningen_FDP_2024.txt,manifestos/Meiningen_FDP_2024.txt,Meiningen,Thüringen,FDP,fdp,2024.0,local election,Wahlprogramm,modern_filename,ok,
GLMP-7EA8400012,Meiningen_FWG_2024.txt,manifestos/Meiningen_FWG_2024.txt,Meiningen,Thüringen,FWG,,2024.0,local election,Wahlprogramm,modern_filename,ok,
GLMP-F78594619F,Meiningen_Grüne_2024.txt,manifestos/Meiningen_Grüne_2024.txt,Meiningen,Thüringen,Grüne,gru,2024.0,local election,Wahlprogramm,modern_filename,ok,
GLMP-FF7AC31792,Meiningen_Linke_2024.txt,manifestos/Meiningen_Linke_2024.txt,Meiningen,Thüringen,Linke,,2024.0,local election,Wahlprogramm,modern_filename,ok,
GLMP-8689E92C01,Meiningen_Piraten_2024.txt,manifestos/Meiningen_Piraten_2024.txt,Meiningen,Thüringen,Piraten,pir,2024.0,local election,Wahlprogramm,modern_filename,ok,
GLMP-0C49712433,Meiningen_SPD_2024.txt,manifestos/Meiningen_SPD_2024.txt,Meiningen,Thüringen,SPD,spd,2024.0,local election,Wahlprogramm,modern_filename,ok,
GLMP-4C17DC6211,Mengen_FWG_2024.txt,manifestos/Mengen_FWG_2024.txt,Mengen,Baden-Württemberg,FWG,,2024.0,local election,Wahlprogramm,modern_filename,ok,
GLMP-AE4CAF47B2,Mengen_Grüne_2024.txt,manifestos/Mengen_Grüne_2024.txt,Mengen,Baden-Württemberg,Grüne,gru,2024.0,local election,Wahlprogramm,modern_filename,ok,
GLMP-1B359BF0D0,Mettlach_CDU_2024.txt,manifestos/Mettlach_CDU_2024.txt,Mettlach,Saarland,CDU,cdu,2024.0,local election,Wahlprogramm,modern_filename,ok,
GLMP-86B9C1E3CE,Mettlach_Grüne_2024.txt,manifestos/Mettlach_Grüne_2024.txt,Mettlach,Saarland,Grüne,gru,2024.0,local election,Wahlprogramm,modern_filename,ok,
GLMP-B6E18C0204,Möckern_AfD_2024.txt,manifestos/Möckern_AfD_2024.txt,Möckern,Sachsen-Anhalt,AfD,,2024.0,local election,Wahlprogramm,modern_filename,ok,
GLMP-536297C07A,Möckern_Grüne_2024.txt,manifestos/Möckern_Grüne_2024.txt,Möckern,Sachsen-Anhalt,Grüne,gru,2024.0,local election,Wahlprogramm,modern_filename,ok,
GLMP-4DEC23FF92,Möckern_SPD_2024.txt,manifestos/Möckern_SPD_2024.txt,Möckern,Sachsen-Anhalt,SPD,spd,2024.0,local election,Wahlprogramm,modern_filename,ok,
GLMP-EA27C703D3,Neubrandenburg_BfN_2024.txt,manifestos/Neubrandenburg_BfN_2024.txt,Neubrandenburg,Mecklenburg-Vorpommern,BfN,,2024.0,local election,Wahlprogramm,modern_filename,ok,
GLMP-29358E3CF1,Neubrandenburg_CDU_2024.txt,manifestos/Neubrandenburg_CDU_2024.txt,Neubrandenburg,Mecklenburg-Vorpommern,CDU,cdu,2024.0,local election,Wahlprogramm,modern_filename,ok,
GLMP-E45D5B4CC3,Neubrandenburg_Linke_2024.txt,manifestos/Neubrandenburg_Linke_2024.txt,Neubrandenburg,Mecklenburg-Vorpommern,Linke,,2024.0,local election,Wahlprogramm,modern_filename,ok,
GLMP-BE258414F3,Neubrandenburg_SPD_2024.txt,manifestos/Neubrandenburg_SPD_2024.txt,Neubrandenburg,Mecklenburg-Vorpommern,SPD,spd,2024.0,local election,Wahlprogramm,modern_filename,ok,
GLMP-1222902541,Neuhaus am Rennweg_Linke_2024.txt,manifestos/Neuhaus am Rennweg_Linke_2024.txt,Neuhaus am Rennweg,Thüringen,Linke,,2024.0,local election,Wahlprogramm,modern_filename,ok,
GLMP-134CB74659,Neustadt an der Weinstraße_AfD_2024.txt,manifestos/Neustadt an der Weinstraße_AfD_2024.txt,Neustadt an der Weinstraße,Rheinland-Pfalz,AfD,,2024.0,local election,Wahlprogramm,modern_filename,ok,
GLMP-A41514B647,Neustadt an der Weinstraße_CDU_2024.txt,manifestos/Neustadt an der Weinstraße_CDU_2024.txt,Neustadt an der Weinstraße,Rheinland-Pfalz,CDU,cdu,2024.0,local election,Wahlprogramm,modern_filename,ok,
GLMP-C84EE8B696,Neustadt an der Weinstraße_FDP_2024.txt,manifestos/Neustadt an der Weinstraße_FDP_2024.txt,Neustadt an der Weinstraße,Rheinland-Pfalz,FDP,fdp,2024.0,local election,Wahlprogramm,modern_filename,ok,
GLMP-8BAFBD2A31,Neustadt an der Weinstraße_FWG_2024.txt,manifestos/Neustadt an der Weinstraße_FWG_2024.txt,Neustadt an der Weinstraße,Rheinland-Pfalz,FWG,,2024.0,local election,Wahlprogramm,modern_filename,ok,
GLMP-A60F5C5AE6,Neustadt an der Weinstraße_Grüne_2024.txt,manifestos/Neustadt an der Weinstraße_Grüne_2024.txt,Neustadt an der Weinstraße,Rheinland-Pfalz,Grüne,gru,2024.0,local election,Wahlprogramm,modern_filename,ok,
GLMP-AB8FB9E55F,Neustadt an der Weinstraße_SPD_2024.txt,manifestos/Neustadt an der Weinstraße_SPD_2024.txt,Neustadt an der Weinstraße,Rheinland-Pfalz,SPD,spd,2024.0,local election,Wahlprogramm,modern_filename,ok,
GLMP-E17211A41C,Neustadt-Glewe_CDU_2024.txt,manifestos/Neustadt-Glewe_CDU_2024.txt,Neustadt-Glewe,Mecklenburg-Vorpommern,CDU,cdu,2024.0,local election,Wahlprogramm,modern_filename,ok,
GLMP-DAF41C9A53,Neustadt-Glewe_Linke_2024.txt,manifestos/Neustadt-Glewe_Linke_2024.txt,Neustadt-Glewe,Mecklenburg-Vorpommern,Linke,,2024.0,local election,Wahlprogramm,modern_filename,ok,
GLMP-6413351DB3,Neustadt-Glewe_SPD_2024.txt,manifestos/Neustadt-Glewe_SPD_2024.txt,Neustadt-Glewe,Mecklenburg-Vorpommern,SPD,spd,2024.0,local election,Wahlprogramm,modern_filename,ok,
GLMP-2E3C5C92D0,Neustrelitz_Einzelbewerberin Preuß_2024.txt,manifestos/Neustrelitz_Einzelbewerberin Preuß_2024.txt,Neustrelitz,Mecklenburg-Vorpommern,Einzelbewerberin Preuß,,2024.0,local election,Wahlprogramm,modern_filename,ok,
GLMP-4AFC5C2B45,Neustrelitz_Grüne_2024.txt,manifestos/Neustrelitz_Grüne_2024.txt,Neustrelitz,Mecklenburg-Vorpommern,Grüne,gru,2024.0,local election,Wahlprogramm,modern_filename,ok,
GLMP-25886DE7A8,Neustrelitz_Linke_2024.txt,manifestos/Neustrelitz_Linke_2024.txt,Neustrelitz,Mecklenburg-Vorpommern,Linke,,2024.0,local election,Wahlprogramm,modern_filename,ok,
GLMP-D04987A181,Neustrelitz_puls_2024.txt,manifestos/Neustrelitz_puls_2024.txt,Neustrelitz,Mecklenburg-Vorpommern,puls,,2024.0,local election,Wahlprogramm,modern_filename,ok,
GLMP-AE5697F2EF,Neuwied_FDP_2024.txt,manifestos/Neuwied_FDP_2024.txt,Neuwied,Rheinland-Pfalz,FDP,fdp,2024.0,local election,Wahlprogramm,modern_filename,ok,
GLMP-48EFBCFE17,Neuwied_Grüne_2024.txt,manifestos/Neuwied_Grüne_2024.txt,Neuwied,Rheinland-Pfalz,Grüne,gru,2024.0,local election,Wahlprogramm,modern_filename,ok,
GLMP-47633153A3,Neuwied_Linke_2024.txt,manifestos/Neuwied_Linke_2024.txt,Neuwied,Rheinland-Pfalz,Linke,,2024.0,local election,Wahlprogramm,modern_filename,ok,
GLMP-B50C385C9F,Neuwied_SPD_2024.txt,manifestos/Neuwied_SPD_2024.txt,Neuwied,Rheinland-Pfalz,SPD,spd,2024.0,local election,Wahlprogramm,modern_filename,ok,
GLMP-E4304CCCA3,Nieder-Olm_CDU_2024.txt,manifestos/Nieder-Olm_CDU_2024.txt,Nieder-Olm,Rheinland-Pfalz,CDU,cdu,2024.0,local election,Wahlprogramm,modern_filename,ok,
GLMP-C876D4D1DF,Nieder-Olm_FDP_2024.txt,manifestos/Nieder-Olm_FDP_2024.txt,Nieder-Olm,Rheinland-Pfalz,FDP,fdp,2024.0,local election,Wahlprogramm,modern_filename,ok,
GLMP-DCF593B97E,Nieder-Olm_FWG_2024.txt,manifestos/Nieder-Olm_FWG_2024.txt,Nieder-Olm,Rheinland-Pfalz,FWG,,2024.0,local election,Wahlprogramm,modern_filename,ok,
GLMP-E3F3B92BB1,Nieder-Olm_Grüne_2024.txt,manifestos/Nieder-Olm_Grüne_2024.txt,Nieder-Olm,Rheinland-Pfalz,Grüne,gru,2024.0,local election,Wahlprogramm,modern_filename,ok,
GLMP-6EE9238CE2,Nieder-Olm_SPD_2024.txt,manifestos/Nieder-Olm_SPD_2024.txt,Nieder-Olm,Rheinland-Pfalz,SPD,spd,2024.0,local election,Wahlprogramm,modern_filename,ok,
GLMP-743203AB16,Nobitz_Linke_2024.txt,manifestos/Nobitz_Linke_2024.txt,Nobitz,Thüringen,Linke,,2024.0,local election,Wahlprogramm,modern_filename,ok,
GLMP-B98ADAC857,Nohfelden_CDU_2024.txt,manifestos/Nohfelden_CDU_2024.txt,Nohfelden,Saarland,CDU,cdu,2024.0,local election,Wahlprogramm,modern_filename,ok,
GLMP-1D079ECAA5,Nohfelden_FDP_2024.txt,manifestos/Nohfelden_FDP_2024.txt,Nohfelden,Saarland,FDP,fdp,2024.0,local election,Wahlprogramm,modern_filename,ok,
GLMP-F9E734A6EF,Oberlungwitz_CDU_2024.txt,manifestos/Oberlungwitz_CDU_2024.txt,Oberlungwitz,Sachsen,CDU,cdu,2024.0,local election,Wahlprogramm,modern_filename,ok,
GLMP-6DD991954D,Oberlungwitz_FDP_2024.txt,manifestos/Oberlungwitz_FDP_2024.txt,Oberlungwitz,Sachsen,FDP,fdp,2024.0,local election,Wahlprogramm,modern_filename,ok,
GLMP-01EBE30606,Oberlungwitz_Linke_2024.txt,manifestos/Oberlungwitz_Linke_2024.txt,Oberlungwitz,Sachsen,Linke,,2024.0,local election,Wahlprogramm,modern_filename,ok,
GLMP-D103473C02,Oberlungwitz_SPD_2024.txt,manifestos/Oberlungwitz_SPD_2024.txt,Oberlungwitz,Sachsen,SPD,spd,2024.0,local election,Wahlprogramm,modern_filename,ok,
GLMP-F89432C9BF,Oberthal_SPD_2024.txt,manifestos/Oberthal_SPD_2024.txt,Oberthal,Saarland,SPD,spd,2024.0,local election,Wahlprogramm,modern_filename,ok,
GLMP-227254B81A,Oebisfelde-Weferlingen_AfD_2024.txt,manifestos/Oebisfelde-Weferlingen_AfD_2024.txt,Oebisfelde-Weferlingen,Sachsen-Anhalt,AfD,,2024.0,local election,Wahlprogramm,modern_filename,ok,
GLMP-54722FB317,Oebisfelde-Weferlingen_CDU_2024.txt,manifestos/Oebisfelde-Weferlingen_CDU_2024.txt,Oebisfelde-Weferlingen,Sachsen-Anhalt,CDU,cdu,2024.0,local election,Wahlprogramm,modern_filename,ok,
GLMP-4EA8704E24,Oebisfelde-Weferlingen_Linke_2024.txt,manifestos/Oebisfelde-Weferlingen_Linke_2024.txt,Oebisfelde-Weferlingen,Sachsen-Anhalt,Linke,,2024.0,local election,Wahlprogramm,modern_filename,ok,
GLMP-18F920F7FB,Oebisfelde-Weferlingen_SPD_2024.txt,manifestos/Oebisfelde-Weferlingen_SPD_2024.txt,Oebisfelde-Weferlingen,Sachsen-Anhalt,SPD,spd,2024.0,local election,Wahlprogramm,modern_filename,ok,
GLMP-0E3928ABDF,Oebisfelde-Weferlingen_WfO_2024.txt,manifestos/Oebisfelde-Weferlingen_WfO_2024.txt,Oebisfelde-Weferlingen,Sachsen-Anhalt,WfO,,2024.0,local election,Wahlprogramm,modern_filename,ok,
GLMP-2EE120B4D4,Oedheim_CDU_2024.txt,manifestos/Oedheim_CDU_2024.txt,Oedheim,Baden-Württemberg,CDU,cdu,2024.0,local election,Wahlprogramm,modern_filename,ok,
GLMP-65B5F7B453,Oedheim_FWG_2024.txt,manifestos/Oedheim_FWG_2024.txt,Oedheim,Baden-Württemberg,FWG,,2024.0,local election,Wahlprogramm,modern_filename,ok,
GLMP-10443C8397,Oedheim_SPD_2024.txt,manifestos/Oedheim_SPD_2024.txt,Oedheim,Baden-Württemberg,SPD,spd,2024.0,local election,Wahlprogramm,modern_filename,ok,
GLMP-9C77629F4B,Offenburg_CDU_2024.txt,manifestos/Offenburg_CDU_2024.txt,Offenburg,Baden-Württemberg,CDU,cdu,2024.0,local election,Wahlprogramm,modern_filename,ok,
GLMP-82F79C6ADF,Offenburg_FDP_2024.txt,manifestos/Offenburg_FDP_2024.txt,Offenburg,Baden-Württemberg,FDP,fdp,2024.0,local election,Wahlprogramm,modern_filename,ok,
GLMP-B3E6665190,Offenburg_FWG_2024.txt,manifestos/Offenburg_FWG_2024.txt,Offenburg,Baden-Württemberg,FWG,,2024.0,local election,Wahlprogramm,modern_filename,ok,
GLMP-F706049863,Offenburg_Grüne_2024.txt,manifestos/Offenburg_Grüne_2024.txt,Offenburg,Baden-Württemberg,Grüne,gru,2024.0,local election,Wahlprogramm,modern_filename,ok,
GLMP-383DD32D23,Offenburg_SPD_2024.txt,manifestos/Offenburg_SPD_2024.txt,Offenburg,Baden-Württemberg,SPD,spd,2024.0,local election,Wahlprogramm,modern_filename,ok,
GLMP-EAB6050F50,Osthofen_AfD_2024.txt,manifestos/Osthofen_AfD_2024.txt,Osthofen,Rheinland-Pfalz,AfD,,2024.0,local election,Wahlprogramm,modern_filename,ok,
GLMP-8F2FC13E9A,Osthofen_Grüne_2024.txt,manifestos/Osthofen_Grüne_2024.txt,Osthofen,Rheinland-Pfalz,Grüne,gru,2024.0,local election,Wahlprogramm,modern_filename,ok,
GLMP-D8C77F3439,Ottweiler_CDU_2024.txt,manifestos/Ottweiler_CDU_2024.txt,Ottweiler,Saarland,CDU,cdu,2024.0,local election,Wahlprogramm,modern_filename,ok,
GLMP-58A097CA05,Ottweiler_SPD_2024.txt,manifestos/Ottweiler_SPD_2024.txt,Ottweiler,Saarland,SPD,spd,2024.0,local election,Wahlprogramm,modern_filename,ok,
GLMP-7FDE152054,Pasewalk_Bürgerbündnis_2024.txt,manifestos/Pasewalk_Bürgerbündnis_2024.txt,Pasewalk,Mecklenburg-Vorpommern,Bürgerbündnis,,2024.0,local election,Wahlprogramm,modern_filename,ok,
GLMP-3126E21CB9,Pasewalk_CDU_2024.txt,manifestos/Pasewalk_CDU_2024.txt,Pasewalk,Mecklenburg-Vorpommern,CDU,cdu,2024.0,local election,Wahlprogramm,modern_filename,ok,
GLMP-A41389685C,Petersberg_PROKK_2024.txt,manifestos/Petersberg_PROKK_2024.txt,Petersberg,Sachsen-Anhalt,PROKK,,2024.0,local election,Wahlprogramm,modern_filename,ok,
GLMP-5273805D61,Pforzheim_CDU_2024.txt,manifestos/Pforzheim_CDU_2024.txt,Pforzheim,Baden-Württemberg,CDU,cdu,2024.0,local election,Wahlprogramm,modern_filename,ok,
GLMP-49791F087D,Pforzheim_Grüne_2024.txt,manifestos/Pforzheim_Grüne_2024.txt,Pforzheim,Baden-Württemberg,Grüne,gru,2024.0,local election,Wahlprogramm,modern_filename,ok,
GLMP-FC5E374B52,Pforzheim_Grüne Liste_2024.txt,manifestos/Pforzheim_Grüne Liste_2024.txt,Pforzheim,Baden-Württemberg,Grüne Liste,,2024.0,local election,Wahlprogramm,modern_filename,ok,
GLMP-311827345B,Pforzheim_Linke_2024.txt,manifestos/Pforzheim_Linke_2024.txt,Pforzheim,Baden-Württemberg,Linke,,2024.0,local election,Wahlprogramm,modern_filename,ok,
GLMP-484EFC934C,Pforzheim_SPD_2024.txt,manifestos/Pforzheim_SPD_2024.txt,Pforzheim,Baden-Württemberg,SPD,spd,2024.0,local election,Wahlprogramm,modern_filename,ok,
GLMP-66791E643A,Pforzheim_Sarow Liste_2024.txt,manifestos/Pforzheim_Sarow Liste_2024.txt,Pforzheim,Baden-Württemberg,Sarow Liste,,2024.0,local election,Wahlprogramm,modern_filename,ok,
GLMP-6431EA4132,Pforzheim_Unabhängige Bürger Pforzheim_2024.txt,manifestos/Pforzheim_Unabhängige Bürger Pforzheim_2024.txt,Pforzheim,Baden-Württemberg,Unabhängige Bürger Pforzheim,,2024.0,local election,Wahlprogramm,modern_filename,ok,
GLMP-CDAFBE7F8C,Pforzheim_WiP_2024.txt,manifestos/Pforzheim_WiP_2024.txt,Pforzheim,Baden-Württemberg,WiP,,2024.0,local election,Wahlprogramm,modern_filename,ok,
GLMP-545621438D,Pforzheim_ZfP_2024.txt,manifestos/Pforzheim_ZfP_2024.txt,Pforzheim,Baden-Württemberg,ZfP,,2024.0,local election,Wahlprogramm,modern_filename,ok,
GLMP-4B12BADA2E,Plau am See_CDU_2024.txt,manifestos/Plau am See_CDU_2024.txt,Plau am See,Mecklenburg-Vorpommern,CDU,cdu,2024.0,local election,Wahlprogramm,modern_filename,ok,
GLMP-203F8F465A,Plau am See_SPD_2024.txt,manifestos/Plau am See_SPD_2024.txt,Plau am See,Mecklenburg-Vorpommern,SPD,spd,2024.0,local election,Wahlprogramm,modern_filename,ok,
GLMP-C70C5DF80F,Plau am See_WLD_2024.txt,manifestos/Plau am See_WLD_2024.txt,Plau am See,Mecklenburg-Vorpommern,WLD,,2024.0,local election,Wahlprogramm,modern_filename,ok,
GLMP-786B370D32,Plauen_CDU_2024.txt,manifestos/Plauen_CDU_2024.txt,Plauen,Sachsen,CDU,cdu,2024.0,local election,Wahlprogramm,modern_filename,ok,
GLMP-41073082C4,Plauen_FDP_2024.txt,manifestos/Plauen_FDP_2024.txt,Plauen,Sachsen,FDP,fdp,2024.0,local election,Wahlprogramm,modern_filename,ok,
GLMP-A6C838FC56,Plauen_Grüne_2024.txt,manifestos/Plauen_Grüne_2024.txt,Plauen,Sachsen,Grüne,gru,2024.0,local election,Wahlprogramm,modern_filename,ok,
GLMP-79FCC77213,Plauen_Linke_2024.txt,manifestos/Plauen_Linke_2024.txt,Plauen,Sachsen,Linke,,2024.0,local election,Wahlprogramm,modern_filename,ok,
GLMP-579B2F58F3,Plauen_SPD_2024.txt,manifestos/Plauen_SPD_2024.txt,Plauen,Sachsen,SPD,spd,2024.0,local election,Wahlprogramm,modern_filename,ok,
GLMP-6FEB330009,Potsdam_AfD_2024.txt,manifestos/Potsdam_AfD_2024.txt,Potsdam,Brandenburg,AfD,,2024.0,local election,Wahlprogramm,modern_filename,ok,
GLMP-FB67C89781,Potsdam_CDU_2024.txt,manifestos/Potsdam_CDU_2024.txt,Potsdam,Brandenburg,CDU,cdu,2024.0,local election,Wahlprogramm,modern_filename,ok,
GLMP-D76AFCA6D2,Potsdam_FDP_2024.txt,manifestos/Potsdam_FDP_2024.txt,Potsdam,Brandenburg,FDP,fdp,2024.0,local election,Wahlprogramm,modern_filename,ok,
GLMP-A2F49CB898,Potsdam_Grüne_2024.txt,manifestos/Potsdam_Grüne_2024.txt,Potsdam,Brandenburg,Grüne,gru,2024.0,local election,Wahlprogramm,modern_filename,ok,
GLMP-5B4A614975,Potsdam_Linke_2024.txt,manifestos/Potsdam_Linke_2024.txt,Potsdam,Brandenburg,Linke,,2024.0,local election,Wahlprogramm,modern_filename,ok,
GLMP-7D62424331,Potsdam_SPD_2024.txt,manifestos/Potsdam_SPD_2024.txt,Potsdam,Brandenburg,SPD,spd,2024.0,local election,Wahlprogramm,modern_filename,ok,
GLMP-99C1341016,Premnitz_AfD_2024.txt,manifestos/Premnitz_AfD_2024.txt,Premnitz,Brandenburg,AfD,,2024.0,local election,Wahlprogramm,modern_filename,ok,
GLMP-DD08DB0B4D,Premnitz_CDU_2024.txt,manifestos/Premnitz_CDU_2024.txt,Premnitz,Brandenburg,CDU,cdu,2024.0,local election,Wahlprogramm,modern_filename,ok,
GLMP-1C1A03728E,Premnitz_Linke_2024.txt,manifestos/Premnitz_Linke_2024.txt,Premnitz,Brandenburg,Linke,,2024.0,local election,Wahlprogramm,modern_filename,ok,
GLMP-49EF7B7F80,Premnitz_SPD_2024.txt,manifestos/Premnitz_SPD_2024.txt,Premnitz,Brandenburg,SPD,spd,2024.0,local election,Wahlprogramm,modern_filename,ok,
GLMP-450CBCCDF3,Prüm_CDU_2024.txt,manifestos/Prüm_CDU_2024.txt,Prüm,Rheinland-Pfalz,CDU,cdu,2024.0,local election,Wahlprogramm,modern_filename,ok,
GLMP-AC131E431F,Prüm_SPD_2024.txt,manifestos/Prüm_SPD_2024.txt,Prüm,Rheinland-Pfalz,SPD,spd,2024.0,local election,Wahlprogramm,modern_filename,ok,
GLMP-8544793499,Pulsnitz_AfD_2024.txt,manifestos/Pulsnitz_AfD_2024.txt,Pulsnitz,Sachsen,AfD,,2024.0,local election,Wahlprogramm,modern_filename,ok,
GLMP-35F3C1C3B7,Pulsnitz_CDU_2024.txt,manifestos/Pulsnitz_CDU_2024.txt,Pulsnitz,Sachsen,CDU,cdu,2024.0,local election,Wahlprogramm,modern_filename,ok,
GLMP-B2DD284E53,Pulsnitz_Grüne_2024.txt,manifestos/Pulsnitz_Grüne_2024.txt,Pulsnitz,Sachsen,Grüne,gru,2024.0,local election,Wahlprogramm,modern_filename,ok,
GLMP-C7406E7C96,Pulsnitz_SPD_2024.txt,manifestos/Pulsnitz_SPD_2024.txt,Pulsnitz,Sachsen,SPD,spd,2024.0,local election,Wahlprogramm,modern_filename,ok,
GLMP-637CDB3680,Pößneck_Bündnis für Pößneck_2024.txt,manifestos/Pößneck_Bündnis für Pößneck_2024.txt,Pößneck,Thüringen,Bündnis für Pößneck,,2024.0,local election,Wahlprogramm,modern_filename,ok,
GLMP-578BC79450,Pößneck_CDU_2024.txt,manifestos/Pößneck_CDU_2024.txt,Pößneck,Thüringen,CDU,cdu,2024.0,local election,Wahlprogramm,modern_filename,ok,
GLMP-389C0771DD,Pößneck_Grüne_2024.txt,manifestos/Pößneck_Grüne_2024.txt,Pößneck,Thüringen,Grüne,gru,2024.0,local election,Wahlprogramm,modern_filename,ok,
GLMP-77FF19CF0E,Rangsdorf_AfD_2024.txt,manifestos/Rangsdorf_AfD_2024.txt,Rangsdorf,Brandenburg,AfD,,2024.0,local election,Wahlprogramm,modern_filename,ok,
GLMP-AE06CF1CC6,Rangsdorf_Die Rangsdorfer_2024.txt,manifestos/Rangsdorf_Die Rangsdorfer_2024.txt,Rangsdorf,Brandenburg,Die Rangsdorfer,,2024.0,local election,Wahlprogramm,modern_filename,ok,
GLMP-A28D9D113A,Rangsdorf_FDP_2024.txt,manifestos/Rangsdorf_FDP_2024.txt,Rangsdorf,Brandenburg,FDP,fdp,2024.0,local election,Wahlprogramm,modern_filename,ok,
GLMP-B0D13E23B7,Rangsdorf_Grüne_2024.txt,manifestos/Rangsdorf_Grüne_2024.txt,Rangsdorf,Brandenburg,Grüne,gru,2024.0,local election,Wahlprogramm,modern_filename,ok,
GLMP-7D35CF573E,Rangsdorf_Linke_2024.txt,manifestos/Rangsdorf_Linke_2024.txt,Rangsdorf,Brandenburg,Linke,,2024.0,local election,Wahlprogramm,modern_filename,ok,
GLMP-A105EAA89F,Rangsdorf_SPD_2024.txt,manifestos/Rangsdorf_SPD_2024.txt,Rangsdorf,Brandenburg,SPD,spd,2024.0,local election,Wahlprogramm,modern_filename,ok,
GLMP-304E69AACD,Ransbach-Baumbach_CDU_2024.txt,manifestos/Ransbach-Baumbach_CDU_2024.txt,Ransbach-Baumbach,Rheinland-Pfalz,CDU,cdu,2024.0,local election,Wahlprogramm,modern_filename,ok,
GLMP-0617F6FFE5,Ransbach-Baumbach_FWG_2024.txt,manifestos/Ransbach-Baumbach_FWG_2024.txt,Ransbach-Baumbach,Rheinland-Pfalz,FWG,,2024.0,local election,Wahlprogramm,modern_filename,ok,
GLMP-D17136AA4B,Ransbach-Baumbach_SPD_2024.txt,manifestos/Ransbach-Baumbach_SPD_2024.txt,Ransbach-Baumbach,Rheinland-Pfalz,SPD,spd,2024.0,local election,Wahlprogramm,modern_filename,ok,
GLMP-5B51F41EFC,Rastatt_FW_2024.txt,manifestos/Rastatt_FW_2024.txt,Rastatt,Baden-Württemberg,FW,,2024.0,local election,Wahlprogramm,modern_filename,ok,
GLMP-C56AC9097B,Rastatt_Grüne_2024.txt,manifestos/Rastatt_Grüne_2024.txt,Rastatt,Baden-Württemberg,Grüne,gru,2024.0,local election,Wahlprogramm,modern_filename,ok,
GLMP-AEE49DAB0D,Rastatt_SPD_2024.txt,manifestos/Rastatt_SPD_2024.txt,Rastatt,Baden-Württemberg,SPD,spd,2024.0,local election,Wahlprogramm,modern_filename,ok,
GLMP-D2C4675DA6,Ravensburg_CDU_2024.txt,manifestos/Ravensburg_CDU_2024.txt,Ravensburg,Baden-Württemberg,CDU,cdu,2024.0,local election,Wahlprogramm,modern_filename,ok,
GLMP-CCD57A873E,Ravensburg_FDP_2024.txt,manifestos/Ravensburg_FDP_2024.txt,Ravensburg,Baden-Württemberg,FDP,fdp,2024.0,local election,Wahlprogramm,modern_filename,ok,
GLMP-4CBC9DE614,Ravensburg_Grüne_2024.txt,manifestos/Ravensburg_Grüne_2024.txt,Ravensburg,Baden-Württemberg,Grüne,gru,2024.0,local election,Wahlprogramm,modern_filename,ok,
GLMP-15A67A18F3,Ravensburg_SPD_2024.txt,manifestos/Ravensburg_SPD_2024.txt,Ravensburg,Baden-Württemberg,SPD,spd,2024.0,local election,Wahlprogramm,modern_filename,ok,
GLMP-6C01AA3D50,Reinsdorf_CDU_2024.txt,manifestos/Reinsdorf_CDU_2024.txt,Reinsdorf,Sachsen,CDU,cdu,2024.0,local election,Wahlprogramm,modern_filename,ok,
GLMP-EEFFC03314,Reinsdorf_SPD_2024.txt,manifestos/Reinsdorf_SPD_2024.txt,Reinsdorf,Sachsen,SPD,spd,2024.0,local election,Wahlprogramm,modern_filename,ok,
GLMP-CE1ED485AA,Reutlingen_AfD_2024.txt,manifestos/Reutlingen_AfD_2024.txt,Reutlingen,Baden-Württemberg,AfD,,2024.0,local election,Wahlprogramm,modern_filename,ok,
GLMP-5AC12D3CAF,Reutlingen_CDU_2024.txt,manifestos/Reutlingen_CDU_2024.txt,Reutlingen,Baden-Württemberg,CDU,cdu,2024.0,local election,Wahlprogramm,modern_filename,ok,
GLMP-63D9DC0AA2,Reutlingen_Die Partei_2024.txt,manifestos/Reutlingen_Die Partei_2024.txt,Reutlingen,Baden-Württemberg,Die Partei,par,2024.0,local election,Wahlprogramm,modern_filename,ok,
GLMP-DDE0B33EEA,Reutlingen_FDP_2024.txt,manifestos/Reutlingen_FDP_2024.txt,Reutlingen,Baden-Württemberg,FDP,fdp,2024.0,local election,Wahlprogramm,modern_filename,ok,
GLMP-1338821585,Reutlingen_FWG_2024.txt,manifestos/Reutlingen_FWG_2024.txt,Reutlingen,Baden-Württemberg,FWG,,2024.0,local election,Wahlprogramm,modern_filename,ok,
GLMP-04BCD01AA4,Reutlingen_Grüne_2024.txt,manifestos/Reutlingen_Grüne_2024.txt,Reutlingen,Baden-Württemberg,Grüne,gru,2024.0,local election,Wahlprogramm,modern_filename,ok,
GLMP-3D926F6FF3,Reutlingen_Linke_2024.txt,manifestos/Reutlingen_Linke_2024.txt,Reutlingen,Baden-Württemberg,Linke,,2024.0,local election,Wahlprogramm,modern_filename,ok,
GLMP-241FBC9340,Reutlingen_SPD_2024.txt,manifestos/Reutlingen_SPD_2024.txt,Reutlingen,Baden-Württemberg,SPD,spd,2024.0,local election,Wahlprogramm,modern_filename,ok,
GLMP-F02C2292D4,Reutlingen_WiR_2024.txt,manifestos/Reutlingen_WiR_2024.txt,Reutlingen,Baden-Württemberg,WIR,wir,2024.0,local election,Wahlprogramm,modern_filename,ok,
GLMP-FA6BCCF825,Riegelsberg_FDP_2024.txt,manifestos/Riegelsberg_FDP_2024.txt,Riegelsberg,Saarland,FDP,fdp,2024.0,local election,Wahlprogramm,modern_filename,ok,
GLMP-8FE7601021,Riegelsberg_Grüne_2024.txt,manifestos/Riegelsberg_Grüne_2024.txt,Riegelsberg,Saarland,Grüne,gru,2024.0,local election,Wahlprogramm,modern_filename,ok,
GLMP-919B15B434,Riegelsberg_Linke_2024.txt,manifestos/Riegelsberg_Linke_2024.txt,Riegelsberg,Saarland,Linke,,2024.0,local election,Wahlprogramm,modern_filename,ok,
GLMP-9A4699CFF9,Rochlitz_CDU_2024.txt,manifestos/Rochlitz_CDU_2024.txt,Rochlitz,Sachsen,CDU,cdu,2024.0,local election,Wahlprogramm,modern_filename,ok,
GLMP-B37B269974,Rochlitz_Linke_2024.txt,manifestos/Rochlitz_Linke_2024.txt,Rochlitz,Sachsen,Linke,,2024.0,local election,Wahlprogramm,modern_filename,ok,
GLMP-BC2593CD00,Rochlitz_RGG_2024.txt,manifestos/Rochlitz_RGG_2024.txt,Rochlitz,Sachsen,RGG,,2024.0,local election,Wahlprogramm,modern_filename,ok,
GLMP-B9AD573FBC,Rochlitz_SPD_2024.txt,manifestos/Rochlitz_SPD_2024.txt,Rochlitz,Sachsen,SPD,spd,2024.0,local election,Wahlprogramm,modern_filename,ok,
GLMP-AB74676A98,Rostock_CDU_2024.txt,manifestos/Rostock_CDU_2024.txt,Rostock,Mecklenburg-Vorpommern,CDU,cdu,2024.0,local election,Wahlprogramm,modern_filename,ok,
GLMP-872572A72A,Rostock_FDP_2024.txt,manifestos/Rostock_FDP_2024.txt,Rostock,Mecklenburg-Vorpommern,FDP,fdp,2024.0,local election,Wahlprogramm,modern_filename,ok,
GLMP-FEBD5ACE42,Rostock_Grüne_2024.txt,manifestos/Rostock_Grüne_2024.txt,Rostock,Mecklenburg-Vorpommern,Grüne,gru,2024.0,local election,Wahlprogramm,modern_filename,ok,
GLMP-DAD0CF26D4,Rostock_Linke_2024.txt,manifestos/Rostock_Linke_2024.txt,Rostock,Mecklenburg-Vorpommern,Linke,,2024.0,local election,Wahlprogramm,modern_filename,ok,
GLMP-E132135C71,Rostock_Rostocker Bund_2024.txt,manifestos/Rostock_Rostocker Bund_2024.txt,Rostock,Mecklenburg-Vorpommern,Rostocker Bund,rob,2024.0,local election,Wahlprogramm,modern_filename,ok,
GLMP-A33E091A4C,Rostock_SPD_2024.txt,manifestos/Rostock_SPD_2024.txt,Rostock,Mecklenburg-Vorpommern,SPD,spd,2024.0,local election,Wahlprogramm,modern_filename,ok,
GLMP-CD4A197E84,Rostock_UFR_2024.txt,manifestos/Rostock_UFR_2024.txt,Rostock,Mecklenburg-Vorpommern,UFR,,2024.0,local election,Wahlprogramm,modern_filename,ok,
GLMP-5A1F487526,Rostock_Volt_2024.txt,manifestos/Rostock_Volt_2024.txt,Rostock,Mecklenburg-Vorpommern,Volt,vlt,2024.0,local election,Wahlprogramm,modern_filename,ok,
GLMP-99F0A6E85B,Saalfeld (Saale)_BfS_2024.txt,manifestos/Saalfeld (Saale)_BfS_2024.txt,Saalfeld (Saale),Thüringen,BfS,,2024.0,local election,Wahlprogramm,modern_filename,ok,
GLMP-852084C5E8,Saalfeld (Saale)_Bürger für Thüringen_2024.txt,manifestos/Saalfeld (Saale)_Bürger für Thüringen_2024.txt,Saalfeld (Saale),Thüringen,Bürger für Thüringen,,2024.0,local election,Wahlprogramm,modern_filename,ok,
GLMP-3980DD8B0D,Saalfeld (Saale)_CDU_2024.txt,manifestos/Saalfeld (Saale)_CDU_2024.txt,Saalfeld (Saale),Thüringen,CDU,cdu,2024.0,local election,Wahlprogramm,modern_filename,ok,
GLMP-6201961214,Saalfeld (Saale)_Grüne_2024.txt,manifestos/Saalfeld (Saale)_Grüne_2024.txt,Saalfeld (Saale),Thüringen,Grüne,gru,2024.0,local election,Wahlprogramm,modern_filename,ok,
GLMP-8104916ABC,Saalfeld (Saale)_Linke_2024.txt,manifestos/Saalfeld (Saale)_Linke_2024.txt,Saalfeld (Saale),Thüringen,Linke,,2024.0,local election,Wahlprogramm,modern_filename,ok,
GLMP-3FEC4502C5,Saalfeld (Saale)_SPD_2024.txt,manifestos/Saalfeld (Saale)_SPD_2024.txt,Saalfeld (Saale),Thüringen,SPD,spd,2024.0,local election,Wahlprogramm,modern_filename,ok,
GLMP-891C1224EF,Saarbrücken_CDU_2024.txt,manifestos/Saarbrücken_CDU_2024.txt,Saarbruecken,Saarland,CDU,cdu,2024.0,local election,Wahlprogramm,modern_filename,ok,
GLMP-D6D9E19C67,Saarbrücken_FDP_2024.txt,manifestos/Saarbrücken_FDP_2024.txt,Saarbruecken,Saarland,FDP,fdp,2024.0,local election,Wahlprogramm,modern_filename,ok,
GLMP-8D75293F8E,Saarbrücken_Grüne_2024.txt,manifestos/Saarbrücken_Grüne_2024.txt,Saarbruecken,Saarland,Grüne,gru,2024.0,local election,Wahlprogramm,modern_filename,ok,
GLMP-F558638AA2,Saarbrücken_Linke_2024.txt,manifestos/Saarbrücken_Linke_2024.txt,Saarbruecken,Saarland,Linke,,2024.0,local election,Wahlprogramm,modern_filename,ok,
GLMP-4914FD2B30,Saarbrücken_SPD_2024.txt,manifestos/Saarbrücken_SPD_2024.txt,Saarbruecken,Saarland,SPD,spd,2024.0,local election,Wahlprogramm,modern_filename,ok,
GLMP-1E409F8B34,Saarwellingen_CDU_2024.txt,manifestos/Saarwellingen_CDU_2024.txt,Saarwellingen,Saarland,CDU,cdu,2024.0,local election,Wahlprogramm,modern_filename,ok,
GLMP-69C153D8A8,Saarwellingen_Grüne_2024.txt,manifestos/Saarwellingen_Grüne_2024.txt,Saarwellingen,Saarland,Grüne,gru,2024.0,local election,Wahlprogramm,modern_filename,ok,
GLMP-C8F46EA6BA,Saarwellingen_SPD_2024.txt,manifestos/Saarwellingen_SPD_2024.txt,Saarwellingen,Saarland,SPD,spd,2024.0,local election,Wahlprogramm,modern_filename,ok,
GLMP-B06BB41F88,Salzwedel_Bündnis Lebenswertes Land_2024.txt,manifestos/Salzwedel_Bündnis Lebenswertes Land_2024.txt,Salzwedel,Sachsen-Anhalt,Bündnis Lebenswertes Land,,2024.0,local election,Wahlprogramm,modern_filename,ok,
GLMP-336F9C4DFD,Salzwedel_CDU_2024.txt,manifestos/Salzwedel_CDU_2024.txt,Salzwedel,Sachsen-Anhalt,CDU,cdu,2024.0,local election,Wahlprogramm,modern_filename,ok,
GLMP-E08858D1B0,Salzwedel_Linke_2024.txt,manifestos/Salzwedel_Linke_2024.txt,Salzwedel,Sachsen-Anhalt,Linke,,2024.0,local election,Wahlprogramm,modern_filename,ok,
GLMP-9A79D31DFE,Sandhausen_CDU_2024.txt,manifestos/Sandhausen_CDU_2024.txt,Sandhausen,Baden-Württemberg,CDU,cdu,2024.0,local election,Wahlprogramm,modern_filename,ok,
GLMP-B06594B89C,Sandhausen_FDP_2024.txt,manifestos/Sandhausen_FDP_2024.txt,Sandhausen,Baden-Württemberg,FDP,fdp,2024.0,local election,Wahlprogramm,modern_filename,ok,
GLMP-D2504EA967,Sandhausen_GAL_2024.txt,manifestos/Sandhausen_GAL_2024.txt,Sandhausen,Baden-Württemberg,GAL,,2024.0,local election,Wahlprogramm,modern_filename,ok,
GLMP-282D7ED18C,Sandhausen_SPD_2024.txt,manifestos/Sandhausen_SPD_2024.txt,Sandhausen,Baden-Württemberg,SPD,spd,2024.0,local election,Wahlprogramm,modern_filename,ok,
GLMP-6AFA242746,Sangerhausen_AfD_2024.txt,manifestos/Sangerhausen_AfD_2024.txt,Sangerhausen,Sachsen-Anhalt,AfD,,2024.0,local election,Wahlprogramm,modern_filename,ok,
GLMP-FA42E738EB,Sangerhausen_B.I.S._2024.txt,manifestos/Sangerhausen_B.I.S._2024.txt,Sangerhausen,Sachsen-Anhalt,B.I.S.,,2024.0,local election,Wahlprogramm,modern_filename,ok,
GLMP-8C21CAE9BB,Sangerhausen_BOS_2024.txt,manifestos/Sangerhausen_BOS_2024.txt,Sangerhausen,Sachsen-Anhalt,BOS,,2024.0,local election,Wahlprogramm,modern_filename,ok,
GLMP-54116AD536,Sangerhausen_CDU_2024.txt,manifestos/Sangerhausen_CDU_2024.txt,Sangerhausen,Sachsen-Anhalt,CDU,cdu,2024.0,local election,Wahlprogramm,modern_filename,ok,
GLMP-938D6D0CC3,Sangerhausen_Grüne_2024.txt,manifestos/Sangerhausen_Grüne_2024.txt,Sangerhausen,Sachsen-Anhalt,Grüne,gru,2024.0,local election,Wahlprogramm,modern_filename,ok,
GLMP-5BA7A9F7D7,Schleiz_FDP_2024.txt,manifestos/Schleiz_FDP_2024.txt,Schleiz,Thüringen,FDP,fdp,2024.0,local election,Wahlprogramm,modern_filename,ok,
GLMP-6B3D73B21A,Schorfheide_CDU_2024.txt,manifestos/Schorfheide_CDU_2024.txt,Schorfheide,Brandenburg,CDU,cdu,2024.0,local election,Wahlprogramm,modern_filename,ok,
GLMP-242870E55D,Schorfheide_SPD_2024.txt,manifestos/Schorfheide_SPD_2024.txt,Schorfheide,Brandenburg,SPD,spd,2024.0,local election,Wahlprogramm,modern_filename,ok,
GLMP-ACF07EF89A,Schorfheide_WIR_2024.txt,manifestos/Schorfheide_WIR_2024.txt,Schorfheide,Brandenburg,WIR,wir,2024.0,local election,Wahlprogramm,modern_filename,ok,
GLMP-60965F93FC,Schwaan_CDU_2024.txt,manifestos/Schwaan_CDU_2024.txt,Schwaan,Mecklenburg-Vorpommern,CDU,cdu,2024.0,local election,Wahlprogramm,modern_filename,ok,
GLMP-E0268598FB,Schwaan_Grüne_2024.txt,manifestos/Schwaan_Grüne_2024.txt,Schwaan,Mecklenburg-Vorpommern,Grüne,gru,2024.0,local election,Wahlprogramm,modern_filename,ok,
GLMP-7CC3C7CCFB,Schwaan_Linke_2024.txt,manifestos/Schwaan_Linke_2024.txt,Schwaan,Mecklenburg-Vorpommern,Linke,,2024.0,local election,Wahlprogramm,modern_filename,ok,
GLMP-BE04C2A2CF,Schwaan_SSV_2024.txt,manifestos/Schwaan_SSV_2024.txt,Schwaan,Mecklenburg-Vorpommern,SSV,,2024.0,local election,Wahlprogramm,modern_filename,ok,
GLMP-D61B3C3C9C,Schwaan_UWS_2024.txt,manifestos/Schwaan_UWS_2024.txt,Schwaan,Mecklenburg-Vorpommern,UWS,,2024.0,local election,Wahlprogramm,modern_filename,ok,
GLMP-5526D819E5,Schwerin_AfD_2024.txt,manifestos/Schwerin_AfD_2024.txt,Schwerin,Mecklenburg-Vorpommern,AfD,,2024.0,local election,Wahlprogramm,modern_filename,ok,
GLMP-96230CEE0F,Schwerin_CDU_2024.txt,manifestos/Schwerin_CDU_2024.txt,Schwerin,Mecklenburg-Vorpommern,CDU,cdu,2024.0,local election,Wahlprogramm,modern_filename,ok,
GLMP-67341ABCE1,Schwerin_FDP_2024.txt,manifestos/Schwerin_FDP_2024.txt,Schwerin,Mecklenburg-Vorpommern,FDP,fdp,2024.0,local election,Wahlprogramm,modern_filename,ok,
GLMP-569D47D48E,Schwerin_Grüne_2024.txt,manifestos/Schwerin_Grüne_2024.txt,Schwerin,Mecklenburg-Vorpommern,Grüne,gru,2024.0,local election,Wahlprogramm,modern_filename,ok,
GLMP-61D4B6BC08,Schwerin_Linke_2024.txt,manifestos/Schwerin_Linke_2024.txt,Schwerin,Mecklenburg-Vorpommern,Linke,,2024.0,local election,Wahlprogramm,modern_filename,ok,
GLMP-DDE826D304,Schwerin_SPD_2024.txt,manifestos/Schwerin_SPD_2024.txt,Schwerin,Mecklenburg-Vorpommern,SPD,spd,2024.0,local election,Wahlprogramm,modern_filename,ok,
GLMP-FF76A787A6,Schwäbisch Gmünd_Die Bürgerliste Schwäbisch Gmünd_2024.txt,manifestos/Schwäbisch Gmünd_Die Bürgerliste Schwäbisch Gmünd_2024.txt,Schwäbisch Gmünd,Baden-Württemberg,Die Bürgerliste Schwäbisch Gmünd,,2024.0,local election,Wahlprogramm,modern_filename,ok,
GLMP-9DF09D8FBA,Schwäbisch Gmünd_FDP_2024.txt,manifestos/Schwäbisch Gmünd_FDP_2024.txt,Schwäbisch Gmünd,Baden-Württemberg,FDP,fdp,2024.0,local election,Wahlprogramm,modern_filename,ok,
GLMP-E7DAE86850,Schwäbisch Gmünd_Grüne_2024.txt,manifestos/Schwäbisch Gmünd_Grüne_2024.txt,Schwäbisch Gmünd,Baden-Württemberg,Grüne,gru,2024.0,local election,Wahlprogramm,modern_filename,ok,
GLMP-4C29BA379E,Schwäbisch Gmünd_SPD_2024.txt,manifestos/Schwäbisch Gmünd_SPD_2024.txt,Schwäbisch Gmünd,Baden-Württemberg,SPD,spd,2024.0,local election,Wahlprogramm,modern_filename,ok,
GLMP-B6873AA86F,Schwäbisch Gmünd_söl_2024.txt,manifestos/Schwäbisch Gmünd_söl_2024.txt,Schwäbisch Gmünd,Baden-Württemberg,söl,,2024.0,local election,Wahlprogramm,modern_filename,ok,
GLMP-0BE7B805AC,Seelow_AfD_2024.txt,manifestos/Seelow_AfD_2024.txt,Seelow,Brandenburg,AfD,,2024.0,local election,Wahlprogramm,modern_filename,ok,
GLMP-E80FF1CABF,Seelow_CDU_2024.txt,manifestos/Seelow_CDU_2024.txt,Seelow,Brandenburg,CDU,cdu,2024.0,local election,Wahlprogramm,modern_filename,ok,
GLMP-AAD0A9D9A0,Seelow_Linke_2024.txt,manifestos/Seelow_Linke_2024.txt,Seelow,Brandenburg,Linke,,2024.0,local election,Wahlprogramm,modern_filename,ok,
GLMP-EAB0599510,Seelow_SPD_2024.txt,manifestos/Seelow_SPD_2024.txt,Seelow,Brandenburg,SPD,spd,2024.0,local election,Wahlprogramm,modern_filename,ok,
GLMP-2EF9A777B2,Sigmaringen_Grüne_2024.txt,manifestos/Sigmaringen_Grüne_2024.txt,Sigmaringen,Baden-Württemberg,Grüne,gru,2024.0,local election,Wahlprogramm,modern_filename,ok,
GLMP-1DF841DED7,Sindelfingen_CDU_2024.txt,manifestos/Sindelfingen_CDU_2024.txt,Sindelfingen,Baden-Württemberg,CDU,cdu,2024.0,local election,Wahlprogramm,modern_filename,ok,
GLMP-C6EB60E749,Sindelfingen_FDP_2024.txt,manifestos/Sindelfingen_FDP_2024.txt,Sindelfingen,Baden-Württemberg,FDP,fdp,2024.0,local election,Wahlprogramm,modern_filename,ok,
GLMP-D9C95DE8F8,Sindelfingen_FWG_2024.txt,manifestos/Sindelfingen_FWG_2024.txt,Sindelfingen,Baden-Württemberg,FWG,,2024.0,local election,Wahlprogramm,modern_filename,ok,
GLMP-CE9B2534A6,Sindelfingen_Grüne_2024.txt,manifestos/Sindelfingen_Grüne_2024.txt,Sindelfingen,Baden-Württemberg,Grüne,gru,2024.0,local election,Wahlprogramm,modern_filename,ok,
GLMP-244C5D09C6,Sindelfingen_Linke_2024.txt,manifestos/Sindelfingen_Linke_2024.txt,Sindelfingen,Baden-Württemberg,Linke,,2024.0,local election,Wahlprogramm,modern_filename,ok,
GLMP-BEC02286EF,Sindelfingen_SPD_2024.txt,manifestos/Sindelfingen_SPD_2024.txt,Sindelfingen,Baden-Württemberg,SPD,spd,2024.0,local election,Wahlprogramm,modern_filename,ok,
GLMP-285547FEFE,Sonneberg_CDU_2024.txt,manifestos/Sonneberg_CDU_2024.txt,Sonneberg,Thüringen,CDU,cdu,2024.0,local election,Wahlprogramm,modern_filename,ok,
GLMP-6CD7C8494E,Sonneberg_Grüne_2024.txt,manifestos/Sonneberg_Grüne_2024.txt,Sonneberg,Thüringen,Grüne,gru,2024.0,local election,Wahlprogramm,modern_filename,ok,
GLMP-DF30B18500,Sonneberg_PRO SON_2024.txt,manifestos/Sonneberg_PRO SON_2024.txt,Sonneberg,Thüringen,PRO SON,,2024.0,local election,Wahlprogramm,modern_filename,ok,
GLMP-5382616DCF,Speyer_FDP_2024.txt,manifestos/Speyer_FDP_2024.txt,Speyer,Rheinland-Pfalz,FDP,fdp,2024.0,local election,Wahlprogramm,modern_filename,ok,
GLMP-B1582EEE52,Speyer_Grüne_2024.txt,manifestos/Speyer_Grüne_2024.txt,Speyer,Rheinland-Pfalz,Grüne,gru,2024.0,local election,Wahlprogramm,modern_filename,ok,
GLMP-5F1BFF99AA,Speyer_SPD_2024.txt,manifestos/Speyer_SPD_2024.txt,Speyer,Rheinland-Pfalz,SPD,spd,2024.0,local election,Wahlprogramm,modern_filename,ok,
GLMP-C273E81D6D,Stavenhagen (Reuterstadt)_CDU_2024.txt,manifestos/Stavenhagen (Reuterstadt)_CDU_2024.txt,Stavenhagen (Reuterstadt),Mecklenburg-Vorpommern,CDU,cdu,2024.0,local election,Wahlprogramm,modern_filename,ok,
GLMP-462AEB1EF7,Stavenhagen (Reuterstadt)_Linke_2024.txt,manifestos/Stavenhagen (Reuterstadt)_Linke_2024.txt,Stavenhagen (Reuterstadt),Mecklenburg-Vorpommern,Linke,,2024.0,local election,Wahlprogramm,modern_filename,ok,
GLMP-6AEAA996CE,Staßfurt_CDU_2024.txt,manifestos/Staßfurt_CDU_2024.txt,Staßfurt,Sachsen-Anhalt,CDU,cdu,2024.0,local election,Wahlprogramm,modern_filename,ok,
GLMP-CD5A4A18C2,Staßfurt_Grüne_2024.txt,manifestos/Staßfurt_Grüne_2024.txt,Staßfurt,Sachsen-Anhalt,Grüne,gru,2024.0,local election,Wahlprogramm,modern_filename,ok,
GLMP-973497691E,Staßfurt_SPD_2024.txt,manifestos/Staßfurt_SPD_2024.txt,Staßfurt,Sachsen-Anhalt,SPD,spd,2024.0,local election,Wahlprogramm,modern_filename,ok,
GLMP-75425A701D,Staßfurt_Unabhängige Bürgervertretung Staßfurt_2024.txt,manifestos/Staßfurt_Unabhängige Bürgervertretung Staßfurt_2024.txt,Staßfurt,Sachsen-Anhalt,Unabhängige Bürgervertretung Staßfurt,,2024.0,local election,Wahlprogramm,modern_filename,ok,
GLMP-F6FFD74F4A,Steißlingen_CDU_2024.txt,manifestos/Steißlingen_CDU_2024.txt,Steißlingen,Baden-Württemberg,CDU,cdu,2024.0,local election,Wahlprogramm,modern_filename,ok,
GLMP-0B0D153F0D,Steißlingen_FWG_2024.txt,manifestos/Steißlingen_FWG_2024.txt,Steißlingen,Baden-Württemberg,FWG,,2024.0,local election,Wahlprogramm,modern_filename,ok,
GLMP-2DFB93A487,Stralsund_AfD_2024.txt,manifestos/Stralsund_AfD_2024.txt,Stralsund,Mecklenburg-Vorpommern,AfD,,2024.0,local election,Wahlprogramm,modern_filename,ok,
GLMP-1EDEE4201F,Stralsund_Bürger für Stralsund_2024.txt,manifestos/Stralsund_Bürger für Stralsund_2024.txt,Stralsund,Mecklenburg-Vorpommern,Bürger für Stralsund,,2024.0,local election,Wahlprogramm,modern_filename,ok,
GLMP-C5241BB4A5,Stralsund_CDU_2024.txt,manifestos/Stralsund_CDU_2024.txt,Stralsund,Mecklenburg-Vorpommern,CDU,cdu,2024.0,local election,Wahlprogramm,modern_filename,ok,
GLMP-6ACE924F03,Stralsund_FDP_2024.txt,manifestos/Stralsund_FDP_2024.txt,Stralsund,Mecklenburg-Vorpommern,FDP,fdp,2024.0,local election,Wahlprogramm,modern_filename,ok,
GLMP-A74419A754,Stralsund_Grüne_2024.txt,manifestos/Stralsund_Grüne_2024.txt,Stralsund,Mecklenburg-Vorpommern,Grüne,gru,2024.0,local election,Wahlprogramm,modern_filename,ok,
GLMP-FFBFA98159,Stralsund_SPD_2024.txt,manifestos/Stralsund_SPD_2024.txt,Stralsund,Mecklenburg-Vorpommern,SPD,spd,2024.0,local election,Wahlprogramm,modern_filename,ok,
GLMP-E7AD23C7C9,Stuttgart_AfD_2024.txt,manifestos/Stuttgart_AfD_2024.txt,Stuttgart,Baden-Württemberg,AfD,,2024.0,local election,Wahlprogramm,modern_filename,ok,
GLMP-6F8952841B,Stuttgart_CDU_2024.txt,manifestos/Stuttgart_CDU_2024.txt,Stuttgart,Baden-Württemberg,CDU,cdu,2024.0,local election,Wahlprogramm,modern_filename,ok,
GLMP-44DCE8B435,Stuttgart_Children First_2024.txt,manifestos/Stuttgart_Children First_2024.txt,Stuttgart,Baden-Württemberg,Children First,,2024.0,local election,Wahlprogramm,modern_filename,ok,
GLMP-53A96EF1A7,Stuttgart_Die Stadtisten_2024.txt,manifestos/Stuttgart_Die Stadtisten_2024.txt,Stuttgart,Baden-Württemberg,Die Stadtisten,,2024.0,local election,Wahlprogramm,modern_filename,ok,
GLMP-F93B6BC606,Stuttgart_FDP_2024.txt,manifestos/Stuttgart_FDP_2024.txt,Stuttgart,Baden-Württemberg,FDP,fdp,2024.0,local election,Wahlprogramm,modern_filename,ok,
GLMP-C058A1D946,Stuttgart_FWG_2024.txt,manifestos/Stuttgart_FWG_2024.txt,Stuttgart,Baden-Württemberg,FWG,,2024.0,local election,Wahlprogramm,modern_filename,ok,
GLMP-87E9A3ADD3,Stuttgart_FeLi_2024.txt,manifestos/Stuttgart_FeLi_2024.txt,Stuttgart,Baden-Württemberg,FeLi,,2024.0,local election,Wahlprogramm,modern_filename,ok,
GLMP-934A25A697,Stuttgart_Grüne_2024.txt,manifestos/Stuttgart_Grüne_2024.txt,Stuttgart,Baden-Württemberg,Grüne,gru,2024.0,local election,Wahlprogramm,modern_filename,ok,
GLMP-250FBA0565,Stuttgart_Klimaliste_2024.txt,manifestos/Stuttgart_Klimaliste_2024.txt,Stuttgart,Baden-Württemberg,Klimaliste,,2024.0,local election,Wahlprogramm,modern_filename,ok,
GLMP-77686CD243,Stuttgart_Linke_2024.txt,manifestos/Stuttgart_Linke_2024.txt,Stuttgart,Baden-Württemberg,Linke,,2024.0,local election,Wahlprogramm,modern_filename,ok,
GLMP-7D8A47F500,Stuttgart_SPD_2024.txt,manifestos/Stuttgart_SPD_2024.txt,Stuttgart,Baden-Württemberg,SPD,spd,2024.0,local election,Wahlprogramm,modern_filename,ok,
GLMP-5E6EB74066,Stuttgart_Stuttgarter Liste_2024.txt,manifestos/Stuttgart_Stuttgarter Liste_2024.txt,Stuttgart,Baden-Württemberg,Stuttgarter Liste,,2024.0,local election,Wahlprogramm,modern_filename,ok,
GLMP-C2B5621A33,Stuttgart_SÖS_2024.txt,manifestos/Stuttgart_SÖS_2024.txt,Stuttgart,Baden-Württemberg,SÖS,,2024.0,local election,Wahlprogramm,modern_filename,ok,
GLMP-0FA73F3E33,Stuttgart_Vielfalt_2024.txt,manifestos/Stuttgart_Vielfalt_2024.txt,Stuttgart,Baden-Württemberg,Vielfalt,,2024.0,local election,Wahlprogramm,modern_filename,ok,
GLMP-B738670071,Stuttgart_Volt_2024.txt,manifestos/Stuttgart_Volt_2024.txt,Stuttgart,Baden-Württemberg,Volt,vlt,2024.0,local election,Wahlprogramm,modern_filename,ok,
GLMP-85D76812B1,Stuttgart_ÖDP_2024.txt,manifestos/Stuttgart_ÖDP_2024.txt,Stuttgart,Baden-Württemberg,ÖDP,,2024.0,local election,Wahlprogramm,modern_filename,ok,
GLMP-AB42317EB3,Sulz am Neckar_SPD_2024.txt,manifestos/Sulz am Neckar_SPD_2024.txt,Sulz am Neckar,Baden-Württemberg,SPD,spd,2024.0,local election,Wahlprogramm,modern_filename,ok,
GLMP-CABA51A03A,Sundhagen_AfD_2024.txt,manifestos/Sundhagen_AfD_2024.txt,Sundhagen,Mecklenburg-Vorpommern,AfD,,2024.0,local election,Wahlprogramm,modern_filename,ok,
GLMP-6821C7FBAE,Sundhagen_BKW_2024.txt,manifestos/Sundhagen_BKW_2024.txt,Sundhagen,Mecklenburg-Vorpommern,BKW,,2024.0,local election,Wahlprogramm,modern_filename,ok,
GLMP-E4E0A0A4E3,Sundhagen_CDU_2024.txt,manifestos/Sundhagen_CDU_2024.txt,Sundhagen,Mecklenburg-Vorpommern,CDU,cdu,2024.0,local election,Wahlprogramm,modern_filename,ok,
GLMP-38C5A3061E,Sundhagen_Linke_2024.txt,manifestos/Sundhagen_Linke_2024.txt,Sundhagen,Mecklenburg-Vorpommern,Linke,,2024.0,local election,Wahlprogramm,modern_filename,ok,
GLMP-D49FACDC70,Sömmerda_BIS_2024.txt,manifestos/Sömmerda_BIS_2024.txt,Sömmerda,Thüringen,BIS,,2024.0,local election,Wahlprogramm,modern_filename,ok,
GLMP-6B195CA4D1,Sömmerda_CDU_2024.txt,manifestos/Sömmerda_CDU_2024.txt,Sömmerda,Thüringen,CDU,cdu,2024.0,local election,Wahlprogramm,modern_filename,ok,
GLMP-A6E2A74D9C,Sömmerda_FDP_2024.txt,manifestos/Sömmerda_FDP_2024.txt,Sömmerda,Thüringen,FDP,fdp,2024.0,local election,Wahlprogramm,modern_filename,ok,
GLMP-BB4660B2B1,Sömmerda_Grüne_2024.txt,manifestos/Sömmerda_Grüne_2024.txt,Sömmerda,Thüringen,Grüne,gru,2024.0,local election,Wahlprogramm,modern_filename,ok,
GLMP-44D1E3CF38,Sömmerda_SPD_2024.txt,manifestos/Sömmerda_SPD_2024.txt,Sömmerda,Thüringen,SPD,spd,2024.0,local election,Wahlprogramm,modern_filename,ok,
GLMP-7168CECB29,Tangermünde_SPD_2024.txt,manifestos/Tangermünde_SPD_2024.txt,Tangermünde,Sachsen-Anhalt,SPD,spd,2024.0,local election,Wahlprogramm,modern_filename,ok,
GLMP-DCB42A6963,Tholey_CDU_2024.txt,manifestos/Tholey_CDU_2024.txt,Tholey,Saarland,CDU,cdu,2024.0,local election,Wahlprogramm,modern_filename,ok,
GLMP-45B8CAB8CC,Tholey_FDP_2024.txt,manifestos/Tholey_FDP_2024.txt,Tholey,Saarland,FDP,fdp,2024.0,local election,Wahlprogramm,modern_filename,ok,
GLMP-DC8D897098,Traben-Trarbach_CDU_2024.txt,manifestos/Traben-Trarbach_CDU_2024.txt,Traben-Trarbach,Rheinland-Pfalz,CDU,cdu,2024.0,local election,Wahlprogramm,modern_filename,ok,
GLMP-D37E1197D6,Traben-Trarbach_FWG_2024.txt,manifestos/Traben-Trarbach_FWG_2024.txt,Traben-Trarbach,Rheinland-Pfalz,FWG,,2024.0,local election,Wahlprogramm,modern_filename,ok,
GLMP-C5467183E5,Traben-Trarbach_Grüne_2024.txt,manifestos/Traben-Trarbach_Grüne_2024.txt,Traben-Trarbach,Rheinland-Pfalz,Grüne,gru,2024.0,local election,Wahlprogramm,modern_filename,ok,
GLMP-E9A4FAE9D8,Traben-Trarbach_SPD_2024.txt,manifestos/Traben-Trarbach_SPD_2024.txt,Traben-Trarbach,Rheinland-Pfalz,SPD,spd,2024.0,local election,Wahlprogramm,modern_filename,ok,
GLMP-CDC03A8038,Trier_AfD_2024.txt,manifestos/Trier_AfD_2024.txt,Trier,Rheinland-Pfalz,AfD,,2024.0,local election,Wahlprogramm,modern_filename,ok,
GLMP-00AE8B2E41,Trier_CDU_2024.txt,manifestos/Trier_CDU_2024.txt,Trier,Rheinland-Pfalz,CDU,cdu,2024.0,local election,Wahlprogramm,modern_filename,ok,
GLMP-2FB0B822A6,Trier_FDP_2024.txt,manifestos/Trier_FDP_2024.txt,Trier,Rheinland-Pfalz,FDP,fdp,2024.0,local election,Wahlprogramm,modern_filename,ok,
GLMP-FCAF765617,Trier_FWG_2024.txt,manifestos/Trier_FWG_2024.txt,Trier,Rheinland-Pfalz,FWG,,2024.0,local election,Wahlprogramm,modern_filename,ok,
GLMP-7E09D8F4FE,Trier_Grüne_2024.txt,manifestos/Trier_Grüne_2024.txt,Trier,Rheinland-Pfalz,Grüne,gru,2024.0,local election,Wahlprogramm,modern_filename,ok,
GLMP-511408532A,Trier_Linke_2024.txt,manifestos/Trier_Linke_2024.txt,Trier,Rheinland-Pfalz,Linke,,2024.0,local election,Wahlprogramm,modern_filename,ok,
GLMP-1E7856C14B,Trier_SPD_2024.txt,manifestos/Trier_SPD_2024.txt,Trier,Rheinland-Pfalz,SPD,spd,2024.0,local election,Wahlprogramm,modern_filename,ok,
GLMP-FE1CEABA14,Trier_UBT_2024.txt,manifestos/Trier_UBT_2024.txt,Trier,Rheinland-Pfalz,UBT,,2024.0,local election,Wahlprogramm,modern_filename,ok,
GLMP-46CD22B038,Tübingen_CDU_2024.txt,manifestos/Tübingen_CDU_2024.txt,Tübingen,Baden-Württemberg,CDU,cdu,2024.0,local election,Wahlprogramm,modern_filename,ok,
GLMP-F4EDE19F1E,Tübingen_FDP_2024.txt,manifestos/Tübingen_FDP_2024.txt,Tübingen,Baden-Württemberg,FDP,fdp,2024.0,local election,Wahlprogramm,modern_filename,ok,
GLMP-691135F386,Tübingen_Grüne_2024.txt,manifestos/Tübingen_Grüne_2024.txt,Tübingen,Baden-Württemberg,Grüne,gru,2024.0,local election,Wahlprogramm,modern_filename,ok,
GLMP-CD7094266A,Tübingen_Klimaliste_2024.txt,manifestos/Tübingen_Klimaliste_2024.txt,Tübingen,Baden-Württemberg,Klimaliste,,2024.0,local election,Wahlprogramm,modern_filename,ok,
GLMP-6610C31BC0,Tübingen_Linke_2024.txt,manifestos/Tübingen_Linke_2024.txt,Tübingen,Baden-Württemberg,Linke,,2024.0,local election,Wahlprogramm,modern_filename,ok,
GLMP-B1E0CE4A7C,Tübingen_SPD_2024.txt,manifestos/Tübingen_SPD_2024.txt,Tübingen,Baden-Württemberg,SPD,spd,2024.0,local election,Wahlprogramm,modern_filename,ok,
GLMP-CF32B0C0B9,Tübingen_Tübinger Liste_2024.txt,manifestos/Tübingen_Tübinger Liste_2024.txt,Tübingen,Baden-Württemberg,Tübinger Liste,,2024.0,local election,Wahlprogramm,modern_filename,ok,
GLMP-B19D3FB773,Ulm_BLO_2024.txt,manifestos/Ulm_BLO_2024.txt,Ulm,Baden-Württemberg,BLO,,2024.0,local election,Wahlprogramm,modern_filename,ok,
GLMP-AFDEE5DC2E,Ulm_CDU_2024.txt,manifestos/Ulm_CDU_2024.txt,Ulm,Baden-Württemberg,CDU,cdu,2024.0,local election,Wahlprogramm,modern_filename,ok,
GLMP-93A7485056,Ulm_FDP_2024.txt,manifestos/Ulm_FDP_2024.txt,Ulm,Baden-Württemberg,FDP,fdp,2024.0,local election,Wahlprogramm,modern_filename,ok,
GLMP-D26F9E6552,Ulm_FWG_2024.txt,manifestos/Ulm_FWG_2024.txt,Ulm,Baden-Württemberg,FWG,,2024.0,local election,Wahlprogramm,modern_filename,ok,
GLMP-9B24CC25D8,Ulm_Grüne_2024.txt,manifestos/Ulm_Grüne_2024.txt,Ulm,Baden-Württemberg,Grüne,gru,2024.0,local election,Wahlprogramm,modern_filename,ok,
GLMP-406BD06378,Ulm_Junge Ulmer Liste_2024.txt,manifestos/Ulm_Junge Ulmer Liste_2024.txt,Ulm,Baden-Württemberg,Junge Ulmer Liste,,2024.0,local election,Wahlprogramm,modern_filename,ok,
GLMP-E3925B1C37,Ulm_Klimaliste Ulm_2024.txt,manifestos/Ulm_Klimaliste Ulm_2024.txt,Ulm,Baden-Württemberg,Klimaliste Ulm,,2024.0,local election,Wahlprogramm,modern_filename,ok,
GLMP-F012CDDE07,Ulm_SPD_2024.txt,manifestos/Ulm_SPD_2024.txt,Ulm,Baden-Württemberg,SPD,spd,2024.0,local election,Wahlprogramm,modern_filename,ok,
GLMP-CA171F628E,Ulm_UfA_2024.txt,manifestos/Ulm_UfA_2024.txt,Ulm,Baden-Württemberg,UfA,,2024.0,local election,Wahlprogramm,modern_filename,ok,
GLMP-6222371D8B,Villingen-Schwenningen_CDU_2024.txt,manifestos/Villingen-Schwenningen_CDU_2024.txt,Villingen-Schwenningen,Baden-Württemberg,CDU,cdu,2024.0,local election,Wahlprogramm,modern_filename,ok,
GLMP-0CFC568156,Villingen-Schwenningen_FDP_2024.txt,manifestos/Villingen-Schwenningen_FDP_2024.txt,Villingen-Schwenningen,Baden-Württemberg,FDP,fdp,2024.0,local election,Wahlprogramm,modern_filename,ok,
GLMP-16B31B3469,Villingen-Schwenningen_FWG_2024.txt,manifestos/Villingen-Schwenningen_FWG_2024.txt,Villingen-Schwenningen,Baden-Württemberg,FWG,,2024.0,local election,Wahlprogramm,modern_filename,ok,
GLMP-88145A8990,Villingen-Schwenningen_Grüne_2024.txt,manifestos/Villingen-Schwenningen_Grüne_2024.txt,Villingen-Schwenningen,Baden-Württemberg,Grüne,gru,2024.0,local election,Wahlprogramm,modern_filename,ok,
GLMP-4B79CA20A4,Villingen-Schwenningen_SPD_2024.txt,manifestos/Villingen-Schwenningen_SPD_2024.txt,Villingen-Schwenningen,Baden-Württemberg,SPD,spd,2024.0,local election,Wahlprogramm,modern_filename,ok,
GLMP-A3389994F9,Völklingen_CDU_2024.txt,manifestos/Völklingen_CDU_2024.txt,Völklingen,Saarland,CDU,cdu,2024.0,local election,Wahlprogramm,modern_filename,ok,
GLMP-50F5F6F493,Völklingen_Linke_2024.txt,manifestos/Völklingen_Linke_2024.txt,Völklingen,Saarland,Linke,,2024.0,local election,Wahlprogramm,modern_filename,ok,
GLMP-1FE3BBABE4,Völklingen_SPD_2024.txt,manifestos/Völklingen_SPD_2024.txt,Völklingen,Saarland,SPD,spd,2024.0,local election,Wahlprogramm,modern_filename,ok,
GLMP-CB62139773,Waghäusel_CDU_2024.txt,manifestos/Waghäusel_CDU_2024.txt,Waghäusel,Baden-Württemberg,CDU,cdu,2024.0,local election,Wahlprogramm,modern_filename,ok,
GLMP-5CB67BDF8E,Waghäusel_FWG_2024.txt,manifestos/Waghäusel_FWG_2024.txt,Waghäusel,Baden-Württemberg,FWG,,2024.0,local election,Wahlprogramm,modern_filename,ok,
GLMP-A8FA30BC72,Waghäusel_Grüne_2024.txt,manifestos/Waghäusel_Grüne_2024.txt,Waghäusel,Baden-Württemberg,Grüne,gru,2024.0,local election,Wahlprogramm,modern_filename,ok,
GLMP-D1269FEFC3,Waghäusel_SPD_2024.txt,manifestos/Waghäusel_SPD_2024.txt,Waghäusel,Baden-Württemberg,SPD,spd,2024.0,local election,Wahlprogramm,modern_filename,ok,
GLMP-8649E2C329,Waiblingen_Alternative Liste Waiblingen_2024.txt,manifestos/Waiblingen_Alternative Liste Waiblingen_2024.txt,Waiblingen,Baden-Württemberg,Alternative Liste Waiblingen,,2024.0,local election,Wahlprogramm,modern_filename,ok,
GLMP-51010C2990,Waiblingen_BüBi_2024.txt,manifestos/Waiblingen_BüBi_2024.txt,Waiblingen,Baden-Württemberg,BüBi,,2024.0,local election,Wahlprogramm,modern_filename,ok,
GLMP-433BFEC7C4,Waiblingen_CDU_2024.txt,manifestos/Waiblingen_CDU_2024.txt,Waiblingen,Baden-Württemberg,CDU,cdu,2024.0,local election,Wahlprogramm,modern_filename,ok,
GLMP-5257A28037,Waiblingen_FDP_2024.txt,manifestos/Waiblingen_FDP_2024.txt,Waiblingen,Baden-Württemberg,FDP,fdp,2024.0,local election,Wahlprogramm,modern_filename,ok,
GLMP-5FEF79DAE0,Waiblingen_FWG_2024.txt,manifestos/Waiblingen_FWG_2024.txt,Waiblingen,Baden-Württemberg,FWG,,2024.0,local election,Wahlprogramm,modern_filename,ok,
GLMP-EA9B6794CA,Waiblingen_GRÜNT_2024.txt,manifestos/Waiblingen_GRÜNT_2024.txt,Waiblingen,Baden-Württemberg,GRÜNT,,2024.0,local election,Wahlprogramm,modern_filename,ok,
GLMP-082A96E8C8,Waiblingen_Grüne_2024.txt,manifestos/Waiblingen_Grüne_2024.txt,Waiblingen,Baden-Württemberg,Grüne,gru,2024.0,local election,Wahlprogramm,modern_filename,ok,
GLMP-D0CE40183E,Waiblingen_SPD_2024.txt,manifestos/Waiblingen_SPD_2024.txt,Waiblingen,Baden-Württemberg,SPD,spd,2024.0,local election,Wahlprogramm,modern_filename,ok,
GLMP-99675F4C5A,Wallerfangen_FWG_2024.txt,manifestos/Wallerfangen_FWG_2024.txt,Wallerfangen,Saarland,FWG,,2024.0,local election,Wahlprogramm,modern_filename,ok,
GLMP-9020FB27B6,Wallerfangen_Linke_2024.txt,manifestos/Wallerfangen_Linke_2024.txt,Wallerfangen,Saarland,Linke,,2024.0,local election,Wahlprogramm,modern_filename,ok,
GLMP-0060F83BCC,Waren (Müritz)_CDU_2024.txt,manifestos/Waren (Müritz)_CDU_2024.txt,Waren (Müritz),Mecklenburg-Vorpommern,CDU,cdu,2024.0,local election,Wahlprogramm,modern_filename,ok,
GLMP-727D29CD08,Waren (Müritz)_FDP_2024.txt,manifestos/Waren (Müritz)_FDP_2024.txt,Waren (Müritz),Mecklenburg-Vorpommern,FDP,fdp,2024.0,local election,Wahlprogramm,modern_filename,ok,
GLMP-3D30E4007E,Waren (Müritz)_Grüne_2024.txt,manifestos/Waren (Müritz)_Grüne_2024.txt,Waren (Müritz),Mecklenburg-Vorpommern,Grüne,gru,2024.0,local election,Wahlprogramm,modern_filename,ok,
GLMP-E394790B1F,Waren (Müritz)_SPD_2024.txt,manifestos/Waren (Müritz)_SPD_2024.txt,Waren (Müritz),Mecklenburg-Vorpommern,SPD,spd,2024.0,local election,Wahlprogramm,modern_filename,ok,
GLMP-39CC728F4D,Weimar_CDU_2024.txt,manifestos/Weimar_CDU_2024.txt,Weimar,Thüringen,CDU,cdu,2024.0,local election,Wahlprogramm,modern_filename,ok,
GLMP-923953ACF7,Weimar_Die Basis_2024.txt,manifestos/Weimar_Die Basis_2024.txt,Weimar,Thüringen,Die Basis,,2024.0,local election,Wahlprogramm,modern_filename,ok,
GLMP-904964D50E,Weimar_Grüne_2024.txt,manifestos/Weimar_Grüne_2024.txt,Weimar,Thüringen,Grüne,gru,2024.0,local election,Wahlprogramm,modern_filename,ok,
GLMP-5BAADF8D2A,Weimar_Linke_2024.txt,manifestos/Weimar_Linke_2024.txt,Weimar,Thüringen,Linke,,2024.0,local election,Wahlprogramm,modern_filename,ok,
GLMP-4B731B9AA5,Weimar_SPD_2024.txt,manifestos/Weimar_SPD_2024.txt,Weimar,Thüringen,SPD,spd,2024.0,local election,Wahlprogramm,modern_filename,ok,
GLMP-98820292DD,Weimar_Weimarwerk_2024.txt,manifestos/Weimar_Weimarwerk_2024.txt,Weimar,Thüringen,Weimarwerk,,2024.0,local election,Wahlprogramm,modern_filename,ok,
GLMP-F6DF4FA092,Weinböhla_BiW_2024.txt,manifestos/Weinböhla_BiW_2024.txt,Weinböhla,Sachsen,BiW,,2024.0,local election,Wahlprogramm,modern_filename,ok,
GLMP-9DD76DC66F,Weinböhla_Linke_2024.txt,manifestos/Weinböhla_Linke_2024.txt,Weinböhla,Sachsen,Linke,,2024.0,local election,Wahlprogramm,modern_filename,ok,
GLMP-8F0330491E,Weiskirchen_CDU_2024.txt,manifestos/Weiskirchen_CDU_2024.txt,Weiskirchen,Saarland,CDU,cdu,2024.0,local election,Wahlprogramm,modern_filename,ok,
GLMP-CA85ABD36A,Weiskirchen_GAL_2024.txt,manifestos/Weiskirchen_GAL_2024.txt,Weiskirchen,Saarland,GAL,,2024.0,local election,Wahlprogramm,modern_filename,ok,
GLMP-9E36A5C131,Weißenfels_CDU_2024.txt,manifestos/Weißenfels_CDU_2024.txt,Weißenfels,Sachsen-Anhalt,CDU,cdu,2024.0,local election,Wahlprogramm,modern_filename,ok,
GLMP-E3077D170F,Weißenfels_Linke_2024.txt,manifestos/Weißenfels_Linke_2024.txt,Weißenfels,Sachsen-Anhalt,Linke,,2024.0,local election,Wahlprogramm,modern_filename,ok,
GLMP-A9824C872B,Weißwasser_SPD_2024.txt,manifestos/Weißwasser_SPD_2024.txt,Weißwasser,Sachsen,SPD,spd,2024.0,local election,Wahlprogramm,modern_filename,ok,
GLMP-E8D71A7B14,Wettin-Löbejün_SPD_2024.txt,manifestos/Wettin-Löbejün_SPD_2024.txt,Wettin-Löbejün,Sachsen-Anhalt,SPD,spd,2024.0,local election,Wahlprogramm,modern_filename,ok,
GLMP-20112F241C,Wettin-Löbejün_WISE_2024.txt,manifestos/Wettin-Löbejün_WISE_2024.txt,Wettin-Löbejün,Sachsen-Anhalt,WISE,,2024.0,local election,Wahlprogramm,modern_filename,ok,
GLMP-BB9F9CAEBE,Winnweiler_CDU_2024.txt,manifestos/Winnweiler_CDU_2024.txt,Winnweiler,Rheinland-Pfalz,CDU,cdu,2024.0,local election,Wahlprogramm,modern_filename,ok,
GLMP-98C324001F,Winnweiler_Grüne_2024.txt,manifestos/Winnweiler_Grüne_2024.txt,Winnweiler,Rheinland-Pfalz,Grüne,gru,2024.0,local election,Wahlprogramm,modern_filename,ok,
GLMP-7D48C4C31D,Winnweiler_SPD_2024.txt,manifestos/Winnweiler_SPD_2024.txt,Winnweiler,Rheinland-Pfalz,SPD,spd,2024.0,local election,Wahlprogramm,modern_filename,ok,
GLMP-0479656D48,Worms_CDU_2024.txt,manifestos/Worms_CDU_2024.txt,Worms,Rheinland-Pfalz,CDU,cdu,2024.0,local election,Wahlprogramm,modern_filename,ok,
GLMP-79C3606B2C,Worms_FDP_2024.txt,manifestos/Worms_FDP_2024.txt,Worms,Rheinland-Pfalz,FDP,fdp,2024.0,local election,Wahlprogramm,modern_filename,ok,
GLMP-7C6CAB8F3D,Worms_Freie Liste_2024.txt,manifestos/Worms_Freie Liste_2024.txt,Worms,Rheinland-Pfalz,Freie Liste,,2024.0,local election,Wahlprogramm,modern_filename,ok,
GLMP-4E37C0CC8F,Worms_Grüne_2024.txt,manifestos/Worms_Grüne_2024.txt,Worms,Rheinland-Pfalz,Grüne,gru,2024.0,local election,Wahlprogramm,modern_filename,ok,
GLMP-280668B5FD,Worms_Linke_2024.txt,manifestos/Worms_Linke_2024.txt,Worms,Rheinland-Pfalz,Linke,,2024.0,local election,Wahlprogramm,modern_filename,ok,
GLMP-1B7DCCE3AB,Worms_SPD_2024.txt,manifestos/Worms_SPD_2024.txt,Worms,Rheinland-Pfalz,SPD,spd,2024.0,local election,Wahlprogramm,modern_filename,ok,
GLMP-54566D0DA6,Worms_Worms will weiter_2024.txt,manifestos/Worms_Worms will weiter_2024.txt,Worms,Rheinland-Pfalz,Worms will weiter,,2024.0,local election,Wahlprogramm,modern_filename,ok,
GLMP-2918F0BD7F,Wustermark_FDP_2024.txt,manifestos/Wustermark_FDP_2024.txt,Wustermark,Brandenburg,FDP,fdp,2024.0,local election,Wahlprogramm,modern_filename,ok,
GLMP-8DA599C814,Wustermark_Grüne_2024.txt,manifestos/Wustermark_Grüne_2024.txt,Wustermark,Brandenburg,Grüne,gru,2024.0,local election,Wahlprogramm,modern_filename,ok,
GLMP-3FD4868956,Wustermark_SPD_2024.txt,manifestos/Wustermark_SPD_2024.txt,Wustermark,Brandenburg,SPD,spd,2024.0,local election,Wahlprogramm,modern_filename,ok,
GLMP-5BAE44C946,Wustermark_WWG_2024.txt,manifestos/Wustermark_WWG_2024.txt,Wustermark,Brandenburg,WWG,,2024.0,local election,Wahlprogramm,modern_filename,ok,
GLMP-A5505914BE,Wutha-Farnroda_Linke_2024.txt,manifestos/Wutha-Farnroda_Linke_2024.txt,Wutha-Farnroda,Thüringen,Linke,,2024.0,local election,Wahlprogramm,modern_filename,ok,
GLMP-5E8F603038,Wörth am Rhein_CDU_2024.txt,manifestos/Wörth am Rhein_CDU_2024.txt,Wörth am Rhein,Rheinland-Pfalz,CDU,cdu,2024.0,local election,Wahlprogramm,modern_filename,ok,
GLMP-F1249F891C,Wörth am Rhein_Grüne_2024.txt,manifestos/Wörth am Rhein_Grüne_2024.txt,Wörth am Rhein,Rheinland-Pfalz,Grüne,gru,2024.0,local election,Wahlprogramm,modern_filename,ok,
GLMP-D8E3EE62A9,Zarrentin am Schaalsee_WG Bürgernähe_2024.txt,manifestos/Zarrentin am Schaalsee_WG Bürgernähe_2024.txt,Zarrentin am Schaalsee,Mecklenburg-Vorpommern,WG Bürgernähe,,2024.0,local election,Wahlprogramm,modern_filename,ok,
GLMP-7C4630BA6D,Zerbst_AfD_2024.txt,manifestos/Zerbst_AfD_2024.txt,Zerbst,Sachsen-Anhalt,AfD,,2024.0,local election,Wahlprogramm,modern_filename,ok,
GLMP-18C80C8FCA,Zerbst_CDU_2024.txt,manifestos/Zerbst_CDU_2024.txt,Zerbst,Sachsen-Anhalt,CDU,cdu,2024.0,local election,Wahlprogramm,modern_filename,ok,
GLMP-37CBF0A740,Zerbst_FDP_2024.txt,manifestos/Zerbst_FDP_2024.txt,Zerbst,Sachsen-Anhalt,FDP,fdp,2024.0,local election,Wahlprogramm,modern_filename,ok,
GLMP-E6696CA9DF,Zerbst_SPD_2024.txt,manifestos/Zerbst_SPD_2024.txt,Zerbst,Sachsen-Anhalt,SPD,spd,2024.0,local election,Wahlprogramm,modern_filename,ok,
GLMP-21B48FAB8B,Zossen_AfD_2024.txt,manifestos/Zossen_AfD_2024.txt,Zossen,Brandenburg,AfD,,2024.0,local election,Wahlprogramm,modern_filename,ok,
GLMP-64103D708F,Zossen_CDU_2024.txt,manifestos/Zossen_CDU_2024.txt,Zossen,Brandenburg,CDU,cdu,2024.0,local election,Wahlprogramm,modern_filename,ok,
GLMP-A718084084,Zossen_FWG_2024.txt,manifestos/Zossen_FWG_2024.txt,Zossen,Brandenburg,FWG,,2024.0,local election,Wahlprogramm,modern_filename,ok,
GLMP-DE13E553E5,Zossen_Grüne_2024.txt,manifestos/Zossen_Grüne_2024.txt,Zossen,Brandenburg,Grüne,gru,2024.0,local election,Wahlprogramm,modern_filename,ok,
GLMP-7F5C3DB3F6,Zossen_Linke_2024.txt,manifestos/Zossen_Linke_2024.txt,Zossen,Brandenburg,Linke,,2024.0,local election,Wahlprogramm,modern_filename,ok,
GLMP-C5DF8AA634,Zossen_SPD_2024.txt,manifestos/Zossen_SPD_2024.txt,Zossen,Brandenburg,SPD,spd,2024.0,local election,Wahlprogramm,modern_filename,ok,
GLMP-17F16B05E8,Zschorlau_CDU_2024.txt,manifestos/Zschorlau_CDU_2024.txt,Zschorlau,Sachsen,CDU,cdu,2024.0,local election,Wahlprogramm,modern_filename,ok,
GLMP-373F6601A9,Zschorlau_SPD_2024.txt,manifestos/Zschorlau_SPD_2024.txt,Zschorlau,Sachsen,SPD,spd,2024.0,local election,Wahlprogramm,modern_filename,ok,
GLMP-78EEDA4AA6,Zweibrücken_Grüne_2024.txt,manifestos/Zweibrücken_Grüne_2024.txt,Zweibrücken,Rheinland-Pfalz,Grüne,gru,2024.0,local election,Wahlprogramm,modern_filename,ok,
GLMP-115A6B8653,Zwickau_2ZG_2024.txt,manifestos/Zwickau_2ZG_2024.txt,Zwickau,Sachsen,2ZG,,2024.0,local election,Wahlprogramm,modern_filename,ok,
GLMP-D75427A635,Zwickau_BSW_2024.txt,manifestos/Zwickau_BSW_2024.txt,Zwickau,Sachsen,BSW,,2024.0,local election,Wahlprogramm,modern_filename,ok,
GLMP-16DA705E91,Zwickau_BfZ_2024.txt,manifestos/Zwickau_BfZ_2024.txt,Zwickau,Sachsen,BfZ,,2024.0,local election,Wahlprogramm,modern_filename,ok,
GLMP-38D00FBD98,Zwickau_CDU_2024.txt,manifestos/Zwickau_CDU_2024.txt,Zwickau,Sachsen,CDU,cdu,2024.0,local election,Wahlprogramm,modern_filename,ok,
GLMP-D6990F7223,Zwickau_FDP_2024.txt,manifestos/Zwickau_FDP_2024.txt,Zwickau,Sachsen,FDP,fdp,2024.0,local election,Wahlprogramm,modern_filename,ok,
GLMP-17498476C5,Zwickau_Linke_2024.txt,manifestos/Zwickau_Linke_2024.txt,Zwickau,Sachsen,Linke,,2024.0,local election,Wahlprogramm,modern_filename,ok,
GLMP-93D06FD2DF,Zwickau_SPD_2024.txt,manifestos/Zwickau_SPD_2024.txt,Zwickau,Sachsen,SPD,spd,2024.0,local election,Wahlprogramm,modern_filename,ok,
GLMP-FDBA9D1CEF,acgpfwg.txt,manifestos/acgpfwg.txt,Aachen,Nordrhein-Westfalen,Freie Wähler,fwg,,local election,Grundsatzprogramm,legacy_gp_filename,ok,ac
GLMP-7A2D792358,bogpsol.txt,manifestos/bogpsol.txt,Bochum,Nordrhein-Westfalen,Soziale Liste Bochum,sol,,local election,Grundsatzprogramm,legacy_gp_filename,ok,bo
GLMP-41F57CB0A6,dagpfwg.txt,manifestos/dagpfwg.txt,Darmstadt,Hessen,Freie Wähler,fwg,,local election,Grundsatzprogramm,legacy_gp_filename,ok,da
GLMP-D6EFE87A21,dugpamp.txt,manifestos/dugpamp.txt,Duisburg,Nordrhein-Westfalen,Aufbruch Mittelstand Partei,amp,,local election,Grundsatzprogramm,legacy_gp_filename,ok,du
GLMP-6D56DE528C,dugpbul.txt,manifestos/dugpbul.txt,Duisburg,Nordrhein-Westfalen,Bürgerliche Liberale,bul,,local election,Grundsatzprogramm,legacy_gp_filename,ok,du
GLMP-2568A859C4,ffgpagp.txt,manifestos/ffgpagp.txt,Frankfurt am Main,Hessen,Allianz Graue Panther,agp,,local election,Grundsatzprogramm,legacy_gp_filename,ok,ff
GLMP-A20A04C0EB,hmgpdsp.txt,manifestos/hmgpdsp.txt,Hamm,Nordrhein-Westfalen,Deutsche Seniorenpartei,dsp,,local election,Grundsatzprogramm,legacy_gp_filename,ok,hm
GLMP-8F48386A9D,kagpauf.txt,manifestos/kagpauf.txt,Kassel,Hessen,"AUF Kassel (alternativ, unabhängig, fortschrittlich)",auf,,local election,Grundsatzprogramm,legacy_gp_filename,ok,ka
GLMP-DA2255F155,kogpdfr.txt,manifestos/kogpdfr.txt,Koeln,Nordrhein-Westfalen,Deine Freunde,dfr,,local election,Grundsatzprogramm,legacy_gp_filename,ok,ko
GLMP-9C10739FDA,msgpuwg.txt,manifestos/msgpuwg.txt,Muenster,Nordrhein-Westfalen,Unabhängige Wählergemeinschaft (UWG),uwg,,local election,Grundsatzprogramm,legacy_gp_filename,ok,ms
GLMP-D5249CE400,regpubp.txt,manifestos/regpubp.txt,Recklinghausen,Nordrhein-Westfalen,Unabhängige-Bürger-Partei,ubp,,local election,Grundsatzprogramm,legacy_gp_filename,ok,re
GLMP-9EE2589471,sigpsta.txt,manifestos/sigpsta.txt,Siegen,Nordrhein-Westfalen,Statt Partei,sta,,local election,Grundsatzprogramm,legacy_gp_filename,ok,si
GLMP-5A62FCA64F,sggpbfs.txt,manifestos/sggpbfs.txt,Solingen,Nordrhein-Westfalen,Bürgergemeinschaft für Solingen,bfs,,local election,Grundsatzprogramm,legacy_gp_filename,ok,sg
