document_id;filename;document_type;program_scope;election_year;content_hash;bytes;source_count;main_file_count;other_file_count
DOC-000d321cbf7c;bogpsol.txt;Grundsatzprogramm;übergeordnet;;000d321cbf7c47cafa40f9478998c92ca194f8c32cf3d4ac05c6afdf5abbde86;27076;1;1;0
DOC-002a66a0f48d;wi11spd.txt;Kommunalwahlprogramm Gemeinde;Gemeinde;2011.0;002a66a0f48d83aafbe5703614feef05e8fc4c6bb539f7e5f2c5885e675be0eb;94843;1;1;0
DOC-0034ef81a29c;dl16fdp.txt;Kommunalwahlprogramm Gemeinde;Gemeinde;2016.0;0034ef81a29c817ef54ca8c4d18975f9dff76112f75c6c3757ab8e5ad95079dc;32415;1;1;0
DOC-003f5f65e246;ol16fdp.txt;Kommunalwahlprogramm Gemeinde;Gemeinde;2016.0;003f5f65e2461a06c36ad0a0f6134ecbf8fb0f5de03263270382d52b16e20248;4840;1;1;0
DOC-007aaa40aec3;Wettin-Löbejün_WISE_2024.txt;Kommunalwahlprogramm Gemeinde;Gemeinde;2024.0;007aaa40aec37530f488c885ce0c04da05e065e7074e9cf09ac2da261b745961;2489;1;1;0
DOC-00805f98d2b5;ge14afd.txt;Kommunalwahlprogramm Gemeinde;Gemeinde;2014.0;00805f98d2b59d4b1ae8bae2b1a2c746e178418352021bf85d2be03fc4567fac;25548;1;1;0
DOC-008ec6103c37;Jena_Volt_2024.txt;Kommunalwahlprogramm Gemeinde;Gemeinde;2024.0;008ec6103c37950e7aa1b1b7180b095971fef4924b4e625684679b2168a301aa;107584;1;1;0
DOC-00ef2716ffa2;Mandelbachtal_CDU_2024.txt;Kommunalwahlprogramm Gemeinde;Gemeinde;2024.0;00ef2716ffa29d82b1d11b0da8667e68e0b45e0f4a0021f8e92423da62c1b5b2;2151;1;1;0
DOC-010d25adf076;bs16cdu.txt;Kommunalwahlprogramm Gemeinde;Gemeinde;2016.0;010d25adf076a8f38e8544ccb7fe1354a91c40bb0624c38c9c8ccc30962b7723;27096;1;1;0
DOC-0113e1b77b9a;sb14fdp.txt;Kommunalwahlprogramm Gemeinde;Gemeinde;2014.0;0113e1b77b9abe1214f411dcacbc6e1f329e92cc1addfaa09f2e55203701edeb;53039;1;1;0
DOC-013d4566ce30;Ludwigsburg_SPD_2024.txt;Kommunalwahlprogramm Gemeinde;Gemeinde;2024.0;013d4566ce3069c01dadc775ba24098e730385fbe6c635d31db45042a1161950;3462;1;1;0
DOC-0160ee1fb4c4;dr19par.txt;Kommunalwahlprogramm Gemeinde;Gemeinde;2019.0;0160ee1fb4c40d50ef334c4511c1a5095f233a77ed6389745461bb868443b38c;1712;1;1;0
DOC-016593188561;da06spd.txt;Kommunalwahlprogramm Gemeinde;Gemeinde;2006.0;0165931885617a8fcd60060bde60a0a9c6a10bd9e98ea8baa029d58e0d7355f7;75683;1;1;0
DOC-017d8715f782;ob14spd.txt;Kommunalwahlprogramm Gemeinde;Gemeinde;2014.0;017d8715f7826679b1af45fa29b34dfb215abc4b0c85e92a6aa16e584f57a102;89840;1;1;0
DOC-0180e3e48044;Heringsdorf_InKa_2024.txt;Kommunalwahlprogramm Gemeinde;Gemeinde;2024.0;0180e3e480445a4eefdb8e4a78d3a35febae4fed15675a44469c6fc28f1b9554;579;1;1;0
DOC-0186ab29760a;mo09cdu.txt;Kommunalwahlprogramm Gemeinde;Gemeinde;2009.0;0186ab29760a97b06bcb04d448e54c4d2fa42403b31288ad82fa26f2462bd3cb;9156;1;1;0
DOC-01a2639dd737;lb08spd.txt;Kommunalwahlprogramm Gemeinde;Gemeinde;2008.0;01a2639dd7374d1326dcc6e1f99f8b9ae48bceb0780fdc3655c8ccced9d14149;46935;1;1;0
DOC-01a770a4b059;ma14spd.txt;Kommunalwahlprogramm Gemeinde;Gemeinde;2014.0;01a770a4b059bdd9bbc6b3923e0316bf3a44cbdd9b1161b5cae521719261eb57;60029;1;1;0
DOC-01e78d5e8868;ka11spd.txt;Kommunalwahlprogramm Gemeinde;Gemeinde;2011.0;01e78d5e8868d141f0bb17f9a3f58c32845dceabe8a937455067dba8dd87b1e8;46149;1;1;0
DOC-020e87bd9886;je19spd.txt;Kommunalwahlprogramm Gemeinde;Gemeinde;2019.0;020e87bd9886a8aa1723d37cd57503d85de1b37250531f86d42448862eea78bf;54688;1;1;0
DOC-0216b1eae267;Baden-Baden_FBB_2024.txt;Kommunalwahlprogramm Gemeinde;Gemeinde;2024.0;0216b1eae2674252a7b730b4ec0583dca46aaae472bac6c49b1cddfec1a0ec69;9239;1;1;0
DOC-021e8b523525;wu04gru.txt;Kommunalwahlprogramm Gemeinde;Gemeinde;2004.0;021e8b523525a473da3ac5fb4511bce11d5fb44039e2563eec023fd12e47c02f;61265;1;1;0
DOC-0228a68c58eb;ki18pir.txt;Kommunalwahlprogramm Gemeinde;Gemeinde;2018.0;0228a68c58eb506b1dcfd95059cc835de082a7cd0855a433c72eb802f01acdfc;17790;1;1;0
DOC-0234a24fc969;Offenburg_FDP_2024.txt;anderes kommunales Wahlprogramm;Landkreis;2024.0;0234a24fc96993a5e366a5d3e02a5d2f31cde5d6781a77269a33588a0e82e452;10066;2;1;1
DOC-027de9dc65c8;Stralsund_SPD_2024.txt;Kommunalwahlprogramm Gemeinde;Gemeinde;2024.0;027de9dc65c8ecb15f8fe18af90adbd69c63a52dbcbaa486561fba63414f493e;2058;1;1;0
DOC-02a0eb9e2591;Meiningen_Linke_2024.txt;Kommunalwahlprogramm Gemeinde;Gemeinde;2024.0;02a0eb9e259142aa9927e7462dd2138e13965abe351a001d35148fefc784cf60;3719;1;1;0
DOC-02d421bb099a;of11lin.txt;Kommunalwahlprogramm Gemeinde;Gemeinde;2011.0;02d421bb099a8db7925e7376de90b1d3ffb183b880395e5fc58b8276cd9987bc;48868;1;1;0
DOC-02e3731ef20b;lp14spd.txt;Kommunalwahlprogramm Gemeinde;Gemeinde;2014.0;02e3731ef20b9ab924870be19ec5b1f9c47b739ba82c17f5c1f3bc6456dae385;92460;1;1;0
DOC-0315c60eba61;bs16lin.txt;Kommunalwahlprogramm Gemeinde;Gemeinde;2016.0;0315c60eba61936e0a5313bcdedf5671e2c0a1ad90b659d695aa039f0beb0623;114352;1;1;0
DOC-0345c6b0d3c2;Zweibrücken_Grüne_2024.txt;Kommunalwahlprogramm Gemeinde;Gemeinde;2024.0;0345c6b0d3c20ddc79d1e595dc6cc86888c4b954013d9855f6e6a236f0f7ba55;22808;1;1;0
DOC-034bfefca7d5;Saarwellingen_CDU_2024.txt;anderes kommunales Wahlprogramm;Landkreis und Gemeinden;2024.0;034bfefca7d50fd3246857641e17ef45973b202b2daa8588c773fd15d5efd7b4;20242;2;1;1
DOC-0361e30b5b86;lb18dkp.txt;Kommunalwahlprogramm Gemeinde;Gemeinde;2018.0;0361e30b5b86fd7641f9ab1fe2335101b360d88de15ddb70b324e53eee8923f2;53858;1;1;0
DOC-038f5ba10265;Sindelfingen_CDU_2024.txt;Kommunalwahlprogramm Gemeinde;Gemeinde;2024.0;038f5ba102659e81288380921592020180afee6f57d0a00bab00b9ca7ec4e267;23156;1;1;0
DOC-0397189af707;pb20cdu.txt;Kommunalwahlprogramm Gemeinde;Gemeinde;2020.0;0397189af707cd2cbabbc3fe4383d5eaa4b38fb1d9d5ef34399431f424c81420;6719;1;1;0
DOC-03c37ec10a40;lu14cdu.txt;Kommunalwahlprogramm Gemeinde;Gemeinde;2014.0;03c37ec10a4036ac1cfa28e6b77cceb244e0e87b0a11f6d7129304313974031b;26536;1;1;0
DOC-03f28497bafb;mo14gru.txt;Kommunalwahlprogramm Gemeinde;Gemeinde;2014.0;03f28497bafbcb003d9320184ad18a807a89233f6b251e0d6b6899dd8ecfe002;11825;1;1;0
DOC-04371c921b4b;Esslingen am Neckar_CDU_2024.txt;Kommunalwahlprogramm Gemeinde;Gemeinde;2024.0;04371c921b4b26470ab2f33610034649791aa57482456b140f65f60a439eb859;15612;1;1;0
DOC-043e5ece8238;Weimar_CDU_2024.txt;Kommunalwahlprogramm Gemeinde;Gemeinde;2024.0;043e5ece8238662f78aca481451ef212451f47be38c62df5ff0bb1d2be5eb612;59951;1;1;0
DOC-049ab4a8bf1e;bg14gru.txt;Kommunalwahlprogramm Gemeinde;Gemeinde;2014.0;049ab4a8bf1e186c97daf13d686bdce2823143266e74da94b0b6ca82b1c16109;88362;1;1;0
DOC-04b372648196;Greifswald_Alternative Liste_2024.txt;Kommunalwahlprogramm Gemeinde;Gemeinde;2024.0;04b3726481965d2bdbcab0bad2a7160ca63b9caabe8fb8f369b25bb41deac3d5;23247;1;1;0
DOC-0505000df9d8;ge09gru.txt;Kommunalwahlprogramm Gemeinde;Gemeinde;2009.0;0505000df9d8960a47d2850729151aa3aff395baf9267c35f9db2e40846d07eb;25277;1;1;0
DOC-0530dfed429b;Leipzig_FDP_2024.txt;Kommunalwahlprogramm Gemeinde;Gemeinde;2024.0;0530dfed429b5a85aef5072072c14f2eae2dd6ef609cc537609ad711af50452e;90089;1;1;0
DOC-05ed3fd6013b;Leipzig_FWG_2024.txt;Kommunalwahlprogramm Gemeinde;Gemeinde;2024.0;05ed3fd6013b901def77e0b3f7f150be761b0da2e4c643a55c4bd98664728f1e;23763;1;1;0
DOC-060efe05727a;au20aib.txt;Kommunalwahlprogramm Gemeinde;Gemeinde;2020.0;060efe05727a8f3a10ed03dce3a75326e008d231845e352dd8a9d448426d1b22;37966;1;1;0
DOC-0636015be7da;nu20afd.txt;Kommunalwahlprogramm Gemeinde;Gemeinde;2020.0;0636015be7da75121f6a53d815ae09679626b371d70deba26afe7f365812af15;10510;1;1;0
DOC-063dddd2067e;wu14wfw.txt;Kommunalwahlprogramm Gemeinde;Gemeinde;2014.0;063dddd2067e81a95ccbfe07d52b80ca33bba8b468bb2157654cd3f057c0a3ca;20669;1;1;0
DOC-068c51390514;mo20fdp.txt;Kommunalwahlprogramm Gemeinde;Gemeinde;2020.0;068c5139051408c71fd1352f5830382d384f975a6eee831e1549d56bebedaeb9;20953;1;1;0
DOC-06e352148b6b;si94gru.txt;Kommunalwahlprogramm Gemeinde;Gemeinde;1994.0;06e352148b6bb4cdf853848b27cca47f7af8af1aa55bbf9d59c29b357c62d5d0;140902;1;1;0
DOC-0707af5b4d8c;ob04cdu.txt;Kommunalwahlprogramm Gemeinde;Gemeinde;2004.0;0707af5b4d8cc939afddd67d700bc2f2738be1ab23170239d7b90e8219970bb0;68231;1;1;0
DOC-070f4d6e3127;Traben-Trarbach_CDU_2024.txt;anderes kommunales Wahlprogramm;Land;2024;070f4d6e31275440d03f34a093074eed50c5454075320a2173dba7e05e0d5b8a;43715;1;0;1
DOC-0712141163d7;wz14odp.txt;Kommunalwahlprogramm Gemeinde;Gemeinde;2014.0;0712141163d79b3aa02640bf12a5119ef7dc25968644633a9485d099acdc9100;15200;1;1;0
DOC-072755aca9f2;hn14cdu.txt;Kommunalwahlprogramm Gemeinde;Gemeinde;2014.0;072755aca9f2257e2ad36ade5bbb6820f5ec5b960b5b3cf3c76db52e3334161f;52786;1;1;0
DOC-0736601880b6;gt20spd.txt;Kommunalwahlprogramm Gemeinde;Gemeinde;2020.0;0736601880b699a8e72eabde6c471654d6d8bce0b004f24cd01dbcf1fb71a5aa;150251;1;1;0
DOC-0757f1e642a4;Villingen-Schwenningen_CDU_2024.txt;Kommunalwahlprogramm Gemeinde;Gemeinde;2024.0;0757f1e642a4bd2eb2cf052c09ac4176059f53f89cfee94773e5d6aeeac36ec2;12659;1;1;0
DOC-075e5075b987;bn20cdu.txt;Kommunalwahlprogramm Gemeinde;Gemeinde;2020.0;075e5075b987c25e563067a0b64ae4545f4b055f6aad9476e7cb1cda92eb9ea5;36769;1;1;0
DOC-075fb05935d3;Ditzingen_Grüne_2024.txt;Kommunalwahlprogramm Gemeinde;Gemeinde;2024.0;075fb05935d36f4117e14a2f7af893a733766ab6ce2f3e5238080b75b427d2f8;2812;1;1;0
DOC-076277e3b3da;em06spd.txt;Kommunalwahlprogramm Gemeinde;Gemeinde;2006.0;076277e3b3dabfec025f800e3ff56454517202f23669bc23c5d11c31f29ce360;14739;1;1;0
DOC-0772d16c12db;Heilbronn_AfD_2024.txt;anderes kommunales Wahlprogramm;Landkreis;2024.0;0772d16c12dba98943c272bf5fe79935e5fde4719201fad36f6eed8445249f55;1196;2;1;1
DOC-07c6326faaf0;pf14lis.txt;Kommunalwahlprogramm Gemeinde;Gemeinde;2014.0;07c6326faaf0a38e222bf41af04ba242c30c77083cb1d75b9388242d7b655cbb;993;1;1;0
DOC-081921f796ad;mz19cdu.txt;Kommunalwahlprogramm Gemeinde;Gemeinde;2019.0;081921f796adcc5336741d5fb837f56990c7c03bb9015dcefdde29afeaa3f317;52683;1;1;0
DOC-084ae642048c;Freiburg im Breisgau_Junges Freiburg_2024.txt;Kommunalwahlprogramm Gemeinde;Gemeinde;2024.0;084ae642048cdf766c37071f1ffb8ca54ec47e277f90c72d35f2939230874afd;37376;1;1;0
DOC-086876bd4f94;lu14pir.txt;Kommunalwahlprogramm Gemeinde;Gemeinde;2014.0;086876bd4f94d8a3552f738588a0cbf5b8267646da71875ebc16256da90c5c05;19166;1;1;0
DOC-08a9ded944b2;sg14afd.txt;Kommunalwahlprogramm Gemeinde;Gemeinde;2014.0;08a9ded944b23effd964d89775083b3761af3856b6805ba2bdae91dafe7420ea;29206;1;1;0
DOC-08cb03fa9979;bo14afd.txt;Kommunalwahlprogramm Gemeinde;Gemeinde;2014.0;08cb03fa9979e32e5289b832b5798115e2ce85a4e34cf962018fb9a3a77caa7f;20733;1;1;0
DOC-08cee29550c3;Erfurt_ÖDP_2024.txt;Kommunalwahlprogramm Gemeinde;Gemeinde;2024.0;08cee29550c3e22c154e05522fad21881fdd7a0b755b29f4ab2653cbe928966d;48188;1;1;0
DOC-08d40b9f12f7;Dresden_Freie Sachsen_2024.txt;Kommunalwahlprogramm Gemeinde;Gemeinde;2024.0;08d40b9f12f7777970805e8784ba1d82d9b950a78fc2599c335d6e3d01fe2aa5;18011;1;1;0
DOC-0921b94ecbde;Halle (Saale)_Die Basis_2024.txt;Kommunalwahlprogramm Gemeinde;Gemeinde;2024.0;0921b94ecbdeb62bcb3e355b0ae108f95e7bfcc7f67ed3c2005bd1f08bf7e097;11333;1;1;0
DOC-09244e75da4f;mo20fbm.txt;Kommunalwahlprogramm Gemeinde;Gemeinde;2020.0;09244e75da4ff63e15d7c80b831e8e19589a0fa4f6a71727228aeaaeb973b0a8;24353;1;1;0
DOC-095b2f803961;ks14lin.txt;Kommunalwahlprogramm Gemeinde;Gemeinde;2014.0;095b2f803961ccb51d4bcc61c9608cf517efa2bd2ff02651660152c9f3f43385;5724;1;1;0
DOC-0993ebf01ac7;he20fdp.txt;Kommunalwahlprogramm Gemeinde;Gemeinde;2020.0;0993ebf01ac7570a6b41149f0674afc33401e4d553ec93b36376a0ed44b5469a;78719;1;1;0
DOC-09ae7368ac35;co14afd.txt;Kommunalwahlprogramm Gemeinde;Gemeinde;2014.0;09ae7368ac35c0378d35da97e20653e708f9a9449f426e6aa217233ffa9a3dca;10562;1;1;0
DOC-09cd816e45cb;Dresden_CDU_2024.txt;Kommunalwahlprogramm Gemeinde;Gemeinde;2024.0;09cd816e45cbfc810cd680d6b7bd7afbe731beefcf0ead776d405441106b6a4b;37316;1;1;0
DOC-09e1c6a84858;pb20lin.txt;Kommunalwahlprogramm Gemeinde;Gemeinde;2020.0;09e1c6a84858d1bb704bface1b627ff78f64fad88519a3f176f7ec79630524d8;28188;1;1;0
DOC-0a494827339b;kb19cdu.txt;Kommunalwahlprogramm Gemeinde;Gemeinde;2019.0;0a494827339b57d4acf542d36ffd8f10780422e5742e51dd0990b9f1f632df21;22629;1;1;0
DOC-0a52c7cabd0a;Jena_Die Basis_2024.txt;Kommunalwahlprogramm Gemeinde;Gemeinde;2024.0;0a52c7cabd0a135b18dc64aabd6aa170861f84200403862fdc43041cdcc745a4;19436;1;1;0
DOC-0a6c89c13948;bo09fdp.txt;Kommunalwahlprogramm Gemeinde;Gemeinde;2009.0;0a6c89c13948989a26820e81673daca97290170709cc30df4956687f8c853426;48028;1;1;0
DOC-0a830fe7ad04;fu14fdp.txt;Kommunalwahlprogramm Gemeinde;Gemeinde;2014.0;0a830fe7ad040f573b71f11d10bf2fbe41ed85d041a780299394ecb924d6c316;3488;1;1;0
DOC-0a854cbdd932;Dresden_Die Partei_2024.txt;Kommunalwahlprogramm Gemeinde;Gemeinde;2024.0;0a854cbdd9328113e5fd3fa4f9d093d8f1d9d6f97d812ee587ad3485256c8b21;1935;1;1;0
DOC-0aab1cb88516;es09fdp.txt;Kommunalwahlprogramm Gemeinde;Gemeinde;2009.0;0aab1cb885166b6b96264ff6958b65129b535003fc28d2e9ea490c27d70bd6c8;33729;1;1;0
DOC-0ab38cba10e7;ge14gru.txt;Kommunalwahlprogramm Gemeinde;Gemeinde;2014.0;0ab38cba10e7cb1accba215f925c894849fe0060992c48b523855ee7f5d8c90c;39826;1;1;0
DOC-0ab85ecfcb6f;Ebersbach-Neugersdorf_Grüne_2024.txt;anderes kommunales Wahlprogramm;Landkreis und Gemeinden;2024.0;0ab85ecfcb6ff3c834a03d647a75a0bd516cdbd46711ca98069b30053925c603;19582;2;1;1
DOC-0abd06edc4bb;Eberswalde_Grüne_2024.txt;Kommunalwahlprogramm Gemeinde;Gemeinde;2024.0;0abd06edc4bba756d4721d54186f7ae613ab9d7cca8fa9ea700412d0db45e877;20423;1;1;0
DOC-0adee750734c;Sundhagen_Linke_2024.txt;anderes kommunales Wahlprogramm;Land;2024.0;0adee750734cbeccecf819b43c4b84c6e1fb55c94aba61b80c52df90cc474b06;18440;2;1;1
DOC-0b0aabbb52b9;ds09gru.txt;Kommunalwahlprogramm Gemeinde;Gemeinde;2009.0;0b0aabbb52b9b979f7a9293b9256b711754573d5d31f5f40813d02d62e602bcb;146198;1;1;0
DOC-0b5765c2119f;ks14spd.txt;Kommunalwahlprogramm Gemeinde;Gemeinde;2014.0;0b5765c2119f1758c1eaffec243e21967ef2ce04d98ed24d6cd534efa6c0c220;31773;1;1;0
DOC-0b586447879a;Stuttgart_Children First_2024.txt;Kommunalwahlprogramm Gemeinde;Gemeinde;2024.0;0b586447879a97f6e41c3af583c83075ab51a35fc7dbd2cf11e6c52e72583993;3306;1;1;0
DOC-0b62ee558a3a;Ravensburg_Grüne_2024.txt;Kommunalwahlprogramm Gemeinde;Gemeinde;2024.0;0b62ee558a3adf245fb0f23777e562ca26ba65d955a73782309332bda1bf9442;2509;1;1;0
DOC-0b6ba3066990;mo94cdu.txt;Kommunalwahlprogramm Gemeinde;Gemeinde;1994.0;0b6ba3066990c1a0df038ec0e94ecfa24bfc8300d6386ff00f8a4058e1749893;26244;1;1;0
DOC-0b802d147205;gt20uwg.txt;Kommunalwahlprogramm Gemeinde;Gemeinde;2020.0;0b802d14720575cf966caca2e55c88ac3bd51d502f9bd296e78ff4e98a4442b8;39634;1;1;0
DOC-0b81c2e1e103;em11spd.txt;Kommunalwahlprogramm Gemeinde;Gemeinde;2011.0;0b81c2e1e103244d9c27b62b54bcdd85c611de1b9e8ede2db53525171fff1172;18317;1;1;0
DOC-0b92b7f7da45;mu20csu.txt;Kommunalwahlprogramm Gemeinde;Gemeinde;2020.0;0b92b7f7da45d44d9d77558550570738b3c7eb02ce2a1fa82ca95e0fe56d1fa0;128865;1;1;0
DOC-0bb2ccf601a2;wu14spd.txt;Kommunalwahlprogramm Gemeinde;Gemeinde;2014.0;0bb2ccf601a2aa68f90f13dabef51e4416cc248ffaa3dcf0247cd174802ec338;76607;1;1;0
DOC-0bde892d0659;lb13gru.txt;Kommunalwahlprogramm Gemeinde;Gemeinde;2013.0;0bde892d06598f7ca2737a4f91ed53aacfe9840ac83487a1bd4651a7dd47ff72;16477;1;1;0
DOC-0c0163136c9a;Waiblingen_GRÜNT_2024.txt;Kommunalwahlprogramm Gemeinde;Gemeinde;2024.0;0c0163136c9a074fd476272fb4466033693d43d86d0add9dd43a7976a1fbb7a1;4731;1;1;0
DOC-0c584e6f6683;Neubrandenburg_CDU_2024.txt;anderes kommunales Wahlprogramm;Landkreis und Gemeinden;2024.0;0c584e6f6683b05a86981f3d81821218e87b2f9eb6490f0ae11cf378faf7a5ef;12031;2;1;1
DOC-0c60a7f0d19a;Schleiz_FDP_2024.txt;Kommunalwahlprogramm Gemeinde;Gemeinde;2024.0;0c60a7f0d19a4216eccf331175c17e157f4ee28aba00d5734d6ad8d518666d32;3602;1;1;0
DOC-0c743808e1ee;ge20win.txt;Kommunalwahlprogramm Gemeinde;Gemeinde;2020.0;0c743808e1eec6d81ae5f00fd4ac729952b86bc041049ace77bb51e569d13dc4;17618;1;1;0
DOC-0ce94352ee97;fr14lin.txt;Kommunalwahlprogramm Gemeinde;Gemeinde;2014.0;0ce94352ee97b7a5ad1f18f2095a0454c71a2209deb7a6a239925921e76955f6;6959;1;1;0
DOC-0ced15668383;Heidelberg_SPD_2024.txt;Kommunalwahlprogramm Gemeinde;Gemeinde;2024.0;0ced156683835845a50344f03a1632df75cb154b27261ab09e7290e94eccb43f;124870;1;1;0
DOC-0cefa4757bef;hm14fdp.txt;Kommunalwahlprogramm Gemeinde;Gemeinde;2014.0;0cefa4757bef61e1bbdd92d31e73194febc5f68f488db4c9791f05cb48b24eed;36967;1;1;0
DOC-0cf5e23ae870;Ulm_FDP_2024.txt;Kommunalwahlprogramm Gemeinde;Gemeinde;2024.0;0cf5e23ae8708cb91a944c135e7a2e14f99395519c6ad5c329d9998d8222eaaa;17026;1;1;0
DOC-0d2835baeda2;ne14fdp.txt;Kommunalwahlprogramm Gemeinde;Gemeinde;2014.0;0d2835baeda254ba91beedc843afdd52a2f8c8c1a95369def8683f3145d46451;58077;1;1;0
DOC-0d5970bc4dd7;bo20par.txt;Kommunalwahlprogramm Gemeinde;Gemeinde;2020.0;0d5970bc4dd741d3d634c61cdb1799977952b66d752543d6bb04b74af431b0c3;6666;1;1;0
DOC-0d79d1fddc1c;ff16pir.txt;Kommunalwahlprogramm Gemeinde;Gemeinde;2016.0;0d79d1fddc1ceddd1fe74e7519c78b0570f3c9823d37baa32f2986946abff01f;6347;1;1;0
DOC-0d7bf1e105ec;wi16cdu.txt;Kommunalwahlprogramm Gemeinde;Gemeinde;2016.0;0d7bf1e105ec51584202d13f0b4779731e220a5f9acedb82f384bb8e8cf7b78c;243647;1;1;0
DOC-0d897556697e;Dillingen (Saar)_FDP_2024.txt;Kommunalwahlprogramm Gemeinde;Gemeinde;2024.0;0d897556697e154be40bcf0107439b1e2a0e046ede97e2cb58296387b870e54c;1633;1;1;0
DOC-0d8ac668a7cb;Nohfelden_CDU_2024.txt;anderes kommunales Wahlprogramm;Landkreis;2024.0;0d8ac668a7cbaaa204de913acbfbc7b97db185276c73bd70ed0fadd3398d4e7e;54527;2;1;1
DOC-0d9539b07c8c;au20lin.txt;Kommunalwahlprogramm Gemeinde;Gemeinde;2020.0;0d9539b07c8ce16d6427e6e2fa75aaa410592df840968e46613c993f32970ee2;52288;1;1;0
DOC-0d974816e571;Koblenz_CDU_2024.txt;Kommunalwahlprogramm Gemeinde;Gemeinde;2024.0;0d974816e571d3bc013cc2d710889468607dbd26d79f78e0655cc88b3dbea0dc;30143;1;1;0
DOC-0dac5d878185;Premnitz_SPD_2024.txt;anderes kommunales Wahlprogramm;Landkreis;2024.0;0dac5d878185c1af61a719da0e81452e45968c2d81ddf756308ca59326b0c9c9;27336;2;1;1
DOC-0dc0bc1c6b92;Schorfheide_WIR_2024.txt;Kommunalwahlprogramm Gemeinde;Gemeinde;2024.0;0dc0bc1c6b922271d07a4a23b9ee9b1c3c35626f0a7f8af7e6115c04f2f85df5;3403;1;1;0
DOC-0dc1bd76ebe7;mg09spd.txt;Kommunalwahlprogramm Gemeinde;Gemeinde;2009.0;0dc1bd76ebe7886a363b1f3a398a83c50313f1d6c23848d6301ab9e0df4e24a9;41542;1;1;0
DOC-0de6ff994f4c;Weißenfels_CDU_2024.txt;Kommunalwahlprogramm Gemeinde;Gemeinde;2024.0;0de6ff994f4c56ffcc20ef05a1a5d2f1db3ec09c50b60a292c27d8b9eae8c9bc;13824;1;1;0
DOC-0dea4e218ec0;ms20mib.txt;Kommunalwahlprogramm Gemeinde;Gemeinde;2020.0;0dea4e218ec01f714302bd581514ce964834e899deb34540c04e12142b41ffa7;15873;1;1;0
DOC-0e2392ad5907;mo20par.txt;Kommunalwahlprogramm Gemeinde;Gemeinde;2020.0;0e2392ad5907632e2560b0154ec1e6c2deed5d6d86dccf5233a5d16d6383de2d;3270;1;1;0
DOC-0e52f9b7e295;Rastatt_SPD_2024.txt;Kommunalwahlprogramm Gemeinde;Gemeinde;2024.0;0e52f9b7e295f2735f0fff095f2d14654bab7eaa572d7b64e948c71ad96a06a7;9586;1;1;0
DOC-0e5bb3545ade;Plau am See_CDU_2024.txt;anderes kommunales Wahlprogramm;Landkreis und Gemeinden;2024.0;0e5bb3545ade354e35eef9e6070ce4f6d0db86596a29dad27f1e6781ac668f4c;56081;2;1;1
DOC-0e87925d7591;mu20fdp.txt;Kommunalwahlprogramm Gemeinde;Gemeinde;2020.0;0e87925d75919061fc01b78a05c77a96d70df3739413f276e979c6fbe8a667d2;138771;1;1;0
DOC-0e88282409e6;Saalfeld (Saale)_Bürger für Thüringen_2024.txt;Kommunalwahlprogramm Gemeinde;Gemeinde;2024.0;0e88282409e62a0465d36673c28c6aec9de835a4c6a9cce02f9f8b77b8851807;3014;1;1;0
DOC-0e8922f1e624;Stuttgart_AfD_2024.txt;Kommunalwahlprogramm Gemeinde;Gemeinde;2024.0;0e8922f1e624f072734d784874d0a2efe15047525b95c290548a786594592354;72041;1;1;0
DOC-0e98c003a5d9;Brandenburg an der Havel_CDU_2024.txt;Kommunalwahlprogramm Gemeinde;Gemeinde;2024.0;0e98c003a5d9fb119514205672371d4627909326acd28bef12240a1c6fec129f;11285;1;1;0
DOC-0f08ec0b0cdf;Frohburg_Linke_2024.txt;anderes kommunales Wahlprogramm;Landkreis und Gemeinden;2024.0;0f08ec0b0cdf98b11d39eda8bab20885e3b3b8a18256f2b2acfb768496fb60b9;6620;2;1;1
DOC-0f2d7d93b593;Böblingen_Linke_2024.txt;Kommunalwahlprogramm Gemeinde;Gemeinde;2024.0;0f2d7d93b593879c7e83ffc47a920a89be79d4bd281918ce6efdcecf2f2cfe23;9449;1;1;0
DOC-0f60abb230a6;rs20lin.txt;Kommunalwahlprogramm Gemeinde;Gemeinde;2020.0;0f60abb230a6f7609b5341bc96882f4d72815048c4a75450f411a3476c8a22b3;92789;1;1;0
DOC-0f877e03b95b;kb14gru.txt;Kommunalwahlprogramm Gemeinde;Gemeinde;2014.0;0f877e03b95b71060d2fda1dc7c8bfa971610957862cd22fee966f7d40784ce9;66838;1;1;0
DOC-0fb410a301ef;Barleben_Linke_2024.txt;anderes kommunales Wahlprogramm;Landkreis und Gemeinden;2024.0;0fb410a301efa6936481e6be23ae0385d96739cf2068d74923a7fbeca93bc703;4176;2;1;1
DOC-0fb79a86a368;Hüfingen_LBU_2024.txt;Kommunalwahlprogramm Gemeinde;Gemeinde;2024.0;0fb79a86a368a45aaf2847966f070617f7276926faca6b3c32d07862044bb356;17988;1;1;0
DOC-0fbe98a7db3f;in20udi.txt;Kommunalwahlprogramm Gemeinde;Gemeinde;2020.0;0fbe98a7db3fd41024aeb262021f5fd3f9babe9c2cee6f540ad45063b98fe4d3;7149;1;1;0
DOC-0fe58adce0e7;Pforzheim_Linke_2024.txt;Kommunalwahlprogramm Gemeinde;Gemeinde;2024.0;0fe58adce0e782e84d0434b9edd46658415eec5f4b346952806ce9510f002b33;3535;1;1;0
DOC-105fc104b4bf;ko04gru.txt;Kommunalwahlprogramm Gemeinde;Gemeinde;2004.0;105fc104b4bf85e396291ecb917c6a7a8a50629ab372bd942232ec810adcd6a4;169494;1;1;0
DOC-10721eddd8fe;ha14lin.txt;Kommunalwahlprogramm Gemeinde;Gemeinde;2014.0;10721eddd8fe21ff93b912712cc58dae82f3ac7d87557881f866751aae2f17e8;68043;1;1;0
DOC-107b4bde1b31;wz20csu.txt;Kommunalwahlprogramm Gemeinde;Gemeinde;2020.0;107b4bde1b31529ae42ad3023e9d177f3a61f30a46be0269c984304b65b03c0b;27170;1;1;0
DOC-10832a6f2539;nu14odp.txt;Kommunalwahlprogramm Gemeinde;Gemeinde;2014.0;10832a6f2539c6bc56eedefbeb8e292836691723f206833e694c719a2b9fa301;55571;1;1;0
DOC-1094399fef9e;dr14afd.txt;Kommunalwahlprogramm Gemeinde;Gemeinde;2014.0;1094399fef9eccd60c5b021c6bc1da9ba475666f4940954e82132ec66f44e59c;6418;1;1;0
DOC-109c69826562;bn94cdu.txt;Kommunalwahlprogramm Gemeinde;Gemeinde;1994.0;109c69826562e95ce1fa03f52ec7f30dc4e6292368e1d68df37c4a08eb7778bf;46676;1;1;0
DOC-10bdbdc0c5bc;kb19fdp.txt;Kommunalwahlprogramm Gemeinde;Gemeinde;2019.0;10bdbdc0c5bcfdfb4731a9e3b4be0949d2d4ef4245c84b52b1befffc5e3dc21b;5057;1;1;0
DOC-10cc69a21b68;Sangerhausen_AfD_2024.txt;anderes kommunales Wahlprogramm;Landkreis und Gemeinden;2024.0;10cc69a21b68581e3b7761005226bdbf334bf2a012e460889d246c8a8111599b;10678;2;1;1
DOC-10eff68b15b8;pf14uab.txt;Kommunalwahlprogramm Gemeinde;Gemeinde;2014.0;10eff68b15b89bdbbab0a07c8c353657cdc348fd5303283dc5b7feb37b52a3c7;1732;1;1;0
DOC-112d64f15eb0;pf19uab.txt;Kommunalwahlprogramm Gemeinde;Gemeinde;2019.0;112d64f15eb0ac2008ded572d046c5028f0ba583065a24c6fbec0454e18d82f1;2531;1;1;0
DOC-113e04a991b2;mh20mbi.txt;Kommunalwahlprogramm Gemeinde;Gemeinde;2020.0;113e04a991b27a16b1cc5b9090d3982020de896788011a8dca811e917d9c9836;56116;1;1;0
DOC-1170a7ac2d2d;mb14cdu.txt;Kommunalwahlprogramm Gemeinde;Gemeinde;2014.0;1170a7ac2d2d93731f2aa3f877d3fb6bd0241287a32b0c0f58a575be5e1e5607;65306;1;1;0
DOC-118946f3df03;Göppingen_AfD_2024.txt;anderes kommunales Wahlprogramm;Landkreis und Gemeinden;2024.0;118946f3df03af1218e1a694fae5da77a0fde9d3cb78ea02508a945468d14fa4;2881;2;1;1
DOC-11b5c5e58b63;dr19lin.txt;Kommunalwahlprogramm Gemeinde;Gemeinde;2019.0;11b5c5e58b639e2b0ab194b0045906bd2bb92511f23c5953804415259633f6e3;34269;1;1;0
DOC-11dcc41e24ae;wi16fwg.txt;Kommunalwahlprogramm Gemeinde;Gemeinde;2016.0;11dcc41e24ae595bbfa9285148434402affbb26481a3488841764933d8f2656b;3020;1;1;0
DOC-11eaa31f437a;hv06spd.txt;Kommunalwahlprogramm Gemeinde;Gemeinde;2006.0;11eaa31f437a992b1d83d4f177ec2f8212e9dd1e5353041e038d378e5e33dac1;117142;1;1;0
DOC-1249fcf48500;du20lin.txt;Kommunalwahlprogramm Gemeinde;Gemeinde;2020.0;1249fcf485002d2a1c2262da0f7607d54ee51e971f013473855292bfc3a94e1d;173898;1;1;0
DOC-1262bfc9e729;bn20pir.txt;Kommunalwahlprogramm Gemeinde;Gemeinde;2020.0;1262bfc9e729b105d528feabc37e94d6f6714e448c53450904d11d994cc7092e;49772;1;1;0
DOC-12873309ab75;da11cdu.txt;Kommunalwahlprogramm Gemeinde;Gemeinde;2011.0;12873309ab75beeb811bc02ecb5c5f86c45a75a83edd0864c3089405e9790d14;76565;1;1;0
DOC-12f9efe8c793;Ludwigslust_AfL_2024.txt;Kommunalwahlprogramm Gemeinde;Gemeinde;2024.0;12f9efe8c79346a758c1cf91f503916f02a38f984f7d5c84b23437072f5f533e;6997;1;1;0
DOC-13092a1e63c1;Dessau-Roßlau_AfD_2024.txt;Kommunalwahlprogramm Gemeinde;Gemeinde;2024.0;13092a1e63c140101577973403bf5131ee9fd9b3497cd02b1a58096ccd9f06a6;15576;1;1;0
DOC-13242e88584d;du20sgu.txt;Kommunalwahlprogramm Gemeinde;Gemeinde;2020.0;13242e88584dcbf23270f50f30aa352aef86d8f991278af369596b427a2e73d7;2613;1;1;0
DOC-1329be815673;ac04ggs.txt;Kommunalwahlprogramm Gemeinde;Gemeinde;2004.0;1329be815673194fc873ad31add0d529c7bb522e99cc72769a890fd82ebd3ff2;13739;1;1;0
DOC-13455a9898ed;kr04spd.txt;Kommunalwahlprogramm Gemeinde;Gemeinde;2004.0;13455a9898eddd766ef99fd391c08241e03f5e29344dd378976cb37f6f7c95aa;13569;1;1;0
DOC-1346df0e7aa8;ob14gru.txt;Kommunalwahlprogramm Gemeinde;Gemeinde;2014.0;1346df0e7aa8dfd403dca853599219cd52aab698ae4af950007dbdf0be45ada3;93783;1;1;0
DOC-1357f1409ea1;Arnstadt_SPD_2024.txt;Kommunalwahlprogramm Gemeinde;Gemeinde;2024.0;1357f1409ea1e645df6fb275128ea7500a8c6ce04d393a534d850dfdf8aed4d4;20067;1;1;0
DOC-137c41dfa93f;ro19ufr.txt;Kommunalwahlprogramm Gemeinde;Gemeinde;2019.0;137c41dfa93f76edd1bd485ab817d4eb4d7e742a5450e3be5138a17a12340d9f;19778;1;1;0
DOC-13ad3f1a069d;ol11fdp.txt;Kommunalwahlprogramm Gemeinde;Gemeinde;2011.0;13ad3f1a069d3bf6ac8f88cfd0c80d40c1becf7989f26fbe5d6ed75ad97f8f6b;5415;1;1;0
DOC-13ba99511951;rg20csu.txt;Kommunalwahlprogramm Gemeinde;Gemeinde;2020.0;13ba9951195120e5ddfa96e8b6976e4d1bc39c7aec9382f4255ee455b6aec886;70581;1;1;0
DOC-13bb751d99fc;bi20afd.txt;Kommunalwahlprogramm Gemeinde;Gemeinde;2020.0;13bb751d99fcd14eba4e45fc53768031ac341e52af5c85f69aa01d5719f3fb58;60247;1;1;0
DOC-13bf99681558;wi16gru.txt;Kommunalwahlprogramm Gemeinde;Gemeinde;2016.0;13bf99681558262f297760fc177c46e37c385c2460857007f6ed9909d66b2fa1;368882;1;1;0
DOC-13de7f1f6bb9;ma14cdu.txt;Kommunalwahlprogramm Gemeinde;Gemeinde;2014.0;13de7f1f6bb9f23c55d9d48b165a420973197ed3b8a925a1bec9a85da50ab3cb;27642;1;1;0
DOC-13edb41db2b8;Greifswald_CDU_2024.txt;Kommunalwahlprogramm Gemeinde;Gemeinde;2024.0;13edb41db2b8ffe913a41aba688582a4770206d6699ea0dac8db2f6a79096c52;5100;1;1;0
DOC-141b1f862ab0;Zossen_Grüne_2024.txt;Kommunalwahlprogramm Gemeinde;Gemeinde;2024.0;141b1f862ab071aff7702260489440e40ba489737f8b2003eb1a4dbdc937f662;5725;1;1;0
DOC-1425c818aa6a;ac14lin.txt;Kommunalwahlprogramm Gemeinde;Gemeinde;2014.0;1425c818aa6ab578e21ae54861f0e479927d78c149f377a0e09bd3de00b6c44d;117309;1;1;0
DOC-142cfa6f6e6e;do14pir.txt;Kommunalwahlprogramm Gemeinde;Gemeinde;2014.0;142cfa6f6e6ec5e0f2bdca24fd8ab5fee6d3092ea401e9d76606ce50b3c35468;1961;1;1;0
DOC-14342ae85dbd;Möckern_AfD_2024.txt;anderes kommunales Wahlprogramm;Landkreis und Gemeinden;2024.0;14342ae85dbd6da33be67c2ee3149d017122c989ae52d081ac5f7a55b1a8b17f;9385;2;1;1
DOC-143640acfdaf;sg14cdu.txt;Kommunalwahlprogramm Gemeinde;Gemeinde;2014.0;143640acfdafe90fe3f68b94b0169083ca2ab386b9ada57278d3c93f029b61aa;48495;1;1;0
DOC-143f9ba6ef78;Pforzheim_Grüne_2024.txt;Kommunalwahlprogramm Gemeinde;Gemeinde;2024.0;143f9ba6ef7837f3baf984dcdb53df5a4161f59d4ac217391af3ed6d5eb6ffa5;1186;1;1;0
DOC-1457d52292f6;bg20cdu.txt;Kommunalwahlprogramm Gemeinde;Gemeinde;2020.0;1457d52292f661dafe2e3b1f849e3d8f3bf247044b87c31b137603e9b1a8f6d0;50132;1;1;0
DOC-1461e1bdfc96;Boppard_Grüne_2024.txt;Kommunalwahlprogramm Gemeinde;Gemeinde;2024.0;1461e1bdfc960f025c7428d51c4572c37e8e336c26591058e681d78eabdaf61e;32865;1;1;0
DOC-14671c10359c;dl06spd.txt;Kommunalwahlprogramm Gemeinde;Gemeinde;2006.0;14671c10359ca1bedacf1846595b9a5f4bceaf42e1d51473d8bd3a4bc363563c;34482;1;1;0
DOC-1476afd61703;Mannheim_Klimaliste_2024.txt;Kommunalwahlprogramm Gemeinde;Gemeinde;2024.0;1476afd617035cd4c3c749d818c905ae132ebe1192db6db290f979dd06d9b135;3743;1;1;0
DOC-148d2dee5b39;du14afd.txt;Kommunalwahlprogramm Gemeinde;Gemeinde;2014.0;148d2dee5b39f41ffdaf76b797783730f13527344c84706838543af356e77df6;29468;1;1;0
DOC-14b5b83eebd8;Kaiserslautern_SPD_2024.txt;Kommunalwahlprogramm Gemeinde;Gemeinde;2024.0;14b5b83eebd837d2f6bc88e55d118753cd451b84ba8f4ced6e1e026cb8164f64;32496;1;1;0
DOC-14bdcd764262;Stuttgart_FeLi_2024.txt;Kommunalwahlprogramm Gemeinde;Gemeinde;2024.0;14bdcd7642620e802d0df4c60da1c3cf6309885c8bc455f16b6e617fc660702a;2038;1;1;0
DOC-14c3a92d93c8;ka11cdu.txt;Kommunalwahlprogramm Gemeinde;Gemeinde;2011.0;14c3a92d93c84139b38778fe8fa03e69c98fb1f6bbffc1d7f393995135c00993;31337;1;1;0
DOC-14ee7ac07199;hl19lin.txt;Kommunalwahlprogramm Gemeinde;Gemeinde;2019.0;14ee7ac071990f09254b69261554f0d1a2aea4fc63b093a2eb78e38e474b8491;8525;1;1;0
DOC-14f950967f7b;Gera_SPD_2024.txt;Kommunalwahlprogramm Gemeinde;Gemeinde;2024.0;14f950967f7bdded14b3a7236fdd7f7a2233514da61aacdbe1707965c9b0d3e0;34778;1;1;0
DOC-1500befd57a2;ff16lin.txt;Kommunalwahlprogramm Gemeinde;Gemeinde;2016.0;1500befd57a2effef96bad8637e911c000dab6e18b1a33d10a03bc29196f89fe;98165;1;1;0
DOC-150a2d468c2f;ro19rob.txt;Kommunalwahlprogramm Gemeinde;Gemeinde;2019.0;150a2d468c2fcd7149172c3f881a63edc9f683260428a8faeaf56bf8ddae4220;9992;1;1;0
DOC-151f8d37c6af;Halle (Saale)_Hauptsache Halle_2024.txt;Kommunalwahlprogramm Gemeinde;Gemeinde;2024.0;151f8d37c6af4553737e948a5f533a5841bac1fb0fcc9f1125d62f4f0248ebbb;7961;1;1;0
DOC-153791f10308;Heilbronn_SPD_2024.txt;Kommunalwahlprogramm Gemeinde;Gemeinde;2024.0;153791f103082e37aa2fefe66d4cdb59da42ba3910565d0f4f54d266c67594e2;43300;1;1;0
DOC-1540b128d98e;ol06gru.txt;Kommunalwahlprogramm Gemeinde;Gemeinde;2006.0;1540b128d98e0688124732255c4520aaa2bfbdd2c9307ecdada648adc4c68f59;120587;1;1;0
DOC-157470aee4eb;in20csu.txt;Kommunalwahlprogramm Gemeinde;Gemeinde;2020.0;157470aee4eb8b18241b75a5e1fdf438cc31c6d263eef37b3b827c1361325fa0;15676;1;1;0
DOC-15786751f809;Speyer_SPD_2024.txt;Kommunalwahlprogramm Gemeinde;Gemeinde;2024.0;15786751f8090dc20fe25637975655e66af4fb55f90f253395a82b0e28b0f75c;17559;1;1;0
DOC-157e8b0ffa83;Frankfurt (Oder)_Linke_2024.txt;Kommunalwahlprogramm Gemeinde;Gemeinde;2024.0;157e8b0ffa839bfab243dc72406def9d7210f7f076d58a262524391dbc3d1653;23519;1;1;0
DOC-1595263316dc;le14pir.txt;Kommunalwahlprogramm Gemeinde;Gemeinde;2014.0;1595263316dcada4a375aeed50c0eb42d3b2a27c886a2387c87ac432a5e895b1;83703;1;1;0
DOC-1595a3b69f33;bn09cdu.txt;Kommunalwahlprogramm Gemeinde;Gemeinde;2009.0;1595a3b69f331e30d21d122539b175dab6b36876bb3bd3ae7aaed799f3a0b453;81241;1;1;0
DOC-159759325f8a;mz19lin.txt;Kommunalwahlprogramm Gemeinde;Gemeinde;2019.0;159759325f8aaff8933132daa9b06716181f922e0a0328426ce860817fd66c69;122903;1;1;0
DOC-15b0672edb00;es94fdp.txt;Kommunalwahlprogramm Gemeinde;Gemeinde;1994.0;15b0672edb00f26a720a73c2b2dc5b444a6b25ba88a983ec78354f69a138d7a4;43341;1;1;0
DOC-15b46ca0e1c6;hl14spd.txt;Kommunalwahlprogramm Gemeinde;Gemeinde;2014.0;15b46ca0e1c6f4808d7f883e79efc4ef7529187ed45a410d74af6f280cb08cbc;28354;1;1;0
DOC-15c9146f9bec;ks19cdu.txt;Kommunalwahlprogramm Gemeinde;Gemeinde;2019.0;15c9146f9bec6e2534d789260062cb1d109b3c238fd4490176a6f82b565565eb;9815;1;1;0
DOC-15d26f093440;lp14pir.txt;Kommunalwahlprogramm Gemeinde;Gemeinde;2014.0;15d26f093440328ac95b4b64dddc18f346dbc45c5c3b8f64c1f54c9d63d12904;18218;1;1;0
DOC-15defc3e2a5f;st19spd.txt;Kommunalwahlprogramm Gemeinde;Gemeinde;2019.0;15defc3e2a5f14106a3f931a715e934a1e07dad6f0c1facd85bb13d81f6545ac;128964;1;1;0
DOC-15e4d89275b0;fr19uff.txt;Kommunalwahlprogramm Gemeinde;Gemeinde;2019.0;15e4d89275b078919e4265f6b83ee6cf084dc7f530605e7e32762704c9ec4577;6534;1;1;0
DOC-1628e78a05ed;Haldensleben_AfD_2024.txt;anderes kommunales Wahlprogramm;Landkreis und Gemeinden;2024.0;1628e78a05ede544b9a5c5ca9b27759f843517a6dd7e01d286e661ee846bdeee;29767;2;1;1
DOC-1631f9955667;ka01fwg.txt;Kommunalwahlprogramm Gemeinde;Gemeinde;2001.0;1631f9955667eddb47f6d0db06f369654366e9adca095f8965434669b489c7b9;43058;1;1;0
DOC-163764a7c717;fu20spd.txt;Kommunalwahlprogramm Gemeinde;Gemeinde;2020.0;163764a7c717de61684784d9427fe967aba2ef90f92f92ae0f6a8026e25bcf50;86454;1;1;0
DOC-1644d54cf612;mh20fdp.txt;Kommunalwahlprogramm Gemeinde;Gemeinde;2020.0;1644d54cf61292206262aee0fc6f4b13ea1dee499185bad68163fca96c70d4b4;58254;1;1;0
DOC-16507804783d;hl19fdp.txt;Kommunalwahlprogramm Gemeinde;Gemeinde;2019.0;16507804783d179abc28ffcaa78e9ffa5730a6713a628b9243ca085123179ddf;35405;1;1;0
DOC-1668bd79dbfd;of11cdu.txt;Kommunalwahlprogramm Gemeinde;Gemeinde;2011.0;1668bd79dbfd078cbb7474584d763d77fb15424e32e7f937937bd3e779e6d78d;89093;1;1;0
DOC-1668f4c08c3d;fr19klf.txt;Kommunalwahlprogramm Gemeinde;Gemeinde;2019.0;1668f4c08c3d21fdff2757e8117db8d07634ff8f96097ebfad0fcb9d15c8f1c4;26278;1;1;0
DOC-1676df55e76a;Potsdam_AfD_2024.txt;Kommunalwahlprogramm Gemeinde;Gemeinde;2024.0;1676df55e76a5dae72c5193f2f2d81c5cc98ccd74509b5cd9fa5631d445d7991;63752;1;1;0
DOC-16ab72745820;Stavenhagen (Reuterstadt)_CDU_2024.txt;Kommunalwahlprogramm Gemeinde;Gemeinde;2024.0;16ab727458207681e484336ace629a67534d613970b97a4f47e6a9646b81ea68;12282;1;1;0
DOC-16d24cd566d3;es04fdp.txt;Kommunalwahlprogramm Gemeinde;Gemeinde;2004.0;16d24cd566d3b15cb48fc556928df48cb15fa86899051145cfe55b088eaa926e;55474;1;1;0
DOC-16ef6244e029;mu20gru.txt;Kommunalwahlprogramm Gemeinde;Gemeinde;2020.0;16ef6244e0292dad7e2d88900422f4525692edbc4ebc75329056cbdb0936920b;136826;1;1;0
DOC-16f0685fa1ac;kb14cdu.txt;Kommunalwahlprogramm Gemeinde;Gemeinde;2014.0;16f0685fa1acdbca6d09e5c0e65be8a6e9f3705acd31f93ea05558c67af5a89a;1696;1;1;0
DOC-16fe91fcff84;st14pir.txt;Kommunalwahlprogramm Gemeinde;Gemeinde;2014.0;16fe91fcff84d1c3257f87614224618fb826fa5cc733be9913876869d197ac44;85733;1;1;0
DOC-171134a8557a;lu14fdp.txt;Kommunalwahlprogramm Gemeinde;Gemeinde;2014.0;171134a8557a0d4a25c9922720cffdc0ca8a1a9fdfdaa14bcc66ff641923abaf;28266;1;1;0
DOC-1754e9bf00c1;os16cdu.txt;Kommunalwahlprogramm Gemeinde;Gemeinde;2016.0;1754e9bf00c1f68a52f4b841427d06ee7df6e5b9bb14ef90afe53cb784356c6a;74620;1;1;0
DOC-175ef76a5e98;wi01fdp.txt;Kommunalwahlprogramm Gemeinde;Gemeinde;2001.0;175ef76a5e9828ef07754f3e44170c4135dd939b97703135a5175120c8237a43;62085;1;1;0
DOC-176067d127fb;Völklingen_Linke_2024.txt;Kommunalwahlprogramm Gemeinde;Gemeinde;2024.0;176067d127fb3136eed2664b5d5f600af7efd69a36680e0dabcda7661a5effea;2520;1;1;0
DOC-1765c8c2c429;of01gru.txt;Kommunalwahlprogramm Gemeinde;Gemeinde;2001.0;1765c8c2c42989af36aa412daebc3037daa95849ef3e232ffaaf4a50b1ebf226;43103;1;1;0
DOC-176ad4fa201e;hn19fdp.txt;Kommunalwahlprogramm Gemeinde;Gemeinde;2019.0;176ad4fa201e3ae599f42189dc26233c56f09883b7bd19a33c269160765e0fe5;55865;1;1;0
DOC-17924445e4b9;du14spd.txt;Kommunalwahlprogramm Gemeinde;Gemeinde;2014.0;17924445e4b917c0c706a694b19649b410a123129807159351134d3914865b67;90176;1;1;0
DOC-179965365f94;Erfurt_Mehrwertstadt_2024.txt;Kommunalwahlprogramm Gemeinde;Gemeinde;2024.0;179965365f94df3d83dd04bac53eadb1cad1adaef1f30299561d1d63efa9dc1c;28870;1;1;0
DOC-17a5426fbd92;Chemnitz_FDP_2024.txt;Kommunalwahlprogramm Gemeinde;Gemeinde;2024.0;17a5426fbd92034f3c08c55b0bde2e2c2908c95ae7a1d0b05290a0e1466decad;46618;1;1;0
DOC-17b36a41a9c2;sg20cdu.txt;Kommunalwahlprogramm Gemeinde;Gemeinde;2020.0;17b36a41a9c263cfda5e9d50338fd4910facde869635469abd3a2d2a01b29110;61016;1;1;0
DOC-17d282c2459e;bg09kid.txt;Kommunalwahlprogramm Gemeinde;Gemeinde;2009.0;17d282c2459ecc879b929c4123c4293f2f3bd720dfd6b1180e59498c85d3d650;22921;1;1;0
DOC-17ed0212d92a;da16gru.txt;Kommunalwahlprogramm Gemeinde;Gemeinde;2016.0;17ed0212d92a11c097b88eb8dfaf344869734d7c7ce344b764e059c21f479fdc;354880;1;1;0
DOC-1804d4efa590;Erfurt_CDU_2024.txt;Kommunalwahlprogramm Gemeinde;Gemeinde;2024.0;1804d4efa5902d56353417e43aa6f7c0e14a578fecaa89456949a80c1d5c2661;74956;1;1;0
DOC-1844b7c4ffdd;Heidelberg_Volt_2024.txt;Kommunalwahlprogramm Gemeinde;Gemeinde;2024.0;1844b7c4ffdd4eb1223d31ca8bede63a752a3605cfd7f697f5735cf59f35898e;109077;1;1;0
DOC-1869a16a888b;sg20afd.txt;Kommunalwahlprogramm Gemeinde;Gemeinde;2020.0;1869a16a888b257d78ca745d34674475c5dcbefdd501253e08908aa4147e939c;45880;1;1;0
DOC-186b261e6eb0;Leipzig_Grüne_2024.txt;Kommunalwahlprogramm Gemeinde;Gemeinde;2024.0;186b261e6eb0198e052de5b391979e965f939758223f59d755c15fa7aa87e8ac;197330;1;1;0
DOC-186c346afffb;du09lin.txt;Kommunalwahlprogramm Gemeinde;Gemeinde;2009.0;186c346afffb4f9c4b6f6cc1bc6e76363343701f0d79f7515346562cd04e93fa;243051;1;1;0
DOC-187bcc28e4fa;hn14fdp.txt;Kommunalwahlprogramm Gemeinde;Gemeinde;2014.0;187bcc28e4fa04f542743f34fe427a28baffdbe686d20939bcfd5488608abc1c;30053;1;1;0
DOC-18802d455055;ks14gfk.txt;Kommunalwahlprogramm Gemeinde;Gemeinde;2014.0;18802d455055b65c69b0d77c2a6ebfdc53068b93256a7c5f19cd56c24df607e3;6074;1;1;0
DOC-18877abc68ff;ds09fdp.txt;Kommunalwahlprogramm Gemeinde;Gemeinde;2009.0;18877abc68ff225d91037f8597cbb9d7da09e7d3dc2c48381b82eb35b3765aef;71999;1;1;0
DOC-188eaf219878;rg20csb.txt;Kommunalwahlprogramm Gemeinde;Gemeinde;2020.0;188eaf219878763b7ab1fda7a376bc6f87f6ced8a4b800a0f9d1ad0a31e5813d;1899;1;1;0
DOC-18d103c5b580;bt09spd.txt;Kommunalwahlprogramm Gemeinde;Gemeinde;2009.0;18d103c5b580982d2ef8e8cbc69386369ca4e4e54be677edb990eeddb5d1594c;17106;1;1;0
DOC-18fe354a0850;ch19cdu.txt;Kommunalwahlprogramm Gemeinde;Gemeinde;2019.0;18fe354a08505df9497a10b72a3627632cddbc499423114ca45ad7a33d5fb8c7;25412;1;1;0
DOC-1908d33b77f3;Offenburg_FWG_2024.txt;Kommunalwahlprogramm Gemeinde;Gemeinde;2024.0;1908d33b77f3d61eb2c5d6a8b91072b90baa599b7818347798603159ad365003;6246;1;1;0
DOC-19257f193ec7;br15spd.txt;Kommunalwahlprogramm Gemeinde;Gemeinde;2015.0;19257f193ec7673a2077c3ee773b7c7140360235a57b5d1b84ea82e0b279b78f;210077;1;1;0
DOC-1949ef93527f;fr14fwg.txt;Kommunalwahlprogramm Gemeinde;Gemeinde;2014.0;1949ef93527f26d81a634b4d1f3c576ea2098ecf3b8df6f776afa623ead32d48;14051;1;1;0
DOC-197005b019e1;ac20gru.txt;Kommunalwahlprogramm Gemeinde;Gemeinde;2020.0;197005b019e19b4089c25671ac904b719ee7f269aa0295572eca69e35621e84c;262134;1;1;0
DOC-197586fbeccf;Jena_CDU_2024.txt;Kommunalwahlprogramm Gemeinde;Gemeinde;2024.0;197586fbeccf031f6d5a6804df953d4a0d3ed6b1143f17134e6616b5ad1acd2e;49513;1;1;0
DOC-197f575c7012;ka97fwg.txt;Kommunalwahlprogramm Gemeinde;Gemeinde;1997.0;197f575c701205591b58606a046e3584801ec57270411b39154c12ae6c0cd502;41057;1;1;0
DOC-198ba1f7bbbb;lb13ful.txt;Kommunalwahlprogramm Gemeinde;Gemeinde;2013.0;198ba1f7bbbbd0c54be0befaed0ceeaecd6e54017c6597b38d2ec3ab3de5c0b9;20811;1;1;0
DOC-198bc56603d6;es20par.txt;Kommunalwahlprogramm Gemeinde;Gemeinde;2020.0;198bc56603d67c24f6b6d3a18152b27fc1522939f15e8089534d283fa6d64e27;24438;1;1;0
DOC-1990dfc91116;sg20spd.txt;Kommunalwahlprogramm Gemeinde;Gemeinde;2020.0;1990dfc9111607564c4f84ae1800211498169b7b804b9b4680e68fb4d5d00ac7;83729;1;1;0
DOC-19974e010052;Nohfelden_FDP_2024.txt;anderes kommunales Wahlprogramm;Landkreis;2024.0;19974e010052e6daed7f3cfe1498f83162c863a824e81918f32664629904125e;9571;2;1;1
DOC-19b81bd26ef9;ms14cdu.txt;Kommunalwahlprogramm Gemeinde;Gemeinde;2014.0;19b81bd26ef9ec0b043017c7050c5cb492bb0371a016dc5b62397857779085b7;95803;1;1;0
DOC-19e33639c961;Freiburg im Breisgau_Unabhängige Frauen Freiburg_2024.txt;Kommunalwahlprogramm Gemeinde;Gemeinde;2024.0;19e33639c961c4f295ba973156417acf4dcce3751bfa62c242d999449f4cc9b1;3436;1;1;0
DOC-1a58d58cb6bc;es20gru.txt;Kommunalwahlprogramm Gemeinde;Gemeinde;2020.0;1a58d58cb6bcff995c8dcc06d0e3082313089a3d25daacd0764bf7d329e34156;145651;1;1;0
DOC-1a6e8b467efa;ge20afd.txt;Kommunalwahlprogramm Gemeinde;Gemeinde;2020.0;1a6e8b467efa3f43467e66faecc8106d90c8f9682eccff441e352abba7dbb955;53779;1;1;0
DOC-1ac0873544b4;es09ebb.txt;Kommunalwahlprogramm Gemeinde;Gemeinde;2009.0;1ac0873544b49ae5b10fc3c313400a5a73003571cf82d8cba5ae0790e7851ffe;19455;1;1;0
DOC-1ac9d1602666;bi14lin.txt;Kommunalwahlprogramm Gemeinde;Gemeinde;2014.0;1ac9d16026665fa4e9e2f4b783cb4f5ec51c1512db9f6d96195aa002a15cd2c1;86613;1;1;0
DOC-1ad1133b1ade;ef14fwg.txt;Kommunalwahlprogramm Gemeinde;Gemeinde;2014.0;1ad1133b1ade8fdbb1fcecaf7d2fab4d7e6032e2fd8ef554631e290024a44e71;29123;1;1;0
DOC-1b148a9945ba;Plauen_SPD_2024.txt;Kommunalwahlprogramm Gemeinde;Gemeinde;2024.0;1b148a9945bacec0319bf61cb8ce824f939baceab495e3bc01faa5314ece4060;26038;1;1;0
DOC-1b2b0e737ca4;rs09cdu.txt;Kommunalwahlprogramm Gemeinde;Gemeinde;2009.0;1b2b0e737ca4e001fca6c58ad7f9257d14ff9f1c2035c47646e9e4d36e49c755;35563;1;1;0
DOC-1b3147b65440;ol16lin.txt;Kommunalwahlprogramm Gemeinde;Gemeinde;2016.0;1b3147b6544022d7402b9e7813d384a3e5c91214131e5bc5ae048f5643c09416;105105;1;1;0
DOC-1b3aab1e1ccf;ms04fdp.txt;Kommunalwahlprogramm Gemeinde;Gemeinde;2004.0;1b3aab1e1ccfe888be0be4cce8f1a55e991e5fd1bf93afe6155554ec2577a70c;53361;1;1;0
DOC-1b44f30c4115;Mainz_AfD_2024.txt;Kommunalwahlprogramm Gemeinde;Gemeinde;2024.0;1b44f30c41151961b5df6cabe105e071105786c28ea88969dad7b7eba8bd8a56;17931;1;1;0
DOC-1b5607db91f0;bi14fdp.txt;Kommunalwahlprogramm Gemeinde;Gemeinde;2014.0;1b5607db91f0ff3206a430f11249f6f2166f114198ad1ba8582a0834abf37490;83459;1;1;0
DOC-1b7fb594e127;hl14lin.txt;Kommunalwahlprogramm Gemeinde;Gemeinde;2014.0;1b7fb594e1270469f5a6f27937f6591e6008aaf56535bae5d36bb33cbe5a505a;49466;1;1;0
DOC-1b81d05f9b16;bt14spd.txt;Kommunalwahlprogramm Gemeinde;Gemeinde;2014.0;1b81d05f9b1656f69ceb88c8bfae47ef230c1d37a00a4ae89681812ef7f67ff9;22423;1;1;0
DOC-1b881fd3c0c1;ch19afd.txt;Kommunalwahlprogramm Gemeinde;Gemeinde;2019.0;1b881fd3c0c11161f42c6b4c44b1331037dd1b3d2980f28c9ddc62b105d87726;6855;1;1;0
DOC-1b9361533052;Ludwigshafen am Rhein_AfD_2024.txt;Kommunalwahlprogramm Gemeinde;Gemeinde;2024.0;1b93615330524d08177b7d221f87fe58c3b5ece9416f26947fdaf4b9d1ced8d7;15327;1;1;0
DOC-1b9453fbc55e;Forst (Lausitz)_FDP_2024.txt;anderes kommunales Wahlprogramm;Landkreis und Gemeinden;2024.0;1b9453fbc55ede8a56e46f1fd23d90ced5cf4c101364fab063945ba0c348ba1b;25112;2;1;1
DOC-1bb94f545d1a;bh19bge.txt;Kommunalwahlprogramm Gemeinde;Gemeinde;2019.0;1bb94f545d1a3cdf1b62f563a476d4292f1454023a09a35097172e2fb8d2ca65;3011;1;1;0
DOC-1bbdf0691ad9;kr14par.txt;Kommunalwahlprogramm Gemeinde;Gemeinde;2014.0;1bbdf0691ad9fe47df3250e0b6702b7d2e5577f00b6a80a19dc244946e792be2;2735;1;1;0
DOC-1bbe88fed866;ge14cdu.txt;Kommunalwahlprogramm Gemeinde;Gemeinde;2014.0;1bbe88fed8665a2cff8a20b1ebe6b7ec7e7569bd4a366db244014afda0aa6008;48463;1;1;0
DOC-1bdafb4339a1;Schwerin_FDP_2024.txt;Kommunalwahlprogramm Gemeinde;Gemeinde;2024.0;1bdafb4339a19e67254d85a816e695c4f7ae31195f1ce52a608feab0d075dd72;3765;1;1;0
DOC-1bebcecaf316;bi20gru.txt;Kommunalwahlprogramm Gemeinde;Gemeinde;2020.0;1bebcecaf31618e224153aa15b788dfb91d967d45c766f64e7fc387cc6c30b5d;95079;1;1;0
DOC-1c4a3bc525ba;ch19gru.txt;Kommunalwahlprogramm Gemeinde;Gemeinde;2019.0;1c4a3bc525baf09de7f0b784adc244ba1a0b54116655c3772635a919cc7efa7f;54664;1;1;0
DOC-1c6c9549bf1e;Riegelsberg_Grüne_2024.txt;Kommunalwahlprogramm Gemeinde;Gemeinde;2024.0;1c6c9549bf1e351bb59b9f8971d24111b2bb58bcc6d20fe7062d7d3f9d736f3b;5771;1;1;0
DOC-1c71d7c9ba89;es20afd.txt;Kommunalwahlprogramm Gemeinde;Gemeinde;2020.0;1c71d7c9ba8975bf83ec7fbc476190070fd2f920fb66dc8812b01a591e17f532;61888;1;1;0
DOC-1c7466805749;tr19lin.txt;Kommunalwahlprogramm Gemeinde;Gemeinde;2019.0;1c74668057491b4a9d2e19642066b2e311b714afff8d1b2ac99800968c2ea636;84605;1;1;0
DOC-1c7c660451d4;Rangsdorf_SPD_2024.txt;Kommunalwahlprogramm Gemeinde;Gemeinde;2024.0;1c7c660451d429823da202b4bdb1867c4cdf4d8f1126d54ebf2d3a34c8cf6297;2636;1;1;0
DOC-1c7da51ba2a7;Beelitz_BPB_2024.txt;Kommunalwahlprogramm Gemeinde;Gemeinde;2024.0;1c7da51ba2a79e771ae49ea633201e62c75b7c8f1e0a9486fbb49dad63aa21e4;4891;1;1;0
DOC-1d088887acf8;bn20fdp.txt;Kommunalwahlprogramm Gemeinde;Gemeinde;2020.0;1d088887acf85f5c14b256ce8ad49eb8f7d2a0cfe69083f5f578410de101a92c;138397;1;1;0
DOC-1d08ae527c58;ko20gru.txt;Kommunalwahlprogramm Gemeinde;Gemeinde;2020.0;1d08ae527c58aee0f604a801ae5eda1e86427220e5f26d3eb879185efd250ad9;193298;1;1;0
DOC-1d2bd87b5a78;mb19afd.txt;Kommunalwahlprogramm Gemeinde;Gemeinde;2019.0;1d2bd87b5a78b07d5f9859511f37570928b1d67d4f8f604a7503785155db2574;59668;1;1;0
DOC-1d329a0c387c;mu14fdp.txt;Kommunalwahlprogramm Gemeinde;Gemeinde;2014.0;1d329a0c387cad90a30a50dbaea56a9503f41034b7cac28175f724f753f380d4;121225;1;1;0
DOC-1d87ae673734;le14fwg.txt;Kommunalwahlprogramm Gemeinde;Gemeinde;2014.0;1d87ae67373475da303cc93f857e266b5558ea2a5b1e9cc2bf70f6fe49cc95a9;15239;1;1;0
DOC-1da0df5d8e54;rt19afd.txt;Kommunalwahlprogramm Gemeinde;Gemeinde;2019.0;1da0df5d8e54f9989d4c91d7d01403d7c267cacb88da040667c4947dbc404ba2;5188;1;1;0
DOC-1da17ab98d13;Ditzingen_FDP_2024.txt;anderes kommunales Wahlprogramm;Landkreis;2024.0;1da17ab98d1330c9404521dab842af2cc0ebfbba4da350b5487fb6f7f5d3db64;38554;2;1;1
DOC-1dc0f7d60606;wv16gru.txt;Kommunalwahlprogramm Gemeinde;Gemeinde;2016.0;1dc0f7d606061b16c8e19b8792bedaac5e3f8cdbda62b44874ece0937d5e42f9;19220;1;1;0
DOC-1de2836d7158;Forst (Lausitz)_Linke_2024.txt;anderes kommunales Wahlprogramm;Landkreis;2024.0;1de2836d7158cc2fd2b32ed55e2e229e5c8a9585fa6cf0a2d19ba47068904465;39483;2;1;1
DOC-1df2186febba;Neuwied_SPD_2024.txt;Kommunalwahlprogramm Gemeinde;Gemeinde;2024.0;1df2186febba7297ea1cb65143ff83d1a609f1c5dcaf88c8500227a3a05c2b6b;11672;1;1;0
DOC-1df4a66de472;Mettlach_CDU_2024.txt;anderes kommunales Wahlprogramm;Landkreis und Gemeinden;2024.0;1df4a66de472e56381dd982b4f5001befd0a113d6bb389e39f61c67f62cb007f;17306;2;1;1
DOC-1df9b223e40a;mz14gru.txt;Kommunalwahlprogramm Gemeinde;Gemeinde;2014.0;1df9b223e40aa8fb4a32010cc8607b3bf09d40d5a00717e1105aa51b742a2c29;147385;1;1;0
DOC-1dfb469ad9b4;le04gru.txt;Kommunalwahlprogramm Gemeinde;Gemeinde;2004.0;1dfb469ad9b4a2eac96df38be8b20c6ba51f6779fabbf6b6067e5c6689542903;33842;1;1;0
DOC-1e24c595cd7c;Laage_Linke_2024.txt;Kommunalwahlprogramm Gemeinde;Gemeinde;2024.0;1e24c595cd7c0305ab3094a4296530df81267f2b3ac571181479d679285c2f6d;1629;1;1;0
DOC-1e432f46a27b;Osthofen_Grüne_2024.txt;anderes kommunales Wahlprogramm;Landkreis und Gemeinden;2024.0;1e432f46a27b23152fb575ff6d6aaf044e1b30421769059d7fe2e3588615ee82;5403;2;1;1
DOC-1ea89970577f;Greifswald_FDP_2024.txt;Kommunalwahlprogramm Gemeinde;Gemeinde;2024.0;1ea89970577fc6c7c0aefb0c1559cccc1a77694cdb89338261f522ffa0fb4e7c;7628;1;1;0
DOC-1eca15d08ca8;er14gru.txt;Kommunalwahlprogramm Gemeinde;Gemeinde;2014.0;1eca15d08ca8733c96e2d840a07dd3053a3bffa117c1227d3412c76a67bc1a64;122520;1;1;0
DOC-1f0cc233687b;ac14pir.txt;Kommunalwahlprogramm Gemeinde;Gemeinde;2014.0;1f0cc233687bdb7ed3490249e76d54d2ca1836fcd82ecd218f444ff301d0bbc5;24871;1;1;0
DOC-1f683e78c1eb;nu14csu.txt;Kommunalwahlprogramm Gemeinde;Gemeinde;2014.0;1f683e78c1eb7169269c6a4d1d44125dc2a601c5d2fc9fde2a80d112f30c55a3;35455;1;1;0
DOC-1f8d70436b69;Leipzig_CDU_2024.txt;Kommunalwahlprogramm Gemeinde;Gemeinde;2024.0;1f8d70436b692f6ade4b1d0177db942439708be261bf01325804333e9319aabd;80693;1;1;0
DOC-1f9dd2fe52f6;Sonneberg_Grüne_2024.txt;anderes kommunales Wahlprogramm;Landkreis;2024.0;1f9dd2fe52f65972f0170e236eb1e7765e38086772c483ac6d5ff985dc4d4a39;3920;2;1;1
DOC-1fa31055b165;gt20gru.txt;Kommunalwahlprogramm Gemeinde;Gemeinde;2020.0;1fa31055b1659495f3256925991cf898a3c8fd84e398c4a0e030b6d5b9f372e1;106419;1;1;0
DOC-1fba0d2233df;gt20fdp.txt;Kommunalwahlprogramm Gemeinde;Gemeinde;2020.0;1fba0d2233df5ebd619656716de0980a3622be6f6db7ee468123144c35d524c9;23004;1;1;0
DOC-1fbf07eb12a0;Frankfurt (Oder)_Grüne_2024.txt;Kommunalwahlprogramm Gemeinde;Gemeinde;2024.0;1fbf07eb12a0fce9a12c890606e2ff67cae368a6cc2f9c2f590043abcdb8c426;30348;1;1;0
DOC-1fbf1b88ff9e;ma19tsp.txt;Kommunalwahlprogramm Gemeinde;Gemeinde;2019.0;1fbf1b88ff9edb300cdc3c506885f605189c428db3c59d84fc08102a597f631e;2980;1;1;0
DOC-1fce2f0027a5;fu20afd.txt;Kommunalwahlprogramm Gemeinde;Gemeinde;2020.0;1fce2f0027a52eb5e61587104ac143c555d28399e483147eb372c29d0646193c;2854;1;1;0
DOC-1fd36765a6b6;Esslingen am Neckar_VoltÖDP_2024.txt;Kommunalwahlprogramm Gemeinde;Gemeinde;2024.0;1fd36765a6b6cbec4fd1904e08ba84c6829603305250963bbc30ea6beb07d11e;37297;1;1;0
DOC-1fee7cc34396;nu20bia.txt;Kommunalwahlprogramm Gemeinde;Gemeinde;2020.0;1fee7cc3439687df272f9650a4a2e3a9adf0cd9856b42abe4006bba0d3fc25c2;7300;1;1;0
DOC-1ffff66be413;wz14gru.txt;Kommunalwahlprogramm Gemeinde;Gemeinde;2014.0;1ffff66be413a46fb02e82c15c9b1c59dce6bb4a0962f7b0b43400c3f7aba400;255018;1;1;0
DOC-200c48c4f898;Brieselang_CDU_2024.txt;Kommunalwahlprogramm Gemeinde;Gemeinde;2024.0;200c48c4f898cf1ece677b69b3e3a6d5460f32ba52812280adc734026cfd46be;14184;1;1;0
DOC-202d17412c96;da16cdu.txt;Kommunalwahlprogramm Gemeinde;Gemeinde;2016.0;202d17412c969bbc7de3f81a48482344955234b4cc9186a76d92cee75e02679b;85092;1;1;0
DOC-203fa26a7419;Chemnitz_CDU_2024.txt;Kommunalwahlprogramm Gemeinde;Gemeinde;2024.0;203fa26a7419ff29ac22e1018a746c6da625020a86270f63a1a04af4538c553f;53308;1;1;0
DOC-2087bdf2da8b;ma14afd.txt;Kommunalwahlprogramm Gemeinde;Gemeinde;2014.0;2087bdf2da8b316ba9b94f55907ee6733f1189c96fb85409f3a2128dc9842ca9;21656;1;1;0
DOC-20893ee08f60;Speyer_Grüne_2024.txt;Kommunalwahlprogramm Gemeinde;Gemeinde;2024.0;20893ee08f601aea959f774b67908eab707c93063eb51c033d08f043ddcca0b6;30779;1;1;0
DOC-20ace14bbe71;Georgenthal_SPD_2024.txt;Kommunalwahlprogramm Gemeinde;Gemeinde;2024.0;20ace14bbe71cab5e9e91f86d6cded335d2acbedb30e3476786e31d9428fcd1c;2577;1;1;0
DOC-20cced51f08d;mz14fdp.txt;Kommunalwahlprogramm Gemeinde;Gemeinde;2014.0;20cced51f08d54b2e0486095d1ea76fdce3462cc163bfe72f78dcf54c9367bbf;77819;1;1;0
DOC-20ef26b7b12d;rt19guu.txt;Kommunalwahlprogramm Gemeinde;Gemeinde;2019.0;20ef26b7b12df7f72ca10d8bcb4d84502ca0ee08241ef376e967a984666d402a;15147;1;1;0
DOC-211ec634e6f5;ch19par.txt;Kommunalwahlprogramm Gemeinde;Gemeinde;2019.0;211ec634e6f5f206b66fc2698737f5850e8c570e0738716fb5e0e1fe115d313a;65026;1;1;0
DOC-213bfaf98a68;rt14lin.txt;Kommunalwahlprogramm Gemeinde;Gemeinde;2014.0;213bfaf98a681dedcb6bdcebd18469dadd872cbbeaee895b496bfab2db17de93;14031;1;1;0
DOC-21424f5529cc;Schwäbisch Gmünd_SPD_2024.txt;anderes kommunales Wahlprogramm;Landkreis;2024.0;21424f5529cccbfc7ab0b62817d133c8f7478077d61138bed0534a2d4dcc12c8;23727;2;1;1
DOC-216d0703d713;bg09spd.txt;Kommunalwahlprogramm Gemeinde;Gemeinde;2009.0;216d0703d713246e46afc83b53697ba68c11d0474ad7fc6e7966822f9294605b;14902;1;1;0
DOC-216e477f75aa;Königsee_CDU_2024.txt;anderes kommunales Wahlprogramm;Landkreis;2024.0;216e477f75aa78c9b5afaf2ce7c0bb9aabb0ab1233ba15ea358e6b34efacb2fd;4550;2;1;1
DOC-2183c4ab86a9;ko14lin.txt;Kommunalwahlprogramm Gemeinde;Gemeinde;2014.0;2183c4ab86a99e80fff912b4773a877842a128076e471b238f40939edd4a09a1;223904;1;1;0
DOC-218473d352c4;wz20wzl.txt;Kommunalwahlprogramm Gemeinde;Gemeinde;2020.0;218473d352c4bd6ee97716a15a5031d9059d1b1cd0a6a6cf8d7a59dc745e60aa;20512;1;1;0
DOC-218fbe984b62;pb14afd.txt;Kommunalwahlprogramm Gemeinde;Gemeinde;2014.0;218fbe984b6243bdcea3580cc27aca137d6632601b4bc80eb9253a4f02ce3f93;25890;1;1;0
DOC-21f48d7b8cca;Winnweiler_SPD_2024.txt;Kommunalwahlprogramm Gemeinde;Gemeinde;2024.0;21f48d7b8cca5d6042888383c795f5c81870e04ec4e4d38e90979d55eb5a59bf;1997;1;1;0
DOC-21ff9596a8f9;bn20vlt.txt;Kommunalwahlprogramm Gemeinde;Gemeinde;2020.0;21ff9596a8f9486378dc416977f5c0706b068592c77c1fcf08501648796a1976;73172;1;1;0
DOC-22046683cb20;ro14cdu.txt;Kommunalwahlprogramm Gemeinde;Gemeinde;2014.0;22046683cb20983757d39b122ec27cf06bddbe275a38917e572a92f335ff995c;6531;1;1;0
DOC-2204f7f7ed33;wz20zfw.txt;Kommunalwahlprogramm Gemeinde;Gemeinde;2020.0;2204f7f7ed336eb892ae1d3a1d230f054a08a74cd4a0a8eb8be4f54cb1303434;4676;1;1;0
DOC-2237a9a20d5b;Schwaan_CDU_2024.txt;anderes kommunales Wahlprogramm;Landkreis und Gemeinden;2024.0;2237a9a20d5bcdab7d5ecfa100ccdd95cc0ff110c21e48d05d404f77e8186345;6934;2;1;1
DOC-22b7ef90cbb7;Traben-Trarbach_CDU_2024.txt;Kommunalwahlprogramm Gemeinde;Gemeinde;2024.0;22b7ef90cbb732ccaad71d33facce44874cb9fd5c0b1244d62babc2e7909bec7;43311;1;1;0
DOC-22c916332008;mg14fwg.txt;Kommunalwahlprogramm Gemeinde;Gemeinde;2014.0;22c9163320086cf533ca5874f31e062a681128de7d262abb74a67fdbc8629c31;35979;1;1;0
DOC-22e36c4dfae6;Böblingen_BfB_2024.txt;Kommunalwahlprogramm Gemeinde;Gemeinde;2024.0;22e36c4dfae648828043c75bf59583447d55e7b019a17c05a96df11e555e8234;6586;1;1;0
DOC-23024add0696;le20kld.txt;Kommunalwahlprogramm Gemeinde;Gemeinde;2020.0;23024add069621b8431952bd39fded92a9b1cf92816a9a14310b5a9053a7c25a;2704;1;1;0
DOC-2335209adc2d;Koblenz_FWG_2024.txt;Kommunalwahlprogramm Gemeinde;Gemeinde;2024.0;2335209adc2d1f089bbed631ac473f7f360f426743e79cf36a71c27c7947c823;76876;1;1;0
DOC-234c32a4fee5;ne20lin.txt;Kommunalwahlprogramm Gemeinde;Gemeinde;2020.0;234c32a4fee57b144f1f0fa7b7a5c18068cb53828aa932aca9a7a83e0c54559e;6844;1;1;0
DOC-23534a546a9a;mh20cdu.txt;Kommunalwahlprogramm Gemeinde;Gemeinde;2020.0;23534a546a9af5d6fefaed14d574c99bdaa1a4fd6abbff9810c9139578f702be;71393;1;1;0
DOC-23d04fe40bc1;po14cdu.txt;Kommunalwahlprogramm Gemeinde;Gemeinde;2014.0;23d04fe40bc14d1a5744d2b9036c4026f74000f73eff0e63df7766145a0d977c;36130;1;1;0
DOC-23d1cd2c8bf7;ge20tsp.txt;Kommunalwahlprogramm Gemeinde;Gemeinde;2020.0;23d1cd2c8bf7f6070e5c711aaab7132dec288bef2b9fc72a4dff210d86c4a86a;14819;1;1;0
DOC-23d76cde16e9;ne14cdu.txt;Kommunalwahlprogramm Gemeinde;Gemeinde;2014.0;23d76cde16e93b38a9959b348a33e35da2c90b25c9d6867b956e3e7de013e713;63402;1;1;0
DOC-2410e4b940fd;bt14cdu.txt;Kommunalwahlprogramm Gemeinde;Gemeinde;2014.0;2410e4b940fde2e83e8505c91edb0f70fc3e2b8e933278811904b00d155e084c;9656;1;1;0
DOC-241c8c69f87c;ma14lin.txt;Kommunalwahlprogramm Gemeinde;Gemeinde;2014.0;241c8c69f87c3b5894fff56cae2c588c16550d2953302a886b3681ab5a43de69;69002;1;1;0
DOC-242c276df13d;mo14lin.txt;Kommunalwahlprogramm Gemeinde;Gemeinde;2014.0;242c276df13d2e794fb49fa0a11d7f166e3b7f04b7eb559747b198f6903ec2b6;20234;1;1;0
DOC-2433395ed967;Zwickau_Linke_2024.txt;anderes kommunales Wahlprogramm;Landkreis;2024.0;2433395ed967bf51ecb7f359dc846e7d4f3b2dc2398476c0f37cbd86d7cb01df;1850;2;1;1
DOC-245087f91f31;st19lin.txt;Kommunalwahlprogramm Gemeinde;Gemeinde;2019.0;245087f91f31f8cd3cf9e960f65ecdc422da4e66d036151eb9240274aaeaf796;77219;1;1;0
DOC-245ba40b3794;sg20abi.txt;Kommunalwahlprogramm Gemeinde;Gemeinde;2020.0;245ba40b3794d955b74e42af5948db96fccd9959b6cfb27da03a7da4750bc420;15726;1;1;0
DOC-2472ed908427;hn19afd.txt;Kommunalwahlprogramm Gemeinde;Gemeinde;2019.0;2472ed90842733689514e9c7a4752e24d3283875594aed59fa29d2d5039228cc;32405;1;1;0
DOC-24b7ac7a1497;st14gru.txt;Kommunalwahlprogramm Gemeinde;Gemeinde;2014.0;24b7ac7a14979f56742b70db9de7d5c478a7eb24578d7074df54da3549abf832;124777;1;1;0
DOC-24c73e2441cd;ka06lin.txt;Kommunalwahlprogramm Gemeinde;Gemeinde;2006.0;24c73e2441cd25ef7341a0fb120c510d6877ef48b22126476cfcb276fa492f97;74535;1;1;0
DOC-24ee10a9860f;da11fdp.txt;Kommunalwahlprogramm Gemeinde;Gemeinde;2011.0;24ee10a9860fd2bd5840b589189a4b9f7992d8084809c925b74fda51be0ac5fb;75819;1;1;0
DOC-2500b7ba0351;wi06spd.txt;Kommunalwahlprogramm Gemeinde;Gemeinde;2006.0;2500b7ba03517bc57289b1dd0c235ace564ce95c631ffb28a575717c57f4d5eb;161430;1;1;0
DOC-2510590b8b16;bo09spd.txt;Kommunalwahlprogramm Gemeinde;Gemeinde;2009.0;2510590b8b166dd41b6e983cb0bc1eb49c45e6a0b3cb02325f2bc7f5047ad9d1;32768;1;1;0
DOC-251e383476df;mu20byp.txt;Kommunalwahlprogramm Gemeinde;Gemeinde;2020.0;251e383476df3a84d992ea8ad08c285d6abad0e3fffae0cc05b908bcd21d7129;22238;1;1;0
DOC-25482f5aedc7;Tübingen_Tübinger Liste_2024.txt;Kommunalwahlprogramm Gemeinde;Gemeinde;2024.0;25482f5aedc7bd63fe574ee11cf011003f60d1f5387c4965e53d5868bf0791e7;56753;1;1;0
DOC-2568f6d287cb;Frohburg_AfD_2024.txt;anderes kommunales Wahlprogramm;Landkreis und Gemeinden;2024.0;2568f6d287cb031571e96e4279862632bccb8f1b07d3d089fe3f813cb3137058;17233;2;1;1
DOC-2587e4d042a2;Sömmerda_CDU_2024.txt;Kommunalwahlprogramm Gemeinde;Gemeinde;2024.0;2587e4d042a2b6d4528a365c2db525e18d3cf8b6e2fac7335ab78bba57e93bb7;9957;1;1;0
DOC-259c6ae2ff70;bi14cdu.txt;Kommunalwahlprogramm Gemeinde;Gemeinde;2014.0;259c6ae2ff70c14324b54bda5f27d7d11c9f81e0eb8327019506df71e3b69dee;56100;1;1;0
DOC-25ab8863ac30;Rostock_Volt_2024.txt;Kommunalwahlprogramm Gemeinde;Gemeinde;2024.0;25ab8863ac30acfbecc8bf770e75f75446b04a84c906b265b01e49376d4bee83;112001;1;1;0
DOC-25ebe7dc6e41;mg20lin.txt;Kommunalwahlprogramm Gemeinde;Gemeinde;2020.0;25ebe7dc6e41a23fe0bc85ee63856f7133a9d937994e06bef57ad0cbd2c84abb;75424;1;1;0
DOC-264243a14d7b;Erfurt_Grüne_2024.txt;Kommunalwahlprogramm Gemeinde;Gemeinde;2024.0;264243a14d7bcd7a03b7efbbd5098320de7492faeb910c7aa6ef47909c59e550;128097;1;1;0
DOC-26dc3cd0e87b;tr19fdp.txt;Kommunalwahlprogramm Gemeinde;Gemeinde;2019.0;26dc3cd0e87b3528dbc2cc10629869d8fbf2b86b078134baca1d6117189fc951;46068;1;1;0
DOC-26f528747f72;bo20npd.txt;Kommunalwahlprogramm Gemeinde;Gemeinde;2020.0;26f528747f724e738980a104bcaa570e0526b4a35668cac6bf9e304500bbbf78;1165;1;1;0
DOC-272e2c8bc8ea;ms09lin.txt;Kommunalwahlprogramm Gemeinde;Gemeinde;2009.0;272e2c8bc8eace98998613603bce6de062f7b27719dca7ef8fe51d80a915de72;100426;1;1;0
DOC-275d9a222173;Dessau-Roßlau_Pro DE_2024.txt;Kommunalwahlprogramm Gemeinde;Gemeinde;2024.0;275d9a2221739045eb6765be63d8171c1097a72395b6fa57952dea217c2646d6;3834;1;1;0
DOC-27636aa81a34;bt09odp.txt;Kommunalwahlprogramm Gemeinde;Gemeinde;2009.0;27636aa81a3457bfdfdf564066db417c73d757be606ae5490f5a92f59193c658;22991;1;1;0
DOC-2774b7653ac7;le94cdu.txt;Kommunalwahlprogramm Gemeinde;Gemeinde;1994.0;2774b7653ac7dc1ad0e3b33e46f8aff510d726bdd57eae46e92bd6acf98a3dee;49412;1;1;0
DOC-277c948dece1;br15gru.txt;Kommunalwahlprogramm Gemeinde;Gemeinde;2015.0;277c948dece165903b97f9a94482ab4d1caa5df851dbbab135435dc59c287d3a;205977;1;1;0
DOC-27b20a4f1f46;bo14spd.txt;Kommunalwahlprogramm Gemeinde;Gemeinde;2014.0;27b20a4f1f466c3c23674173fdd71da83eea7f9c1fd2c7af488124a7d2debfdd;49266;1;1;0
DOC-27ca33c44618;of16fno.txt;Kommunalwahlprogramm Gemeinde;Gemeinde;2016.0;27ca33c4461834d44b30e76b1d95ca0e355dfa5d4b6098f37f0fb9cabea22fba;7329;1;1;0
DOC-27cabe78b16f;mg14lin.txt;Kommunalwahlprogramm Gemeinde;Gemeinde;2014.0;27cabe78b16f85971586dc0d67937a3ec25229283ea024eaafd0e3d18782bd93;59124;1;1;0
DOC-27dc9e43d13a;Bad Belzig_Grüne_2024.txt;Kommunalwahlprogramm Gemeinde;Gemeinde;2024.0;27dc9e43d13ae37c8b0a017872c39aa78dc1df2630363928855847da4a2644b5;2688;1;1;0
DOC-27f468df53d5;je14bfj.txt;Kommunalwahlprogramm Gemeinde;Gemeinde;2014.0;27f468df53d5150abc5a932b19a65b01ac8c87fc4748565d47001d1d74358ace;5562;1;1;0
DOC-280044db839a;mg14cdu.txt;Kommunalwahlprogramm Gemeinde;Gemeinde;2014.0;280044db839a61c579ece359e7895a3507cd7b88240ae613505eed800ab9a87e;28311;1;1;0
DOC-282cd9032a33;Großröhrsdorf_BFD_2024.txt;Kommunalwahlprogramm Gemeinde;Gemeinde;2024.0;282cd9032a33134c8432b1a4d90ffc4a9cb2a11a6203a9467902e0bb7f4ca18c;1845;1;1;0
DOC-283903287a1c;ko04fdp.txt;Kommunalwahlprogramm Gemeinde;Gemeinde;2004.0;283903287a1cfade8a74fc6743179884407d8f4ded15c282215bd22a1422f8fa;85383;1;1;0
DOC-2855b9ed4746;he20gru.txt;Kommunalwahlprogramm Gemeinde;Gemeinde;2020.0;2855b9ed4746291fc2d0613c99ac5f347a84979e3d6ad0edc0827ddc870bb197;102506;1;1;0
DOC-287611cbeb4c;nu20pir.txt;Kommunalwahlprogramm Gemeinde;Gemeinde;2020.0;287611cbeb4cd47b52e6c715941cb2d865883d8a947f1c9ba88e82cae9cb80b6;36423;1;1;0
DOC-28b4b06d8296;kb19lin.txt;Kommunalwahlprogramm Gemeinde;Gemeinde;2019.0;28b4b06d82967f355dee6d5234036aa200357f49a08bf34580469c839cdcd16b;53470;1;1;0
DOC-28c8beab8904;bt14dkp.txt;Kommunalwahlprogramm Gemeinde;Gemeinde;2014.0;28c8beab8904209ae38ed92dfbfcc3b75a8efd094e31b19b019fa22290fdb25d;31262;1;1;0
DOC-28d0c9f292fc;st14fdp.txt;Kommunalwahlprogramm Gemeinde;Gemeinde;2014.0;28d0c9f292fc770cc0893456d0a0d26b34eaa0190a7eb6ab8364eacaaebc320e;36003;1;1;0
DOC-28d27de1e23c;au20dib.txt;Kommunalwahlprogramm Gemeinde;Gemeinde;2020.0;28d27de1e23c1bc76f2693adfb70b84fa796b11352644b4d896e00237e49b8b3;29298;1;1;0
DOC-29013afcc91e;br15biw.txt;Kommunalwahlprogramm Gemeinde;Gemeinde;2015.0;29013afcc91e66caa1db2047137f6b0bf3eb38c351b8654753d30c153650f364;87934;1;1;0
DOC-291d1e4626e7;Esslingen am Neckar_Linke_2024.txt;anderes kommunales Wahlprogramm;Landkreis;2024.0;291d1e4626e76d636097c476a4577bcf70ec9e1792293a76d9f8e3efffb3c4fe;17351;2;1;1
DOC-2930bbd830ea;Dresden_Grüne_2024.txt;Kommunalwahlprogramm Gemeinde;Gemeinde;2024.0;2930bbd830ea4eec845bdd58b9726812febfc3842a29b8f5c84f46ca96d44af8;205098;1;1;0
DOC-297c8569d696;co14fra.txt;Kommunalwahlprogramm Gemeinde;Gemeinde;2014.0;297c8569d696de4e9cc9f6d66b893521067b32d47236aeb6d0a94b41f1b598bf;1895;1;1;0
DOC-29ca6eaf17ea;wv16cdu.txt;Kommunalwahlprogramm Gemeinde;Gemeinde;2016.0;29ca6eaf17ea5d541d0a885a4e917c7f347b7cc0bba0738d687bf8c92ecf68e9;63976;1;1;0
DOC-29d0a1714476;tr19par.txt;Kommunalwahlprogramm Gemeinde;Gemeinde;2019.0;29d0a1714476fb711ec8af00773c5f6ab60b25956d8076f1f5749e0b53e2508c;3714;1;1;0
DOC-29d3028cb0ba;du20par.txt;Kommunalwahlprogramm Gemeinde;Gemeinde;2020.0;29d3028cb0bacb305233b79ab7eec97c8ab7dec4aa277d838dae5e4062630d35;2824;1;1;0
DOC-29db15fa960e;ko09lin.txt;Kommunalwahlprogramm Gemeinde;Gemeinde;2009.0;29db15fa960e8fd36aec792c1583e5d290e9295937139ebfb56f1253f594b6ab;272584;1;1;0
DOC-29ed0ce6285e;Kaiserslautern_Grüne_2024.txt;Kommunalwahlprogramm Gemeinde;Gemeinde;2024.0;29ed0ce6285e1a55f35f02a4ecb957ea52f6e235432110caa7d7c682987804b7;71712;1;1;0
DOC-29eff1c86a09;ef19pir.txt;Kommunalwahlprogramm Gemeinde;Gemeinde;2019.0;29eff1c86a097169f4b1c48f6dbf1caf32e68e0ae90084d3cfa5d21f69deb01b;17129;1;1;0
DOC-2a0d6b7f9ada;mg14spd.txt;Kommunalwahlprogramm Gemeinde;Gemeinde;2014.0;2a0d6b7f9ada76e06aa4cb2433fdf1e08622e4171402750aa9d425c456a95f71;48474;1;1;0
DOC-2a0e9965b6d0;nu20fdp.txt;Kommunalwahlprogramm Gemeinde;Gemeinde;2020.0;2a0e9965b6d0ce8cf0624fafff74aade7ba0f0aac924620382a31f89f2f407d5;98496;1;1;0
DOC-2a23d1f00ac6;lb18fwg.txt;Kommunalwahlprogramm Gemeinde;Gemeinde;2018.0;2a23d1f00ac64f361e6a6ddcac1f2fe0c753e3db586d9bfb682c71e4faca9474;23889;1;1;0
DOC-2a397c0f2cca;bh19pir.txt;Kommunalwahlprogramm Gemeinde;Gemeinde;2019.0;2a397c0f2cca304d876976caddae10f897045b6ead0afbd8ef3cd5dd43d7c25d;33486;1;1;0
DOC-2a3ba9947897;mg14afd.txt;Kommunalwahlprogramm Gemeinde;Gemeinde;2014.0;2a3ba9947897b9b9e5414fe137a4564e6f24e654c9a1bb4be7e96bca91abb093;2901;1;1;0
DOC-2a3f624dbb8a;mb14bfm.txt;Kommunalwahlprogramm Gemeinde;Gemeinde;2014.0;2a3f624dbb8a177f3c4380737e1236c39d9e1404c015d87d61bcca2b8da167d5;37504;1;1;0
DOC-2a49c7e7ae8c;mu20rlm.txt;Kommunalwahlprogramm Gemeinde;Gemeinde;2020.0;2a49c7e7ae8cfc9817d44aa5b4695c6c2d4f8284d0978cc489d4431c795bcd86;87862;1;1;0
DOC-2a5da540b7d1;Stralsund_Bürger für Stralsund_2024.txt;Kommunalwahlprogramm Gemeinde;Gemeinde;2024.0;2a5da540b7d172dd387775f733bb641775de1bb8b5f392033ed0306cfb0bc138;5668;1;1;0
DOC-2a61fe402490;Gera_Linke_2024.txt;Kommunalwahlprogramm Gemeinde;Gemeinde;2024.0;2a61fe402490d234ab70049caa990536b90667794a79c2618711acb7e6a9ba24;34885;1;1;0
DOC-2a73860d4a99;mz14pro.txt;Kommunalwahlprogramm Gemeinde;Gemeinde;2014.0;2a73860d4a99b70f832b541fe704b69c7bd3ab5e4c20df0f3883b1c050e0a964;11462;1;1;0
DOC-2a95a801d95e;pb20vlt.txt;Kommunalwahlprogramm Gemeinde;Gemeinde;2020.0;2a95a801d95e10bce4384c7baadfe983caba7bad11bffaa5db5aa60d9eebf30a;31060;1;1;0
DOC-2abd432cf179;ko20lin.txt;Kommunalwahlprogramm Gemeinde;Gemeinde;2020.0;2abd432cf17973b3e45b3dd83f09c8eb5c8d9340ebc7e8f45eb4276118157600;75470;1;1;0
DOC-2af7eba641ae;ko14cdu.txt;Kommunalwahlprogramm Gemeinde;Gemeinde;2014.0;2af7eba641aef4944a3f36ca29f6f68fbd93790eccfdbc84f3dbf30c31b8a19b;211487;1;1;0
DOC-2b222fd1efde;hv16lin.txt;Kommunalwahlprogramm Gemeinde;Gemeinde;2016.0;2b222fd1efdedd300063bf1a65b14355ef6847111e30e6c01a5e2cf56ab94efb;128600;1;1;0
DOC-2b3da288c2e8;ds14fdp.txt;Kommunalwahlprogramm Gemeinde;Gemeinde;2014.0;2b3da288c2e8bf36f061ec2740e949006a29544f4f102f17fb18fe9bafc7c3e2;73452;1;1;0
DOC-2b9f1bc30a9d;Göppingen_FWG_2024.txt;Kommunalwahlprogramm Gemeinde;Gemeinde;2024.0;2b9f1bc30a9db82570cb2701ebae0cfec82477440c28a4ef7c73126f1696700a;5430;1;1;0
DOC-2bc098e7bb9f;si20fdp.txt;Kommunalwahlprogramm Gemeinde;Gemeinde;2020.0;2bc098e7bb9ff6b20efca42f627a81b04fbb2e06d9265c21e94af0e855b2f239;21578;1;1;0
DOC-2bf2b05c4a1c;ks19par.txt;Kommunalwahlprogramm Gemeinde;Gemeinde;2019.0;2bf2b05c4a1c40ee6a48bed8f5d770b3a9c664580008c7d2aa71c3123eca8011;4541;1;1;0
DOC-2bff78da38fb;wi11lin.txt;Kommunalwahlprogramm Gemeinde;Gemeinde;2011.0;2bff78da38fb4cad3ae35fbd4e1595edadaa2cf54aba98c5c30d80f557d3eab9;126655;1;1;0
DOC-2c14c6203c29;Cottbus_Grüne_2024.txt;Kommunalwahlprogramm Gemeinde;Gemeinde;2024.0;2c14c6203c29edf11925eae02b45f81effbbd2b5c88607b1152ebd9b85aa64cd;41369;1;1;0
DOC-2c21bb9a3f1f;Riegelsberg_FDP_2024.txt;Kommunalwahlprogramm Gemeinde;Gemeinde;2024.0;2c21bb9a3f1f3a1eb9b23456247d18ab4e4e511e56e09e108c737b35e7c56ca7;2020;1;1;0
DOC-2c3441f614e0;wu09fdp.txt;Kommunalwahlprogramm Gemeinde;Gemeinde;2009.0;2c3441f614e0003dfb482b50beea3985f18504b583e73cc81e1bcd41dc0f2a77;44898;1;1;0
DOC-2c38e412c2de;Trier_UBT_2024.txt;Kommunalwahlprogramm Gemeinde;Gemeinde;2024.0;2c38e412c2de074e80ea9223cbe27864e3a50cee245ff709e99dd4380d1b2504;12295;1;1;0
DOC-2c3fed8a00a8;po14spd.txt;Kommunalwahlprogramm Gemeinde;Gemeinde;2014.0;2c3fed8a00a8ad4e2f300b1d9ae653af150d8d003f18b56768fc4dba283edb69;56545;1;1;0
DOC-2c409612e99f;mh14wam.txt;Kommunalwahlprogramm Gemeinde;Gemeinde;2014.0;2c409612e99fef154843ce5857a369515ea1da53f9d20125ba933a5ebaefa911;19639;1;1;0
DOC-2cd302c76b7f;Pforzheim_SPD_2024.txt;Kommunalwahlprogramm Gemeinde;Gemeinde;2024.0;2cd302c76b7fe204d2ff048f48f418691fc2f8b11ac49ce07965d7e5fc05256c;15840;1;1;0
DOC-2cf80c47c0a7;of11fno.txt;Kommunalwahlprogramm Gemeinde;Gemeinde;2011.0;2cf80c47c0a76923774b9fda5d376086a3e347bdb932c5c09aeba5af5be7e8b0;6709;1;1;0
DOC-2d1211ccb4f5;Dresden_FDP_2024.txt;Kommunalwahlprogramm Gemeinde;Gemeinde;2024.0;2d1211ccb4f5f8e09bf12559d84aae6d671d3bcf93103263430e06ae3a2ecde0;75920;1;1;0
DOC-2d19bd103ce3;le20bli.txt;Kommunalwahlprogramm Gemeinde;Gemeinde;2020.0;2d19bd103ce318d820eb1a3c45b66f08ef2180bc64182d0cdba9ab5791609e5a;533;1;1;0
DOC-2d4de619c4da;Salzwedel_CDU_2024.txt;Kommunalwahlprogramm Gemeinde;Gemeinde;2024.0;2d4de619c4da99d52c8bc81102e162b0cae56dfcd85e5e0c3b174fb7dfc0f84e;1169;1;1;0
DOC-2d67f646e368;Mainz_SPD_2024.txt;Kommunalwahlprogramm Gemeinde;Gemeinde;2024.0;2d67f646e368f19148b0e67428a7894dcd97d0bd330cf2385b02c3ba8a0ac8a0;143979;1;1;0
DOC-2d7029ab71f8;Bernau bei Berlin_SPD_2024.txt;Kommunalwahlprogramm Gemeinde;Gemeinde;2024.0;2d7029ab71f8de58d29b2cccc187158ad87827724b29a257ad069d356657b3f3;28308;1;1;0
DOC-2d7d82efa5b4;ne09spd.txt;Kommunalwahlprogramm Gemeinde;Gemeinde;2009.0;2d7d82efa5b46985ed64401ff1da67f77f8af9a95b284767f99a344a8e39e738;86916;1;1;0
DOC-2da95c89bc97;Oedheim_FWG_2024.txt;Kommunalwahlprogramm Gemeinde;Gemeinde;2024.0;2da95c89bc97ff6cd94475e183f9bd47b96b7db56d59955ce3539e528084394e;3642;1;1;0
DOC-2dcc34a121ec;ha14fdp.txt;Kommunalwahlprogramm Gemeinde;Gemeinde;2014.0;2dcc34a121ec97a723cacb0a05eef3d10db4005e09ee4b27382a7f885b3fbd74;26083;1;1;0
DOC-2dd6281ace9f;Hohenmölsen_Grüne_2024.txt;anderes kommunales Wahlprogramm;Landkreis;2024.0;2dd6281ace9f434a6def432dc91890c5e30cea16fbb706444dc50eee03506662;9697;2;1;1
DOC-2ddb2b9949cc;rs09fdp.txt;Kommunalwahlprogramm Gemeinde;Gemeinde;2009.0;2ddb2b9949ccd739fb3f1860e9313f34b85d0abda6b4d15fc07a38e007587f24;42349;1;1;0
DOC-2deb93554bee;Dessau-Roßlau_Grüne_2024.txt;Kommunalwahlprogramm Gemeinde;Gemeinde;2024.0;2deb93554bee5f8fc2259904dced9bca1663a503dba433ac1db66ccdaf451ba5;52657;1;1;0
DOC-2e1cc36e1afc;ch14fdp.txt;Kommunalwahlprogramm Gemeinde;Gemeinde;2014.0;2e1cc36e1afce470f3ee03695311e706cf42385b0e55ea8e0d9d2da71a69fe3e;34480;1;1;0
DOC-2e2414129203;wi16lin.txt;Kommunalwahlprogramm Gemeinde;Gemeinde;2016.0;2e24141292033adccdc5d6590f556adaf770ab57627b8338edfdfc79b720ae19;88555;1;1;0
DOC-2e5bba4761f0;je14pir.txt;Kommunalwahlprogramm Gemeinde;Gemeinde;2014.0;2e5bba4761f000c03e575b82188673a7d6d670725c16d22f3dcbf6b7e9adbae1;51126;1;1;0
DOC-2e8484f3600e;sb19lin.txt;Kommunalwahlprogramm Gemeinde;Gemeinde;2019.0;2e8484f3600ea02d72b7ffd9b0b90c3eebb216093f12f84652c371281d9df150;27866;1;1;0
DOC-2e8c2a54e296;ul19uws.txt;Kommunalwahlprogramm Gemeinde;Gemeinde;2019.0;2e8c2a54e296c03d487190321e234e1e9f158e769013fcb3002291d353620d2c;989;1;1;0
DOC-2ef5a62831ee;rg14csu.txt;Kommunalwahlprogramm Gemeinde;Gemeinde;2014.0;2ef5a62831eec68875f4341a2d3a7638e109359ddb94c09d9757266d3ace4f0d;42562;1;1;0
DOC-2f0cf37b214c;Calbe (Saale)_SPD_2024.txt;Kommunalwahlprogramm Gemeinde;Gemeinde;2024.0;2f0cf37b214c87e601f9973462c867ae33a7fc78406077fd803e9978cafe9161;464;1;1;0
DOC-2f15ca393557;Heilbronn_FDP_2024.txt;Kommunalwahlprogramm Gemeinde;Gemeinde;2024.0;2f15ca39355708cb210744c7a8e1e35576705b3a04b7a9ec239d066edea28003;70204;1;1;0
DOC-2f2369b0af8d;pf14lbb.txt;Kommunalwahlprogramm Gemeinde;Gemeinde;2014.0;2f2369b0af8d497f7e442d16593dd7faaebd66fc7880b305acceaca6e787cd5f;1450;1;1;0
DOC-2f3b4fd19f6d;ha14bfh.txt;Kommunalwahlprogramm Gemeinde;Gemeinde;2014.0;2f3b4fd19f6ddbe4bdce70711809f8928ab542f0af150735b67e881407d8bcbb;4609;1;1;0
DOC-2f3d5dee7660;hd19par.txt;Kommunalwahlprogramm Gemeinde;Gemeinde;2019.0;2f3d5dee7660ca07adbcfcf91ba29b28e641192c493233fdb76d9688270bffd3;2862;1;1;0
DOC-2f459563ae35;ff11fwg.txt;Kommunalwahlprogramm Gemeinde;Gemeinde;2011.0;2f459563ae3571a84bea0c88043307c098ed4bba4e7d2ec496ecd54f7156011d;58825;1;1;0
DOC-2f48b8e5613e;ha09cdu.txt;Kommunalwahlprogramm Gemeinde;Gemeinde;2009.0;2f48b8e5613e1002720ae7211a3a95556b734397fec38b29a3f5776efaee4372;41109;1;1;0
DOC-2f699f7a65dd;bg09lin.txt;Kommunalwahlprogramm Gemeinde;Gemeinde;2009.0;2f699f7a65ddadbca401e853441f4da579c90b1bdd9559d0a0527e031244512e;48076;1;1;0
DOC-2f79771cbc1c;co19fdp.txt;Kommunalwahlprogramm Gemeinde;Gemeinde;2019.0;2f79771cbc1ca9890124cbc06a51740401d19c946cf959a2b179321500ce7a0f;5040;1;1;0
DOC-2f7f7f9fe393;Lahnstein_Linke_2024.txt;anderes kommunales Wahlprogramm;Land;2024.0;2f7f7f9fe3930343848d33ad55fbbed111d999c28cc700b691e7f6f1e45eafa1;22606;2;1;1
DOC-2f833cce0ddd;bh15spd.txt;Kommunalwahlprogramm Gemeinde;Gemeinde;2015.0;2f833cce0ddd12d1d063039346b5e236fe894500171fd0453f9e21b15c19f626;94329;1;1;0
DOC-2f992ecedbca;Biederitz_Grüne_2024.txt;Kommunalwahlprogramm Gemeinde;Gemeinde;2024.0;2f992ecedbca9bed80984227ae7b34a00afa6264184435d1be4231ecfca9ec4b;2012;1;1;0
DOC-2f9eba45c8ef;Dresden_Linke_2024.txt;Kommunalwahlprogramm Gemeinde;Gemeinde;2024.0;2f9eba45c8eff061fc8a440b127ebf370be6820abe955ac9a0226f0e1ece5f65;38278;1;1;0
DOC-2fb6a1509168;ha09spd.txt;Kommunalwahlprogramm Gemeinde;Gemeinde;2009.0;2fb6a15091684a36ff944c5230c5a2a42717d36bc06568c42b429f1f61afaa52;31766;1;1;0
DOC-2fc1da0c9898;hm94gru.txt;Kommunalwahlprogramm Gemeinde;Gemeinde;1994.0;2fc1da0c989851edccd04531649fc4b16e2ef5e12395956d8a8577e032c4f4a5;38028;1;1;0
DOC-2fe8e19ee3cc;Oebisfelde-Weferlingen_AfD_2024.txt;anderes kommunales Wahlprogramm;Landkreis und Gemeinden;2024.0;2fe8e19ee3ccfdbaa931211e457c0f4cc394de72f2bd9487817a957952235456;29254;2;1;1
DOC-2ff6e5a06c77;Güstrow_Grüne_2024.txt;anderes kommunales Wahlprogramm;Landkreis und Gemeinden;2024.0;2ff6e5a06c770708c7dda92d3c9711aaa354b6ac3a5970d4ce036fb99f1bab44;12273;2;1;1
DOC-30290c652b61;Brieselang_AfD_2024.txt;anderes kommunales Wahlprogramm;Landkreis und Gemeinden;2024.0;30290c652b61991706247277856e3d35271ac669959eec3a0aa2b66865bd646d;21352;2;1;1
DOC-304c6e2a58ee;dl11fdp.txt;Kommunalwahlprogramm Gemeinde;Gemeinde;2011.0;304c6e2a58ee80742a9fe53e1cc139ac5e4ccbdd56be5f43ce9547e88ab4b0a4;28362;1;1;0
DOC-3060518a419d;Trier_AfD_2024.txt;Kommunalwahlprogramm Gemeinde;Gemeinde;2024.0;3060518a419d070886fd295d37aa86227614dfc58f03a7bdba97078d846c0e30;35418;1;1;0
DOC-30987ee3de07;Karlsruhe_Volt_2024.txt;Kommunalwahlprogramm Gemeinde;Gemeinde;2024.0;30987ee3de07dbc51eabf32b240b4756d89e386b43e680389fc4a56af67fc14c;118163;1;1;0
DOC-30f73ce92656;Mainz_FDP_2024.txt;Kommunalwahlprogramm Gemeinde;Gemeinde;2024.0;30f73ce92656687653e3a620caf7bfdc976589e8e9da9074c769987dacf031b0;49159;1;1;0
DOC-30f80d4df344;Forst (Lausitz)_Grüne_2024.txt;Kommunalwahlprogramm Gemeinde;Gemeinde;2024.0;30f80d4df344505bbc4eded48f673305f085420ee760dbf721ce07141649c9a9;6771;1;1;0
DOC-31053a14b2b0;kogpdfr.txt;Grundsatzprogramm;übergeordnet;;31053a14b2b07da4889696c24aab9fbe84e31e008f6a5788c5afb5f3f4c5f3a4;15421;1;1;0
DOC-3118695cb0f0;Greifswald_Linke_2024.txt;Kommunalwahlprogramm Gemeinde;Gemeinde;2024.0;3118695cb0f06d902c9c9396c231f359ac21f9b65b05af39cf20e5010ca6b8db;47519;1;1;0
DOC-311dcff71f2e;ko09gru.txt;Kommunalwahlprogramm Gemeinde;Gemeinde;2009.0;311dcff71f2ee6ef68aa35a75fa52a66c552b4a5ac4f775cac15c011dc6b50ef;92114;1;1;0
DOC-31238044b055;Offenburg_Grüne_2024.txt;Kommunalwahlprogramm Gemeinde;Gemeinde;2024.0;31238044b055320f4b0e505bcac1aba3c1be3fa545459dcb2df4e4756e602677;3980;1;1;0
DOC-312b94f3ab50;ko20fdp.txt;Kommunalwahlprogramm Gemeinde;Gemeinde;2020.0;312b94f3ab50743615dad623d1983d84e63f09a8bc7029c1b4c0c39201e6187a;246482;1;1;0
DOC-313819a2ad48;si20cdu.txt;Kommunalwahlprogramm Gemeinde;Gemeinde;2020.0;313819a2ad485016a95a8f62423ad83b79956b30496672e9453a87d9235d7282;31319;1;1;0
DOC-314c8c6fe7d1;Halle (Saale)_Linke_2024.txt;Kommunalwahlprogramm Gemeinde;Gemeinde;2024.0;314c8c6fe7d1946d14aec9763542f83050d2cba28943dd65469b2cced5d93c15;80415;1;1;0
DOC-31545cc7f5dc;ro19spd.txt;Kommunalwahlprogramm Gemeinde;Gemeinde;2019.0;31545cc7f5dc31a0323ab072e22c356f31f973d9842f918e2ca66c43084e9732;4829;1;1;0
DOC-31591f14a57d;fu20csu.txt;Kommunalwahlprogramm Gemeinde;Gemeinde;2020.0;31591f14a57d7ccc200c1b0b3d2eeef6e438176d76e0cd63eb09c98939962864;21460;1;1;0
DOC-3174790a4e03;Zerbst_SPD_2024.txt;Kommunalwahlprogramm Gemeinde;Gemeinde;2024.0;3174790a4e03cad94193153cf03a8668618f5b9f41b986e9c48edf35be7c382d;16905;1;1;0
DOC-31b135576766;Freiberg_Grüne_2024.txt;Kommunalwahlprogramm Gemeinde;Gemeinde;2024.0;31b1355767661131f3e9a288b78a73dd03ff224be386fc98650c85d3c6993cc3;7457;1;1;0
DOC-31c6946cb9c7;kb19afd.txt;Kommunalwahlprogramm Gemeinde;Gemeinde;2019.0;31c6946cb9c76a395651f744a45128851fcbae5922c782ab94484f6a241d5cc0;2876;1;1;0
DOC-31c8dce62c91;ne20fdp.txt;Kommunalwahlprogramm Gemeinde;Gemeinde;2020.0;31c8dce62c91edad77e79504c9ef933b4072a7c064efd14883a8ba405f89b882;40194;1;1;0
DOC-31d5e761b9bf;Frohburg_CDU_2024.txt;Kommunalwahlprogramm Gemeinde;Gemeinde;2024.0;31d5e761b9bfe1bd3f01768b0a28148d954f138ec6720ea0744794d25130019b;2114;1;1;0
DOC-31de037ba39d;Dornburg-Camburg_AfD_2024.txt;anderes kommunales Wahlprogramm;Landkreis und Gemeinden;2024.0;31de037ba39d42e7c8eebab14536f0fa689699da63b8c7b6160a6d2a128caa65;2732;2;1;1
DOC-31e478d4f698;bh15pir.txt;Kommunalwahlprogramm Gemeinde;Gemeinde;2015.0;31e478d4f698d6f00a1b017a980945fd599b0f0381daba55dad7f69c13dd9612;14049;1;1;0
DOC-31fe17ba76a3;mh14lin.txt;Kommunalwahlprogramm Gemeinde;Gemeinde;2014.0;31fe17ba76a3a83ed7b90643d331c2e028e8684268c02c161585acccfc74162f;166630;1;1;0
DOC-3227a2031a08;Saalfeld (Saale)_Linke_2024.txt;anderes kommunales Wahlprogramm;Landkreis und Gemeinden;2024.0;3227a2031a080438600c218250234ccb6f1ba8d78bdbbf32bad8c0d68a56b09c;9114;2;1;1
DOC-3296e7fdd08b;ge14lin.txt;Kommunalwahlprogramm Gemeinde;Gemeinde;2014.0;3296e7fdd08b3bb33daadbf36449efa3df7e3381a06fbc8ae13dfd50276acb5a;101490;1;1;0
DOC-32a0deac1cb9;Sömmerda_CDU_2024.txt;anderes kommunales Wahlprogramm;Landkreis und Gemeinden;2024;32a0deac1cb97cf98d075f313d5be191cd3c109a4cf616886e81363f1701db06;9955;1;0;1
DOC-32a4af5dee43;ge20aug.txt;Kommunalwahlprogramm Gemeinde;Gemeinde;2020.0;32a4af5dee43b41c7995e5f11cf605ae547c17598be7999d264d3d997afb5dfc;33070;1;1;0
DOC-32b0d2c5d4c5;dl16cdu.txt;Kommunalwahlprogramm Gemeinde;Gemeinde;2016.0;32b0d2c5d4c5359c1a520685042ca97c1b4218640f21800acfdaef558d353a69;22366;1;1;0
DOC-32bc0fcfd3b0;ob14cdu.txt;Kommunalwahlprogramm Gemeinde;Gemeinde;2014.0;32bc0fcfd3b0d0264826f00ea83670b3b527963d3ea43c39624b794a84f23360;65592;1;1;0
DOC-32cad57e23b6;bo09cdu.txt;Kommunalwahlprogramm Gemeinde;Gemeinde;2009.0;32cad57e23b611b03f6e9fdd5158fc091c6ec11c06130ebdb54b234538b9ef3b;95462;1;1;0
DOC-32e56f455dee;ms20vlt.txt;Kommunalwahlprogramm Gemeinde;Gemeinde;2020.0;32e56f455dee3249f102275024fd0e189f32fcb459a8def43d11265ec2a1eaf9;22434;1;1;0
DOC-32eb952cb55a;du09jud.txt;Kommunalwahlprogramm Gemeinde;Gemeinde;2009.0;32eb952cb55a779b2e56771a6a397415ffdfe7e9e8708b6c1fc023c9197d37ae;8660;1;1;0
DOC-32fa6ef09c6d;mo99cdu.txt;Kommunalwahlprogramm Gemeinde;Gemeinde;1999.0;32fa6ef09c6dd41f01f9579ba8e722c445202dd5561f683e65d47598c752b54f;19523;1;1;0
DOC-32fb0d3292e5;mg14gru.txt;Kommunalwahlprogramm Gemeinde;Gemeinde;2014.0;32fb0d3292e515a22b67cc78c1bedabffbf16410487a2cf77ae1d4d076ae6ece;105629;1;1;0
DOC-334ec07fcace;Potsdam_FDP_2024.txt;Kommunalwahlprogramm Gemeinde;Gemeinde;2024.0;334ec07fcacec4a3dce418973fef858270cae340f24cd0e83c0ca629ee0b2e37;35520;1;1;0
DOC-33563030a116;he20spd.txt;Kommunalwahlprogramm Gemeinde;Gemeinde;2020.0;33563030a1167faf4e765a2a141a62e178e4ccc71cbdd7e4e5d01bc84be8772c;43949;1;1;0
DOC-337c5db194c0;dr19gru.txt;Kommunalwahlprogramm Gemeinde;Gemeinde;2019.0;337c5db194c04ec1baccd9cd6a7f3fb4e2c30cd91735c76cc255b8d9ed5d2284;153775;1;1;0
DOC-337cacda3513;rg14lin.txt;Kommunalwahlprogramm Gemeinde;Gemeinde;2014.0;337cacda35136361749d25f39f16ec3c72be4cedff8e2cf9051aa8de83ad6ea5;69353;1;1;0
DOC-33958e9772da;Rostock_Grüne_2024.txt;Kommunalwahlprogramm Gemeinde;Gemeinde;2024.0;33958e9772daeaafed6bf72fb385ba2572eedb6c8d29c101d64d23a1397a31ec;89054;1;1;0
DOC-33a2efc39b8d;Ludwigsburg_FDP_2024.txt;Kommunalwahlprogramm Gemeinde;Gemeinde;2024.0;33a2efc39b8db4c1ef7c77ba61156cd1adaf7c2284af8289827ce624311a6c1d;20975;1;1;0
DOC-33aeae790a65;du14bul.txt;Kommunalwahlprogramm Gemeinde;Gemeinde;2014.0;33aeae790a654e40ff97ae0a0d7cb2d1b47e40f13a9304e245e6c7a25ea1e502;3274;1;1;0
DOC-341edb8993cd;wz14fdp.txt;Kommunalwahlprogramm Gemeinde;Gemeinde;2014.0;341edb8993cd210093e7242795053208069cf0378895b9c6e0029b5b720d65c9;25232;1;1;0
DOC-343fd2479438;bh15afd.txt;Kommunalwahlprogramm Gemeinde;Gemeinde;2015.0;343fd247943801f89e78f0d4674e4af9675b092f58415f776d7c84aec46c6188;6708;1;1;0
DOC-3464f6e755c4;wi06blw.txt;Kommunalwahlprogramm Gemeinde;Gemeinde;2006.0;3464f6e755c4dc0de5558bdc040b968552fb2b56bb9e883f4c2ac7a7045ffae2;9016;2;2;0
DOC-34893f4baffa;pf19cdu.txt;Kommunalwahlprogramm Gemeinde;Gemeinde;2019.0;34893f4baffacb49c2b6bac7552b1be76a6f5211ff9ff95bc7110a509f49b46d;13449;1;1;0
DOC-349539cb68af;wv06fdp.txt;Kommunalwahlprogramm Gemeinde;Gemeinde;2006.0;349539cb68af0648e34412eb9a2f68d33e14985f049de23d7fdd2be9c0fcb9c5;10499;1;1;0
DOC-34a58ca53c50;kr20bob.txt;Kommunalwahlprogramm Gemeinde;Gemeinde;2020.0;34a58ca53c509065fc13c8b7367e30a8e6388fcb7133eb3e24d51807b02e121c;8270;1;1;0
DOC-34d53e6841bd;lp19gru.txt;Kommunalwahlprogramm Gemeinde;Gemeinde;2019.0;34d53e6841bd03d261ada2f5a4b23359227fb60f797fc9a13589ed60dc5f5a53;145170;1;1;0
DOC-34d84ae19b59;Waiblingen_FWG_2024.txt;Kommunalwahlprogramm Gemeinde;Gemeinde;2024.0;34d84ae19b59aa88f301aadfccfd4fa1d17fd9f1cd305ba9cf926f9c869ed428;2046;1;1;0
DOC-34d92643f9a1;Traben-Trarbach_FWG_2024.txt;anderes kommunales Wahlprogramm;Landkreis;2024.0;34d92643f9a1b158e14ffc3e28338bad042959551754bffd04448c6bdbe27147;38169;2;1;1
DOC-34df3a6b36a2;mb14gru.txt;Kommunalwahlprogramm Gemeinde;Gemeinde;2014.0;34df3a6b36a23c57d28a88bb8366a1f78a9f2669db48786f731f87866c2e829e;50565;1;1;0
DOC-34e72caa0e8c;hl19gru.txt;Kommunalwahlprogramm Gemeinde;Gemeinde;2019.0;34e72caa0e8c32d5e0fa74c1626c38d8ba6688c85ca5c0ce0891b8771426765e;86035;1;1;0
DOC-3543408a538e;Böblingen_SPD_2024.txt;Kommunalwahlprogramm Gemeinde;Gemeinde;2024.0;3543408a538ee229d82a786a0c284f5b014a32f88973c7a32ce2ae6356172f40;15320;1;1;0
DOC-35697f180269;ro14rob.txt;Kommunalwahlprogramm Gemeinde;Gemeinde;2014.0;35697f180269a37f7bff419387952f4aaa40f8f072b593305a3e52e52f6bd475;9232;1;1;0
DOC-356c270bcb7f;co19uco.txt;Kommunalwahlprogramm Gemeinde;Gemeinde;2019.0;356c270bcb7fa3b71753e7c971202ed0e6051422b2f42d9e7afa52c5d60fb1de;19950;1;1;0
DOC-35bffad3792b;mg20afd.txt;Kommunalwahlprogramm Gemeinde;Gemeinde;2020.0;35bffad3792b8e3840326b35d3537667d4f41da53976c699c70bb8a42d15ab25;30133;1;1;0
DOC-360336ca2be3;ma14gru.txt;Kommunalwahlprogramm Gemeinde;Gemeinde;2014.0;360336ca2be3ba17e9800f888f36ac872140d13bb94eb44e40751dac1f195ea3;131767;1;1;0
DOC-366014ccd3c5;Oberlungwitz_FDP_2024.txt;anderes kommunales Wahlprogramm;Landkreis;2024.0;366014ccd3c541f2d7e3629277fca7547a30ee05e7d04af24fe8826d2ec6fb32;8675;2;1;1
DOC-369467f0c884;ds20fdp.txt;Kommunalwahlprogramm Gemeinde;Gemeinde;2020.0;369467f0c884092311cb20be1b89bdd18167f2b3cb13b407d72421d435eb397d;170287;1;1;0
DOC-370da95009d8;mb14lin.txt;Kommunalwahlprogramm Gemeinde;Gemeinde;2014.0;370da95009d8589d10330762ee79281e4022b824f032caff305f94cb35000b01;57109;1;1;0
DOC-37541058d42e;Stuttgart_FDP_2024.txt;Kommunalwahlprogramm Gemeinde;Gemeinde;2024.0;37541058d42e63dae6999d92d703ab3e65a242ee4585a90c1bb958749feb4534;33969;1;1;0
DOC-375da7b084ec;bg20bgl.txt;Kommunalwahlprogramm Gemeinde;Gemeinde;2020.0;375da7b084ec221e52aa718c5950082867bbbc8f5da2c619c36fd62848131b15;12493;1;1;0
DOC-376dc7cd5c64;in20lin.txt;Kommunalwahlprogramm Gemeinde;Gemeinde;2020.0;376dc7cd5c649e04b749b23be8bc3ce3f166fe7012cbc8652e50012b3e786bd5;57772;1;1;0
DOC-377acd8c5edd;nu14fwg.txt;Kommunalwahlprogramm Gemeinde;Gemeinde;2014.0;377acd8c5edd66fd9b8ed69c7d501d89ed014c73c869103640ffde656efa338d;4028;1;1;0
DOC-37873c951f5f;Görlitz_Linke_2024.txt;anderes kommunales Wahlprogramm;Landkreis;2024.0;37873c951f5f5600a8f3d57b93c0d7b0472c521902ac969e960791df5ef58ef2;24709;2;1;1
DOC-37a47a9cef3a;es14par.txt;Kommunalwahlprogramm Gemeinde;Gemeinde;2014.0;37a47a9cef3a584e4407f53e70bb1bb5dd65b35b8d3aea69e04ae233e5edde84;992;1;1;0
DOC-37bab5f4bdee;je19bfj.txt;Kommunalwahlprogramm Gemeinde;Gemeinde;2019.0;37bab5f4bdee075a43a24f7eefa4802a04fdc32b514dc0ddf9003dd102a460d2;5568;1;1;0
DOC-37c9cf9cc7f6;hm04cdu.txt;Kommunalwahlprogramm Gemeinde;Gemeinde;2004.0;37c9cf9cc7f6c4f6eae6ca657a41525e39700ec1c6a3dc06377882fd8f9c0b50;32091;1;1;0
DOC-37e06f9e11c2;le09spd.txt;Kommunalwahlprogramm Gemeinde;Gemeinde;2009.0;37e06f9e11c2acb149460482685bf92903aea049f3012d164d36a8861696a82c;33814;1;1;0
DOC-381504d4e798;Premnitz_CDU_2024.txt;anderes kommunales Wahlprogramm;Landkreis;2024.0;381504d4e798c971a9b21c7e7c8f1970c10c585385d98a2e115c7bb028aa1700;14499;2;1;1
DOC-382e33ef7f67;Leipzig_Freie Sachsen_2024.txt;Grundsatzprogramm;Landkreis;2024.0;382e33ef7f6725ecea59ea60704c27b66f07ad8405154e12de0df68c3490b27d;18123;2;1;1
DOC-38309cadfeb5;fu14lin.txt;Kommunalwahlprogramm Gemeinde;Gemeinde;2014.0;38309cadfeb59a98b7c151d91790157c38a9fdc3041b3870a5c58a685a8185d4;10054;1;1;0
DOC-3836efdd910b;do12fbi.txt;Kommunalwahlprogramm Gemeinde;Gemeinde;2012.0;3836efdd910b76580460788ec00d9ed9b5845a78a6553f8d09ca02f37f299aff;14364;1;1;0
DOC-3889053c37d7;Greifswald_Volt_2024.txt;Kommunalwahlprogramm Gemeinde;Gemeinde;2024.0;3889053c37d7de5d2ba00f47d6a07f574a7e9c70d4b885ec3edb82715b0be6cd;111559;1;1;0
DOC-38e56c35bc37;ha20fdp.txt;Kommunalwahlprogramm Gemeinde;Gemeinde;2020.0;38e56c35bc372a05c3a36ff60345818e48b3fa69f43166639f4ddc17df990342;33549;1;1;0
DOC-38f4c6d7c836;ms20lin.txt;Kommunalwahlprogramm Gemeinde;Gemeinde;2020.0;38f4c6d7c836b3d37a6319188a04ea53a2995dbd31a080765afa45af9dd165ef;160684;1;1;0
DOC-38f867d70f61;ka01cdu.txt;Kommunalwahlprogramm Gemeinde;Gemeinde;2001.0;38f867d70f61e1f45cb2897a6ab42d09ab2d191ba57b079b728a540984d9fca6;63110;1;1;0
DOC-391e5da35d45;Trier_FDP_2024.txt;Kommunalwahlprogramm Gemeinde;Gemeinde;2024.0;391e5da35d450cf0231fc4c624c8af1018342a770c73b3c3cdb9bca8be5251bb;187816;1;1;0
DOC-392c220aebe3;Heidelberg_Heidelberg in Bewegung_2024.txt;Kommunalwahlprogramm Gemeinde;Gemeinde;2024.0;392c220aebe378330ba66cbe73329d53b085cb82165684721108ff2f6fa8dce9;117205;1;1;0
DOC-39430fe68d72;Beelitz_CDU_2024.txt;Kommunalwahlprogramm Gemeinde;Gemeinde;2024.0;39430fe68d72abcacefac725c4d75eda189270943a2af2fbeeb19e7afe66b701;3397;1;1;0
DOC-3956ca7f65d6;Ulm_SPD_2024.txt;Kommunalwahlprogramm Gemeinde;Gemeinde;2024.0;3956ca7f65d6cd10ab134de903c87ef568b8de6e60a231a780c23f20405ee69d;12245;1;1;0
DOC-395f1b666b3e;ks19kal.txt;Kommunalwahlprogramm Gemeinde;Gemeinde;2019.0;395f1b666b3ee96e792a12a331ef92b292bf4fd59a8c12aec33a2c4633958ce9;2751;1;1;0
DOC-3961c29687a7;er14spd.txt;Kommunalwahlprogramm Gemeinde;Gemeinde;2014.0;3961c29687a78f12837ce0054b29a7e01a7f8c999c49bbab0a79744e674039b7;384373;1;1;0
DOC-397cf2c678ee;Rochlitz_CDU_2024.txt;anderes kommunales Wahlprogramm;Landkreis und Gemeinden;2024.0;397cf2c678ee03a9e09f57c08d344d8eefc4a9ccbb0a2de2b853b565a4ea0c72;13508;2;1;1
DOC-399b4f56580e;ms14odp.txt;Kommunalwahlprogramm Gemeinde;Gemeinde;2014.0;399b4f56580e982a8b59668701f3203f893a0822e0e46727e06f5debbddbb879;31746;1;1;0
DOC-39b03abc5370;ol06fdp.txt;Kommunalwahlprogramm Gemeinde;Gemeinde;2006.0;39b03abc53702943ceb5bf3afc2c4145aec107c1eed07377ddd65ab683392be5;20184;1;1;0
DOC-3a2018e2f712;ha04gru.txt;Kommunalwahlprogramm Gemeinde;Gemeinde;2004.0;3a2018e2f712a9f21bad255c690eb3f1bbe9ce6f2905a37069b62e9c44906bc1;89447;1;1;0
DOC-3a3dd1f8f43e;go16gru.txt;Kommunalwahlprogramm Gemeinde;Gemeinde;2016.0;3a3dd1f8f43e65c6e42b8249d38bc3f9798bab00147cc8c43532ce6c408aebb5;59102;1;1;0
DOC-3a64caa465b6;ki18afd.txt;Kommunalwahlprogramm Gemeinde;Gemeinde;2018.0;3a64caa465b6953dc1c504028499326a0fe3741b5806571081ead9d32cd5ce8c;5763;1;1;0
DOC-3a758d34fed4;Dresden_Team-Zastrow Bündnis Sachsen 24_2024.txt;Kommunalwahlprogramm Gemeinde;Gemeinde;2024.0;3a758d34fed4d650d3f6ee398e0aa205ff9d7b4668bec12e0993bbfbfb4fcc5a;125348;1;1;0
DOC-3a893513c0d6;Reutlingen_FWG_2024.txt;Kommunalwahlprogramm Gemeinde;Gemeinde;2024.0;3a893513c0d622547e05a315696d5d25078bd8d8853e1f4276c69781207ce50f;43818;1;1;0
DOC-3ad4f88612a5;Frohburg_SPD_2024.txt;Kommunalwahlprogramm Gemeinde;Gemeinde;2024.0;3ad4f88612a5186ead2626903fe969fa40baaba801e10964b0db5259f1319605;1290;1;1;0
DOC-3b013b19b0ab;rg14odp.txt;Kommunalwahlprogramm Gemeinde;Gemeinde;2014.0;3b013b19b0abf46c83c6d7c5a11b544fc39ca7e99d571e3c6c26538dc305f237;34689;1;1;0
DOC-3b0fdc598b06;Arnstadt_CDU_2024.txt;Kommunalwahlprogramm Gemeinde;Gemeinde;2024.0;3b0fdc598b068115f93f547155ef766dee53a9089ce519e9e483bdced25db268;6869;1;1;0
DOC-3b3a5b87b947;Sangerhausen_BOS_2024.txt;Kommunalwahlprogramm Gemeinde;Gemeinde;2024.0;3b3a5b87b94746cbb2118c380ea4ef6990dcfa5f1438c5b0beec15e6c6c700ff;2142;1;1;0
DOC-3b4bc36882a0;dr19fwg.txt;Kommunalwahlprogramm Gemeinde;Gemeinde;2019.0;3b4bc36882a056ef2d9ca344c0c6913f44d71672243e86ff46b45c8999d9115b;5893;1;1;0
DOC-3b655d1eb20c;Heidelberg_IDA_2024.txt;Kommunalwahlprogramm Gemeinde;Gemeinde;2024.0;3b655d1eb20cebfac9136897cfacfffeb1d48b717d7d7eaee15c8b498f78d4c6;25859;1;1;0
DOC-3b747321f9f2;ds09cdu.txt;Kommunalwahlprogramm Gemeinde;Gemeinde;2009.0;3b747321f9f210c159e8964571561eacbabb7a73bbc70ffe9e9189b9d1e0a51d;52102;1;1;0
DOC-3ba37f219edf;Waiblingen_Alternative Liste Waiblingen_2024.txt;Kommunalwahlprogramm Gemeinde;Gemeinde;2024.0;3ba37f219edf458cff68fb432689a0081a58c6463e26c3b29eb44f20787189ad;15228;1;1;0
DOC-3bbbfebf0302;wi01lin.txt;Kommunalwahlprogramm Gemeinde;Gemeinde;2001.0;3bbbfebf03021a9b2b6f8fe240324f49f908526d10399e0fbc7507547a651ad0;7610;1;1;0
DOC-3be68d3e63c7;mz14pir.txt;Kommunalwahlprogramm Gemeinde;Gemeinde;2014.0;3be68d3e63c714eed7b3d64187ed57e2648025b758e14248f1be74d245b710db;50096;1;1;0
DOC-3c0226fac691;bo09gru.txt;Kommunalwahlprogramm Gemeinde;Gemeinde;2009.0;3c0226fac691a772b6bac6898df98ba457a3f21d06f11a50626878b1d0093cec;147788;1;1;0
DOC-3c3276dafda9;hv16gru.txt;Kommunalwahlprogramm Gemeinde;Gemeinde;2016.0;3c3276dafda9b51b4ae47906700763c918a68fc4750ca43652f9991ceb10ef01;210178;1;1;0
DOC-3c42cd3dece1;Waghäusel_Grüne_2024.txt;Kommunalwahlprogramm Gemeinde;Gemeinde;2024.0;3c42cd3dece14b787f089b748a8d4b521f8db57fe04da113b256b4c9c03c34bf;22642;1;1;0
DOC-3c57ef86131e;Schwäbisch Gmünd_FDP_2024.txt;anderes kommunales Wahlprogramm;Land;2024.0;3c57ef86131e2be6e11861ed8cb441d3fc4dcda1c0731506b685a8223c856490;99158;2;1;1
DOC-3c68305ef1ec;hl14gru.txt;Kommunalwahlprogramm Gemeinde;Gemeinde;2014.0;3c68305ef1ecdce37a83d8fb3b92f3d3d54db3de86f95eb03e3e08f7e5caddcf;123210;1;1;0
DOC-3cf2d382d9b4;bi20spd.txt;Kommunalwahlprogramm Gemeinde;Gemeinde;2020.0;3cf2d382d9b4f2831cf74d51391fd79dc2ee2d3000b87bdab48daabd7cd86353;71623;1;1;0
DOC-3cff55de3cde;dr14fdp.txt;Kommunalwahlprogramm Gemeinde;Gemeinde;2014.0;3cff55de3cdeaf673e93f172e6056c72d66dec3a21925b93e3c2196088bb9d72;104803;1;1;0
DOC-3d029678cc56;Worms_Linke_2024.txt;Kommunalwahlprogramm Gemeinde;Gemeinde;2024.0;3d029678cc56aaeee598533777daab79a604eb6e1993964cb11d6e3189ccc7f4;25064;1;1;0
DOC-3d061a69ce2c;Görlitz_Grüne_2024.txt;anderes kommunales Wahlprogramm;Landkreis und Gemeinden;2024.0;3d061a69ce2c310ea7c5e5dc61d2b276ec301cae4c7e9d41c08e2071cf9297ef;19421;2;1;1
DOC-3d43746114ba;ef19lin.txt;Kommunalwahlprogramm Gemeinde;Gemeinde;2019.0;3d43746114badb5c0bcaa953771ce4c1fe2c330abb555b7510beff498be76aa1;45990;1;1;0
DOC-3d7b32b31bd9;le20gru.txt;Kommunalwahlprogramm Gemeinde;Gemeinde;2020.0;3d7b32b31bd9a6e083b641c2edfe855e82f1217dd09c8d710da4861f316cfa24;89994;1;1;0
DOC-3d7e010283f0;wi16spd.txt;Kommunalwahlprogramm Gemeinde;Gemeinde;2016.0;3d7e010283f0ef9cf157bac05468dd5d9ab428858a73e71aae494b90bf2c78bb;197290;1;1;0
DOC-3da02b1bdfed;ds20lin.txt;Kommunalwahlprogramm Gemeinde;Gemeinde;2020.0;3da02b1bdfed1687dfc61e66cf2564bc80ded48e47ea606459f51aa287a53625;69381;1;1;0
DOC-3dad2586d7eb;ka06fwg.txt;Kommunalwahlprogramm Gemeinde;Gemeinde;2006.0;3dad2586d7ebca7fc2b15733d8d393489f7fbafe90d6c4610a86a087f6e43f89;37032;1;1;0
DOC-3dc5c2494e3f;ma19fdp.txt;Kommunalwahlprogramm Gemeinde;Gemeinde;2019.0;3dc5c2494e3f2123f6964e2f4397c82c05ecc7634d6f22a1484e2e413e1454ef;111458;1;1;0
DOC-3dc7e47af7fe;wo16lin.txt;Kommunalwahlprogramm Gemeinde;Gemeinde;2016.0;3dc7e47af7fe0af304fdfc02b2b90f8d0e932fe71f0e6b26129e35a5ca82cdb9;41540;1;1;0
DOC-3df689bddb00;ds20bli.txt;Kommunalwahlprogramm Gemeinde;Gemeinde;2020.0;3df689bddb008619f7f0a0e94e776b800b32cd154f6e99747fafa3815d29d0cb;23724;1;1;0
DOC-3e7784cb6203;bg09fdp.txt;Kommunalwahlprogramm Gemeinde;Gemeinde;2009.0;3e7784cb620379d2ec57f4e392df1b4f9e22d0730cbd0a42ccdbc5b754ab36eb;9633;1;1;0
DOC-3eb68f75fc78;co14cdu.txt;Kommunalwahlprogramm Gemeinde;Gemeinde;2014.0;3eb68f75fc78d8da9c06413ca5f242636102e64d06ed72c31635d7f7c766324e;33396;1;1;0
DOC-3eea1e810155;ro14lin.txt;Kommunalwahlprogramm Gemeinde;Gemeinde;2014.0;3eea1e810155e89cb3188756defb6111ed2f1c364cc0286aa6d9d5885f8706dd;14550;1;1;0
DOC-3f0fc0b4bd60;Neustadt-Glewe_Linke_2024.txt;Kommunalwahlprogramm Gemeinde;Gemeinde;2024.0;3f0fc0b4bd60a903f01a1e41bb3ebf78dc5d811786c0c5d54375f65c9a8fdc7e;1145;1;1;0
DOC-3f20142a2c26;mb14spd.txt;Kommunalwahlprogramm Gemeinde;Gemeinde;2014.0;3f20142a2c26ec68d84bac1cb2ed2eab37dd787830d3d918e7659f4e4edace89;85360;1;1;0
DOC-3f281ed7daac;rs14spd.txt;Kommunalwahlprogramm Gemeinde;Gemeinde;2014.0;3f281ed7daaced6e8d24c53fe0fc37b159c4d19902b8e6052905ba5ab6650c78;44180;1;1;0
DOC-3f4877777191;ef14cdu.txt;Kommunalwahlprogramm Gemeinde;Gemeinde;2014.0;3f487777719188352b33d966d291c83e6f8ef2b265dd6f7ca1f69bf2290f607f;47694;1;1;0
DOC-3f69a1184265;Rangsdorf_Grüne_2024.txt;Kommunalwahlprogramm Gemeinde;Gemeinde;2024.0;3f69a1184265cd2dbea62de1770b04e89e5dc3439b7c6321e31d15069a67d58e;588;1;1;0
DOC-3f95c49f08eb;st19pir.txt;Kommunalwahlprogramm Gemeinde;Gemeinde;2019.0;3f95c49f08eba802918ab81a57e6bef3fd0640cdf24358defa3d84f884b4a8f4;75533;1;1;0
DOC-3f96d9c8d0e0;Kirchheimbolanden_CDU_2024.txt;Kommunalwahlprogramm Gemeinde;Gemeinde;2024.0;3f96d9c8d0e056f15fd69737617099ec373509a8e07fbf20f1cb5466643a711b;4157;1;1;0
DOC-3fa4bcf3eb7b;Frankfurt (Oder)_Die Partei_2024.txt;Kommunalwahlprogramm Gemeinde;Gemeinde;2024.0;3fa4bcf3eb7b44999c7b918f22dfd23072c652e77f45be882ddf5de6b7ce2e63;9179;1;1;0
DOC-3fad6db38ebc;Pforzheim_CDU_2024.txt;Kommunalwahlprogramm Gemeinde;Gemeinde;2024.0;3fad6db38ebc8c7bfa209909772b84567539f780ff8f7bb2fb02d2c0cdefcf3e;12175;1;1;0
DOC-3fb201036090;hl19hsh.txt;Kommunalwahlprogramm Gemeinde;Gemeinde;2019.0;3fb201036090f6b5f3c471933e3ff56d45c4ddadcca826599be43c47d8d72cfc;16593;1;1;0
DOC-3fb8fc401526;sb14gru.txt;Kommunalwahlprogramm Gemeinde;Gemeinde;2014.0;3fb8fc40152645ab08682cf5ec208ebd9adf430c3bc68b91ac42756aad5c170f;69995;1;1;0
DOC-4003338f65a4;mg04spd.txt;Kommunalwahlprogramm Gemeinde;Gemeinde;2004.0;4003338f65a413494f9e2e3576450d455e45e449ba58a1001954cd6b0d09aae5;16794;1;1;0
DOC-4009b72e0316;Lauta_AfD_2024.txt;anderes kommunales Wahlprogramm;Landkreis und Gemeinden;2024.0;4009b72e0316bdd6b8b48ae8a629caa50314245f665a855ebba7e26d83f559c2;29915;2;1;1
DOC-401e16a040be;Oedheim_CDU_2024.txt;Kommunalwahlprogramm Gemeinde;Gemeinde;2024.0;401e16a040beebd45e7e1d3cb712ead9d68aee9938a760ea66297486995b676e;1556;1;1;0
DOC-4071a40df2e7;du14pir.txt;Kommunalwahlprogramm Gemeinde;Gemeinde;2014.0;4071a40df2e7d1f86e64927fd7c44020ded20318e21eff4e1299636babbaeba2;38279;1;1;0
DOC-40a24f539d5e;hd14bul.txt;Kommunalwahlprogramm Gemeinde;Gemeinde;2014.0;40a24f539d5e7ba2294481903e3f2571ea6ac9772f2d9b707c387c9a9d50ec38;131384;1;1;0
DOC-40aa649bb8ef;Tübingen_Grüne_2024.txt;Kommunalwahlprogramm Gemeinde;Gemeinde;2024.0;40aa649bb8ef42379e3b3e43527cd51d1d707cf2eb5473de809380a322533db4;104875;1;1;0
DOC-40e21bf628be;Weimar_Grüne_2024.txt;Kommunalwahlprogramm Gemeinde;Gemeinde;2024.0;40e21bf628be02fe9560e48c90b50b447d305b720b0e548906f0fb7f60c73849;111541;1;1;0
DOC-40eb55e2d621;da16fdp.txt;Kommunalwahlprogramm Gemeinde;Gemeinde;2016.0;40eb55e2d621c80378a21eba63ade27af01024ef5d8370ba57d04bba8a617d08;80287;1;1;0
DOC-4104b6eead1f;nu20lil.txt;Kommunalwahlprogramm Gemeinde;Gemeinde;2020.0;4104b6eead1f944b4cadd78f3bcddf633a88218213e17e2fb8840b3447394060;76608;1;1;0
DOC-410f225b0c97;of06lin.txt;Kommunalwahlprogramm Gemeinde;Gemeinde;2006.0;410f225b0c97a136d6d6e0f2e48d280cc0eb5f9fbd1831cf26ba8bda376df497;41880;1;1;0
DOC-411c8d7288c8;Baiersbronn_FWG_2024.txt;Kommunalwahlprogramm Gemeinde;Gemeinde;2024.0;411c8d7288c8615957e55d794f0db6bf5152b3db666de4dfbe2954a8cabd472a;1344;1;1;0
DOC-413b240eb0ca;wz14fwg.txt;Kommunalwahlprogramm Gemeinde;Gemeinde;2014.0;413b240eb0cac06973884d02f61db8b0e40f62938f32746e978c4c2bf88fb99f;4158;1;1;0
DOC-4141e79ca82d;ki13gru.txt;Kommunalwahlprogramm Gemeinde;Gemeinde;2013.0;4141e79ca82d562b79a0ca04fd345673c9225b95183420dd20264720e0f79910;138254;1;1;0
DOC-4143e6531a4a;fr19juf.txt;Kommunalwahlprogramm Gemeinde;Gemeinde;2019.0;4143e6531a4a43f9352043c352ab403a5fd728b69d47a6ded95bc0dc230b0675;62950;1;1;0
DOC-418410a75a94;ks19fwg.txt;Kommunalwahlprogramm Gemeinde;Gemeinde;2019.0;418410a75a940bb49421593d6ad21f8ad262337ea1250e218e3824f8fe6f12ee;16235;1;1;0
DOC-41a0651e2526;Tübingen_SPD_2024.txt;Kommunalwahlprogramm Gemeinde;Gemeinde;2024.0;41a0651e25262c9872ed5eed7fa6bf9bd44b32a64aac49c97233c7d96ab96f49;88429;1;1;0
DOC-41a128c2cba4;wu14pir.txt;Kommunalwahlprogramm Gemeinde;Gemeinde;2014.0;41a128c2cba44913c3cd68a1e92bb3be2c438d2aabe1b6438982bbb30d579774;44783;1;1;0
DOC-41c7fd5f0b7c;ro19lin.txt;Kommunalwahlprogramm Gemeinde;Gemeinde;2019.0;41c7fd5f0b7cb2e24e78efb5568ee91be1c12d5456bcf76f0f177e3c66d7dffe;7436;1;1;0
DOC-4202f10a25b4;Neuwied_FDP_2024.txt;Kommunalwahlprogramm Gemeinde;Gemeinde;2024.0;4202f10a25b476b0ad8f0e873d7f5a721e076e045afc688b2ee715b584b6a201;37439;1;1;0
DOC-4203655d1079;nu14fdp.txt;Kommunalwahlprogramm Gemeinde;Gemeinde;2014.0;4203655d1079db905a1d00c4aba4007711a479d05b457d390e219cc0222d3602;21501;1;1;0
DOC-4211c4ba098e;kb19wgs.txt;Kommunalwahlprogramm Gemeinde;Gemeinde;2019.0;4211c4ba098e6672f7680fa439dab131bd7154b8c422798b59f19659571e1ac1;1207;1;1;0
DOC-42271b4e8217;da16uwi.txt;Kommunalwahlprogramm Gemeinde;Gemeinde;2016.0;42271b4e8217547bf9e10f2bdd2952ab5f91f36f826ed8fab83179d283ee1c14;7443;1;1;0
DOC-4287d43057c8;regpubp.txt;Grundsatzprogramm;übergeordnet;;4287d43057c89322ac9e74d5bed33da7b8cca691c88d9fb358883c737dcc66c1;12120;1;1;0
DOC-42cbe2840366;mu20fwg.txt;Kommunalwahlprogramm Gemeinde;Gemeinde;2020.0;42cbe28403663d5573723d5ac3de751ad2dfc264ef6073f4501ec28e4276b405;18455;1;1;0
DOC-42d8ca9a1766;mz19spd.txt;Kommunalwahlprogramm Gemeinde;Gemeinde;2019.0;42d8ca9a17666317c34023b5a274c79a1db8b032a62a77af75e59fa86cdb762b;64284;1;1;0
DOC-42f4b520b1bb;au14spd.txt;Kommunalwahlprogramm Gemeinde;Gemeinde;2014.0;42f4b520b1bb3af07d4acedae3ffea0f2086d690ad62aee49cd1d1111f686679;132916;1;1;0
DOC-430255e4e795;Möckern_SPD_2024.txt;anderes kommunales Wahlprogramm;Landkreis;2024.0;430255e4e79580ae66dbe9b4fdff13f30cec0acaaba1fb271b9f30f20f8a6180;4883;2;1;1
DOC-430a9b85e440;bg14lin.txt;Kommunalwahlprogramm Gemeinde;Gemeinde;2014.0;430a9b85e4402a50d296548307bd00e90a0fa15bb93812c3a13275da0ecf3e5e;14098;1;1;0
DOC-430b3c323e3c;mz19fdp.txt;Kommunalwahlprogramm Gemeinde;Gemeinde;2019.0;430b3c323e3c62e94c4d358d4d06de0bba6a5875fd83a9af5e451d14e22cc93d;105165;1;1;0
DOC-43110c42ad3c;os16gru.txt;Kommunalwahlprogramm Gemeinde;Gemeinde;2016.0;43110c42ad3caf0f297aebe91da0aca6422cbf28422d986ff4b3292203b4b0ef;114787;1;1;0
DOC-431a93fc2146;bi09spd.txt;Kommunalwahlprogramm Gemeinde;Gemeinde;2009.0;431a93fc2146a814d80f4584b2184894403000af3e03549a1792007d907fb36f;55790;1;1;0
DOC-432ffd3eaa01;Friedrichshafen_Linke_2024.txt;anderes kommunales Wahlprogramm;Landkreis und Gemeinden;2024.0;432ffd3eaa017aed77796f154013c102bed6daba7d922d08d9ba1ba1c01cf994;76441;2;1;1
DOC-43349714deb3;ac09fdp.txt;Kommunalwahlprogramm Gemeinde;Gemeinde;2009.0;43349714deb3a90564e131acffdb34842969517b3c67aaaa503cc44d3105dc30;45124;1;1;0
DOC-4349ca0a40d9;Ransbach-Baumbach_SPD_2024.txt;anderes kommunales Wahlprogramm;Landkreis;2024.0;4349ca0a40d999260f88279dbf565c31bd3fcba91e8e0953069f24a523a26488;18200;2;1;1
DOC-434dd0f274bc;lb18gra.txt;Kommunalwahlprogramm Gemeinde;Gemeinde;2018.0;434dd0f274bced713b388582de86837e92679ff4c276cfc715c59d84b144fd0f;111684;2;2;0
DOC-4359d6dc5624;ds20tsp.txt;Kommunalwahlprogramm Gemeinde;Gemeinde;2020.0;4359d6dc5624fd2fa4e42be2a231e584d5374112417d3aea5d8f271d3297f7e6;14655;1;1;0
DOC-43a4dd25cfd7;ac99spd.txt;Kommunalwahlprogramm Gemeinde;Gemeinde;1999.0;43a4dd25cfd7cb3b02f4d2d82d270b062138116c4c648d7e729ab754e98fa113;87718;1;1;0
DOC-43c94ae64576;es14spd.txt;Kommunalwahlprogramm Gemeinde;Gemeinde;2014.0;43c94ae645760cd8444bdaabfb85a796306326cfaa1ba0f24fa9fad6367fa746;105453;1;1;0
DOC-43cefaa4fa3e;Esslingen am Neckar_WIR_2024.txt;Kommunalwahlprogramm Gemeinde;Gemeinde;2024.0;43cefaa4fa3e53ee6f8fa3e3d9d45d0c5f3902cb5cab8723b2e46877c15d1b71;5888;1;1;0
DOC-43e94e25166b;st14lin.txt;Kommunalwahlprogramm Gemeinde;Gemeinde;2014.0;43e94e25166b707c2e73d3a35f8ae609bccafbe31fa567037abb7d14106432a7;58247;1;1;0
DOC-441ca101c410;Karlsruhe_SPD_2024.txt;Kommunalwahlprogramm Gemeinde;Gemeinde;2024.0;441ca101c41071728123af287ef5c7bcfc934097d77bffbc720e9633bc4e1a62;66957;1;1;0
DOC-4424f80fccd1;au14afd.txt;Kommunalwahlprogramm Gemeinde;Gemeinde;2014.0;4424f80fccd1ef1f883a90f923d665dc74f29f40d1903a36d34ad010be53828e;5552;1;1;0
DOC-44614eb93936;ul19cdu.txt;Kommunalwahlprogramm Gemeinde;Gemeinde;2019.0;44614eb93936aef0a3af1b67a036e10f68ecc7cc3601e03798ecb171e65f3b3a;12758;1;1;0
DOC-446af0e67ad0;Trier_Grüne_2024.txt;Kommunalwahlprogramm Gemeinde;Gemeinde;2024.0;446af0e67ad0a00316016788e626917d6bad7dc22569ad46fbadcc087f03b833;128877;1;1;0
DOC-4482da339c45;rs09spd.txt;Kommunalwahlprogramm Gemeinde;Gemeinde;2009.0;4482da339c45d48d205417b57169cd7038bb17259035d515ae8820f8c2241446;28386;1;1;0
DOC-44a06b341256;ds14spd.txt;Kommunalwahlprogramm Gemeinde;Gemeinde;2014.0;44a06b341256e0e346fba746cf63b6a10c88bc212ab4ce47fa0dec0de1e47c47;69657;1;1;0
DOC-44b4a07f4f0c;Stuttgart_Vielfalt_2024.txt;Kommunalwahlprogramm Gemeinde;Gemeinde;2024.0;44b4a07f4f0cbb8b65693d12ef9003e997366841a563cd31872bc3e2e0d1030a;6028;1;1;0
DOC-44c563e5310f;Bad Lausick_Linke_2024.txt;anderes kommunales Wahlprogramm;Landkreis und Gemeinden;2024.0;44c563e5310f3d2772cd43658a6071cf54067c65600aecc365429b738759bd87;6651;3;2;1
DOC-450c5d92b275;Hagenow_FDP_2024.txt;anderes kommunales Wahlprogramm;Landkreis;2024.0;450c5d92b2751cdf5b4b7574c5dec0a8947c30a00c7f4aecf2deebe726673d72;2666;2;1;1
DOC-45267dc398bd;em16gru.txt;Kommunalwahlprogramm Gemeinde;Gemeinde;2016.0;45267dc398bd78ca1ebbf4faddc36300199eb6d33249eae01b23d8f9bfbc4ec0;58842;1;1;0
DOC-453b7f5a5fa6;in20bgi.txt;Kommunalwahlprogramm Gemeinde;Gemeinde;2020.0;453b7f5a5fa657731528568e0496d82683ba20858d57cd16ed92038efcd1ac2d;52789;1;1;0
DOC-453bcf5d1ac1;rs14wir.txt;Kommunalwahlprogramm Gemeinde;Gemeinde;2014.0;453bcf5d1ac1394b65ea4542a82262f6c9203b27a5b28bba039c84b7fdb55f70;21870;1;1;0
DOC-45413f8b624b;ro19afd.txt;Kommunalwahlprogramm Gemeinde;Gemeinde;2019.0;45413f8b624b83d5f38706c53296638f43609a3d80902acd781627a5f4cbf7f1;11551;1;1;0
DOC-4550784621e5;of01fdp.txt;Kommunalwahlprogramm Gemeinde;Gemeinde;2001.0;4550784621e598fbd8322fcc2d381ab2377df02c37f82b73116348ebd80762bf;179087;1;1;0
DOC-455a13007414;bg14afd.txt;Kommunalwahlprogramm Gemeinde;Gemeinde;2014.0;455a13007414787c773e22071dd0065818434fd0ca3e4145c1b2f284276894dc;17332;1;1;0
DOC-45629ae6fc75;ko14gru.txt;Kommunalwahlprogramm Gemeinde;Gemeinde;2014.0;45629ae6fc75174d7787576fe5d512fe17dec11ee8a9b01eae4ead60fce410da;212831;1;1;0
DOC-45b173efbe48;Erfurt_FWG_2024.txt;Kommunalwahlprogramm Gemeinde;Gemeinde;2024.0;45b173efbe48051ac676bcedf5d64439ae6af61ea07174a692f0712f16780a68;9210;1;1;0
DOC-45d7614267d0;re09spd.txt;Kommunalwahlprogramm Gemeinde;Gemeinde;2009.0;45d7614267d05e1bc82f1a7cf8e07a36cd6119e0f5387d92d1843adf52525dc0;38315;1;1;0
DOC-45e3649e8608;Aalen_Grüne_2024.txt;Kommunalwahlprogramm Gemeinde;Gemeinde;2024.0;45e3649e8608fd50b1e5183b37ef6e105acccca6a8faedbe6bec513659252cc8;10061;1;1;0
DOC-45efe8e20d6f;ko14afd.txt;Kommunalwahlprogramm Gemeinde;Gemeinde;2014.0;45efe8e20d6f8433d54b5e65eb4641a84a429dbf285aae10465925dd17db7ad5;38550;1;1;0
DOC-45f1a8c03b14;lp19fdp.txt;Kommunalwahlprogramm Gemeinde;Gemeinde;2019.0;45f1a8c03b14ab18a0c1b964fb70b8eca96e91a5da61df50da07f4ef301dce5a;28647;1;1;0
DOC-462254a1ba2d;kr14fdp.txt;Kommunalwahlprogramm Gemeinde;Gemeinde;2014.0;462254a1ba2d266389b90cceeafffbdfa42981fa7425fe0aa1592a00dd9dc281;86587;1;1;0
DOC-466d446d2901;hd19dhd.txt;Kommunalwahlprogramm Gemeinde;Gemeinde;2019.0;466d446d2901a913a2998d784c730997609b0620f9d20566b7e02bd27539c128;6566;1;1;0
DOC-466ea5633908;ff11fag.txt;Kommunalwahlprogramm Gemeinde;Gemeinde;2011.0;466ea563390801d2e2b571fed296ef6936ebcd0b01ce2fdcf07d4670290e7a04;104525;1;1;0
DOC-467a028681ce;re20spd.txt;Kommunalwahlprogramm Gemeinde;Gemeinde;2020.0;467a028681ce14ff14b1127a0777615cba756207a58c21178b37bba945381b36;28252;1;1;0
DOC-469dc04a29f2;Bad Belzig_SPD_2024.txt;Kommunalwahlprogramm Gemeinde;Gemeinde;2024.0;469dc04a29f2d156693fe492148d526763ed92b33f22b7a53cc4b41635971161;2929;1;1;0
DOC-46c0562fb1d7;Weiskirchen_CDU_2024.txt;anderes kommunales Wahlprogramm;Landkreis und Gemeinden;2024.0;46c0562fb1d7d2ee2f442ecb5c39be659d3e14ea677ebd1c28bfb532ccb4d4a2;17551;2;1;1
DOC-470b0d86a875;ch19prc.txt;Kommunalwahlprogramm Gemeinde;Gemeinde;2019.0;470b0d86a875873aa7e3ccededc7e24d8b35e4a270f38fdc92001a3c7bf28e16;13334;1;1;0
DOC-4716aacd0a91;po14gru.txt;Kommunalwahlprogramm Gemeinde;Gemeinde;2014.0;4716aacd0a917440347d96d0208a9cbaf44a59524d64c0cefc4cea81273e215c;100398;1;1;0
DOC-471f35cd8e7e;Karlsruhe_FDP_2024.txt;Kommunalwahlprogramm Gemeinde;Gemeinde;2024.0;471f35cd8e7e0df82859070698be26f400603590807f82184dadbcf648cbd506;33156;1;1;0
DOC-4745c021c635;sb19gru.txt;Kommunalwahlprogramm Gemeinde;Gemeinde;2019.0;4745c021c6350d9046f42795fbb80afa4defdb5cb67ae44df37e7fb423274cab;49318;1;1;0
DOC-474be1ee399e;Wustermark_FDP_2024.txt;Kommunalwahlprogramm Gemeinde;Gemeinde;2024.0;474be1ee399e3b59ea55651344874d0a00fe2372c2e7d7d58e7a4e792b0c931c;1282;1;1;0
DOC-4773ca19c71e;ffgpagp.txt;Grundsatzprogramm;übergeordnet;;4773ca19c71eb8f927e4340ac15c1aa0c2ef3d40fc9853aef19b9f2ed144c599;4642;1;1;0
DOC-47e21dffec34;re20cdu.txt;Kommunalwahlprogramm Gemeinde;Gemeinde;2020.0;47e21dffec34d3b5c4186b9fbb0a5c4d29dbc83be9caaee3c5840375a6949d69;92854;1;1;0
DOC-47e6b58abff0;es20lin.txt;Kommunalwahlprogramm Gemeinde;Gemeinde;2020.0;47e6b58abff012c6f025447b3b11eabac5cfd48cb130003a23152d9a2af890d9;168467;1;1;0
DOC-48580d3cc0eb;ki18lin.txt;Kommunalwahlprogramm Gemeinde;Gemeinde;2018.0;48580d3cc0eb0c496f24d72f36b629cf8773506b46c112b1b67d538c10e1cfb2;113435;1;1;0
DOC-48689d75b5ad;Mannheim_FWG_2024.txt;Kommunalwahlprogramm Gemeinde;Gemeinde;2024.0;48689d75b5ad7ef1aabeea5825267562a2458186e146f769d52360953eec3166;4160;1;1;0
DOC-486f02bf5400;hm20afd.txt;Kommunalwahlprogramm Gemeinde;Gemeinde;2020.0;486f02bf54005641b02ad71d074722d352f5cc0f00613014dafcc953f7f30745;97408;1;1;0
DOC-488fb4079199;Wallerfangen_Linke_2024.txt;anderes kommunales Wahlprogramm;Land;2024.0;488fb40791990841e8ebf6c4bb61c3be3645940988ba66d83a0d24e23e080c32;5065;2;1;1
DOC-48c2dcf6c471;Alzey_AfD_2024.txt;Kommunalwahlprogramm Gemeinde;Gemeinde;2024.0;48c2dcf6c4712faddaa4b2bf1fb33adc3d79a0b985e4e9721dc5d4c0aac31f01;16681;1;1;0
DOC-490b24c86015;ki18gru.txt;Kommunalwahlprogramm Gemeinde;Gemeinde;2018.0;490b24c8601547c16f890a3fc109ddf6345462781f23741a4b36670ae16c3dc0;202343;1;1;0
DOC-4911e80343f8;ds20pir.txt;Kommunalwahlprogramm Gemeinde;Gemeinde;2020.0;4911e80343f8a15c729cd9c2e7241f371166052be6b6dfea57c09fda5d42a768;45153;1;1;0
DOC-49170a2ee6b6;bn14spd.txt;Kommunalwahlprogramm Gemeinde;Gemeinde;2014.0;49170a2ee6b6bac5b3f2f478dc3a743a90d25d1f28c03e869e8900a2460ef817;65788;1;1;0
DOC-491ac074c81e;si14uwg.txt;Kommunalwahlprogramm Gemeinde;Gemeinde;2014.0;491ac074c81e03747dd6dea4617a484ada291026305ffc2fb1b18c8e956687c4;14143;1;1;0
DOC-491f8cb9c9e6;ne09cdu.txt;Kommunalwahlprogramm Gemeinde;Gemeinde;2009.0;491f8cb9c9e68c58357bc0c8d950f741f332a5b01b37e2b225fbcbc20a5e83af;61264;1;1;0
DOC-4933172e7e74;Güstrow_Linke_2024.txt;anderes kommunales Wahlprogramm;Landkreis;2024.0;4933172e7e74799a795abfc625d073b30efe4f2357ac8ca152e3ca9cb1095661;3933;2;1;1
DOC-4938f18fbe18;sa16cdu.txt;Kommunalwahlprogramm Gemeinde;Gemeinde;2016.0;4938f18fbe181ce5b6561444625dceea746ad57262c494c22ca944ecb630d278;5722;1;1;0
DOC-49447509816a;dr14cdu.txt;Kommunalwahlprogramm Gemeinde;Gemeinde;2014.0;49447509816aa515329e909ea0af5e29dd7fe38e88c7a8a2cac65580dcdef7d7;31379;1;1;0
DOC-494bee8d21bd;mo20spd.txt;Kommunalwahlprogramm Gemeinde;Gemeinde;2020.0;494bee8d21bdbaf231b4c78ce79c2205f69c2b28849b3bba9d3252b65705fc05;39224;1;1;0
DOC-497a94063104;ge14spd.txt;Kommunalwahlprogramm Gemeinde;Gemeinde;2014.0;497a940631045fa07618603bb486210712308d2b2a2fed2575302eb584a4a19e;67823;1;1;0
DOC-4996ac043881;pb14fbi.txt;Kommunalwahlprogramm Gemeinde;Gemeinde;2014.0;4996ac043881c314503bdcfc4f55ef3ab3330e20aeab519c337f7b2a3e631d11;2946;1;1;0
DOC-49a6ac284b50;pb20afd.txt;Kommunalwahlprogramm Gemeinde;Gemeinde;2020.0;49a6ac284b504bc53353e3155f3ff1ce3abd41d291154fec0a1bab474287a048;67237;1;1;0
DOC-49ba329996d7;hm14gru.txt;Kommunalwahlprogramm Gemeinde;Gemeinde;2014.0;49ba329996d7a08aba7ed258f82d9a5a8bf0f1503de7c2f22e86ed57fe02e1b7;40863;1;1;0
DOC-49bbf850f415;Bad Kreuznach_AfD_2024.txt;Kommunalwahlprogramm Gemeinde;Gemeinde;2024.0;49bbf850f415a633faac77465124d59ea163baecdc5adebcdcf07af0575e2944;12571;1;1;0
DOC-49c0580ad117;da11fwg.txt;Kommunalwahlprogramm Gemeinde;Gemeinde;2011.0;49c0580ad11736fd9cb44ac4399fe9f4987d491934253e122b6d9564eab4cf78;2908;1;1;0
DOC-49ee404d3e78;ka16spd.txt;Kommunalwahlprogramm Gemeinde;Gemeinde;2016.0;49ee404d3e78cb2de9f49fe95dd2496e7195c275a0111bf453b5a4e4bb0d438f;41014;1;1;0
DOC-4a23157791dc;ac94spd.txt;Kommunalwahlprogramm Gemeinde;Gemeinde;1994.0;4a23157791dc96a7e3544f33efbe755d6df0c852399fb2405e43f0b42c883220;24724;1;1;0
DOC-4a4c5396486f;in14bgi.txt;Kommunalwahlprogramm Gemeinde;Gemeinde;2014.0;4a4c5396486f14b63506a0823aa874cc275ebcde3e0e41f6c08fc9dc1ce561c1;24288;1;1;0
DOC-4a59e1a96f6e;Worms_Worms will weiter_2024.txt;Kommunalwahlprogramm Gemeinde;Gemeinde;2024.0;4a59e1a96f6efe492a243599cf534a3acc6481b00f85b197b18d072311df0d80;22215;1;1;0
DOC-4a72f3f0c6b5;da06uff.txt;Kommunalwahlprogramm Gemeinde;Gemeinde;2006.0;4a72f3f0c6b57846b259091f05e01cd28b768a81cd43e634ba40b928288fd527;5924;1;1;0
DOC-4ac5ea20dea2;ob20gru.txt;Kommunalwahlprogramm Gemeinde;Gemeinde;2020.0;4ac5ea20dea28c9dad36aae6f0fe6124594d27d99aef46866040c86938e707f1;78966;1;1;0
DOC-4ad173001c96;Schwerin_Grüne_2024.txt;Kommunalwahlprogramm Gemeinde;Gemeinde;2024.0;4ad173001c96c2bc61178c6ae775cc17a5518a632f4491ab88dc9cd908591e8a;70761;1;1;0
DOC-4ad26b9796c1;mh14bub.txt;Kommunalwahlprogramm Gemeinde;Gemeinde;2014.0;4ad26b9796c1acb2900cadf6e5391d6180014e0f7ee499e624df0319795b161e;36184;1;1;0
DOC-4ae910a35878;do20spd.txt;Kommunalwahlprogramm Gemeinde;Gemeinde;2020.0;4ae910a3587819224feae38a02457ddaccccd82576115946f8cc26a55854f2e1;42291;1;1;0
DOC-4af070901f16;ob14lin.txt;Kommunalwahlprogramm Gemeinde;Gemeinde;2014.0;4af070901f16590818f68b1a8e7e0716004e8cb292f7a7447c3c824d3607a6d8;65166;1;1;0
DOC-4b0106b894e8;mg20cdu.txt;Kommunalwahlprogramm Gemeinde;Gemeinde;2020.0;4b0106b894e84dd5b67602094d8f17d30cbb3c28826b4da058b7ae87ae22adee;60483;1;1;0
DOC-4b0f4072c3bd;fr14par.txt;Kommunalwahlprogramm Gemeinde;Gemeinde;2014.0;4b0f4072c3bd96450a37ad2d5bcd043ea7022f37b8535370d829e340d4cc062e;3407;1;1;0
DOC-4b154535d00b;Ulm_Grüne_2024.txt;Kommunalwahlprogramm Gemeinde;Gemeinde;2024.0;4b154535d00b0cf29694322cb701d3cc36fd16d8be8b6899963b186d47c81755;2364;1;1;0
DOC-4b4802cfde74;Hohenmölsen_Linke_2024.txt;anderes kommunales Wahlprogramm;Landkreis und Gemeinden;2024.0;4b4802cfde74aefbae491887eb143bc65cff294a0546cbbaff8c0f47ef645c39;12425;2;1;1
DOC-4b6a59854b95;Zossen_CDU_2024.txt;Kommunalwahlprogramm Gemeinde;Gemeinde;2024.0;4b6a59854b95146ce022b29108288e9866396391a5b775307ec6417450c72ad8;13547;1;1;0
DOC-4bbb45f3326d;ks14cdu.txt;Kommunalwahlprogramm Gemeinde;Gemeinde;2014.0;4bbb45f3326dce1549bec2dd25877b1fc7fc9b51a6f0f650686ade5b2150b66d;24736;1;1;0
DOC-4bc0a9e0d764;Mannheim_Mannheimer_2024.txt;Kommunalwahlprogramm Gemeinde;Gemeinde;2024.0;4bc0a9e0d764585d24674c0b9741efe309667633f1b605405c62e3c03232d8ae;4426;1;1;0
DOC-4c0d42fc0b4f;wv11fdp.txt;Kommunalwahlprogramm Gemeinde;Gemeinde;2011.0;4c0d42fc0b4f02d1e0635c46ac6f5a1f4bbef467df1fb36436d7e418cf5be3f4;6176;1;1;0
DOC-4c0f83325695;bo20sol.txt;Kommunalwahlprogramm Gemeinde;Gemeinde;2020.0;4c0f83325695d92e4bdc687d021a901de9db775b4a5df41e4ef707d8564aa7fc;39605;1;1;0
DOC-4c1f3204d151;kr04cdu.txt;Kommunalwahlprogramm Gemeinde;Gemeinde;2004.0;4c1f3204d151dc274f0738604a1b0396963e1b6631181687563225dcae432a60;75679;1;1;0
DOC-4c2b3bf154a6;ol16afd.txt;Kommunalwahlprogramm Gemeinde;Gemeinde;2016.0;4c2b3bf154a66bd6d1f67bc6bac478f813b8ea587f4b68bad3e0e4b05675f74f;51303;1;1;0
DOC-4c431b5a3c8a;Oberthal_SPD_2024.txt;Kommunalwahlprogramm Gemeinde;Gemeinde;2024.0;4c431b5a3c8a9dcd5fc8c7d1507a6b238633f3a268437730577371144019d991;545;1;1;0
DOC-4c8443316f8c;ch14pro.txt;Kommunalwahlprogramm Gemeinde;Gemeinde;2014.0;4c8443316f8ccacbb76e5c258f123bc06910b268665828f93ff80fa6ac782240;13377;1;1;0
DOC-4cb2346a5b35;Fürstenberg (Havel)_Linke_2024.txt;Kommunalwahlprogramm Gemeinde;Gemeinde;2024.0;4cb2346a5b35527448a1745688f672f02759027c9da30506bdb8158e1fa0f0ec;13121;1;1;0
DOC-4d03bbc8eb78;Friedrichshafen_FDP_2024.txt;Kommunalwahlprogramm Gemeinde;Gemeinde;2024.0;4d03bbc8eb7857f8e193ec1fb04916f59025ca75d9e7ef0e15d58cb0ad50ce04;40651;1;1;0
DOC-4d190a1ac683;ul19lin.txt;Kommunalwahlprogramm Gemeinde;Gemeinde;2019.0;4d190a1ac683a5c208b9d0d84ab3a7bd0ba700665adaee79a04b34ac1e92bbc1;31429;1;1;0
DOC-4d21cfb70f72;Chemnitz_SPD_2024.txt;Kommunalwahlprogramm Gemeinde;Gemeinde;2024.0;4d21cfb70f7208ae56d589477226bd0d3ce78555738937940a8567cfbf6ea319;86533;1;1;0
DOC-4d301713d785;bh19fwg.txt;Kommunalwahlprogramm Gemeinde;Gemeinde;2019.0;4d301713d785004a5a2587ff90d26a2be308e7b5c8ea6e92b5668090f4da15bd;45119;1;1;0
DOC-4d4b709f64e8;ff11gru.txt;Kommunalwahlprogramm Gemeinde;Gemeinde;2011.0;4d4b709f64e8060199156757d08c0c289e65eb5c561ef5960a5c2f1c6c92e5a4;189465;1;1;0
DOC-4d593e89a34d;Stralsund_CDU_2024.txt;Kommunalwahlprogramm Gemeinde;Gemeinde;2024.0;4d593e89a34dc2d971b19738eac1d727d3eb1397429468b08a6cdf665634429b;44624;1;1;0
DOC-4d68d04c7956;Stuttgart_SÖS_2024.txt;Kommunalwahlprogramm Gemeinde;Gemeinde;2024.0;4d68d04c79560ca43bece0d8be0e76d8c0b39cd6d11ff300c2c2338aeb51cb05;40210;1;1;0
DOC-4d790188360f;bo99fdp.txt;Kommunalwahlprogramm Gemeinde;Gemeinde;1999.0;4d790188360f6be2ecab5e12458d19a25faba3bae9b4ff22fc8f002027a5eb1c;17511;1;1;0
DOC-4db0ddb658a5;Plau am See_WLD_2024.txt;Kommunalwahlprogramm Gemeinde;Gemeinde;2024.0;4db0ddb658a58482973bb04840adc77e16a83a6bc7c72bbb364a6fa32d5dc7f9;2380;1;1;0
DOC-4dcbe3634183;do20lin.txt;Kommunalwahlprogramm Gemeinde;Gemeinde;2020.0;4dcbe363418389ea416a7744a51a16cb4d92f1dc398ff4a218b0803459197b3a;152279;1;1;0
DOC-4dcc896d2287;si14spd.txt;Kommunalwahlprogramm Gemeinde;Gemeinde;2014.0;4dcc896d228739d451f0a14e8a5f1ff7aed653853ddb96f4f959f431787cff7f;10410;1;1;0
DOC-4de1cd636f38;dr14par.txt;Kommunalwahlprogramm Gemeinde;Gemeinde;2014.0;4de1cd636f386080713efaf72d9dbccf0a04b8ca7f891c1fc8596b906d5dd9ad;1810;1;1;0
DOC-4e2292909292;Kandern_FWG_2024.txt;Kommunalwahlprogramm Gemeinde;Gemeinde;2024.0;4e229290929209212aa6e1157dd828ca71343c1d763873673d1af86a355ad397;3436;1;1;0
DOC-4e2666ab4aad;sa11spd.txt;Kommunalwahlprogramm Gemeinde;Gemeinde;2011.0;4e2666ab4aad842d2b84a85182643ab145df2e497ffa02b953a52f3a4ad5b509;50097;1;1;0
DOC-4e30dd3b5854;bh19biw.txt;Kommunalwahlprogramm Gemeinde;Gemeinde;2019.0;4e30dd3b58544a30b874fa2039ebae865a3348eb0b05799ba5a058b2b8ec72a9;55572;1;1;0
DOC-4e465993248b;Dresden_Volt_2024.txt;Kommunalwahlprogramm Gemeinde;Gemeinde;2024.0;4e465993248b1cb91a7acc9eee8f071f7480cb6a6c1f495503f32828add88a3a;112410;1;1;0
DOC-4e6ffd973733;bo14lin.txt;Kommunalwahlprogramm Gemeinde;Gemeinde;2014.0;4e6ffd973733ff5b7afd01b5fb99376f2d38d31bf8cb8cba67658b4ad6e3ada7;147784;1;1;0
DOC-4e7fc96b6cc5;ge20par.txt;Kommunalwahlprogramm Gemeinde;Gemeinde;2020.0;4e7fc96b6cc53f6460609008b7567b5af995860edfea8c27a68f0d8bc97cf08f;4494;1;1;0
DOC-4ec174da3f7c;Wallerfangen_FWG_2024.txt;Kommunalwahlprogramm Gemeinde;Gemeinde;2024.0;4ec174da3f7c13d20bc64994f9bb61915442e92bf2975e504ac3932c4cbf5669;4944;1;1;0
DOC-4eda5008a520;Bad Kreuznach_SPD_2024.txt;Kommunalwahlprogramm Gemeinde;Gemeinde;2024.0;4eda5008a520cf91de0f83dc60e4a6b310c3e53649b7aa18aa9431c20780e613;34342;1;1;0
DOC-4ee195f4395e;tr19cdu.txt;Kommunalwahlprogramm Gemeinde;Gemeinde;2019.0;4ee195f4395eee0762d6b0e3f5f249da7245062fd39c282ec1b454d944b4f1e1;25309;1;1;0
DOC-4eec0febdc5d;hm14cdu.txt;Kommunalwahlprogramm Gemeinde;Gemeinde;2014.0;4eec0febdc5dcfb3ede450a5ae001109c4b304749c4d15a0e2fd852fe2006773;35037;1;1;0
DOC-4ef43dd9b3e3;ds14cdu.txt;Kommunalwahlprogramm Gemeinde;Gemeinde;2014.0;4ef43dd9b3e304784d141141551514b48ede843ced19cf0f4dc46eae10b66af5;67414;1;1;0
DOC-4f0c40e43ce1;bo20uwg.txt;Kommunalwahlprogramm Gemeinde;Gemeinde;2020.0;4f0c40e43ce1e041201d888aef06cff6bb655b157bb5a3885ad6d72f99259d40;37202;1;1;0
DOC-4f36f3b3493c;tr19afd.txt;Kommunalwahlprogramm Gemeinde;Gemeinde;2019.0;4f36f3b3493c22a0354045f4d0fc8fcb903882b150bc160b26c327a9e0754804;29340;1;1;0
DOC-4f4b8be29272;le09cdu.txt;Kommunalwahlprogramm Gemeinde;Gemeinde;2009.0;4f4b8be2927293f7e4d4d0a187808559ec5fc7888f57fcbf18025fce41ceeedc;21406;1;1;0
DOC-4f667969f84c;Chemnitz_BBS_2024.txt;Kommunalwahlprogramm Gemeinde;Gemeinde;2024.0;4f667969f84c52b0467d15ebc2869598e9c01a77e250bd71c43001de467d3824;8864;1;1;0
DOC-4f743a4e52f9;Laage_CDU_2024.txt;anderes kommunales Wahlprogramm;Landkreis und Gemeinden;2024.0;4f743a4e52f955f6b16ac1c4a93940daf1309b9f508b14d2d7d9980fab447b13;6881;2;1;1
DOC-4fcada90464b;Lingenfeld_Grüne_2024.txt;Kommunalwahlprogramm Gemeinde;Gemeinde;2024.0;4fcada90464b8e00e2ae43ee7cf83b453e25a8eea74a04e6e1de2d20de075ddf;14179;1;1;0
DOC-4fd36944cf97;Heidenheim an der Brenz_FWG_2024.txt;Kommunalwahlprogramm Gemeinde;Gemeinde;2024.0;4fd36944cf973dba80a2bd0db95b978e0cb0e5d1a0370a77cafed7daad38741b;1817;1;1;0
DOC-4fef75989374;ko14spd.txt;Kommunalwahlprogramm Gemeinde;Gemeinde;2014.0;4fef75989374057691d79b749e55e6b2cc82d42739575a24790ecbba50e438d3;186753;1;1;0
DOC-5059ffb5d15c;mo14spd.txt;Kommunalwahlprogramm Gemeinde;Gemeinde;2014.0;5059ffb5d15c9824ab72a187d94fbebe4190574249dffef4eb85237ffac04bd8;39409;1;1;0
DOC-50bb243f75c5;Offenburg_SPD_2024.txt;Kommunalwahlprogramm Gemeinde;Gemeinde;2024.0;50bb243f75c5f8c3cbbfad1880cdc3f593e447e423663546e3c1ebc798e50ed0;1653;1;1;0
DOC-50bbf4f8e295;nu20gru.txt;Kommunalwahlprogramm Gemeinde;Gemeinde;2020.0;50bbf4f8e295759b57a053575addcc6370ef049c23ce6cb6589ff44e9837038f;136646;1;1;0
DOC-50c072825043;Laage_FDP_2024.txt;Kommunalwahlprogramm Gemeinde;Gemeinde;2024.0;50c072825043c4002e3cb7f573366c48efb9bba3bfd731851f5e138c40129c2f;3860;1;1;0
DOC-51067eb4c105;do20gru.txt;Kommunalwahlprogramm Gemeinde;Gemeinde;2020.0;51067eb4c10553c0793ba93d592e5405de71a668a1ec05ac87d2e04f9c44895f;298550;1;1;0
DOC-510ea874505b;Waren (Müritz)_FDP_2024.txt;Kommunalwahlprogramm Gemeinde;Gemeinde;2024.0;510ea874505b62733d14b8978b3ee9616a95262bf8daf5715610dcdc0776ffd3;2662;1;1;0
DOC-5136cb632c5d;ms14gru.txt;Kommunalwahlprogramm Gemeinde;Gemeinde;2014.0;5136cb632c5d7ed8f009d696299216e6dbf2d009d523f0658da3096a5923b626;178865;1;1;0
DOC-514133004044;em11fdp.txt;Kommunalwahlprogramm Gemeinde;Gemeinde;2011.0;514133004044a7870abf56ba30ac851f307f1f0c9669ef8c3c8df7cdfac42042;20569;1;1;0
DOC-51449e8e184c;rg20gru.txt;Kommunalwahlprogramm Gemeinde;Gemeinde;2020.0;51449e8e184c69723712f8333129c84abb59f275a6c5b29c95a06e6cba8e8b99;85671;1;1;0
DOC-51962ec79d92;co19afd.txt;Kommunalwahlprogramm Gemeinde;Gemeinde;2019.0;51962ec79d92cebbdb91639c89d593636b7876f58781699123d9c160b401df14;24464;1;1;0
DOC-51b1344ba159;co14lin.txt;Kommunalwahlprogramm Gemeinde;Gemeinde;2014.0;51b1344ba159e3efd00cb576d8cb47a147aba16b672eb2008d53318a77357c9a;14755;1;1;0
DOC-51c6eacce4d1;of97gru.txt;Kommunalwahlprogramm Gemeinde;Gemeinde;1997.0;51c6eacce4d18698ae4dd4955902e96ab1b7515c76fd0619005dfbef49daa721;62434;1;1;0
DOC-51c78001d6a1;le09fdp.txt;Kommunalwahlprogramm Gemeinde;Gemeinde;2009.0;51c78001d6a14afa4efe9239d164b0199240753f409ad823d03a1275b298a793;39627;1;1;0
DOC-51d5cec1f41d;au20gru.txt;Kommunalwahlprogramm Gemeinde;Gemeinde;2020.0;51d5cec1f41dfb1ccaa43fe67ddf249fdd3e568a16705f4ca4ba1a6108a9a617;215961;1;1;0
DOC-51dcc9062d3c;mb14fdp.txt;Kommunalwahlprogramm Gemeinde;Gemeinde;2014.0;51dcc9062d3c3573f6b5dee2160cb5db53fe401c3c1728d295051a28f322b0fa;60375;1;1;0
DOC-51f12cb29797;Seelow_Linke_2024.txt;Kommunalwahlprogramm Gemeinde;Gemeinde;2024.0;51f12cb297975a882ebc9a46802cb2189c7fa3f95ad5018a0ece421892375b1b;2197;1;1;0
DOC-5266854a5a57;pb14dip.txt;Kommunalwahlprogramm Gemeinde;Gemeinde;2014.0;5266854a5a57c5026ff47bdc1a44bb4c010da8d721f6d7ac0e5db85e3f2fa4f3;18890;1;1;0
DOC-5283dcbca505;Ebersbach-Neugersdorf_Linke_2024.txt;anderes kommunales Wahlprogramm;Landkreis;2024.0;5283dcbca5055b476a48c37697e76007956f74cd1667ed2d135be57751bef6a5;7108;2;1;1
DOC-529451db76a7;Erfurt_Piraten und ÖDP_2024.txt;Kommunalwahlprogramm Gemeinde;Gemeinde;2024.0;529451db76a7920367c8c9d8a6ed7b4eb976934ad775d487bd5faae6e1473fd5;9191;1;1;0
DOC-531f928bb653;du20afd.txt;Kommunalwahlprogramm Gemeinde;Gemeinde;2020.0;531f928bb6532a8f4f2192902da4f4476f54edea8ffb218d9b1512a9e14d61ce;31849;1;1;0
DOC-5325505ab3a6;Heilbronn_Linke_2024.txt;anderes kommunales Wahlprogramm;Landkreis und Gemeinden;2024.0;5325505ab3a68302e1907ba8b22c56036fba5ae53ccb8b3905e91249c82ef10b;32791;2;1;1
DOC-5364a5240d70;Jena_SPD_2024.txt;Kommunalwahlprogramm Gemeinde;Gemeinde;2024.0;5364a5240d7007e260552293ea85dc49981cade4ed07b1e36a1a0f93dd42f035;75345;1;1;0
DOC-5387790fd8c3;mo09fbg.txt;Kommunalwahlprogramm Gemeinde;Gemeinde;2009.0;5387790fd8c34e48d2fcdbe5338fa0d246bd75e8589195fdc7df6d3c1943fda2;28459;1;1;0
DOC-53a48d60f016;sg14fdp.txt;Kommunalwahlprogramm Gemeinde;Gemeinde;2014.0;53a48d60f01657f91f044b819eff525b4c096d48ffdc30e129847da851afd500;46526;1;1;0
DOC-53bbb5d96579;Frankfurt (Oder)_FDP_2024.txt;Kommunalwahlprogramm Gemeinde;Gemeinde;2024.0;53bbb5d96579eeefac23189dbca242b363cab69f7be361bb2c14385cc5c40e8e;30103;1;1;0
DOC-53d13c3f183d;Wörth am Rhein_CDU_2024.txt;Kommunalwahlprogramm Gemeinde;Gemeinde;2024.0;53d13c3f183db821c606eb2a4e4464a3acc5138a2716aaf1dff795e03c2ac888;15056;1;1;0
DOC-53ea15409a8a;st19fdp.txt;Kommunalwahlprogramm Gemeinde;Gemeinde;2019.0;53ea15409a8a5a7083d7f16b3c722234657669d1a737189bd207261bc74f030a;37620;1;1;0
DOC-53fd2f668700;Sömmerda_BIS_2024.txt;Kommunalwahlprogramm Gemeinde;Gemeinde;2024.0;53fd2f6687000e520c58b8e19912e55a669ef8ee530cc0df26d016aa556160ab;2359;1;1;0
DOC-54140f80b302;Zerbst_AfD_2024.txt;anderes kommunales Wahlprogramm;Landkreis und Gemeinden;2024.0;54140f80b3029d79b8ba9c886bd99988b482ad1e444fcd7384703cba6c0247e6;22508;2;1;1
DOC-543ead3bbfb0;ko14pir.txt;Kommunalwahlprogramm Gemeinde;Gemeinde;2014.0;543ead3bbfb0654bc46d586c0ab7a3e80047d14fe32703b5f4471ceec7a7d852;60878;1;1;0
DOC-54422068eb18;Sundhagen_CDU_2024.txt;anderes kommunales Wahlprogramm;Landkreis und Gemeinden;2024.0;54422068eb189e6eb084047880b444b66674d5376f394b2f42686f1b418c6f21;11675;2;1;1
DOC-5466804ced54;Forst (Lausitz)_CDU_2024.txt;anderes kommunales Wahlprogramm;Landkreis und Gemeinden;2024.0;5466804ced544191a670f21cd0bec94fe1d2beca9b9b2bf6aa13f737869185b2;17091;2;1;1
DOC-5498bee8d3f3;br15pir.txt;Kommunalwahlprogramm Gemeinde;Gemeinde;2015.0;5498bee8d3f3a8b9fb927972335ef28baf587765d23160d61bdf4b74e5766541;107608;1;1;0
DOC-54a2f4dd9e2d;Stuttgart_Linke_2024.txt;Kommunalwahlprogramm Gemeinde;Gemeinde;2024.0;54a2f4dd9e2d6ccfbe2b7ca9432d3f3b0944a131723a5fbfa5dc002795e0e68b;7823;1;1;0
DOC-54d0e4ad4051;Stralsund_FDP_2024.txt;Kommunalwahlprogramm Gemeinde;Gemeinde;2024.0;54d0e4ad40519ce8ebaa747c755e415d2c566cfee288bcaef4e299e244b65d1e;20605;1;1;0
DOC-54e404a3163e;Konstanz_JFK_2024.txt;Kommunalwahlprogramm Gemeinde;Gemeinde;2024.0;54e404a3163e265ad3df8760d39e46c29ec7bc59b757d4e02019c02f4d85381c;56635;1;1;0
DOC-54e8a7f4e0fb;ha09fdp.txt;Kommunalwahlprogramm Gemeinde;Gemeinde;2009.0;54e8a7f4e0fb303be1f39b7d064a67a037eb5b10917c67bac748065136a69b25;27681;1;1;0
DOC-54f17a8f1845;st19tsp.txt;Kommunalwahlprogramm Gemeinde;Gemeinde;2019.0;54f17a8f1845872c804dadd7cbe718cc28ccd1920d774845e522c75ea5e649f8;3206;1;1;0
DOC-550f1b4491c4;Bad Kreuznach_PBK_2024.txt;Kommunalwahlprogramm Gemeinde;Gemeinde;2024.0;550f1b4491c47053a826f80f89060ef7b5401a70414b954e0889be7dad0bfe96;50309;1;1;0
DOC-55142f92b934;ch14par.txt;Kommunalwahlprogramm Gemeinde;Gemeinde;2014.0;55142f92b9341ee8a0e2c9004e891a491b73fb130979c2ac949948a78cdf2c8d;946;1;1;0
DOC-5522c3e9718b;Cottbus_FDP_2024.txt;Kommunalwahlprogramm Gemeinde;Gemeinde;2024.0;5522c3e9718b4a96f48753368ab8e1170b548559c4668e7578af8d275839b4c2;24508;1;1;0
DOC-55257a464a1c;dr19afd.txt;Kommunalwahlprogramm Gemeinde;Gemeinde;2019.0;55257a464a1c7c3093a9ec3aff4d4c7106dff0d072e71cd7267b1fde4fa1cbec;59370;1;1;0
DOC-5536383fe45b;po14dia.txt;Kommunalwahlprogramm Gemeinde;Gemeinde;2014.0;5536383fe45b0743a048b82850649184c6505d934a2641abef5ae4e4a1444ba6;67829;1;1;0
DOC-55367ce75cd2;Tangermünde_SPD_2024.txt;Kommunalwahlprogramm Gemeinde;Gemeinde;2024.0;55367ce75cd21ae8e49aa7887ac9217cd85e6c37c19c723b52a4fa85fd8ef2d2;683;1;1;0
DOC-5570acb80c4c;po19afd.txt;Kommunalwahlprogramm Gemeinde;Gemeinde;2019.0;5570acb80c4ceb3495d4d7daa13e5c166c3e9ed6e902694fa70aab4d914c00df;54771;1;1;0
DOC-5578bbc95226;st19par.txt;Kommunalwahlprogramm Gemeinde;Gemeinde;2019.0;5578bbc9522641a1aa0be8110b69205c57766117ce83b8a6f2ef0e9f3148759a;474;1;1;0
DOC-558a9361c297;Frankfurt (Oder)_AfD_2024.txt;Kommunalwahlprogramm Gemeinde;Gemeinde;2024.0;558a9361c29781d7c2753decd95599578716b6aa2531f1279605de74c4611014;13328;1;1;0
DOC-558cea877d38;ka16cdu.txt;Kommunalwahlprogramm Gemeinde;Gemeinde;2016.0;558cea877d389054c84c5de4c71817c6b150b5adc7b446aa76111df20fe79c19;39504;1;1;0
DOC-558d4a600535;Keltern_SPD_2024.txt;Kommunalwahlprogramm Gemeinde;Gemeinde;2024.0;558d4a600535534130da3bcea5d2fb93c0533be8c0c0e4ddf6a4935f57fda45f;1685;1;1;0
DOC-5590d43df849;Neustadt an der Weinstraße_AfD_2024.txt;Kommunalwahlprogramm Gemeinde;Gemeinde;2024.0;5590d43df8493e3bbfeee9daec86e176982447505876d9c891dd8331e1c1de54;11172;1;1;0
DOC-55f02ed3aead;Bad Kreuznach_CDU_2024.txt;Kommunalwahlprogramm Gemeinde;Gemeinde;2024.0;55f02ed3aeadad9e8f1d53d7e17089ed2383d88dee334bd05ee31541f13a7f67;11973;1;1;0
DOC-565b534196c0;Lauter-Bernsbach_CDU_2024.txt;anderes kommunales Wahlprogramm;Landkreis und Gemeinden;2024.0;565b534196c03172c7ef22c3c617c335ac4e74ec9d4e19d958f5408bd06c72b0;17574;2;1;1
DOC-5682d3e19822;Weimar_Die Basis_2024.txt;Kommunalwahlprogramm Gemeinde;Gemeinde;2024.0;5682d3e1982293d042e2955e03f0eb8dad9d1e46f934400fc400569f75a01e96;2444;1;1;0
DOC-56b13c541b32;Hainichen_CDU_2024.txt;Kommunalwahlprogramm Gemeinde;Gemeinde;2024.0;56b13c541b32c436cd789bdf12a5b599851a8e16dd26b1b3b0870ccfcaace710;1059;1;1;0
DOC-56bdaaa12ede;Friedrichshafen_Grüne_2024.txt;Kommunalwahlprogramm Gemeinde;Gemeinde;2024.0;56bdaaa12edee61cbeec7646e1fb47ded2f68be178f5e2f75ed3cdd8f778cb17;29041;1;1;0
DOC-56c3af354cf1;wz14wzl.txt;Kommunalwahlprogramm Gemeinde;Gemeinde;2014.0;56c3af354cf15094c1f0efc5432e2144115b5d8801a3b2d624d90e229a7454a9;14609;1;1;0
DOC-56c8adae8100;du04lin.txt;Kommunalwahlprogramm Gemeinde;Gemeinde;2004.0;56c8adae810019e4677f3387a459b81153a3421d10dfd37461f14a065dfd1054;134859;1;1;0
DOC-56d79b686de2;do20bvt.txt;Kommunalwahlprogramm Gemeinde;Gemeinde;2020.0;56d79b686de22b08a82920b4f38d3517e80aff80628d2d0112f499400ac48b58;2971;1;1;0
DOC-56dbf5d92583;ma19mal.txt;Kommunalwahlprogramm Gemeinde;Gemeinde;2019.0;56dbf5d92583252456171f51651ec481a4bb06f860f07974f25b8e92390d3195;7980;1;1;0
DOC-57062eca1fa4;Zerbst_FDP_2024.txt;Kommunalwahlprogramm Gemeinde;Gemeinde;2024.0;57062eca1fa4a0aa9e01dd3e58375e4188af6c594008d6e3d4c00000336e2700;1318;1;1;0
DOC-570a4a49c375;Mainz_Grüne_2024.txt;Kommunalwahlprogramm Gemeinde;Gemeinde;2024.0;570a4a49c375d2b6ee6fa0a42b4967bc089745d380e972144a8f242989915629;135483;1;1;0
DOC-572c53b78dbd;lp19par.txt;Kommunalwahlprogramm Gemeinde;Gemeinde;2019.0;572c53b78dbd2518b4529ed5b66a7d4f37f2942209a7a7d62095a91a1f517cc7;1709;1;1;0
DOC-573918205312;Böblingen_CDU_2024.txt;Kommunalwahlprogramm Gemeinde;Gemeinde;2024.0;57391820531249719fbde0fb04246e87744f14400f17c45bfe4c9b2c2d644f05;43726;1;1;0
DOC-574111496210;Möckern_Grüne_2024.txt;anderes kommunales Wahlprogramm;Landkreis und Gemeinden;2024.0;5741114962101ba3de06eab0c14fd7a11ac688a97665b5c26b9cf710c3bcd121;57625;2;1;1
DOC-575953251587;hv16fdp.txt;Kommunalwahlprogramm Gemeinde;Gemeinde;2016.0;5759532515870047003de6e03e69de6260f587bafcfa5209cab038749678ddef;47910;1;1;0
DOC-575962651c07;Ransbach-Baumbach_CDU_2024.txt;Kommunalwahlprogramm Gemeinde;Gemeinde;2024.0;575962651c070986d132e4c283651a66de220791ffcd51b4fbd5d409e1b08963;3575;1;1;0
DOC-5793540c65f2;Neustadt an der Weinstraße_CDU_2024.txt;Kommunalwahlprogramm Gemeinde;Gemeinde;2024.0;5793540c65f29a067f68496894821654d4b638acfd4c25089dc9f742d4a027c8;7391;1;1;0
DOC-57ad5da33e3c;mg04fwg.txt;Kommunalwahlprogramm Gemeinde;Gemeinde;2004.0;57ad5da33e3c0bc6ea2cf61bb73ad8fff8d7ce22d27ae16415ebaa64500a7356;10525;1;1;0
DOC-57af892629b5;Koblenz_Linke_2024.txt;Kommunalwahlprogramm Gemeinde;Gemeinde;2024.0;57af892629b591d8eaf2401eeb0bcff0d466ed52fa56e56a607f60a659ac9f74;52877;1;1;0
DOC-57b3d2297db9;sa11cdu.txt;Kommunalwahlprogramm Gemeinde;Gemeinde;2011.0;57b3d2297db9c12c2a193b1acf3d26ffc49c645f4c53a1fdd35e32d0470ffb94;13876;1;1;0
DOC-57c41fe8a444;ch14lin.txt;Kommunalwahlprogramm Gemeinde;Gemeinde;2014.0;57c41fe8a444c54b35f9ea879a2becddf057ab27eb916430dec0f4542a8a9233;42670;1;1;0
DOC-57fa3c781b11;ks14fdp.txt;Kommunalwahlprogramm Gemeinde;Gemeinde;2014.0;57fa3c781b1145619bcf6141d4c56a6e77ea4c08949c30296f694247dc752a4c;51987;1;1;0
DOC-57fd5e125a6f;Brieselang_Linke_2024.txt;Kommunalwahlprogramm Gemeinde;Gemeinde;2024.0;57fd5e125a6f3041233ffd265fb4d4a2f2e351975656d3b6e2a9233c6f406031;2136;1;1;0
DOC-57ff37a38a3a;Kaiserslautern_Linke_2024.txt;Kommunalwahlprogramm Gemeinde;Gemeinde;2024.0;57ff37a38a3a0f4cb1423ce2b6dca751886d5496384dbba40391309634547da2;19545;1;1;0
DOC-5871c69d67d5;sg20fdp.txt;Kommunalwahlprogramm Gemeinde;Gemeinde;2020.0;5871c69d67d5f1e9c795124868dd09dfdd1492df80d61e3d9152cd56dca5d109;34625;1;1;0
DOC-5873c48906e9;bi14pir.txt;Kommunalwahlprogramm Gemeinde;Gemeinde;2014.0;5873c48906e9fb7f32448990f1d44a3f67a1f144e4c4ed411c82560104f5e8e3;64940;1;1;0
DOC-58aeda1c3c66;dl11cdu.txt;Kommunalwahlprogramm Gemeinde;Gemeinde;2011.0;58aeda1c3c6694e3bd25962ffc3beb8f71618815b5149883ffca5a19ae73361d;37501;1;1;0
DOC-58b40e92f303;Gommern_SPD_2024.txt;Kommunalwahlprogramm Gemeinde;Gemeinde;2024.0;58b40e92f3039197d7db8b669914bbc79b08151009c1d7849821ac52fdf696d0;3444;1;1;0
DOC-58ce00388e1a;ka89cdu.txt;Kommunalwahlprogramm Gemeinde;Gemeinde;1989.0;58ce00388e1aaa8c3159d97a9523d7aceeb168fb994a2d1ec3dd74fbdddbedfd;34889;1;1;0
DOC-58d5a1c91125;Stuttgart_Stuttgarter Liste_2024.txt;Kommunalwahlprogramm Gemeinde;Gemeinde;2024.0;58d5a1c91125e253cc1c24f8761a7efee44cf0533bfa0db36401b818bf219464;60507;1;1;0
DOC-59004c70ae47;rs04fdp.txt;Kommunalwahlprogramm Gemeinde;Gemeinde;2004.0;59004c70ae47627bf6cd94a4f1e2636cbf538324fcf83fe1b374533dcc6906a5;26459;1;1;0
DOC-591aaa256368;ms14uwg.txt;Kommunalwahlprogramm Gemeinde;Gemeinde;2014.0;591aaa2563684dad417dc5f9b2b01248727337e78e035e0d682f055500edbc59;36383;1;1;0
DOC-59407dede40b;ka06spd.txt;Kommunalwahlprogramm Gemeinde;Gemeinde;2006.0;59407dede40bf16ab52ee35c89dea7e44b3fe739b229c31c51568f9d7f53aac2;38526;1;1;0
DOC-594e8a884567;ma14fwg.txt;Kommunalwahlprogramm Gemeinde;Gemeinde;2014.0;594e8a884567ebfb1e097cc17c8969e215c41436be12a21c1c041e591a015f87;15574;1;1;0
DOC-596d0694a611;Freiburg im Breisgau_Freiburg Lebenswert_2024.txt;Kommunalwahlprogramm Gemeinde;Gemeinde;2024.0;596d0694a611b212a9f8f3876d6c68e1032cfb30867152c878b20d3cb8464e54;10816;1;1;0
DOC-597c24c2eef1;Saalfeld (Saale)_CDU_2024.txt;Kommunalwahlprogramm Gemeinde;Gemeinde;2024.0;597c24c2eef10985cb57302c06cce5da2f02f37f013ccdc2fe5fb44b72af22b2;4691;1;1;0
DOC-597d30a7fab5;Ottweiler_SPD_2024.txt;Kommunalwahlprogramm Gemeinde;Gemeinde;2024.0;597d30a7fab56911a1a3b789e89304e47885f97dfa8eccec686a4bfce5c2237b;702;1;1;0
DOC-59a0a531bf19;Sangerhausen_CDU_2024.txt;Kommunalwahlprogramm Gemeinde;Gemeinde;2024.0;59a0a531bf19ab9fac960ced0a5001a80f3f5b38bcac0e7557537b658a1192da;2616;1;1;0
DOC-59aed3fbacbb;mg04fdp.txt;Kommunalwahlprogramm Gemeinde;Gemeinde;2004.0;59aed3fbacbb969caa94d23b08ecf4c7efb0636d8c4d3ef3d2fb5add69d6422b;47933;1;1;0
DOC-59c0d0052814;ds20rep.txt;Kommunalwahlprogramm Gemeinde;Gemeinde;2020.0;59c0d00528144643edb60c8b7ca4df842a4b727d6e6986f2e6d37b9a64a0596b;7468;1;1;0
DOC-59c0fc6b7463;Leinefelde-Worbis_SPD_2024.txt;Kommunalwahlprogramm Gemeinde;Gemeinde;2024.0;59c0fc6b746323dd5b17615af732c33713dc1fcd43a31fa6b65c5ad3582d71c3;1498;1;1;0
DOC-59dcd36f03ac;Nieder-Olm_Grüne_2024.txt;Kommunalwahlprogramm Gemeinde;Gemeinde;2024.0;59dcd36f03aca14d4e15aa1a67792696209f209d3c98161f41f685dbd6dd7205;6263;1;1;0
DOC-59f73601767e;dl16gru.txt;Kommunalwahlprogramm Gemeinde;Gemeinde;2016.0;59f73601767ec3c6428cdbe50c2e42dd30934d7b6a3b1d648a56dc4dbebf47d5;22286;1;1;0
DOC-59fe3356f026;au14pol.txt;Kommunalwahlprogramm Gemeinde;Gemeinde;2014.0;59fe3356f0263da8adcecd21e64f1f85682c1b3faf72bcf915526a52acda9456;5471;1;1;0
DOC-5a71442ef3f8;pb14fdp.txt;Kommunalwahlprogramm Gemeinde;Gemeinde;2014.0;5a71442ef3f8fac17601209933f01c50a6ff81888f723fb6c14fb774579ff5b2;25722;1;1;0
DOC-5a8051b03292;ko14fdp.txt;Kommunalwahlprogramm Gemeinde;Gemeinde;2014.0;5a8051b0329223808cd57c9e6120d7dd00cf865d0c93eddfeaccd7488acf7753;160201;1;1;0
DOC-5a88a991df9c;Mettlach_Grüne_2024.txt;anderes kommunales Wahlprogramm;Landkreis und Gemeinden;2024.0;5a88a991df9c4b20b9bc1b5c93489e98a2169fd595e773442cc7448aa4a7d78f;12131;2;1;1
DOC-5aa1f00af091;ob14bob.txt;Kommunalwahlprogramm Gemeinde;Gemeinde;2014.0;5aa1f00af0919ac915d256cb22bc992695b51321ac41fbcb2a79c89616a451fa;125761;1;1;0
DOC-5ae3f0ddea6f;kb19gru.txt;Kommunalwahlprogramm Gemeinde;Gemeinde;2019.0;5ae3f0ddea6f3f72480b5cc1183fb7fec1809d6d8de02d8bd9e315c9a539317e;3895;1;1;0
DOC-5b12289d2d60;hn19gru.txt;Kommunalwahlprogramm Gemeinde;Gemeinde;2019.0;5b12289d2d60498a18cf19bd9040a454debb327a03f7b030d9594086be73e5fe;56741;1;1;0
DOC-5b220147a271;Trier_CDU_2024.txt;Kommunalwahlprogramm Gemeinde;Gemeinde;2024.0;5b220147a2714c01656beff97d8014e0fdac662a743d8641ea9a96e97e5afe75;23950;1;1;0
DOC-5b84dd21b94e;ka97cdu.txt;Kommunalwahlprogramm Gemeinde;Gemeinde;1997.0;5b84dd21b94e6bbc79dddd9b7b21f141d3b23a8031d8ff84457d312d4e2e5f45;7238;1;1;0
DOC-5b9449495601;es09lin.txt;Kommunalwahlprogramm Gemeinde;Gemeinde;2009.0;5b944949560128effbd0786f4812c65256c2b159fa7e4a9e7ad6df3fabf4481f;123635;1;1;0
DOC-5b9d4692775d;kr09cdu.txt;Kommunalwahlprogramm Gemeinde;Gemeinde;2009.0;5b9d4692775d81c9ea581e85c3d841a5efee3084d38a3e5bf859dae666eeea75;91222;1;1;0
DOC-5bb6cba63f52;Karlsruhe_KAL_2024.txt;Kommunalwahlprogramm Gemeinde;Gemeinde;2024.0;5bb6cba63f523047016cdf5b42a8206255b31b188f221bef5dfd3adc060bcbe6;7140;1;1;0
DOC-5bd373303938;dl16spd.txt;Kommunalwahlprogramm Gemeinde;Gemeinde;2016.0;5bd3733039387a7f2b314d4e4d4328cc1f31b3725993fa2e8d7bba3e44e52087;47871;1;1;0
DOC-5be6371f1f59;wu14fdp.txt;Kommunalwahlprogramm Gemeinde;Gemeinde;2014.0;5be6371f1f5919aa02b4958c07c0a75d3412365b6b3d0fcae3ae3e3d3ad038b0;49182;1;1;0
DOC-5bf08e99a62f;lb13fwg.txt;Kommunalwahlprogramm Gemeinde;Gemeinde;2013.0;5bf08e99a62f52b042cb0d1ba679debe3451d116c0fed1538dc118600d033506;35361;1;1;0
DOC-5bf5104a3f6e;fr14uff.txt;Kommunalwahlprogramm Gemeinde;Gemeinde;2014.0;5bf5104a3f6ea63df11bcaaadf3166a0f38174212f9696ff34c77bac3c10ee4c;42796;1;1;0
DOC-5c01d6d0c061;lu19spd.txt;Kommunalwahlprogramm Gemeinde;Gemeinde;2019.0;5c01d6d0c061c5324c26e9648b1a67c291d9221bdcf04d289ea6c934b7706737;97572;1;1;0
DOC-5c32886a57cf;kr20afd.txt;Kommunalwahlprogramm Gemeinde;Gemeinde;2020.0;5c32886a57cfcfbe3f7077db5a9ecca40bb388027c074c4633cce87594ebc04e;22898;1;1;0
DOC-5ce650e95e06;ne99spd.txt;Kommunalwahlprogramm Gemeinde;Gemeinde;1999.0;5ce650e95e063a45f2ba7911440bd32522a642b1677891c8268792c96d9e256c;74934;1;1;0
DOC-5cef6b743b32;Bad Belzig_Linke_2024.txt;Kommunalwahlprogramm Gemeinde;Gemeinde;2024.0;5cef6b743b3253353f16501fef70da75611bdc5101bcd22be2835b52db912c20;17529;1;1;0
DOC-5d0c1ce6161e;mu14spd.txt;Kommunalwahlprogramm Gemeinde;Gemeinde;2014.0;5d0c1ce6161e1d27b5332eb4e49b98aa1cb4be3a9d186d885529863d98812164;82812;1;1;0
DOC-5d1064e0a0ea;mz19pir.txt;Kommunalwahlprogramm Gemeinde;Gemeinde;2019.0;5d1064e0a0eaef3212a01d07a78b32483e9e6dbf52ce504d8ad3a41dcd564e24;6697;1;1;0
DOC-5d4159545fad;ms04cdu.txt;Kommunalwahlprogramm Gemeinde;Gemeinde;2004.0;5d4159545fad56deeae888d432aba8e9c06c97aab0d3db6a0bde446740ba13df;48568;1;1;0
DOC-5d93be86f01d;Gera_Grüne_2024.txt;Kommunalwahlprogramm Gemeinde;Gemeinde;2024.0;5d93be86f01d2a3efce4989cf0bfab8c522cbe2ec7670078c8bf841e511f3c79;42786;1;1;0
DOC-5d979819144c;Potsdam_Grüne_2024.txt;Kommunalwahlprogramm Gemeinde;Gemeinde;2024.0;5d979819144c4a37b6b0d9831042d43b253725f377c5528c635c912f7438706a;102476;1;1;0
DOC-5dfd4e133e27;Schorfheide_SPD_2024.txt;anderes kommunales Wahlprogramm;Landkreis und Gemeinden;2024.0;5dfd4e133e27d8c3e0951b3eab12e235dcc50bd6c4d60f0f8c254311ef5f1880;89002;2;1;1
DOC-5e353c26e63c;au20par.txt;Kommunalwahlprogramm Gemeinde;Gemeinde;2020.0;5e353c26e63cea29f1d6d83e399f1f2ebfb2cdc5f5cdc69df1bad5ed0491ecac;4349;1;1;0
DOC-5e475512f784;bg09cdu.txt;Kommunalwahlprogramm Gemeinde;Gemeinde;2009.0;5e475512f7841a914f14c448aedd11ccef38cc8e9289bbd821f5fc44653981c9;100810;1;1;0
DOC-5e73367d871e;Saalfeld (Saale)_Grüne_2024.txt;Kommunalwahlprogramm Gemeinde;Gemeinde;2024.0;5e73367d871e84ef8259c708540224981630b10ca3564892654c9421fc2cdfd6;5147;1;1;0
DOC-5e7a676e0c4b;Greifswald_Tierschutzpartei_2024.txt;Kommunalwahlprogramm Gemeinde;Gemeinde;2024.0;5e7a676e0c4bf6becb9d359b9aecedc963636f281978846917e7d17c11c05bc1;3512;1;1;0
DOC-5e8af3ae5d02;Heidelberg_GAL_2024.txt;Kommunalwahlprogramm Gemeinde;Gemeinde;2024.0;5e8af3ae5d022c2b7996095c3581ba65c42d2831316bbb75661a8245f144781e;22051;1;1;0
DOC-5e9ea2bdc905;hd14pir.txt;Kommunalwahlprogramm Gemeinde;Gemeinde;2014.0;5e9ea2bdc905503b463f9708d8b2d0cafe59b73a3552a702db8663f5da76122b;16718;1;1;0
DOC-5ea393f650d8;ac20odp.txt;Kommunalwahlprogramm Gemeinde;Gemeinde;2020.0;5ea393f650d8bb86ca669d4a6deeb07d96ede2dca96ba989657006de2cf33469;12836;1;1;0
DOC-5edae09da99e;Haßloch_FWG_2024.txt;Kommunalwahlprogramm Gemeinde;Gemeinde;2024.0;5edae09da99eeefbbfa310f47610d2befdb0edd8a5294ca469d8edcf4e93de57;6645;1;1;0
DOC-5f47af712a76;Pasewalk_Bürgerbündnis_2024.txt;Kommunalwahlprogramm Gemeinde;Gemeinde;2024.0;5f47af712a760662ad9ed2d24d2e4c47814c5c0b948ebd240bb08ba1dc9b1103;1378;1;1;0
DOC-5f80bb49b2be;do20fdp.txt;Kommunalwahlprogramm Gemeinde;Gemeinde;2020.0;5f80bb49b2be2c72bcce9e8f6f2f34a453301e3e966b4fbd59c1abceac6b0568;77305;1;1;0
DOC-5fbb2783a9bf;Göppingen_Linke_2024.txt;Kommunalwahlprogramm Gemeinde;Gemeinde;2024.0;5fbb2783a9bf01e47ec9577dcfe9bb67ea60a4cadf1c5eb4b77406a7542c0aa9;1602;1;1;0
DOC-5fc6bc0480b0;Halle (Saale)_FWG_2024.txt;Kommunalwahlprogramm Gemeinde;Gemeinde;2024.0;5fc6bc0480b0b206e04c7570a764d6df7772d8e1525c8c329034e9e78b9a461a;27565;1;1;0
DOC-5fe40a8968e8;go16cdu.txt;Kommunalwahlprogramm Gemeinde;Gemeinde;2016.0;5fe40a8968e80678bfb5901f4f387e8076a072f55db3439b4f773f8b2f124442;34366;1;1;0
DOC-60329ab6f120;pb20fpb.txt;Kommunalwahlprogramm Gemeinde;Gemeinde;2020.0;60329ab6f120554324150423c9d8aad2369d9a3b2ba50ecf0c62becb7aaa9eb0;22851;1;1;0
DOC-603b50001315;rt14spd.txt;Kommunalwahlprogramm Gemeinde;Gemeinde;2014.0;603b500013154470409f26bd37acc59709d76cbc9ab2dc4409c9e1c962d8794a;73889;1;1;0
DOC-6063cfc91cc0;Villingen-Schwenningen_SPD_2024.txt;Kommunalwahlprogramm Gemeinde;Gemeinde;2024.0;6063cfc91cc0bc4433633505ab77e99a8cfafc87a706c76f29d76a50b81c22d7;8552;1;1;0
DOC-607142c075bb;in20juu.txt;Kommunalwahlprogramm Gemeinde;Gemeinde;2020.0;607142c075bb4edab10c598a2d17b228201928c74683fef60889ce3f13c2a5d9;10201;1;1;0
DOC-60b18399313f;lb18bfl.txt;Kommunalwahlprogramm Gemeinde;Gemeinde;2018.0;60b18399313f68fe7d19629f28a45fd4d1383df2c2db300bce49b53a31bae5ec;13135;1;1;0
DOC-60bbf935bdb8;of16cdu.txt;Kommunalwahlprogramm Gemeinde;Gemeinde;2016.0;60bbf935bdb878c79d27653a9ddfca7cd7a0f42b62bacf4d13c5a552e03d0fb7;90789;1;1;0
DOC-60c613e0491c;rt19cdu.txt;Kommunalwahlprogramm Gemeinde;Gemeinde;2019.0;60c613e0491c1db269e4fcb98bc0dcc25ff810eb3d65e9de112bcb77cf7caded;10192;1;1;0
DOC-60d8060c34bf;ol16spd.txt;Kommunalwahlprogramm Gemeinde;Gemeinde;2016.0;60d8060c34bf6c7a3aa6321580df2669ca7600c363c20d7b2008c51b05e73a8f;92490;1;1;0
DOC-60dc0fab73e7;Saarbrücken_SPD_2024.txt;Kommunalwahlprogramm Gemeinde;Gemeinde;2024.0;60dc0fab73e705d0afdcf3782534517b56ebeb799e4c664083eb6b683c5178a6;116499;1;1;0
DOC-6102608a8001;ac14fdp.txt;Kommunalwahlprogramm Gemeinde;Gemeinde;2014.0;6102608a80018a7dfa46dcf8995ae3a10c213704d21b5d993ac34e48e4f4ab08;39348;1;1;0
DOC-610812a16e84;Heilbronn_PRO_2024.txt;Kommunalwahlprogramm Gemeinde;Gemeinde;2024.0;610812a16e84158ee7fee55d6defb1dc212925a5b3a1c4761703d8a52abcbb07;5477;1;1;0
DOC-6138ec605997;sa06spd.txt;Kommunalwahlprogramm Gemeinde;Gemeinde;2006.0;6138ec605997f6957d273c7bed771ee38a7e9af7daa73bc02a165bf3768b3d2b;30553;1;1;0
DOC-6139dd283c33;sb19cdu.txt;Kommunalwahlprogramm Gemeinde;Gemeinde;2019.0;6139dd283c330573fdd7bc6a16fbd03f299d5ab8c5d9c6b69e2e69b4778b76a1;72552;1;1;0
DOC-6148376c4bbe;bo04fdp.txt;Kommunalwahlprogramm Gemeinde;Gemeinde;2004.0;6148376c4bbeb9590d594081b882d6b6ff927506c04e508443ca2acdc2c805be;45559;1;1;0
DOC-6153cc7f0331;ac14cdu.txt;Kommunalwahlprogramm Gemeinde;Gemeinde;2014.0;6153cc7f03313edcb9a414394b9e2c64538007c4b4626cbd860614f52ead5949;35974;1;1;0
DOC-616f2dd6312e;of06fdp.txt;Kommunalwahlprogramm Gemeinde;Gemeinde;2006.0;616f2dd6312e5d90eb493b2b6452777d282760f2b43d43ebe075e27b543a01ef;182225;1;1;0
DOC-618adaed63d2;Waren (Müritz)_SPD_2024.txt;Kommunalwahlprogramm Gemeinde;Gemeinde;2024.0;618adaed63d269ddfd28a116e11156afe1818ccf42196c387d79d50dbde3a062;14594;1;1;0
DOC-61a211c1aab0;je19gut.txt;Kommunalwahlprogramm Gemeinde;Gemeinde;2019.0;61a211c1aab0c5412a416e8a181c7002b605f8f38fbd41fdb4fc49d5ccddd71c;49215;1;1;0
DOC-61ab63f938dc;mg09fdp.txt;Kommunalwahlprogramm Gemeinde;Gemeinde;2009.0;61ab63f938dc8ee479af8c980fc0769f0bf706461058a686302d9a083c05667c;46104;1;1;0
DOC-61eea7aa43d2;Leipzig_SPD_2024.txt;Kommunalwahlprogramm Gemeinde;Gemeinde;2024.0;61eea7aa43d2a3a25109a08b236806b19f676de040888dbfac316913889fbc97;82623;1;1;0
DOC-6206af1d3081;Sigmaringen_Grüne_2024.txt;Kommunalwahlprogramm Gemeinde;Gemeinde;2024.0;6206af1d3081211b717a5e5572ffb02526ae210c0cca9ec4d539cb71dee37a45;3459;1;1;0
DOC-624d48d12953;em16afd.txt;Kommunalwahlprogramm Gemeinde;Gemeinde;2016.0;624d48d129539c8f8e584506b0540287929d30135fac1521b21bf374f550cb2f;7734;1;1;0
DOC-62648190be77;ka16afd.txt;Kommunalwahlprogramm Gemeinde;Gemeinde;2016.0;62648190be779704cb91f5750faf798adf393f49c80b895c4fac6ff753209db4;44616;1;1;0
DOC-6269e6238781;st19afd.txt;Kommunalwahlprogramm Gemeinde;Gemeinde;2019.0;6269e6238781de092ac0c261969b1a57b551b006507d82c18a7b46025006476a;57479;1;1;0
DOC-629d78d9471f;Greifswald_Initative Bürgerentscheid_2024.txt;Kommunalwahlprogramm Gemeinde;Gemeinde;2024.0;629d78d9471ff671d08a82515219761aac5fad0b0e4092e1ba48321725a89694;1204;1;1;0
DOC-62a2fcca9a6a;hl19spd.txt;Kommunalwahlprogramm Gemeinde;Gemeinde;2019.0;62a2fcca9a6abb807fc78218f00a0e335309f88d14c0f9600db03cdbc2b35028;70585;1;1;0
DOC-630f6d3aa824;Bad Schönborn_SPD_2024.txt;Kommunalwahlprogramm Gemeinde;Gemeinde;2024.0;630f6d3aa824e179a0339d435e9e66419879cdf684fe98d79597b719e4c2bc87;4183;1;1;0
DOC-631604ce7755;Bad Dürrenberg_Grüne_2024.txt;Kommunalwahlprogramm Gemeinde;Gemeinde;2024.0;631604ce7755f9fa8c22f7ff81531b4194b8523b36f389edf286baaa99f737c4;57643;1;1;0
DOC-634a0327c23d;wu20cdu.txt;Kommunalwahlprogramm Gemeinde;Gemeinde;2020.0;634a0327c23da27530bfc4f8d88e61001cc4c25bed62169fa4f4602aa63c2ccf;54775;1;1;0
DOC-6386803ab95c;Bad Kreuznach_Bündnis für Bad Kreuznach_2024.txt;Kommunalwahlprogramm Gemeinde;Gemeinde;2024.0;6386803ab95cea10724b8af19eba8c4b7ad82c094ae6196857033b99962c8841;3531;1;1;0
DOC-63937c824176;da01spd.txt;Kommunalwahlprogramm Gemeinde;Gemeinde;2001.0;63937c8241767e3fa0af4c4026bac194b8b73a293e9f9dec6431f46c40e5b766;42546;1;1;0
DOC-63dd8f89a059;Neuwied_Grüne_2024.txt;anderes kommunales Wahlprogramm;Landkreis;2024.0;63dd8f89a059927de246d77daef927928cec46fd0bcb9756b972370f6f6c29ff;21609;2;1;1
DOC-63e449af4242;hd14lin.txt;Kommunalwahlprogramm Gemeinde;Gemeinde;2014.0;63e449af424235c3d8812386ad7466cce92016d3ab8fd95fd082aa44fdf8c70f;67681;1;1;0
DOC-63fb26b0cf30;le20spd.txt;Kommunalwahlprogramm Gemeinde;Gemeinde;2020.0;63fb26b0cf30b098dbc2c85795b462953352ad40d2f805d3d6bf930f22d9f364;76898;1;1;0
DOC-641aa2f29030;pb09dip.txt;Kommunalwahlprogramm Gemeinde;Gemeinde;2009.0;641aa2f29030051d53c5f62c93342bbb34a95a2f0ed842ef48ec7167ff8b5e6f;16107;1;1;0
DOC-643f62ddd235;ks19fdp.txt;Kommunalwahlprogramm Gemeinde;Gemeinde;2019.0;643f62ddd2358b5aefd0f37a442c11e5c0514ce9ab79a5bed36099fdb3dd7d01;34514;1;1;0
DOC-644d1720d939;Waiblingen_SPD_2024.txt;Kommunalwahlprogramm Gemeinde;Gemeinde;2024.0;644d1720d9397c2eec90f089574a777e259024f6639b766744bfec27260b488a;7344;1;1;0
DOC-6454c82ee82b;wz20fdp.txt;Kommunalwahlprogramm Gemeinde;Gemeinde;2020.0;6454c82ee82b648916d544093029c4053efc3dc654d3a004041a9831542a40b8;21790;1;1;0
DOC-647acd859c8d;ha14spd.txt;Kommunalwahlprogramm Gemeinde;Gemeinde;2014.0;647acd859c8dc28ecdf8f1832f28b6cf2196f934c9a3323dad59ed117154e005;80328;1;1;0
DOC-648047b6650f;Trier_Linke_2024.txt;Kommunalwahlprogramm Gemeinde;Gemeinde;2024.0;648047b6650f6ff8774f00e75fdc38deba78cad177f6a1f26d20372926749055;38255;1;1;0
DOC-649e22a8f4db;rt19spd.txt;Kommunalwahlprogramm Gemeinde;Gemeinde;2019.0;649e22a8f4db8e62bf28c6cecf67781d5cec2e671b54a989b0ba364debb813de;8260;1;1;0
DOC-64b307c437b4;ka16gru.txt;Kommunalwahlprogramm Gemeinde;Gemeinde;2016.0;64b307c437b41bba4692a1dffc34ac1ea0e358e3a555cb42e4df6105b33face7;116158;1;1;0
DOC-64b970417a21;au20fdp.txt;Kommunalwahlprogramm Gemeinde;Gemeinde;2020.0;64b970417a21386b03635a3669b1da304e0f412e7b6544e254120aeb24ce1ae0;67959;1;1;0
DOC-64bc150f5c58;Stuttgart_ÖDP_2024.txt;Kommunalwahlprogramm Gemeinde;Gemeinde;2024.0;64bc150f5c58ae23d2536f195328f7ebfd417ac93647de1df9a42e6f117e3141;1619;1;1;0
DOC-64bd452c2694;dugpbul.txt;Grundsatzprogramm;übergeordnet;;64bd452c26944dcaeb41982aa9d3ffea9f995018ad9d1f927cff01ebec929573;6978;1;1;0
DOC-64d28e2925d2;Waiblingen_CDU_2024.txt;Kommunalwahlprogramm Gemeinde;Gemeinde;2024.0;64d28e2925d2d4200d7e7f21847e530d0a195e508ce280f5040ca71c011cd5ae;2017;1;1;0
DOC-64d2fba423d2;le09fwg.txt;Kommunalwahlprogramm Gemeinde;Gemeinde;2009.0;64d2fba423d207bae238cfb408da5c45438fde9e98882f9a20976b05d6018da3;65579;1;1;0
DOC-64da42397ff0;mu20bia.txt;Kommunalwahlprogramm Gemeinde;Gemeinde;2020.0;64da42397ff0ca8123800148f184877685478e39ecea741f0e4abec395d61af2;17964;1;1;0
DOC-64e15fb33566;Haldensleben_CDU_2024.txt;anderes kommunales Wahlprogramm;Landkreis und Gemeinden;2024.0;64e15fb33566f094601fd8c84558c6d8bb53948f25c2d34c02b57874e819e68d;13269;2;1;1
DOC-64e81b2b2e20;Barleben_CDU_2024.txt;Kommunalwahlprogramm Gemeinde;Gemeinde;2024.0;64e81b2b2e20f4f12ebe343eb83ef31c07b1c86789033173bd7255d2b27b7fc7;367;1;1;0
DOC-64f2c3933ede;er14csu.txt;Kommunalwahlprogramm Gemeinde;Gemeinde;2014.0;64f2c3933ede0f49a308883344b0d333d8e2422fe7fd5f3522ea5f5e08704b35;122206;1;1;0
DOC-6503a8c91260;in20fdp.txt;Kommunalwahlprogramm Gemeinde;Gemeinde;2020.0;6503a8c91260b6427a715ea8c382b7049df8cc596cbc251961421a7be56d7c4f;22008;1;1;0
DOC-65118614ed45;Nobitz_Linke_2024.txt;anderes kommunales Wahlprogramm;Landkreis und Gemeinden;2024.0;65118614ed45a4cca77ecd46663eff00f70937f1c9f11e25fe5066383e946e96;19985;2;1;1
DOC-653b3fad3ec5;mh04mbi.txt;Kommunalwahlprogramm Gemeinde;Gemeinde;2004.0;653b3fad3ec5efe8f2386425cf47742eae72b9f52cb45900690d4bf985c797c0;41948;1;1;0
DOC-65436a796f4d;Erfurt_Piraten_2024.txt;Kommunalwahlprogramm Gemeinde;Gemeinde;2024.0;65436a796f4d2f9cab7bf253c80a5fb063d09ab25a87a2057b36109c7d4821b5;20972;1;1;0
DOC-656f7993e0dc;ki13cdu.txt;Kommunalwahlprogramm Gemeinde;Gemeinde;2013.0;656f7993e0dc0242a957d916d6a7ba8fdddfc3e9244da901a8fb03d22d820ab7;90193;1;1;0
DOC-657325fd469a;Erfurt_SPD_2024.txt;Kommunalwahlprogramm Gemeinde;Gemeinde;2024.0;657325fd469aa6993ee997eaf675271e114f842559e2f39d5154a3e1dd43822e;35966;1;1;0
DOC-6599f95cf3de;ff16cdu.txt;Kommunalwahlprogramm Gemeinde;Gemeinde;2016.0;6599f95cf3de63b6a90fcc4acee6e34343da45d42d67f574a26992c52223c711;201414;1;1;0
DOC-65bdf9fcb83d;le14spd.txt;Kommunalwahlprogramm Gemeinde;Gemeinde;2014.0;65bdf9fcb83d9545c589b6d4b1fa09d0e565266a271db83bec2c894dd6e62b6e;35184;1;1;0
DOC-65e1b6e109f9;of16pir.txt;Kommunalwahlprogramm Gemeinde;Gemeinde;2016.0;65e1b6e109f9109a2afd779263ec7d8287bcbea2989d26addf039cb0433b371d;32744;1;1;0
DOC-66000fa7511a;pf14gru.txt;Kommunalwahlprogramm Gemeinde;Gemeinde;2014.0;66000fa7511a6266617749b0f3acd875ea431bbf2d47d5797073b0449d2680bb;7674;1;1;0
DOC-663ee1cacf66;in14fwg.txt;Kommunalwahlprogramm Gemeinde;Gemeinde;2014.0;663ee1cacf669f04d37cafa3d206e0a2eab9582da2c77d9cb39a5ae911b56ae9;1364;1;1;0
DOC-665418019364;ef19spd.txt;Kommunalwahlprogramm Gemeinde;Gemeinde;2019.0;66541801936405243a2491e66103a8c78d01041d5304959200c7fcb1c481ddf4;22621;1;1;0
DOC-666cd0fa88a4;do09cdu.txt;Kommunalwahlprogramm Gemeinde;Gemeinde;2009.0;666cd0fa88a4fa7b777544317471099512af5bcb212d8b5340acd2061b6d220d;111744;1;1;0
DOC-66c57ee6a27a;da16uff.txt;Kommunalwahlprogramm Gemeinde;Gemeinde;2016.0;66c57ee6a27a38fc463ee6b27816d1306dc8f6a81bb31a46ef4d5d3184e7b175;18506;1;1;0
DOC-66ff95d228bb;hl14fdp.txt;Kommunalwahlprogramm Gemeinde;Gemeinde;2014.0;66ff95d228bb1b1fda95075fec66060555c2d81a777795c129de5d13f5320c08;21445;1;1;0
DOC-6738902eecf6;Konstanz_LLK_2024.txt;Kommunalwahlprogramm Gemeinde;Gemeinde;2024.0;6738902eecf61e4bf9a3e2a79892d9a6743d62d80cfcb44c24b665aa67325a70;8699;1;1;0
DOC-673c7bb1de76;Potsdam_Linke_2024.txt;Kommunalwahlprogramm Gemeinde;Gemeinde;2024.0;673c7bb1de76c0b220d567f91fe736109fa36c0b0c96f414f973f9132be1fd7f;45969;1;1;0
DOC-674343538f43;Reutlingen_Die Partei_2024.txt;Kommunalwahlprogramm Gemeinde;Gemeinde;2024.0;674343538f43f5e9e3896a95e04fedb227c057d5069aa6e4f348789eb5d70821;2882;1;1;0
DOC-674547db50bd;tr14lin.txt;Kommunalwahlprogramm Gemeinde;Gemeinde;2014.0;674547db50bdeb11342272149e05cf73dd30e41da3c7d37eb44b71162a8f0551;82785;1;1;0
DOC-677914cff939;Magdeburg_AfD_2024.txt;Kommunalwahlprogramm Gemeinde;Gemeinde;2024.0;677914cff93995fd4008043db0e5bf21603b3fa305134fe06c3494607f2f50fa;76303;1;1;0
DOC-67798fc26623;Staßfurt_Grüne_2024.txt;anderes kommunales Wahlprogramm;Landkreis und Gemeinden;2024.0;67798fc26623a30ab16c2e6c611e1445ae07e334c7e60825ed838789167cb87f;4151;2;1;1
DOC-67e5e54fc8c1;Mainz_CDU_2024.txt;Kommunalwahlprogramm Gemeinde;Gemeinde;2024.0;67e5e54fc8c1c0cf3b83842aeb866a33b3c5bbea466956895f45d59e908c07fc;30969;1;1;0
DOC-67e88b315435;kr14cdu.txt;Kommunalwahlprogramm Gemeinde;Gemeinde;2014.0;67e88b315435e53c4889cb33c9a3f21b9bde214ab722a568c63327f3f22f6550;65411;1;1;0
DOC-67f1204cf63c;Karlsruhe_Demokratie und Aufklärung Karlsruhe_2024.txt;Kommunalwahlprogramm Gemeinde;Gemeinde;2024.0;67f1204cf63cfae717a3f8a0276ab3310936967fb011c8fd1872e99376bb5fdd;3323;1;1;0
DOC-6842080e1b1f;Worms_CDU_2024.txt;Kommunalwahlprogramm Gemeinde;Gemeinde;2024.0;6842080e1b1f4de1f7fe3058de4083e6dd3da19c1bdf534aa273c94345035618;34575;1;1;0
DOC-68469e338c35;sb14sfa.txt;Kommunalwahlprogramm Gemeinde;Gemeinde;2014.0;68469e338c351d4f9d0194f7284bf2507eadd17f5e5bb4668be856669082e6c4;5588;1;1;0
DOC-6876bc76e88b;mu14afd.txt;Kommunalwahlprogramm Gemeinde;Gemeinde;2014.0;6876bc76e88b7c394a6d76dee8b398277b02c56ec12d4d65465d84257f3f9779;31395;1;1;0
DOC-687c61d731b2;ds20fwg.txt;Kommunalwahlprogramm Gemeinde;Gemeinde;2020.0;687c61d731b2a63f4ebba51dda4bc130f960ee37b368122f07f015e2bb4f007e;4086;1;1;0
DOC-6892a35f589f;Friedrichshafen_SPD_2024.txt;Kommunalwahlprogramm Gemeinde;Gemeinde;2024.0;6892a35f589f30631479a12812a6c0672300fb687239148c684212d3d7b9b579;38273;1;1;0
DOC-6899e3508633;mg09gru.txt;Kommunalwahlprogramm Gemeinde;Gemeinde;2009.0;6899e350863376a9d0343a689af2acc7751e5209d3b24478d77d8aaf36098c56;65161;1;1;0
DOC-68b2e6760bfe;ob94cdu.txt;Kommunalwahlprogramm Gemeinde;Gemeinde;1994.0;68b2e6760bfebfefb511fefcc7b4e1f0e8b68edc7ae9a31e3e64e75f32e3de20;51388;1;1;0
DOC-68d067821552;Reutlingen_CDU_2024.txt;Kommunalwahlprogramm Gemeinde;Gemeinde;2024.0;68d0678215521d67abf5a97857a009f955234bdc31e8ed0eb079975f0c6bb894;6024;1;1;0
DOC-68e1fcb7a9e6;kr20wir.txt;Kommunalwahlprogramm Gemeinde;Gemeinde;2020.0;68e1fcb7a9e61e165a8d7ccccbfff7bf69cf02a80f9c0bb7e5ae7e4fae97b284;12756;1;1;0
DOC-69425103ed0d;wv16fdp.txt;Kommunalwahlprogramm Gemeinde;Gemeinde;2016.0;69425103ed0d56b756c7990405828f1a14b4de26dfd9678baadac39b91cb0120;33362;1;1;0
DOC-694d17a0a36f;ff06eul.txt;Kommunalwahlprogramm Gemeinde;Gemeinde;2006.0;694d17a0a36f40bac952bfc11512b19b9ff58fed621f5b478ca540983e523d83;3250;1;1;0
DOC-698a2cabbe79;Karlsruhe_AfD_2024.txt;Kommunalwahlprogramm Gemeinde;Gemeinde;2024.0;698a2cabbe79117e8c07d9850dc0c2bc1ac70fc4f785d8f6a715201cb4b6963c;11160;1;1;0
DOC-698ea466de92;bh15gru.txt;Kommunalwahlprogramm Gemeinde;Gemeinde;2015.0;698ea466de92e48a3e8ef917b9aa1f4211889b11d2fafe7142f1cbf0be3155e9;105397;1;1;0
DOC-69994ed2f641;Konstanz_SPD_2024.txt;Kommunalwahlprogramm Gemeinde;Gemeinde;2024.0;69994ed2f641bf708528b0528d93d2861e0e520b352f300bbbbcdd669da47b90;55274;1;1;0
DOC-69bfbc8ef0a4;Saalfeld (Saale)_BfS_2024.txt;Kommunalwahlprogramm Gemeinde;Gemeinde;2024.0;69bfbc8ef0a4d99af02e05bf1fb5d158f97d3f816c20089a6c101ff15c9df297;18352;1;1;0
DOC-69c15f248559;po14pot.txt;Kommunalwahlprogramm Gemeinde;Gemeinde;2014.0;69c15f2485597e25784bb2b79d453997958ba7bf6f9a339421777ac7bd850003;9017;1;1;0
DOC-69e888c54c34;do20baj.txt;Kommunalwahlprogramm Gemeinde;Gemeinde;2020.0;69e888c54c3409f9563965eb3df9960facd2a0be625f5dcf637967d574d59ea4;27522;1;1;0
DOC-69ed71196cbb;si20gru.txt;Kommunalwahlprogramm Gemeinde;Gemeinde;2020.0;69ed71196cbb652346d21938f4fad7386d3c77653136bcc069da094750111ca1;59881;1;1;0
DOC-69ff01e94502;Zossen_SPD_2024.txt;Kommunalwahlprogramm Gemeinde;Gemeinde;2024.0;69ff01e94502ae5e98e76a49b52c8ed8cda40d4fefaaf68f8c765c65c45aaa6e;3644;1;1;0
DOC-6a0c4c8be7eb;ac14spd.txt;Kommunalwahlprogramm Gemeinde;Gemeinde;2014.0;6a0c4c8be7eb05837c908b66175edc8662168225107adfcd1b5d8311acc3b431;95029;1;1;0
DOC-6a3cd97e8eb2;of93gru.txt;Kommunalwahlprogramm Gemeinde;Gemeinde;1993.0;6a3cd97e8eb265e41024c34a2aba6f6b2653681f45e0209f327349117d59dc7a;139442;1;1;0
DOC-6a4085e27460;bi94gru.txt;Kommunalwahlprogramm Gemeinde;Gemeinde;1994.0;6a4085e27460adf481d57a5430189b84dd87460769e80b70a7b6f85e093d26bd;11808;1;1;0
DOC-6a658cad8109;st14afd.txt;Kommunalwahlprogramm Gemeinde;Gemeinde;2014.0;6a658cad81090f71c6b0872770a81d5c7feb3e5bc3c5d9ba5c2df42147097b96;37853;1;1;0
DOC-6a97b6482645;rg20fwg.txt;Kommunalwahlprogramm Gemeinde;Gemeinde;2020.0;6a97b6482645da313718bd1bb86eae41586af94a0abfbb412d2d74d72b564f2f;31159;1;1;0
DOC-6aa5c5f5aee7;em11cdu.txt;Kommunalwahlprogramm Gemeinde;Gemeinde;2011.0;6aa5c5f5aee77f5ab6a2334e5a78e3ced4c6e389d35ef05bf378f1bfe71a7ab1;41599;1;1;0
DOC-6ac3fe0e7a1d;Großräschen_SPD_2024.txt;Kommunalwahlprogramm Gemeinde;Gemeinde;2024.0;6ac3fe0e7a1dc30436ad1f8c4fb6993cd46733b8c7dd820dd54d18e3a858f4e6;4792;1;1;0
DOC-6ad93157ac46;do20par.txt;Kommunalwahlprogramm Gemeinde;Gemeinde;2020.0;6ad93157ac46aa4ca7b964bd943bf92b526599215b4603de30d85069ba4624b5;1149;1;1;0
DOC-6ae0d57e03a7;Bad Hönningen_Grüne_2024.txt;Kommunalwahlprogramm Gemeinde;Gemeinde;2024.0;6ae0d57e03a74d08f91e4991b981ddcd9025946c4ea5fb151a329cff65249314;22169;1;1;0
DOC-6b0bcdb3d556;mz14odp.txt;Kommunalwahlprogramm Gemeinde;Gemeinde;2014.0;6b0bcdb3d556050f3313843a4f56014d87bcccd49aee63820ac2c1a300c3c36b;39449;1;1;0
DOC-6b451d18f041;Falkensee_SPD_2024.txt;Kommunalwahlprogramm Gemeinde;Gemeinde;2024.0;6b451d18f041a224db291a114ea089824217214cca162731036c6aca80eb7e6a;7081;1;1;0
DOC-6b71e7d702c1;ol16gru.txt;Kommunalwahlprogramm Gemeinde;Gemeinde;2016.0;6b71e7d702c1e7fb8b07fad781302130dbabcc8a20416f31ddb96e939448dc96;112779;1;1;0
DOC-6b8214ef4216;hd19bul.txt;Kommunalwahlprogramm Gemeinde;Gemeinde;2019.0;6b8214ef42160d31a47bb07569eae9a1c8961420c4b508f6d3882f64673ad5f7;45365;1;1;0
DOC-6bb0f35f092c;du14jud.txt;Kommunalwahlprogramm Gemeinde;Gemeinde;2014.0;6bb0f35f092ca2a317bef4e92f4d7ce9e15c8da18ba5569f931c3114c832faae;26710;1;1;0
DOC-6c208e9d6423;wu09gru.txt;Kommunalwahlprogramm Gemeinde;Gemeinde;2009.0;6c208e9d6423b7ff8da5cdc5f56b4cc44502f729854919b4ec9ca94cb66f3779;82468;1;1;0
DOC-6c54e3853445;kr99cdu.txt;Kommunalwahlprogramm Gemeinde;Gemeinde;1999.0;6c54e38534456dd4f1b680714f97f7216d91353463733ea4bcf7c29e6b6db8d1;78560;1;1;0
DOC-6c7acd5fc167;he20cdu.txt;Kommunalwahlprogramm Gemeinde;Gemeinde;2020.0;6c7acd5fc167243c8a9e6cf5c445ba493206a9a17d1e150a93ba29542639b6da;86751;1;1;0
DOC-6c7d228dca0f;ne14spd.txt;Kommunalwahlprogramm Gemeinde;Gemeinde;2014.0;6c7d228dca0f693fce2e328d901fbcb7dd53d2865332057a1a548290c415b9ce;125161;1;1;0
DOC-6c8acbf69898;Friedrichshafen_ÖDP_2024.txt;Kommunalwahlprogramm Gemeinde;Gemeinde;2024.0;6c8acbf6989857b5c03ba79ed684803936da71f568f4e1bfd5e6c2ba57d991ca;4148;1;1;0
DOC-6c927f14c4f8;of16gru.txt;Kommunalwahlprogramm Gemeinde;Gemeinde;2016.0;6c927f14c4f84a4c4dd8f93c656bb76f1d423236c12f6e15569fb8dcc702d481;99317;1;1;0
DOC-6ca87dc4add7;Hohenmölsen_AHL_2024.txt;Kommunalwahlprogramm Gemeinde;Gemeinde;2024.0;6ca87dc4add7decc01ba956e95cfc7960fa0093c8fafe5a7b1026f7729d45911;6089;1;1;0
DOC-6cc9154d3c6d;pf19spd.txt;Kommunalwahlprogramm Gemeinde;Gemeinde;2019.0;6cc9154d3c6d5770ba7f564331f5630ddf461266ccb436f17c36d5e707a7a7d0;2759;1;1;0
DOC-6ce741558e61;ff16spd.txt;Kommunalwahlprogramm Gemeinde;Gemeinde;2016.0;6ce741558e6165d28a3e885478489e9b36267153786ead19e72e9452f4a46b2a;64618;1;1;0
DOC-6d04cf839081;mh99mbi.txt;Kommunalwahlprogramm Gemeinde;Gemeinde;1999.0;6d04cf83908124bf5018ad38d56812757e8bd0e67c367a841c8daaf5ad893fe1;29823;1;1;0
DOC-6d82919f7d78;Neubrandenburg_SPD_2024.txt;Kommunalwahlprogramm Gemeinde;Gemeinde;2024.0;6d82919f7d7895595a7279f1d246030d4ec75bf21df2022836cf3cb08bd48a93;8957;1;1;0
DOC-6d95863280c7;hm20spd.txt;Kommunalwahlprogramm Gemeinde;Gemeinde;2020.0;6d95863280c7b35cb660f0548f67ef3e8e9c47cd69e742f0639fe5cf0bb0f563;49915;1;1;0
DOC-6dcab0e11d75;co14gru.txt;Kommunalwahlprogramm Gemeinde;Gemeinde;2014.0;6dcab0e11d750a7de2a8ff57acc1fae2bbcd28012eefa52ce6dfc00ef370d389;15026;1;1;0
DOC-6e32094c2eb1;Villingen-Schwenningen_FDP_2024.txt;Kommunalwahlprogramm Gemeinde;Gemeinde;2024.0;6e32094c2eb1e79d3f52f3aa21b063ced7d925fe717f7933127fdb04e802655b;7721;1;1;0
DOC-6e39fd70f4b4;ul09uvl.txt;Kommunalwahlprogramm Gemeinde;Gemeinde;2009.0;6e39fd70f4b43d2f166f591f11f576d48e547e38943dd1fccf46ad798aff3414;416;1;1;0
DOC-6e97cc3357b4;Hagenow_CDU_2024.txt;anderes kommunales Wahlprogramm;Landkreis und Gemeinden;2024.0;6e97cc3357b4aba968d105417173f54ed50042036eae8421fe9dcbb6ff54438d;56976;2;1;1
DOC-6e9fdffe0615;Ludwigshafen am Rhein_FDP_2024.txt;anderes kommunales Wahlprogramm;Land;2024.0;6e9fdffe06155d723c5da85085939762e1dc921a8f1cff46d546dc0a1b078ece;134034;2;1;1
DOC-6ea2c998a420;ac09lin.txt;Kommunalwahlprogramm Gemeinde;Gemeinde;2009.0;6ea2c998a420339b72059678743adc5b296eca6e13809fcf518eb3d7d784ca7e;100120;1;1;0
DOC-6ef6a8b39c2f;es20fdp.txt;Kommunalwahlprogramm Gemeinde;Gemeinde;2020.0;6ef6a8b39c2feb09e7dd0828915eddbaa07ca1d64b6758a34562d214be5f295a;65585;1;1;0
DOC-6eff52fa2f0a;mo20cdu.txt;Kommunalwahlprogramm Gemeinde;Gemeinde;2020.0;6eff52fa2f0af332aa3244e5031ac86988099631975aa8ccdfc4fdec6b250f41;3839;1;1;0
DOC-6f2e29c77f79;sg20fbu.txt;Kommunalwahlprogramm Gemeinde;Gemeinde;2020.0;6f2e29c77f79a5845170b4c21037ee2350d655471650666bf171947496f23afb;8601;1;1;0
DOC-6f4be9471379;Boppard_SPD_2024.txt;Kommunalwahlprogramm Gemeinde;Gemeinde;2024.0;6f4be94713797d086df697609f02f7b0bbca0ceb3cd0acfc58ba3d325296826d;22494;1;1;0
DOC-6f4c1a6ddfbb;lb13bfl.txt;Kommunalwahlprogramm Gemeinde;Gemeinde;2013.0;6f4c1a6ddfbbcaa772db6a9acd08555b5dcf4719290d1c3e25800e6ab0b9a4ed;24065;1;1;0
DOC-6f6f01602bb9;lu14spd.txt;Kommunalwahlprogramm Gemeinde;Gemeinde;2014.0;6f6f01602bb90806c1117a93d4ccbde18e4f42dce58a2a3c336e265b525418e8;58831;1;1;0
DOC-6f89bfec8841;re20phd.txt;Kommunalwahlprogramm Gemeinde;Gemeinde;2020.0;6f89bfec8841142b2dbe84d4a95f2d9294c6423e6bcdd8bbc4b02d6949fe40aa;12860;1;1;0
DOC-6fd383fe7155;Bernau bei Berlin_CDU_2024.txt;Kommunalwahlprogramm Gemeinde;Gemeinde;2024.0;6fd383fe7155227a8b65df2c4db8a15a39c32955b1a4d33519dfa862ed63b600;987;1;1;0
DOC-6fd64a9e67d0;Cottbus_FWG_2024.txt;Kommunalwahlprogramm Gemeinde;Gemeinde;2024.0;6fd64a9e67d0460498480ede6b440a0ece2c6de854b3c043e6473d4faa7c2d21;18771;1;1;0
DOC-6fdf77c11b5a;wu09spd.txt;Kommunalwahlprogramm Gemeinde;Gemeinde;2009.0;6fdf77c11b5ae2e0ea15b3937b611c4199b3173d5338418450d6260d254063d0;37210;1;1;0
DOC-700b73e9f903;fu14fwg.txt;Kommunalwahlprogramm Gemeinde;Gemeinde;2014.0;700b73e9f903180c953e6cd9fdaccd7295b46d86f766c6886db2984ccfaeec5b;1845;1;1;0
DOC-7033cb94e47e;wv11gru.txt;Kommunalwahlprogramm Gemeinde;Gemeinde;2011.0;7033cb94e47e126d53ed1fe0af603445ae13e4049981eedc7a3647b139353436;42273;1;1;0
DOC-705b69af1f42;Heidenheim an der Brenz_CDU_2024.txt;Kommunalwahlprogramm Gemeinde;Gemeinde;2024.0;705b69af1f4236b35b44859d2cd2c093da1ee333d42bfaecb77de3cdfd6cda95;15086;1;1;0
DOC-7062c7375cf0;Görlitz_SPD_2024.txt;Kommunalwahlprogramm Gemeinde;Gemeinde;2024.0;7062c7375cf017dbacbf591f6b81407bc3e16a7dd08bf087210fe8d48bc888ec;30469;1;1;0
DOC-708b75617b26;ds20kld.txt;Kommunalwahlprogramm Gemeinde;Gemeinde;2020.0;708b75617b260e3338454cdbf2cf830199fc936f3ec2bb9d114231e8876bbb8e;20962;1;1;0
DOC-709843ffc376;bn20bbb.txt;Kommunalwahlprogramm Gemeinde;Gemeinde;2020.0;709843ffc376796fdd6d987592b2008d5a959610010b0bc80c50ebdd3d73dbbc;45242;1;1;0
DOC-70e347e82876;mg20gru.txt;Kommunalwahlprogramm Gemeinde;Gemeinde;2020.0;70e347e8287698187b15eb6c73b128b61e6eeff42fbd63abd9460f1ece309c4e;110094;1;1;0
DOC-70e833068c69;bo14fdp.txt;Kommunalwahlprogramm Gemeinde;Gemeinde;2014.0;70e833068c697bd35ce6d9fb1eb07af9c21efa20227774ca6b776847989a4324;72997;1;1;0
DOC-70ef1c2f6bda;rs20spd.txt;Kommunalwahlprogramm Gemeinde;Gemeinde;2020.0;70ef1c2f6bda38686a86cd4db0247abaee6d196a33b19600aa0509d30b48a071;80067;1;1;0
DOC-70fc2120c2ff;mz19vlt.txt;Kommunalwahlprogramm Gemeinde;Gemeinde;2019.0;70fc2120c2ff1be4c8ae927a5217586690828f8e0681df07a2e3b80335b7a1c7;8163;1;1;0
DOC-71082eac366d;bi14gru.txt;Kommunalwahlprogramm Gemeinde;Gemeinde;2014.0;71082eac366d992eb22367ceb05f6729861ab3be802969e850a06a1a04a27fbf;110508;1;1;0
DOC-7111de5c38f1;Frankfurt (Oder)_SPD_2024.txt;Kommunalwahlprogramm Gemeinde;Gemeinde;2024.0;7111de5c38f1acf098e35467737258fd1e6f703cc8dc5d9e634fc033c5e151e2;14415;1;1;0
DOC-712e021fe9a1;dr14gru.txt;Kommunalwahlprogramm Gemeinde;Gemeinde;2014.0;712e021fe9a1e11ad5fc7661e91adcf97f2484c8a0e24dec240d997ff86de653;106750;1;1;0
DOC-718b728962c8;lp19lfg.txt;Kommunalwahlprogramm Gemeinde;Gemeinde;2019.0;718b728962c88af113b6e92ab0e77339016dd3ae3018d78d6a9f03f8aa6a33c8;1357;1;1;0
DOC-719c61172b20;Lossatal_BFWL_2024.txt;Kommunalwahlprogramm Gemeinde;Gemeinde;2024.0;719c61172b20b7bd07fef46bfb2f400494f56c9a4e219c38da5267645a81b7c2;1575;1;1;0
DOC-71b38c00a2f2;du09gru.txt;Kommunalwahlprogramm Gemeinde;Gemeinde;2009.0;71b38c00a2f29b729be7dadd8ebfd759d733d941d07524f700983bbfde1a5609;66310;1;1;0
DOC-71d64ac1d86f;ks14fwg.txt;Kommunalwahlprogramm Gemeinde;Gemeinde;2014.0;71d64ac1d86fa4124ee4c2c9582eea59ee0f5a96806b30430a25d1617fa714df;32653;1;1;0
DOC-72625380cbf2;hd19gru.txt;Kommunalwahlprogramm Gemeinde;Gemeinde;2019.0;72625380cbf2208bbbb30e0007c8ff8d4aca3be01f52ab638520e784177809f5;12397;1;1;0
DOC-728059d45019;Rastatt_Grüne_2024.txt;Kommunalwahlprogramm Gemeinde;Gemeinde;2024.0;728059d4501941ef40106765eeb8617cec447a1eef624fa12e836ed18d7e1f38;44499;1;1;0
DOC-728b8ca7d4bc;Osthofen_AfD_2024.txt;anderes kommunales Wahlprogramm;Land;2024.0;728b8ca7d4bc863206cb61bdac4f65c837503a4edbdbab82dbe6fc64a1705f7c;15988;2;1;1
DOC-72bc11571465;Brieselang_BFB_2024.txt;Kommunalwahlprogramm Gemeinde;Gemeinde;2024.0;72bc11571465ef831fa0aed8497002762376400f9b0bfcaf9c3ea753b57577fe;21081;1;1;0
DOC-72bd74b2939a;of97fdp.txt;Kommunalwahlprogramm Gemeinde;Gemeinde;1997.0;72bd74b2939a7bec1a01ed43345c437592a9e960e47e6285602d2ab9e9ad1e0c;100965;1;1;0
DOC-72d481bf2c92;mo20gra.txt;Kommunalwahlprogramm Gemeinde;Gemeinde;2020.0;72d481bf2c92fe3daf6b3b022089418e6bbc50ffedf7103908f0739068d3c823;25631;1;1;0
DOC-72ee1150adff;bn14afd.txt;Kommunalwahlprogramm Gemeinde;Gemeinde;2014.0;72ee1150adff6957516223bd591c50d2f3554f100456447c66151c98dce692a4;7539;1;1;0
DOC-7303087ff7f2;em06fdp.txt;Kommunalwahlprogramm Gemeinde;Gemeinde;2006.0;7303087ff7f2b02803d6d1025588f250a829332c3baa7c8f861def7511ea9635;17041;1;1;0
DOC-73257cc3644a;mh20gru.txt;Kommunalwahlprogramm Gemeinde;Gemeinde;2020.0;73257cc3644a59d13e01b303bcafedc6950c819232fd53e69113058936972bf5;31456;1;1;0
DOC-732be58aae39;Frankfurt (Oder)_FWG_2024.txt;Kommunalwahlprogramm Gemeinde;Gemeinde;2024.0;732be58aae39856881affd9a1755a3e772f46c3e36ad5be2418568fc757259dc;13171;1;1;0
DOC-7339cde6cc7c;pb09cdu.txt;Kommunalwahlprogramm Gemeinde;Gemeinde;2009.0;7339cde6cc7c1f5eef55aee5e7b06bb51b6e7f2768441019a428f2867ed9131a;13373;1;1;0
DOC-733cab037961;Bad Dürrenberg_SPD_2024.txt;Kommunalwahlprogramm Gemeinde;Gemeinde;2024.0;733cab037961a51e033a18825a0fa9e822b5e4fdc6441fa7ea32dd7937048bcb;12031;1;1;0
DOC-737477f9f334;ms14fdp.txt;Kommunalwahlprogramm Gemeinde;Gemeinde;2014.0;737477f9f3347a75a97fb33552b0070bfba481b4b6f41d01f4a94ddef734824f;60025;1;1;0
DOC-7380fd5019eb;nu14gru.txt;Kommunalwahlprogramm Gemeinde;Gemeinde;2014.0;7380fd5019ebfcfa1ae4fcad28706d3eb81afaf8e983915d070dc6ba01fe47de;101964;1;1;0
DOC-738f6bfcc5ac;do20dkp.txt;Kommunalwahlprogramm Gemeinde;Gemeinde;2020.0;738f6bfcc5ac7d15f1e33766cf6f05c81f85d089e52458d95c81cc5268ce9084;1349;1;1;0
DOC-738fbd40fa94;lb18gru.txt;Kommunalwahlprogramm Gemeinde;Gemeinde;2018.0;738fbd40fa942ee42f6e885423cfd14b8a680d853a5768f0ede47ffa45bbc4c6;25735;1;1;0
DOC-739084b11898;Trier_FWG_2024.txt;Kommunalwahlprogramm Gemeinde;Gemeinde;2024.0;739084b11898af1660e23cb181bb17a22f7ee1c546818ff5e46b887dc3d2f5fe;13344;1;1;0
DOC-73b0430cf98b;Altentreptow_Altentreptower Wählergemeinschaft_2024.txt;Kommunalwahlprogramm Gemeinde;Gemeinde;2024.0;73b0430cf98b916b117f61a785f4b82c39a1ecd6b56baa5e5eede8e3aa2b29f1;2051;1;1;0
DOC-73b4ff5c451b;sb14pir.txt;Kommunalwahlprogramm Gemeinde;Gemeinde;2014.0;73b4ff5c451b9bbcf754e547080b693c0a9304b485a4ac24350c6e54d3b9502d;16428;1;1;0
DOC-73be699de7ef;lb18spd.txt;Kommunalwahlprogramm Gemeinde;Gemeinde;2018.0;73be699de7ef39c473511d41e350e971f86c9d4b822ed2912e908a520ad3d9bd;24881;1;1;0
DOC-73f2d99e9b2d;ro14spd.txt;Kommunalwahlprogramm Gemeinde;Gemeinde;2014.0;73f2d99e9b2dc5a1389a1b652744f022cc73220dbdf80554acfe2f0bb9986bd0;26788;1;1;0
DOC-73fb8a293824;ko20spd.txt;Kommunalwahlprogramm Gemeinde;Gemeinde;2020.0;73fb8a2938244e318f2243d2a22088b738c71b4bae220365b503ed80aa671d9e;108551;1;1;0
DOC-74205198c8f5;Alzey_FDP_2024.txt;Kommunalwahlprogramm Gemeinde;Gemeinde;2024.0;74205198c8f578e423a67cc8ee08a83555f0225b5e2de9e81fd76e5dc1b12aa3;2881;1;1;0
DOC-742a61bf5577;rg14pir.txt;Kommunalwahlprogramm Gemeinde;Gemeinde;2014.0;742a61bf55778444e87c395be761d1e0d5e01c07c86ff1be33c1a032f3f2fbe5;14078;1;1;0
DOC-7466dc33b89a;wo16cdu.txt;Kommunalwahlprogramm Gemeinde;Gemeinde;2016.0;7466dc33b89add438c1c9ac7f9042d8a22e1232337adfa1d5e77c80dc781ff70;15802;1;1;0
DOC-747b5ed94588;hm20gru.txt;Kommunalwahlprogramm Gemeinde;Gemeinde;2020.0;747b5ed945880ca7a311f901271ff8c6eee196d126e9190b1d7379be8f7b0195;52908;1;1;0
DOC-74801ecd2474;sg14spd.txt;Kommunalwahlprogramm Gemeinde;Gemeinde;2014.0;74801ecd2474fe57ad5ec743bcf362e67561816106e08769d2279f9cdb8eba60;120491;1;1;0
DOC-7481d0e1ad7b;Prüm_SPD_2024.txt;Kommunalwahlprogramm Gemeinde;Gemeinde;2024.0;7481d0e1ad7bdfdbb060e31ce32b833beb8b6de88762f71f96de2467bdaa9732;639;1;1;0
DOC-7493a0bddc29;Freiberg_SPD_2024.txt;Kommunalwahlprogramm Gemeinde;Gemeinde;2024.0;7493a0bddc29035f405b89dcc952d18f7e97a2b7566ce9144b0bceea968fff79;8619;1;1;0
DOC-74fa14ae9c17;in14lin.txt;Kommunalwahlprogramm Gemeinde;Gemeinde;2014.0;74fa14ae9c175bc861b9fb78bf1e0b74666eceb997924b9d719aa7efbf096862;20970;1;1;0
DOC-750d751b28d8;ch14spd.txt;Kommunalwahlprogramm Gemeinde;Gemeinde;2014.0;750d751b28d86d9402bcc197234b007c95e42862699b4b204bcc0219ba004be0;26214;1;1;0
DOC-751e2e8d9bd5;Waghäusel_SPD_2024.txt;Kommunalwahlprogramm Gemeinde;Gemeinde;2024.0;751e2e8d9bd5777bca772affe88a6d1939495ecd8320405434baa04baec79612;22061;1;1;0
DOC-75263492a478;Ludwigshafen am Rhein_SPD_2024.txt;Kommunalwahlprogramm Gemeinde;Gemeinde;2024.0;75263492a478ed356aea9e9964cb952eb76e60e306c6d8b4a6ac74786deb6be0;75599;1;1;0
DOC-75495843fa5c;dl16lin.txt;Kommunalwahlprogramm Gemeinde;Gemeinde;2016.0;75495843fa5c2753992d13bff6175bbdd1ef376c3564bbd101cdabf70175429c;48092;1;1;0
DOC-754cd7c580ff;Rangsdorf_Die Rangsdorfer_2024.txt;Kommunalwahlprogramm Gemeinde;Gemeinde;2024.0;754cd7c580ff0ef7cfadd38ef59da9cd2a355d920f54301d1405a0b13cf8d9cc;820;1;1;0
DOC-75a47587fdaa;da16pir.txt;Kommunalwahlprogramm Gemeinde;Gemeinde;2016.0;75a47587fdaa4274a5343607ec1c61a9b20c708ef8bce359206f02805283c181;35631;1;1;0
DOC-75c04f7ad438;Brandenburg an der Havel_FDP_2024.txt;Kommunalwahlprogramm Gemeinde;Gemeinde;2024.0;75c04f7ad4380647b44e4db8f99f994cbebf00f43745b095f1378b8170d6b5e6;7095;1;1;0
DOC-75c62e654913;dr14jfw.txt;Kommunalwahlprogramm Gemeinde;Gemeinde;2014.0;75c62e654913f65ce63154f3f65a3126aeceb2f84732ce64082be8f7d42f63e5;3130;1;1;0
DOC-75e5ec377548;si14cdu.txt;Kommunalwahlprogramm Gemeinde;Gemeinde;2014.0;75e5ec377548427105bc094a444f832bcfea76535944c22571490d7419013584;48456;1;1;0
DOC-75eb969afcfd;ac20spd.txt;Kommunalwahlprogramm Gemeinde;Gemeinde;2020.0;75eb969afcfd6d6595028368f46911883bf04bb47c4ad5ea448c4ecb9c2a1f61;91440;1;1;0
DOC-75f02723623c;wz14lin.txt;Kommunalwahlprogramm Gemeinde;Gemeinde;2014.0;75f02723623cc0cc3708dc57eb3513209dae482305e7523b377faa36d13c1258;58947;1;1;0
DOC-761b532a1171;po19spd.txt;Kommunalwahlprogramm Gemeinde;Gemeinde;2019.0;761b532a11716addb495295a34736635d6bf6b8a722568b1487b3a1acc74be4a;43848;1;1;0
DOC-7624c87b50e9;mu14lin.txt;Kommunalwahlprogramm Gemeinde;Gemeinde;2014.0;7624c87b50e9a2550fcdf68b5bcc6dc8668071dfea915b0b5bd41522b415fc89;216996;1;1;0
DOC-7672e1cdd722;Esslingen am Neckar_AfD_2024.txt;anderes kommunales Wahlprogramm;Landkreis und Gemeinden;2024.0;7672e1cdd72273755d76c66880d0d7ac86c95109bf536c23cd84c0525c583405;13807;2;1;1
DOC-76bb41eee369;bh19dih.txt;Kommunalwahlprogramm Gemeinde;Gemeinde;2019.0;76bb41eee369e6472981decd6a45d3074c553769a02e2c5d4f9e9265e7156ed7;53619;1;1;0
DOC-76d2cbe836d0;du20aud.txt;Kommunalwahlprogramm Gemeinde;Gemeinde;2020.0;76d2cbe836d0c2e94f496baa5d9b95b7354f5b23b5c2b56fa7c0ba037eb54007;2349;1;1;0
DOC-76dfd5499ddd;Stralsund_AfD_2024.txt;anderes kommunales Wahlprogramm;Landkreis;2024.0;76dfd5499dddb9715310a54808c4f401816c316c3bf5bb5b28fffdaf1bc7b1ab;16155;2;1;1
DOC-76e9b62da455;da01die.txt;Kommunalwahlprogramm Gemeinde;Gemeinde;2001.0;76e9b62da4556e16fa11269e002ddc89f1c2f2d7e54a12bbbae9f3da7fef37b1;2435;1;1;0
DOC-770194e16433;bi99gru.txt;Kommunalwahlprogramm Gemeinde;Gemeinde;1999.0;770194e16433561afd01d4484ff4ac9f411a4e307268ad7295cab35af94be2aa;149594;1;1;0
DOC-771746df08ad;wv16lin.txt;Kommunalwahlprogramm Gemeinde;Gemeinde;2016.0;771746df08ad2d1a2bf94f234c47550b105c7fed16db6b72000c3bb5ee377511;15007;1;1;0
DOC-772579af3b1f;of11rep.txt;Kommunalwahlprogramm Gemeinde;Gemeinde;2011.0;772579af3b1f25b69c4fade92d442b53cb0f679b7042d6d26cfd6a087c8511cb;39041;1;1;0
DOC-772abc5baaf1;Karlsruhe_FWG_2024.txt;Kommunalwahlprogramm Gemeinde;Gemeinde;2024.0;772abc5baaf1aa66ee1cbfa49c576650083c30337f999abfbced350b86e8d917;11907;1;1;0
DOC-773fd1c87aaf;Weiskirchen_GAL_2024.txt;Kommunalwahlprogramm Gemeinde;Gemeinde;2024.0;773fd1c87aaf5fa5e86505e5da4cf0fe8fdccd42f674a0a0a2ed6d83ce949c36;12122;1;1;0
DOC-77515287d5da;hm20cdu.txt;Kommunalwahlprogramm Gemeinde;Gemeinde;2020.0;77515287d5daac06dae9b2ebe1ab66e5497927f6e2f0dd1dcbf9c8b33ae1c1a8;35638;1;1;0
DOC-77564b0be946;Wettin-Löbejün_SPD_2024.txt;Kommunalwahlprogramm Gemeinde;Gemeinde;2024.0;77564b0be9469c1665a851fc5c0370b5561c2a2b42655db7c244f941a9e170bc;7203;1;1;0
DOC-778f88428483;ki18fdp.txt;Kommunalwahlprogramm Gemeinde;Gemeinde;2018.0;778f88428483fe9dada3a2397891187f9c7c00d0e3555ac72f4f7d718fd9a89a;40651;1;1;0
DOC-77a831b6c894;do12fdp.txt;Kommunalwahlprogramm Gemeinde;Gemeinde;2012.0;77a831b6c8948e254c9754f8be8708795a7706f8a985748b39f1945386d994a1;16271;1;1;0
DOC-77adfeeac863;Haßloch_HLL_2024.txt;Kommunalwahlprogramm Gemeinde;Gemeinde;2024.0;77adfeeac863d8d2f7aeff3ddbf63b76045532562dfd20d206c8815d19c51bdc;632;1;1;0
DOC-77ec3eb2a96a;ac14afd.txt;Kommunalwahlprogramm Gemeinde;Gemeinde;2014.0;77ec3eb2a96a632e2f288cc68153e2a049d4ae52797eaf0733433310c91d8f54;23981;1;1;0
DOC-780781835745;do09gru.txt;Kommunalwahlprogramm Gemeinde;Gemeinde;2009.0;78078183574586e26e67c300266b5292312b43a28687459a9a7d8116f1f88752;197747;1;1;0
DOC-780f2ab8474e;Kleinmachnow_Grüne_2024.txt;Kommunalwahlprogramm Gemeinde;Gemeinde;2024.0;780f2ab8474ea8901063d12f753b281d1de7a8510ec731713fc41b6a1840e6cd;18664;1;1;0
DOC-7824b904d46e;bn09bff.txt;Kommunalwahlprogramm Gemeinde;Gemeinde;2009.0;7824b904d46e01d9c7df00a77adc49b21ec98410304e657b12f522a903f6ecb3;35553;1;1;0
DOC-782bd1d69706;ms20fdp.txt;Kommunalwahlprogramm Gemeinde;Gemeinde;2020.0;782bd1d697061e76bb1ebb6eb40fde05fb0d68aad6ec7d60609c93d372fb96ff;67839;1;1;0
DOC-7832fdd4b87e;Kleinmachnow_SPD_2024.txt;Kommunalwahlprogramm Gemeinde;Gemeinde;2024.0;7832fdd4b87e4b54b5af5f85dd59669ddd35237c6815ba758d547763f39da6bb;18662;1;1;0
DOC-78687b781d62;ne20uwg.txt;Kommunalwahlprogramm Gemeinde;Gemeinde;2020.0;78687b781d621933e714b528261e301876b3f2a53047e2865d96fe408d1113c6;18612;1;1;0
DOC-7887f1f834ff;sb14spd.txt;Kommunalwahlprogramm Gemeinde;Gemeinde;2014.0;7887f1f834ffc21340ed15c4b7bb6380d5082116e8cc3092698b6ad9c48f2082;75370;1;1;0
DOC-788dfa253879;of16spd.txt;Kommunalwahlprogramm Gemeinde;Gemeinde;2016.0;788dfa2538790ac0f8dff6762ee28f9146911de5595b302ca6d460112e69b4c7;63992;1;1;0
DOC-7894439e7933;mu20odp.txt;Kommunalwahlprogramm Gemeinde;Gemeinde;2020.0;7894439e7933dd0d29db25c706f64106eeb215c1b26a82758f2aee14947df59d;93337;1;1;0
DOC-78b8b71920ca;Görlitz_AfD_2024.txt;Kommunalwahlprogramm Gemeinde;Gemeinde;2024.0;78b8b71920ca6066c83028eabd28a5830f223448d0ba1b6c190423fd20c18dd5;10308;1;1;0
DOC-78c27fd5bb8d;lb18par.txt;Kommunalwahlprogramm Gemeinde;Gemeinde;2018.0;78c27fd5bb8deee4eed3f7b94ca8d792415ea91e45406dfb93e6f5b08f42e2d5;3476;1;1;0
DOC-78d033ab5155;Bad Lausick_AfD_2024.txt;anderes kommunales Wahlprogramm;Landkreis und Gemeinden;2024.0;78d033ab515560d73bf7cfe372e52e1a696b4010e9b968eb3585810ac567e118;17215;4;2;2
DOC-78d51e424b78;mz19fwg.txt;Kommunalwahlprogramm Gemeinde;Gemeinde;2019.0;78d51e424b78305df0d3d54a0bd9230750333fcad3d03deb583e878a30ef6566;8329;1;1;0
DOC-78d56bd9c51d;Worms_Freie Liste_2024.txt;Kommunalwahlprogramm Gemeinde;Gemeinde;2024.0;78d56bd9c51d207846c327bc247e686181fa9b3621262d772732090582f642be;4709;1;1;0
DOC-78dbe16b1c49;Großröhrsdorf_CDU_2024.txt;Kommunalwahlprogramm Gemeinde;Gemeinde;2024.0;78dbe16b1c491b1cd765f78b601882d03aa08c26aa9176f07b9ef74dedc1ca49;4409;1;1;0
DOC-78dc4c6b994e;hm14prh.txt;Kommunalwahlprogramm Gemeinde;Gemeinde;2014.0;78dc4c6b994eae4c0919cf3674c56b1d7f757c6937188bffcd5515d62405ba34;5116;1;1;0
DOC-78e4991ddcfc;ms09odp.txt;Kommunalwahlprogramm Gemeinde;Gemeinde;2009.0;78e4991ddcfc7f9f0fc64687be9d6f6c73bd6ecc1c0ce2d8ba7874b9394f09c3;84318;1;1;0
DOC-78e7e5c7a481;Hagenow_Linke_2024.txt;anderes kommunales Wahlprogramm;Landkreis und Gemeinden;2024.0;78e7e5c7a48190cb6641e7d321d2f4541c2305bb45d1c5a78409023bb3f9e8d2;13257;4;2;2
DOC-79097a8828ab;Blumberg_Freie Liste_2024.txt;Kommunalwahlprogramm Gemeinde;Gemeinde;2024.0;79097a8828abb470ab131ff3dbb9099439c4a54994894ae5875a25daa4d2899a;1170;1;1;0
DOC-796210165cf2;ko20par.txt;Kommunalwahlprogramm Gemeinde;Gemeinde;2020.0;796210165cf226d4db1c3a5f93c2937ea7b784f41f14119d17571b8fe0fabd00;5516;1;1;0
DOC-79686d8da0e0;Schwaan_Linke_2024.txt;anderes kommunales Wahlprogramm;Landkreis;2024.0;79686d8da0e0106cbaa76125bb5ad0dcd753d75ca1764b6a9cbfe5572be907ea;3905;2;1;1
DOC-797df61bdd1c;ki13fdp.txt;Kommunalwahlprogramm Gemeinde;Gemeinde;2013.0;797df61bdd1cd77381199c264493153a5e409c6a6bdcf4571b881339e9cf4ef0;50474;1;1;0
DOC-79b14da55284;Ravensburg_SPD_2024.txt;Kommunalwahlprogramm Gemeinde;Gemeinde;2024.0;79b14da5528440d6e69f3898516b04ed1c5ffb13f598746320b7b409251c2217;10215;1;1;0
DOC-79c309b0e9aa;fr14juf.txt;Kommunalwahlprogramm Gemeinde;Gemeinde;2014.0;79c309b0e9aa87a841551113db680c00107edc6619ee386d25fd20760df516a7;13572;1;1;0
DOC-79c778790420;Ludwigsburg_FWG_2024.txt;Kommunalwahlprogramm Gemeinde;Gemeinde;2024.0;79c77879042019229686ecef3778d2f8cd7adfd0bc14a3d1e41087dc2f82caae;1600;1;1;0
DOC-79cbe2640ca6;bn99gru.txt;Kommunalwahlprogramm Gemeinde;Gemeinde;1999.0;79cbe2640ca6910187a2615f5de59f7a7580eba5d1208ddfd36adb7855bd1504;146846;1;1;0
DOC-79e3e81b9421;Steißlingen_FWG_2024.txt;Kommunalwahlprogramm Gemeinde;Gemeinde;2024.0;79e3e81b9421072fe87f193ba70d379243ed5206d23207cac4a2780b2a792d84;2070;1;1;0
DOC-79fcb9b30f5c;Heidelberg_Die Heidelberger_2024.txt;Kommunalwahlprogramm Gemeinde;Gemeinde;2024.0;79fcb9b30f5cf370c25cc8c5b60b238ee884bc717db553db7102f2c40aa20eb8;11161;1;1;0
DOC-7a16c52414be;Altentreptow_SPD_2024.txt;Kommunalwahlprogramm Gemeinde;Gemeinde;2024.0;7a16c52414bea4369aa29af07a4a074a3d3586c8f01396daa3808e599c055889;10529;1;1;0
DOC-7a340ed70f53;Heidelberg_Linke_2024.txt;Kommunalwahlprogramm Gemeinde;Gemeinde;2024.0;7a340ed70f532e539cc90eb22fdc0a588d0596e33131b88c79197f6a81fb2949;77843;1;1;0
DOC-7a3c4cf10282;ef14lin.txt;Kommunalwahlprogramm Gemeinde;Gemeinde;2014.0;7a3c4cf102825cf9901d7fbbb6b4b2dc990321aaa13a59f2f3d3b20e923ceb58;69838;1;1;0
DOC-7a4b37942cf1;Keltern_Grüne_2024.txt;Kommunalwahlprogramm Gemeinde;Gemeinde;2024.0;7a4b37942cf11cdccaa9ecf409eef61da62a6181f0b481236fd01de9d418e1e6;1286;1;1;0
DOC-7a5e5daf2847;Neustrelitz_Linke_2024.txt;Kommunalwahlprogramm Gemeinde;Gemeinde;2024.0;7a5e5daf284796281c6af1cd171768dd3e6210076ae15a55d8bda57d60988f52;1960;1;1;0
DOC-7a62b2fe3fc5;Chemnitz_BSW_2024.txt;Kommunalwahlprogramm Gemeinde;Gemeinde;2024.0;7a62b2fe3fc59ff1240e502745076a8f870a41c667eaf09453671b4603e3b151;19633;1;1;0
DOC-7ad6c8a7c2ef;es14cdu.txt;Kommunalwahlprogramm Gemeinde;Gemeinde;2014.0;7ad6c8a7c2ef6efc784be65003c7a328d95639ae293e6358813a0ba859050b82;81741;1;1;0
DOC-7b172baf6c56;mz14lin.txt;Kommunalwahlprogramm Gemeinde;Gemeinde;2014.0;7b172baf6c560a2ea5f275808b7601d0a7376cfb108331865789ee2408818058;49032;1;1;0
DOC-7b47ecd29d5c;Ebersbach-Neugersdorf_CDU_2024.txt;anderes kommunales Wahlprogramm;Landkreis und Gemeinden;2024.0;7b47ecd29d5c7233563721c8445148e75c2945ad40245efb3caa042c7dfa3b31;36659;2;1;1
DOC-7b5710c3691d;da06lin.txt;Kommunalwahlprogramm Gemeinde;Gemeinde;2006.0;7b5710c3691d7c2fbb62bf83b7ee0fde34f434294c4623861706d7b194ca972e;77303;1;1;0
DOC-7b605a2101ad;hd14spd.txt;Kommunalwahlprogramm Gemeinde;Gemeinde;2014.0;7b605a2101adf8c0b8503bddfd936d060c7ce65b1802dd543255114647c9a47e;78079;1;1;0
DOC-7b83d55f2120;Meiningen_Piraten_2024.txt;Kommunalwahlprogramm Gemeinde;Gemeinde;2024.0;7b83d55f21206ada6d728a177ac2c15147ef0614273a9c1b3ed7beba9f09d62a;1190;1;1;0
DOC-7b9036e3af39;Mannheim_SPD_2024.txt;Kommunalwahlprogramm Gemeinde;Gemeinde;2024.0;7b9036e3af396b18e495816a16a4b18e292ee3cff7083a4f1f1237041f3e5e0b;80268;1;1;0
DOC-7bd45e8ddcf2;kr09spd.txt;Kommunalwahlprogramm Gemeinde;Gemeinde;2009.0;7bd45e8ddcf2967321e23ba8803a944b0093f627f70f495e1ea9ae9f355e7ff4;7775;1;1;0
DOC-7be8bead0d6e;mu20lin.txt;Kommunalwahlprogramm Gemeinde;Gemeinde;2020.0;7be8bead0d6eec3a6dd9a58f2fcf1a680bebb2d8dde9c7aadca8730d4e64a8d5;102880;1;1;0
DOC-7bfd2223e628;Leinefelde-Worbis_CDU_2024.txt;anderes kommunales Wahlprogramm;Landkreis;2024.0;7bfd2223e6289aa7000ba45a1faeb891f215ed511ea629ecca3845f83fa380d8;3249;2;1;1
DOC-7c00dd376b15;Frankenblick_SPD_2024.txt;Kommunalwahlprogramm Gemeinde;Gemeinde;2024.0;7c00dd376b15042d566bc98cd1d98cc173edabbc721b787a5d0524b33f664dd6;1313;1;1;0
DOC-7c26025f1d53;Heilbronn_Grüne_2024.txt;anderes kommunales Wahlprogramm;Landkreis;2024.0;7c26025f1d538252a57ca307cb57ce7ec1a50fe8281841227ca79477684b073c;1335;2;1;1
DOC-7c301b0678c2;Dresden_SPD_2024.txt;Kommunalwahlprogramm Gemeinde;Gemeinde;2024.0;7c301b0678c2de57a09c3abd6e606549a22d827d5af6ff8f5572aa3f4cd87497;93230;1;1;0
DOC-7c3dcbec2e47;au14odp.txt;Kommunalwahlprogramm Gemeinde;Gemeinde;2014.0;7c3dcbec2e470730b0c475082c37215bca9d7ffde2adf1c49f2e00a03f5d65c0;10625;1;1;0
DOC-7c4c7f18a7a5;au14csu.txt;Kommunalwahlprogramm Gemeinde;Gemeinde;2014.0;7c4c7f18a7a53a1e1508f7ff3ba6934ca1e91261049d31812ba245028259c349;2857;1;1;0
DOC-7c58891fd1f9;sggpbfs.txt;Grundsatzprogramm;übergeordnet;;7c58891fd1f964b8391828449624850cd12f932f810960d5810814307536a6c1;11215;1;1;0
DOC-7c62674d45fc;sg14gru.txt;Kommunalwahlprogramm Gemeinde;Gemeinde;2014.0;7c62674d45fc33998f1c8411fea5cac3ae87c8ac39fe086f57eeff32bba6c618;219002;1;1;0
DOC-7c963b37cb2a;da11lin.txt;Kommunalwahlprogramm Gemeinde;Gemeinde;2011.0;7c963b37cb2a969b506d519dceb6bac48386d1119fbbc8f5a2c89d1924bc1efa;159513;1;1;0
DOC-7cbe6727cbd9;rg20fdp.txt;Kommunalwahlprogramm Gemeinde;Gemeinde;2020.0;7cbe6727cbd9c155d13504b9864d5817b284eddc44dd4d716776d565dd749d47;34165;1;1;0
DOC-7ccf0f9fb338;mh09fdp.txt;Kommunalwahlprogramm Gemeinde;Gemeinde;2009.0;7ccf0f9fb3386642324d421fdf058d589c1b450d382d6ae2d5f27f82511b032b;22243;1;1;0
DOC-7cffaa79a26e;Pößneck_Grüne_2024.txt;anderes kommunales Wahlprogramm;Landkreis und Gemeinden;2024.0;7cffaa79a26ece61498c8c0953cd8099df5c1823ac58469433287a58401dc81f;15351;2;1;1
DOC-7d07e6277a5c;kr20dkp.txt;Kommunalwahlprogramm Gemeinde;Gemeinde;2020.0;7d07e6277a5cf5d465009b7dd1299e8f99cfa0e1b00bbf4abd84dea3af496ac6;78326;1;1;0
DOC-7d11f4a0df23;of16afd.txt;Kommunalwahlprogramm Gemeinde;Gemeinde;2016.0;7d11f4a0df2341320a87897575b30a7ea238df8ac462b7c8b42b0667023e47c0;7411;1;1;0
DOC-7d3a72e3cf7d;ko20fwg.txt;Kommunalwahlprogramm Gemeinde;Gemeinde;2020.0;7d3a72e3cf7dbb6951b251c03272f4777298afec286cd7c88939a7f3d4fe28b2;18115;1;1;0
DOC-7d743b5db85f;ki13lin.txt;Kommunalwahlprogramm Gemeinde;Gemeinde;2013.0;7d743b5db85f461ccefe7c7c52a37f5ebf63d8744d434e08a07a60bf609e286a;123241;1;1;0
DOC-7ddbe5614476;mg14pir.txt;Kommunalwahlprogramm Gemeinde;Gemeinde;2014.0;7ddbe56144765b852b0462adb5811eb8662427053cffe848e1ac66409a9fcdb1;18882;1;1;0
DOC-7e13b12014a3;mb19ftr.txt;Kommunalwahlprogramm Gemeinde;Gemeinde;2019.0;7e13b12014a3063449492468fde487114736417e53c1d63ccae702ac89492a5f;4485;1;1;0
DOC-7e1d45ef78ed;bo14uwg.txt;Kommunalwahlprogramm Gemeinde;Gemeinde;2014.0;7e1d45ef78ed1b907065a66731fc4feba96bf13f9e0aa1f792503bccb3ca7a7c;13725;1;1;0
DOC-7e20e0e7e98f;Güstrow_CDU_2024.txt;anderes kommunales Wahlprogramm;Landkreis und Gemeinden;2024.0;7e20e0e7e98f4d37e3ee6ef19b337148bd10e8fc6c2fed8951d7768abae3cc03;6925;2;1;1
DOC-7e299a445bb3;ds14afd.txt;Kommunalwahlprogramm Gemeinde;Gemeinde;2014.0;7e299a445bb301bd35f722f96b1181261284d3b60cb1f392a17d2d4ea6b247ed;21928;1;1;0
DOC-7e2a7fe39e8c;go11cdu.txt;Kommunalwahlprogramm Gemeinde;Gemeinde;2011.0;7e2a7fe39e8c6c65d9d94711cbc40f68a63b9c94de51b0e03e2a0e5e812c6c60;50630;1;1;0
DOC-7e421eb9d194;ff16gru.txt;Kommunalwahlprogramm Gemeinde;Gemeinde;2016.0;7e421eb9d194400b4f971c6b077947a8623c62ad6f14562fac5e106c3533ae42;270812;1;1;0
DOC-7e46f878bd8b;ac20vlt.txt;Kommunalwahlprogramm Gemeinde;Gemeinde;2020.0;7e46f878bd8b5453ee6d46af6211545b85ad87fb9890ea8b2489be07d49c9017;69295;1;1;0
DOC-7e7d012e9d66;ds14lin.txt;Kommunalwahlprogramm Gemeinde;Gemeinde;2014.0;7e7d012e9d66f428e4d190028635caba5c502b290013fb8e7a58f8d1a863bb05;51717;1;1;0
DOC-7e9b83b66c51;Dessau-Roßlau_Forum-Bürger_2024.txt;Kommunalwahlprogramm Gemeinde;Gemeinde;2024.0;7e9b83b66c5101be4f7962c17401e2c4a641b7987f561972dad316a7111867f9;27997;1;1;0
DOC-7ea375333e79;do12bli.txt;Kommunalwahlprogramm Gemeinde;Gemeinde;2012.0;7ea375333e7942dd73dd591624621b89b8b9b9cce41256862943e8bb495dcdc6;23202;1;1;0
DOC-7ec6869c1d98;Ulm_BLO_2024.txt;Kommunalwahlprogramm Gemeinde;Gemeinde;2024.0;7ec6869c1d98558bef85d2d95ff67dbbe42016ff38bc0802c1909acd367e5bc4;19473;1;1;0
DOC-7edd5e68fd82;le14poo.txt;Kommunalwahlprogramm Gemeinde;Gemeinde;2014.0;7edd5e68fd82ea048e4b089bfc2d8959281fbbd662f73fe2a7822dcb02b775af;16622;1;1;0
DOC-7ee22ce62ba8;Fürstenberg (Havel)_CDU_2024.txt;Kommunalwahlprogramm Gemeinde;Gemeinde;2024.0;7ee22ce62ba8b8051a233f2933f5a83d7107a98a1008b1916ceea3da30b81fd5;15351;1;1;0
DOC-7f29f5578664;st19sub.txt;Kommunalwahlprogramm Gemeinde;Gemeinde;2019.0;7f29f55786642417b57940f6979f8ac1f55cdebaa1196e1b137306d6fda12ee0;6357;1;1;0
DOC-7f4859103403;bh15par.txt;Kommunalwahlprogramm Gemeinde;Gemeinde;2015.0;7f48591034038b139d42f0d3f53ee46e9cacbbe70a3fb13b9ff4ba270fcfbdf6;5621;1;1;0
DOC-7f5ed3aa5bd5;ms20pir.txt;Kommunalwahlprogramm Gemeinde;Gemeinde;2020.0;7f5ed3aa5bd58dd92469b9aff4b17efffa98345b2c0ac36fbdd3cbfde446d29d;22282;1;1;0
DOC-7f73d230dc5d;bg20fdp.txt;Kommunalwahlprogramm Gemeinde;Gemeinde;2020.0;7f73d230dc5d33f0b0805fc21c1017172f66f269c76d9192887e32cd74672ce7;36335;1;1;0
DOC-7fab299d8852;Kandern_Grüne_2024.txt;Kommunalwahlprogramm Gemeinde;Gemeinde;2024.0;7fab299d88527461f6451131a27422eb42ecddf8aa36cb801da6f1966491d325;549;1;1;0
DOC-800ff2717019;Haldensleben_Grüne_2024.txt;Kommunalwahlprogramm Gemeinde;Gemeinde;2024.0;800ff2717019f0a049b8b85ddf732e55ee41a76865c3cbf104d8c9d1e5a55187;2663;1;1;0
DOC-803a14ab89fb;ff01die.txt;Kommunalwahlprogramm Gemeinde;Gemeinde;2001.0;803a14ab89fb1525b9b02dc9952c6bbf077665562b8d87ddfade52a6da0adf15;11498;1;1;0
DOC-80681ce97ee8;wz14csu.txt;Kommunalwahlprogramm Gemeinde;Gemeinde;2014.0;80681ce97ee832a193717d79073df5037de91c9757a404c5ce0894875f2e5eea;23193;1;1;0
DOC-806c2b6a9152;Brandenburg an der Havel_SPD_2024.txt;Kommunalwahlprogramm Gemeinde;Gemeinde;2024.0;806c2b6a91527c51844b83631c8cf88bbb30b13e67d795dc8417aa4f09f1ba02;33462;1;1;0
DOC-807b8c9a9370;wi16afd.txt;Kommunalwahlprogramm Gemeinde;Gemeinde;2016.0;807b8c9a93708658c4c43d8d864f69349afed7dc7dfed47a6c43d6e005dbc02a;20138;1;1;0
DOC-80f47668c66b;Falkensee_CDU_2024.txt;Kommunalwahlprogramm Gemeinde;Gemeinde;2024.0;80f47668c66be19c2932b59b63dac9b8e2f089533e009b8c1faea1565d74469a;16384;1;1;0
DOC-810bbb40b5b4;of01lin.txt;Kommunalwahlprogramm Gemeinde;Gemeinde;2001.0;810bbb40b5b4482743fc4155298824a08192ad34cf39467115f73cfa9a8966d6;109784;1;1;0
DOC-810ee914f0a3;bi09gru.txt;Kommunalwahlprogramm Gemeinde;Gemeinde;2009.0;810ee914f0a3d1e1b397722a1b69ef5efa4375c3f38215f69dab06c7fd8317c1;81405;1;1;0
DOC-8118ded55ef6;Konstanz_FDP_2024.txt;Kommunalwahlprogramm Gemeinde;Gemeinde;2024.0;8118ded55ef61ed5931c83ebf7af3fc1fc99c52099edd0ae5e14e1257c3081f5;50792;1;1;0
DOC-81281f4417c2;rs14fdp.txt;Kommunalwahlprogramm Gemeinde;Gemeinde;2014.0;81281f4417c272740c6474299f77b3fb38c7d3800d6721104c1b07d248d8f056;39131;1;1;0
DOC-81450ec45b5a;bn20afd.txt;Kommunalwahlprogramm Gemeinde;Gemeinde;2020.0;81450ec45b5a4b62294317b4fb21f280691d0e6b4fd398d8bd144c528fb53f16;62363;1;1;0
DOC-8158f7f60717;bo99gru.txt;Kommunalwahlprogramm Gemeinde;Gemeinde;1999.0;8158f7f60717756f80211e0d59701509843df51aadeb173dd029418a21f6a398;151607;1;1;0
DOC-816a20c4a3fc;pf19eid.txt;Kommunalwahlprogramm Gemeinde;Gemeinde;2019.0;816a20c4a3fcc04460b13f56580f04ed1e26b291f2740376861d536376393069;953;1;1;0
DOC-81b19aa8f9bf;ob20cdu.txt;Kommunalwahlprogramm Gemeinde;Gemeinde;2020.0;81b19aa8f9bf238e8445f89d1ea0cf57f8ac953a8268cb894b49561c38f6c545;72749;1;1;0
DOC-81b69e7cca02;Fürstenberg (Havel)_FDP_2024.txt;anderes kommunales Wahlprogramm;Land;2024.0;81b69e7cca023b4ea02e4365691e7a8a658a44d40f6d2f35ba148072e3c88a65;63859;2;1;1
DOC-81d41956fa9b;dr19cdu.txt;Kommunalwahlprogramm Gemeinde;Gemeinde;2019.0;81d41956fa9b31da7e612cdd17d36c4f2fe553c8c62e11d8ae094bb4b6bdfa7d;20711;1;1;0
DOC-81f5577d8934;Lebach_SPD_2024.txt;Kommunalwahlprogramm Gemeinde;Gemeinde;2024.0;81f5577d893497ba9e13138a4c45c0b3482dde9e9686b516faf2484ba7b926dc;9170;1;1;0
DOC-82506f5cce34;lu19cdu.txt;Kommunalwahlprogramm Gemeinde;Gemeinde;2019.0;82506f5cce3436e3a186552c6fd2a5bfb9f9015c2b3c816326525df732ac37c9;33239;1;1;0
DOC-827d7c52b9c5;si14afd.txt;Kommunalwahlprogramm Gemeinde;Gemeinde;2014.0;827d7c52b9c5cb33ea973a38e702435c4dc091b12c0da58a5b4ab4fbd6eaed3e;4616;1;1;0
DOC-829d68722efc;lp14gru.txt;Kommunalwahlprogramm Gemeinde;Gemeinde;2014.0;829d68722efce066479cf56cb45c4fa518862bc93ab65e6f6f2961d6b58643f6;151803;1;1;0
DOC-82b852323b0d;kagpauf.txt;Grundsatzprogramm;übergeordnet;;82b852323b0d7dcf8a3d23ea2f8af519cbeda573a30ab4494a05a5434665d81e;22475;1;1;0
DOC-82e50d0f1434;go16fdp.txt;Kommunalwahlprogramm Gemeinde;Gemeinde;2016.0;82e50d0f14348988bad2b254f9fac8bbbdc7dbe5ac82903f77584a03a4e7ecb5;17779;1;1;0
DOC-832e883e138e;ha14pir.txt;Kommunalwahlprogramm Gemeinde;Gemeinde;2014.0;832e883e138e6fddfc876561468a8c59af2a1b63a2cd954c04e110821fd1d7b9;17234;1;1;0
DOC-836516df2d14;Steißlingen_CDU_2024.txt;Kommunalwahlprogramm Gemeinde;Gemeinde;2024.0;836516df2d14fcce8bdeb79148f1624901c612fbc5e95c4da125593acf65d87e;2585;1;1;0
DOC-836d895d3960;ac09gru.txt;Kommunalwahlprogramm Gemeinde;Gemeinde;2009.0;836d895d3960b35460a37a6fe776df86c5ec4b86fe7c932fdb7281f77688408c;133869;1;1;0
DOC-837fdb55f3c0;re20ubp.txt;Kommunalwahlprogramm Gemeinde;Gemeinde;2020.0;837fdb55f3c0ddc642232322a2ea8e34242b6a5e48862567d557f34be8950b32;11133;1;1;0
DOC-838a18e73cf5;Schwerin_AfD_2024.txt;Kommunalwahlprogramm Gemeinde;Gemeinde;2024.0;838a18e73cf5e973a08d1b24ebdcbbfc24e113cb8ab74b645e973a0716cca695;27370;1;1;0
DOC-83afc27b4b91;Heilbronn_UfHN_2024.txt;Kommunalwahlprogramm Gemeinde;Gemeinde;2024.0;83afc27b4b91c465ef2dcf1569d75b99dfcc64195fde24af45eb81deb3d0d7c9;2070;1;1;0
DOC-83b8d70d5287;mz19big.txt;Kommunalwahlprogramm Gemeinde;Gemeinde;2019.0;83b8d70d52876c3fff238a68527443227b67353ebf79517f0fa54c2c345cb3c9;1365;1;1;0
DOC-83cf9b4cc28e;pb09gru.txt;Kommunalwahlprogramm Gemeinde;Gemeinde;2009.0;83cf9b4cc28eaeef9854a623bf2453d3ff7bc9e890cc7ceb54481139e329401c;73666;1;1;0
DOC-83dfce4f97bc;Chemnitz_Linke_2024.txt;Kommunalwahlprogramm Gemeinde;Gemeinde;2024.0;83dfce4f97bcac441c36f8a02f76b3709a89d4dd1e560cb246082df80aaf08df;83398;1;1;0
DOC-842540149a64;je14spd.txt;Kommunalwahlprogramm Gemeinde;Gemeinde;2014.0;842540149a64bfde23f3aabba5d333a9fb9d2f93e687de6a8a12bc8278ba0ebe;59721;1;1;0
DOC-842e1f9aec94;Jena_Bürger für Jena_2024.txt;Kommunalwahlprogramm Gemeinde;Gemeinde;2024.0;842e1f9aec94d540aa1c38464be5822f8f3dc8ba59301f7db158c0794c0c647c;5082;1;1;0
DOC-84430d94be32;lp14cdu.txt;Kommunalwahlprogramm Gemeinde;Gemeinde;2014.0;84430d94be32c78e407fb3a44690273ab50a1e7faf50e568c64f90f9cd0fa3f4;39430;1;1;0
DOC-845063c184e3;os16fdp.txt;Kommunalwahlprogramm Gemeinde;Gemeinde;2016.0;845063c184e37561c5080c75cbc3bb22036510839df84b15db2c43a20d70915c;74747;1;1;0
DOC-8487e8257c08;Baiersbronn_FDP_2024.txt;Kommunalwahlprogramm Gemeinde;Gemeinde;2024.0;8487e8257c08b7642502617200104acaf38b14143dabd7eb81d05740be5a8a6f;16208;1;1;0
DOC-849ab5cb79b4;ge20gru.txt;Kommunalwahlprogramm Gemeinde;Gemeinde;2020.0;849ab5cb79b489373bb21b96977b538a5fbbb3834b8149e509da08a5f75e3493;65693;1;1;0
DOC-84b3529894ca;msgpuwg.txt;Grundsatzprogramm;übergeordnet;;84b3529894caaf8cf3a3842ac488e6ac470e75790aca0c0eb848eb7cb827e220;44998;1;1;0
DOC-8526b02baad9;ko09spd.txt;Kommunalwahlprogramm Gemeinde;Gemeinde;2009.0;8526b02baad91dd5b8bc23d5b097e5ef5d981dbf29e1e26caaddc4833f685cce;259670;1;1;0
DOC-8532a37ad904;Wustermark_WWG_2024.txt;Kommunalwahlprogramm Gemeinde;Gemeinde;2024.0;8532a37ad9045e2a1148d7987b395de73f41bc62b3596db1e982d1c869b9bf5f;8826;1;1;0
DOC-855408381251;hd19fdp.txt;Kommunalwahlprogramm Gemeinde;Gemeinde;2019.0;8554083812517dda7de992e946753eda3b8e71a0bb06a546f25ad30dc3e718f3;42605;1;1;0
DOC-857ce59e78fa;Schwerin_Linke_2024.txt;Kommunalwahlprogramm Gemeinde;Gemeinde;2024.0;857ce59e78fa605cef066bd2631cd5f2e47af3a85cbccfc9a1b2b37067089b79;31434;1;1;0
DOC-85c916442d18;ka16lin.txt;Kommunalwahlprogramm Gemeinde;Gemeinde;2016.0;85c916442d183f7d3e9829c610cbc56004ec36d31e85796ac12abef9bede9fb0;119607;1;1;0
DOC-85cf30a89250;Worms_FDP_2024.txt;Kommunalwahlprogramm Gemeinde;Gemeinde;2024.0;85cf30a892506bf9ad02ce83672f2e7a33867f8c3f571290a45614bd20785bb2;12625;1;1;0
DOC-85fd61597b2e;er14odp.txt;Kommunalwahlprogramm Gemeinde;Gemeinde;2014.0;85fd61597b2e6d02a5e8459e8d7919a2fb851909cb89cf9f68e79cddcb48e645;49958;1;1;0
DOC-8601c10435a3;fr14fdp.txt;Kommunalwahlprogramm Gemeinde;Gemeinde;2014.0;8601c10435a35f58049f2302206069593eb6703b3e701110bd0539815ce1ddcb;51111;1;1;0
DOC-864bc4d3b5e3;po19lin.txt;Kommunalwahlprogramm Gemeinde;Gemeinde;2019.0;864bc4d3b5e3c0fb2841ea7239c4b9e72fb275c433d15c27247a35aa2d79b3ad;86761;1;1;0
DOC-86af53c135c2;ki18cdu.txt;Kommunalwahlprogramm Gemeinde;Gemeinde;2018.0;86af53c135c2aeb270ff545a66c96b1bb5dd0123fae4fc0b43cc8acf93dd9d6a;44548;1;1;0
DOC-86be9b875255;ks19fkr.txt;Kommunalwahlprogramm Gemeinde;Gemeinde;2019.0;86be9b875255f61a4dd008e92387c7d2c393b94f19433a0a5d863198b31e5868;3538;1;1;0
DOC-86ea5d1d50ff;ff06oek.txt;Kommunalwahlprogramm Gemeinde;Gemeinde;2006.0;86ea5d1d50ff3b85f5e772cc5198b84b5d64c663832aaccf2d5660281319e60c;12015;1;1;0
DOC-8714490e9c5a;au14fwg.txt;Kommunalwahlprogramm Gemeinde;Gemeinde;2014.0;8714490e9c5ae747da28f7bf0fec83b036c556255f90fe32c5b4e02d57cc986f;30038;1;1;0
DOC-8733fccb4fb4;bo09lin.txt;Kommunalwahlprogramm Gemeinde;Gemeinde;2009.0;8733fccb4fb43e267d1cafec196e1b1d5a64591d28fe095b69ee785bbd16940e;140449;1;1;0
DOC-8750e64ca370;Tholey_FDP_2024.txt;anderes kommunales Wahlprogramm;Landkreis;2024.0;8750e64ca370a7f8d28efc62e94bf298bdfa662497c3be14b877bdc2ffc8f3a8;9282;2;1;1
DOC-8760f7f90b09;ff06lin.txt;Kommunalwahlprogramm Gemeinde;Gemeinde;2006.0;8760f7f90b0932decf203ed753cd2f64312e971e01ee2aa07f7e96e1d50e15e9;19122;1;1;0
DOC-87c8240ca91e;ma19lin.txt;Kommunalwahlprogramm Gemeinde;Gemeinde;2019.0;87c8240ca91ec73c7117ed8d0cdd0d13f9b930c386da1ba7f105c5030af40026;116967;1;1;0
DOC-87c9420c5af6;ge14win.txt;Kommunalwahlprogramm Gemeinde;Gemeinde;2014.0;87c9420c5af611660698576c8b833651394c0fd5caffbca4164bc1198c2b27fe;12274;1;1;0
DOC-87e2f933726b;kr14lin.txt;Kommunalwahlprogramm Gemeinde;Gemeinde;2014.0;87e2f933726b750bc0b37b03aa6c448686a04fff2783eaa3144dddbd38b253b1;190922;1;1;0
DOC-88047ac38963;rg14fdp.txt;Kommunalwahlprogramm Gemeinde;Gemeinde;2014.0;88047ac3896399b1293992a45e210a60eebf96f7224c9ad808daf7d95cce5637;7835;1;1;0
DOC-880d80d604dc;mb19cdu.txt;Kommunalwahlprogramm Gemeinde;Gemeinde;2019.0;880d80d604dcf02570a90b755a5e7837ffe59e0bb88211024470909f8443b9ce;55730;1;1;0
DOC-881c14988367;Heidelberg_Die Partei_2024.txt;Kommunalwahlprogramm Gemeinde;Gemeinde;2024.0;881c149883670880af481c00f17f36f89268dbe969ee17d11234dcceb588ef40;2928;1;1;0
DOC-8823beea937f;Mengen_FWG_2024.txt;anderes kommunales Wahlprogramm;Landkreis und Gemeinden;2024.0;8823beea937f771944e0ffa2824a8bda14836d95c4ba5d37539f1fda8f42c4e5;3789;2;1;1
DOC-882d2a86e688;Cottbus_CDU_2024.txt;Kommunalwahlprogramm Gemeinde;Gemeinde;2024.0;882d2a86e688d1d42d899a908f633094da59a90f8a78808b6b20e9e043cf15e5;17012;1;1;0
DOC-884a755cfd4e;fr19spd.txt;Kommunalwahlprogramm Gemeinde;Gemeinde;2019.0;884a755cfd4e6fe1113811bca921af1c1f87344c18c911f895f90f10fc114dd1;89972;1;1;0
DOC-88845fdca43d;Cottbus_AfD_2024.txt;Kommunalwahlprogramm Gemeinde;Gemeinde;2024.0;88845fdca43dbd02c31280e9ced7c9b2c9260315204c32c4c2ab4d9babec0a93;24938;1;1;0
DOC-888c462df544;Reutlingen_WiR_2024.txt;Kommunalwahlprogramm Gemeinde;Gemeinde;2024.0;888c462df54476f3f5cb7476c2149e2d7c2c365fda631f4f4e532e6d327337c3;5474;1;1;0
DOC-8890bb566302;mb19gar.txt;Kommunalwahlprogramm Gemeinde;Gemeinde;2019.0;8890bb5663027840629b9249883e184c2b5af00b06f7d40c2bb3afea33fd80ec;4707;1;1;0
DOC-889470969b31;pf14fdp.txt;Kommunalwahlprogramm Gemeinde;Gemeinde;2014.0;889470969b31c9ba09699587acda69021072082ab5df0d89a56fbcf07557b27c;33454;1;1;0
DOC-889b718970ba;bn14cdu.txt;Kommunalwahlprogramm Gemeinde;Gemeinde;2014.0;889b718970ba282e9c1df9b159340fed47d9d4aa5ce80143479aab00213032ca;72996;1;1;0
DOC-88d90c1658ac;kr20spd.txt;Kommunalwahlprogramm Gemeinde;Gemeinde;2020.0;88d90c1658aca4491a32060cbe7f7077ed6f78d8a97369db28860e26a942d832;941;1;1;0
DOC-88f2d31581b2;tr19spd.txt;Kommunalwahlprogramm Gemeinde;Gemeinde;2019.0;88f2d31581b24d5b8e9fde7b9427c3956c32482610ecdd811f25d3e624e24ebc;15408;1;1;0
DOC-8907c1dc413c;kb14afd.txt;Kommunalwahlprogramm Gemeinde;Gemeinde;2014.0;8907c1dc413c23e34d946e3c983c8cff4a6a79bc0869c747e701674fb7d2776b;7586;1;1;0
DOC-8940b1c3f159;ks14gru.txt;Kommunalwahlprogramm Gemeinde;Gemeinde;2014.0;8940b1c3f15915ba3ef5867bb2dade64145180c9bae0b1c0d3911e3a97173fc7;233398;1;1;0
DOC-8942d9b897a5;po14fwg.txt;Kommunalwahlprogramm Gemeinde;Gemeinde;2014.0;8942d9b897a5954d6f42efec838e24f479be03475fa3209c75d8cf864352a390;14636;1;1;0
DOC-8961af8ebf4f;Halle (Saale)_CDU_2024.txt;Kommunalwahlprogramm Gemeinde;Gemeinde;2024.0;8961af8ebf4f02845b45c1586058441f39a04fa8005aadad5f7f150877d38e2c;40565;1;1;0
DOC-897d1e1ce77f;Halle (Saale)_AfD_2024.txt;Kommunalwahlprogramm Gemeinde;Gemeinde;2024.0;897d1e1ce77fdf20d626252a319e9396512acd0fe43056097e88a0f09eb83070;22713;1;1;0
DOC-8987e31bf2aa;ob20vio.txt;Kommunalwahlprogramm Gemeinde;Gemeinde;2020.0;8987e31bf2aa1b5e8da56b6c84640befaa9268b59fd6214c0f4a957127c9a906;2345;1;1;0
DOC-8991c92f6660;du20spd.txt;Kommunalwahlprogramm Gemeinde;Gemeinde;2020.0;8991c92f66607f102db93473ee41174903ac21e42cb8384bf9dbb6af42b92484;52779;1;1;0
DOC-89c4e0ea91ff;Friedrichshafen_AfD_2024.txt;anderes kommunales Wahlprogramm;Landkreis und Gemeinden;2024.0;89c4e0ea91ff88ee5a74da042f213af860ce100b9ec3c9655b5b6d9ff699b716;28145;2;1;1
DOC-8a642e001898;Brandenburg an der Havel_Bürger für Frieden, Vernunft und Gerechtigkeit_2024.txt;Kommunalwahlprogramm Gemeinde;Gemeinde;2024.0;8a642e001898963685ddb14d470659bd5fb0fc6ee90f4f0c42a9a34d0a12029f;14976;1;1;0
DOC-8aa90e06f8a3;wi11fdp.txt;Kommunalwahlprogramm Gemeinde;Gemeinde;2011.0;8aa90e06f8a39159644a5aaee87e88384eb9c60c1941ac5d1db18fd297fe53e5;168088;1;1;0
DOC-8adbc574c610;ch14cdu.txt;Kommunalwahlprogramm Gemeinde;Gemeinde;2014.0;8adbc574c61080f38cff9c9c62b50e847dde0632605bdef9eb7e804a3dd015bb;23979;1;1;0
DOC-8ade9a889bf4;acgpfwg.txt;Grundsatzprogramm;übergeordnet;;8ade9a889bf477684ea603f5f5f867775e3eb610d7290d38ae97e3654d1d5ffb;16233;1;1;0
DOC-8ae350372c93;mg99fdp.txt;Kommunalwahlprogramm Gemeinde;Gemeinde;1999.0;8ae350372c930e9b458dae19378f0546cf65ed503eda5b5d86e5075fff93435c;19131;1;1;0
DOC-8af118bf8c58;bi14bfb.txt;Kommunalwahlprogramm Gemeinde;Gemeinde;2014.0;8af118bf8c5856f32c7efa71368d77a6976d1b34bf1e32766ea1b8c73c659132;3554;1;1;0
DOC-8b05d5ba390f;Oberlungwitz_CDU_2024.txt;anderes kommunales Wahlprogramm;Landkreis und Gemeinden;2024.0;8b05d5ba390f48c5c1f525e99e45d2028e899dbe7ae05ba4c1367a5471bc81b8;10205;4;2;2
DOC-8b1d2588ae55;Tübingen_Linke_2024.txt;Kommunalwahlprogramm Gemeinde;Gemeinde;2024.0;8b1d2588ae55c1004352d1975145d503b5c643afac33ab8e595a357e8197994b;68942;1;1;0
DOC-8b2a0aeb3efa;Bad Kreuznach_Linke_2024.txt;Kommunalwahlprogramm Gemeinde;Gemeinde;2024.0;8b2a0aeb3efa8ef9989baef290026e6d59b571a024bd66b250f6407630adc8a9;1485;1;1;0
DOC-8b828f0a6786;bg14cdu.txt;Kommunalwahlprogramm Gemeinde;Gemeinde;2014.0;8b828f0a678605273a2f4a7a17488b8da4a7e42896f25a12b3343035a5dc50fe;17585;1;1;0
DOC-8b9d121c08c2;nu20fwg.txt;Kommunalwahlprogramm Gemeinde;Gemeinde;2020.0;8b9d121c08c21db122218711110472c222ca4b5755bf1f0821eaf1d3b84f9952;12723;1;1;0
DOC-8b9e9a3af3c5;da11pir.txt;Kommunalwahlprogramm Gemeinde;Gemeinde;2011.0;8b9e9a3af3c53b3591ede530280763bb596658cc032570b12172a294adb65113;23647;1;1;0
DOC-8ba10ba2098a;Ulm_CDU_2024.txt;Kommunalwahlprogramm Gemeinde;Gemeinde;2024.0;8ba10ba2098aad03e35b34474100fae08759fdfdd06a9de747425c814ffbd8b7;10707;1;1;0
DOC-8be4290962fa;ff06cdu.txt;Kommunalwahlprogramm Gemeinde;Gemeinde;2006.0;8be4290962fab7883d98ff5138bb336a4226d7a1eb392b463ad64d7f96b1b770;94016;1;1;0
DOC-8c0017b04a0d;hn19spd.txt;Kommunalwahlprogramm Gemeinde;Gemeinde;2019.0;8c0017b04a0dcbdef3a71c3dc7f8886b255be81ba54eaef34cbed8d6236764da;99714;1;1;0
DOC-8c187151f597;Heidelberg_Bunte Linke_2024.txt;Kommunalwahlprogramm Gemeinde;Gemeinde;2024.0;8c187151f597897f5d9da1a7a2723588a4342de966d1d77efeb5ffb76ee173c8;63136;1;1;0
DOC-8c2de3f4f4a3;Karlsruhe_Grüne_2024.txt;Kommunalwahlprogramm Gemeinde;Gemeinde;2024.0;8c2de3f4f4a3c9bbd6ee9b870027459c95c3eba882a48d56ab39f13f69d59740;210769;1;1;0
DOC-8c365b590d78;Freiburg im Breisgau_Urbanes Freiburg_2024.txt;Kommunalwahlprogramm Gemeinde;Gemeinde;2024.0;8c365b590d7875c0392b3956f7a3901d0dd5f6e0fd789a7e9be8606ec463febf;40924;1;1;0
DOC-8c5033a95dfe;Göppingen_Grüne_2024.txt;Kommunalwahlprogramm Gemeinde;Gemeinde;2024.0;8c5033a95dfea0e91109bbb52d26903ffc5b896a9a4364d3b1bda5de87628d0f;12439;1;1;0
DOC-8c581e50adfe;ff11eul.txt;Kommunalwahlprogramm Gemeinde;Gemeinde;2011.0;8c581e50adfe9509377428a6555463cf656e248e136ff9504e2b8cd1819fa52f;9434;1;1;0
DOC-8c6071b785d8;Waiblingen_BüBi_2024.txt;Kommunalwahlprogramm Gemeinde;Gemeinde;2024.0;8c6071b785d85be7b54029da688cfde7268fd4a1208f0cb0ba3db664c3e4e417;1668;1;1;0
DOC-8c8dce258ff9;Grimmen_CDU_2024.txt;anderes kommunales Wahlprogramm;Landkreis und Gemeinden;2024.0;8c8dce258ff9d4ecb35ac59c24ab14dfe0971ba39a0d698d6d244dda7898ce1b;11538;2;1;1
DOC-8cd3b4406a8c;ef14gru.txt;Kommunalwahlprogramm Gemeinde;Gemeinde;2014.0;8cd3b4406a8c2e68be39456c7d57eaab254188a5426f672bdec0c45e00a61ed0;37582;1;1;0
DOC-8ce15d8d5c46;hd14gal.txt;Kommunalwahlprogramm Gemeinde;Gemeinde;2014.0;8ce15d8d5c46af263bab230b8edf34c11b987a1a78be6119e1511b84837b0dbc;25122;1;1;0
DOC-8d2bf842fc2a;Salzwedel_Linke_2024.txt;anderes kommunales Wahlprogramm;Landkreis und Gemeinden;2024.0;8d2bf842fc2a2a998dd1f0e8de085c7cd1f471e63ca26f68ea7d2d325d646144;6847;2;1;1
DOC-8d41e39d5125;ki13spd.txt;Kommunalwahlprogramm Gemeinde;Gemeinde;2013.0;8d41e39d51251d8dbed9e593a85aabd5f3d9381d8a9473af6d19512fd2293f48;258934;1;1;0
DOC-8d4311ab9fb7;au20vvv.txt;Kommunalwahlprogramm Gemeinde;Gemeinde;2020.0;8d4311ab9fb7320135edaa9575b7884bac735c976a15c5cd7bfe17cf50c52b03;53115;1;1;0
DOC-8d47323c2381;Haßloch_SPD_2024.txt;Kommunalwahlprogramm Gemeinde;Gemeinde;2024.0;8d47323c238158ebd0e6e6b6d09b16f2213a8581a087908bc63fd8abf8491465;478;1;1;0
DOC-8d510da9581a;pf19lin.txt;Kommunalwahlprogramm Gemeinde;Gemeinde;2019.0;8d510da9581a60cdfbc28cbfae23e2cc93954d879d752bb0c5dadfeff21af3fa;5865;1;1;0
DOC-8d6155f25da8;ko04lin.txt;Kommunalwahlprogramm Gemeinde;Gemeinde;2004.0;8d6155f25da8cde3edadd86eceab568f6d3b8b60dfd5fbc9e5f01fdfc2a49ba6;81603;1;1;0
DOC-8d6da9f08b77;mh14mbi.txt;Kommunalwahlprogramm Gemeinde;Gemeinde;2014.0;8d6da9f08b7718711b77b333fad01549ee49757eb239dd5ca2d08981eefeb555;55682;1;1;0
DOC-8d8cfcb21f72;rs20fdp.txt;Kommunalwahlprogramm Gemeinde;Gemeinde;2020.0;8d8cfcb21f72a99d10379493af7b7e9616de70c9aebed4d1dd1b14f1ab3a7f57;23181;1;1;0
DOC-8d9b1997e8e1;Winnweiler_CDU_2024.txt;anderes kommunales Wahlprogramm;Land;2024.0;8d9b1997e8e1dd7f19c9a453ac0045c0a8a253d2d7d79d6b0f52a9a80aeb03d7;42913;2;1;1
DOC-8da234c769fe;Bad Dürrenberg_CDU_2024.txt;Kommunalwahlprogramm Gemeinde;Gemeinde;2024.0;8da234c769fefd80b2a0676d847f55e572a6c150ab050eace99d28f5592d9166;49908;1;1;0
DOC-8da3c747a3cd;ne14lin.txt;Kommunalwahlprogramm Gemeinde;Gemeinde;2014.0;8da3c747a3cd23dba04384f926f0e11bc7d16d8c85a7ccfbe9c890dd35da7141;30037;1;1;0
DOC-8db981dbf3bb;Speyer_FDP_2024.txt;Kommunalwahlprogramm Gemeinde;Gemeinde;2024.0;8db981dbf3bb009b2278c45984a07683555aa9f02bc4ee235ba8103d7dba2a04;26995;1;1;0
DOC-8dd737313066;go11fdp.txt;Kommunalwahlprogramm Gemeinde;Gemeinde;2011.0;8dd7373130660826d1dd0075898d89a0f17afbc965515bc639e82c9d96a78f35;43212;1;1;0
DOC-8df3746e21a3;Freiburg im Breisgau_SPD_2024 .txt;Kommunalwahlprogramm Gemeinde;Gemeinde;2024.0;8df3746e21a3495be59b4fbdabde41d4a7d76f76fe05aa365b97d435896847be;22556;1;1;0
DOC-8df50a5ac661;hv11cdu.txt;Kommunalwahlprogramm Gemeinde;Gemeinde;2011.0;8df50a5ac661ea178e66bd152323b58fa181139ea828d8448d75a8658afad889;106654;1;1;0
DOC-8e1da8b7249d;Sömmerda_Grüne_2024.txt;anderes kommunales Wahlprogramm;Landkreis;2024.0;8e1da8b7249df7934fdbb168965eb1886b37d58ac5ff15fc6d86d7261c894c6e;1089;2;1;1
DOC-8e3db6c2c4df;em16fdp.txt;Kommunalwahlprogramm Gemeinde;Gemeinde;2016.0;8e3db6c2c4df7a1b2299d69c1feab7ea0f7e01bd3e775e2aaea39da3e253a9df;26631;1;1;0
DOC-8e40f1435765;mo04cdu.txt;Kommunalwahlprogramm Gemeinde;Gemeinde;2004.0;8e40f143576579e4d7d768e38fd74742a2e71834fce18f36af9335e77fe2d1db;10286;1;1;0
DOC-8e4ece65fdaa;po14lin.txt;Kommunalwahlprogramm Gemeinde;Gemeinde;2014.0;8e4ece65fdaad5cb2a05abc95b3eddb0c321991fd8ed193c9e69127ceff11c1c;82695;1;1;0
DOC-8e793ca6ca6c;he20pir.txt;Kommunalwahlprogramm Gemeinde;Gemeinde;2020.0;8e793ca6ca6c2c82262b0eab25201b57be3bd92dc334a3f669aef535e79d2d7c;80892;1;1;0
DOC-8e8ceedafc1b;pf19gru.txt;Kommunalwahlprogramm Gemeinde;Gemeinde;2019.0;8e8ceedafc1b119316900854f3e30c28d7b78a422f83bf17850240bced9f8026;3351;1;1;0
DOC-8ea7cc249c49;Jena_FWG_2024.txt;Kommunalwahlprogramm Gemeinde;Gemeinde;2024.0;8ea7cc249c4927b08b2aa3820315994c5fb81fdbac32dc2a7af8ba3f2d809b81;3220;1;1;0
DOC-8eafc0135cab;ds20gru.txt;Kommunalwahlprogramm Gemeinde;Gemeinde;2020.0;8eafc0135cab52a8e31c221a64fbd6bab5d663f6119ea6db79d905934f92e531;283490;1;1;0
DOC-8ec265a60686;du09spd.txt;Kommunalwahlprogramm Gemeinde;Gemeinde;2009.0;8ec265a60686d581208b73410aebf7427d35c677559e6f92d9a63efc481f5798;97024;1;1;0
DOC-8ecdaa1db19e;hl19fwg.txt;Kommunalwahlprogramm Gemeinde;Gemeinde;2019.0;8ecdaa1db19e26cc1c72ec3c3d5a9ba4385cca40212035bf1a24832a6b7a97a6;35874;1;1;0
DOC-8f4c65b8c70a;Baden-Baden_SPD_2024.txt;Kommunalwahlprogramm Gemeinde;Gemeinde;2024.0;8f4c65b8c70a39fa38f7249f63a2d265ff74e361cab320e310986eca42627471;34541;1;1;0
DOC-8f60d6729833;mh14gru.txt;Kommunalwahlprogramm Gemeinde;Gemeinde;2014.0;8f60d6729833a93f48d829aabbf5969cea6cce57b7b2258d2a31f9cb6688dbf5;91931;1;1;0
DOC-8f7320dca8bb;Stuttgart_Grüne_2024.txt;Kommunalwahlprogramm Gemeinde;Gemeinde;2024.0;8f7320dca8bb92312da090c0b7ae217d33b8bba3fab8fe4125938c1bdd19677f;63295;1;1;0
DOC-8f8809d25cbb;wi06fdp.txt;Kommunalwahlprogramm Gemeinde;Gemeinde;2006.0;8f8809d25cbbab43342abec43c733e3bb3c7e8da1d2d5b607dc614f840c5be55;89738;1;1;0
DOC-8fa9ce597226;hn19fwv.txt;Kommunalwahlprogramm Gemeinde;Gemeinde;2019.0;8fa9ce597226f912ae8970aebff3221248ee3fbf861559427ec604171f63b116;1077;1;1;0
DOC-8fb3004321f1;Halle (Saale)_Einzelbewerber_2024.txt;Kommunalwahlprogramm Gemeinde;Gemeinde;2024.0;8fb3004321f12ef9aa299d5bf1389661689366cac00f90d6550ecec347700143;2335;1;1;0
DOC-8fde9b72e742;Lingenfeld_CDU_2024.txt;Kommunalwahlprogramm Gemeinde;Gemeinde;2024.0;8fde9b72e7423eb2a0abf282f3117fe9d56e09aef7e7ed27db8dab0994397ae0;1004;1;1;0
DOC-8ffa62420516;ne04spd.txt;Kommunalwahlprogramm Gemeinde;Gemeinde;2004.0;8ffa624205169be99c9cb4bd80deea7ca7433ad91c3c3a1afa12303e5b794e4d;35822;1;1;0
DOC-900ed0b76779;ka16fwg.txt;Kommunalwahlprogramm Gemeinde;Gemeinde;2016.0;900ed0b767796d54889473adb790e22996a30bfca16edd4cf2bf42c0d32c3fde;7376;1;1;0
DOC-90328c100b6d;bn14pir.txt;Kommunalwahlprogramm Gemeinde;Gemeinde;2014.0;90328c100b6d69c6c0936a9b84d43bb95c5f782a66e846a57ee00122c2b3919c;50088;1;1;0
DOC-904493d5dfda;Weimar_Weimarwerk_2024.txt;Kommunalwahlprogramm Gemeinde;Gemeinde;2024.0;904493d5dfdad24632ba206fa30b0a9be8062d4c90031e1b079c8b53f0052bc0;13723;1;1;0
DOC-904acce393ad;Güstrow_SPD_2024.txt;anderes kommunales Wahlprogramm;Landkreis und Gemeinden;2024.0;904acce393ad0e3153173ff02f2b39e888f396587cf009cb1283ccab899aa566;33821;2;1;1
DOC-906ff23a0844;ka06gru.txt;Kommunalwahlprogramm Gemeinde;Gemeinde;2006.0;906ff23a084417af1178452d85b1b64f587cdc3b5bd26eedb578a53c4ca48624;170816;1;1;0
DOC-908d67a05c56;Magdeburg_FDP_2024.txt;Kommunalwahlprogramm Gemeinde;Gemeinde;2024.0;908d67a05c5641f99b44ac722af3856fadcb2237de0c1623318752994ce5d454;61133;1;1;0
DOC-909f561f240f;hm20fdp.txt;Kommunalwahlprogramm Gemeinde;Gemeinde;2020.0;909f561f240ff322ffa2f7f27e0a5036b4a9a3162cda58aa9f7865d97f53d053;37065;1;1;0
DOC-90ae4ce4eab7;Sindelfingen_FDP_2024.txt;Kommunalwahlprogramm Gemeinde;Gemeinde;2024.0;90ae4ce4eab75721c871c5dc8fa3d617f37f3e69850d374ad510dbaf824a2fa9;84479;1;1;0
DOC-90aecb6427b6;Schwäbisch Gmünd_Grüne_2024.txt;anderes kommunales Wahlprogramm;Landkreis;2024.0;90aecb6427b6eb8d9f0e6e1b7dca075427fe41b327eda343f8fd88d3e652e6d7;62543;2;1;1
DOC-90cc21f99cda;wu20spd.txt;Kommunalwahlprogramm Gemeinde;Gemeinde;2020.0;90cc21f99cda40fbb099f74094868280a69e569f7b93a86e9b441ea68b87ad64;120458;1;1;0
DOC-91216f0b1069;Pulsnitz_Grüne_2024.txt;anderes kommunales Wahlprogramm;Landkreis und Gemeinden;2024.0;91216f0b1069963245f5040d75019583405ff3553ab3868bf9bd41460d9ee819;29548;2;1;1
DOC-9125150c1227;st19fli.txt;Kommunalwahlprogramm Gemeinde;Gemeinde;2019.0;9125150c122717bf2d8aba35840d4cfac52662df881b03be4385a86d664d4445;1980;1;1;0
DOC-913b206b06bf;Brieselang_FDP_2024.txt;Kommunalwahlprogramm Gemeinde;Gemeinde;2024.0;913b206b06bf829628bef84a1503aab0c48705d1e25292bcd8bd76dfceb4bbf3;18832;1;1;0
DOC-915e06e9f88d;go16spd.txt;Kommunalwahlprogramm Gemeinde;Gemeinde;2016.0;915e06e9f88d7ad5e18c8604fc86ea588db1bfc637447012fcffe690b31d3dbb;107626;1;1;0
DOC-916e8548018c;po19cdu.txt;Kommunalwahlprogramm Gemeinde;Gemeinde;2019.0;916e8548018c60e4399e8e504ff782e80573fd0e68e0bbe5ec8f4bf0078a6b30;16005;1;1;0
DOC-919151c6a2fa;bh15cdu.txt;Kommunalwahlprogramm Gemeinde;Gemeinde;2015.0;919151c6a2fa2a9b49b506ffecfb5b141618d82ab2ae52460e909ef9d544ce21;31542;1;1;0
DOC-91fc2e07cc0f;Falkensee_AfD_2024.txt;Kommunalwahlprogramm Gemeinde;Gemeinde;2024.0;91fc2e07cc0f479b149ea6deac031c83ebd569bfc9967683d4b6357cacec1b5d;16142;1;1;0
DOC-920de16da91f;si20spd.txt;Kommunalwahlprogramm Gemeinde;Gemeinde;2020.0;920de16da91f353d3afce6129cb7a395e41b312f2697a02320fa0ac01a222951;67381;1;1;0
DOC-9237c2a2db4d;ge20spd.txt;Kommunalwahlprogramm Gemeinde;Gemeinde;2020.0;9237c2a2db4d9eafc0660e8dff40d00488bdf707cff9cdb31abbe59802b0b5d6;122518;1;1;0
DOC-925c6d328c78;dr19pir.txt;Kommunalwahlprogramm Gemeinde;Gemeinde;2019.0;925c6d328c7870b2c252919029b160bb95a313ff7ab17ee07750738f63e16192;54992;1;1;0
DOC-927aad152f0c;bn14fdp.txt;Kommunalwahlprogramm Gemeinde;Gemeinde;2014.0;927aad152f0ccaf50f2899776f58d0230096820dc1f269eeeb044b868cbbd196;69901;1;1;0
DOC-9283e2bb5556;wu09lin.txt;Kommunalwahlprogramm Gemeinde;Gemeinde;2009.0;9283e2bb555669c42f235b1ded928dbcf0def467af5f63e99bfa032a31568315;64474;1;1;0
DOC-929753ed01b1;ma14fdp.txt;Kommunalwahlprogramm Gemeinde;Gemeinde;2014.0;929753ed01b16a21f37f73ab15d23978d79f0913420de19773201c40a2ede1f8;98382;1;1;0
DOC-92c17841a831;Weißenfels_Linke_2024.txt;Kommunalwahlprogramm Gemeinde;Gemeinde;2024.0;92c17841a8313b1c2bf5b95cab985dd3b530819b7c51e432e9db019a15d2e3f2;12409;1;1;0
DOC-92d04e961203;bt20fdp.txt;Kommunalwahlprogramm Gemeinde;Gemeinde;2020.0;92d04e961203377b1c3b1566b8595e606444774c1f684ca7af56f482fa29d79b;70014;1;1;0
DOC-93055f620b3d;Dessau-Roßlau_Linke_2024.txt;Kommunalwahlprogramm Gemeinde;Gemeinde;2024.0;93055f620b3de650769ac3fb88ff72b49f507e1fcdc4815b452b7701c6b23b95;32679;1;1;0
DOC-935647fec3e3;le20lpp.txt;Kommunalwahlprogramm Gemeinde;Gemeinde;2020.0;935647fec3e3e93af0530646dba71c35f2bf6ae4b789f226b8d30a3c7735574e;143681;1;1;0
DOC-935fa0917407;Haßloch_FDP_2024.txt;Kommunalwahlprogramm Gemeinde;Gemeinde;2024.0;935fa0917407d63b996f5cc5279a04aabfe750cf0947685481f432ff30f36fca;8471;1;1;0
DOC-93a2fc8afc2f;ma19gru.txt;Kommunalwahlprogramm Gemeinde;Gemeinde;2019.0;93a2fc8afc2ff247b4b3967a8f6d70bb70c1bdd94b5dc8de8dfef641cbe9ce27;166583;1;1;0
DOC-93a880bf1458;bn09gru.txt;Kommunalwahlprogramm Gemeinde;Gemeinde;2009.0;93a880bf14586516eee2d58a5f8fb6bf3c3a845175a6ebca05c7169a7190e591;225728;1;1;0
DOC-93ef53c824c5;bs11fdp.txt;Kommunalwahlprogramm Gemeinde;Gemeinde;2011.0;93ef53c824c5baa79723bb9502ca54f4492b9f0f64ee00c600599e2381437316;70362;1;1;0
DOC-940477e0cde0;Dornburg-Camburg_Bündnis Ehrenamt_2024.txt;Kommunalwahlprogramm Gemeinde;Gemeinde;2024.0;940477e0cde0f90212915acd52984972315c02982aad28526d4034362d559ca7;515;1;1;0
DOC-943b8321acb1;ne20gru.txt;Kommunalwahlprogramm Gemeinde;Gemeinde;2020.0;943b8321acb1110a3a3ad0bf96dd74208c3a33a1e5529af6922abc4996dc5846;75101;1;1;0
DOC-943ea244e97f;re09gru.txt;Kommunalwahlprogramm Gemeinde;Gemeinde;2009.0;943ea244e97f56627e768be107400799b2c60e952f8114f95826338ff7e27c4d;56139;1;1;0
DOC-9442a25b3c4f;Halle (Saale)_FDP_2024.txt;Kommunalwahlprogramm Gemeinde;Gemeinde;2024.0;9442a25b3c4f981c458f65a10a1e21f6abf184f832a59a76370e4e04ff37ca55;27737;1;1;0
DOC-948c6286e1a2;Weimar_SPD_2024.txt;Kommunalwahlprogramm Gemeinde;Gemeinde;2024.0;948c6286e1a216b9ea77e998b9aba01dc9c3d6569138d6f157888934d08f6f49;44099;1;1;0
DOC-949f87cbdc16;Bad Schönborn_FWG_2024.txt;Kommunalwahlprogramm Gemeinde;Gemeinde;2024.0;949f87cbdc16a0c17eb9f12ad130ec51b1827f401fcf6c57330f6fd99401a6b0;7901;1;1;0
DOC-94a2e231b9fe;hl14mit.txt;Kommunalwahlprogramm Gemeinde;Gemeinde;2014.0;94a2e231b9fe3cfe1406a8d0ccb19fd705342775b14ce31b3e3607d7d1155d51;19358;1;1;0
DOC-94c9a2e7add9;st19odp.txt;Kommunalwahlprogramm Gemeinde;Gemeinde;2019.0;94c9a2e7add99896f096b2b2d5b1a593e1750f866f36b31240b56cf55f4e8723;67603;1;1;0
DOC-94cfce418883;es20dkp.txt;Kommunalwahlprogramm Gemeinde;Gemeinde;2020.0;94cfce41888317f506753f952523974098caa2e4aa32f18dc34964b7cbdf7a75;32468;1;1;0
DOC-94eab2a471f0;hm14lin.txt;Kommunalwahlprogramm Gemeinde;Gemeinde;2014.0;94eab2a471f05393adc3a2fab7701718f1978f251f16b4425409b61e40feb63a;21864;1;1;0
DOC-94ebe6cf843b;da97die.txt;Kommunalwahlprogramm Gemeinde;Gemeinde;1997.0;94ebe6cf843b2bc055ad38144cd1833c683df4c80066af0e51d5a308caf10bc4;2187;1;1;0
DOC-94ee991e2c35;au20odp.txt;Kommunalwahlprogramm Gemeinde;Gemeinde;2020.0;94ee991e2c350defdc283bc20b8d63452b1523801032a37a94c09a391f10ecf1;11363;1;1;0
DOC-95259387f629;of16fwg.txt;Kommunalwahlprogramm Gemeinde;Gemeinde;2016.0;95259387f6290174476d334deb7f597ad5345b1538a97fe1ab2bf4ff921dcbb1;41234;1;1;0
DOC-953562da6f49;hd19afd.txt;Kommunalwahlprogramm Gemeinde;Gemeinde;2019.0;953562da6f496be5f0fa8e1401c8f77a3fac4b84ec7e4d94cc0c784a9c74d790;49213;1;1;0
DOC-953a7023c22a;Reutlingen_SPD_2024.txt;Kommunalwahlprogramm Gemeinde;Gemeinde;2024.0;953a7023c22a5e754e339854ebf74ae6621c7ce8e1e2566a859b9f0ef7b3e9bb;20122;1;1;0
DOC-95626c37f3df;sa16afd.txt;Kommunalwahlprogramm Gemeinde;Gemeinde;2016.0;95626c37f3df02a055451d3065a99416f04a88ddfb82b2e2e6fb99652ec4cad9;19368;1;1;0
DOC-956f64be0701;ms20spd.txt;Kommunalwahlprogramm Gemeinde;Gemeinde;2020.0;956f64be0701e6a36f054dd2525e4a7332034c278a548e5d3104f14233e86a6b;97708;1;1;0
DOC-9573c0eee447;Dresden_Freie Bürger Dresden_2024.txt;Kommunalwahlprogramm Gemeinde;Gemeinde;2024.0;9573c0eee4479b5979a09e0579ec722ac3a88ecb0732fe14e11f9b2ae9be4ee9;1518;1;1;0
DOC-95ba22e9b6a9;Sonneberg_PRO SON_2024.txt;Kommunalwahlprogramm Gemeinde;Gemeinde;2024.0;95ba22e9b6a9d1dc6e361c061b3238998cee70a3adfa50e691f3bf85c15c4bb3;9113;1;1;0
DOC-95d3d8faafed;si09gru.txt;Kommunalwahlprogramm Gemeinde;Gemeinde;2009.0;95d3d8faafedc90f7f5ba11535b9842890d9250b01a36d9652678e177c97fde9;69074;1;1;0
DOC-95e5a4bff3c3;Jena_Linke_2024.txt;Kommunalwahlprogramm Gemeinde;Gemeinde;2024.0;95e5a4bff3c340fe7e8a8278d8e43438e1c6bbcbffeb0766c6fcb7b4244381b7;32115;1;1;0
DOC-95eba789c504;ha09gru.txt;Kommunalwahlprogramm Gemeinde;Gemeinde;2009.0;95eba789c504a4c448c237b4f75b89b89ab0dbbc7ea9877157fb484706a74f5a;102956;1;1;0
DOC-96119d36cb25;mu08gru.txt;Kommunalwahlprogramm Gemeinde;Gemeinde;2008.0;96119d36cb25787545b2a639d142b952c12aa911996bee73ce5d4ddff1e236d4;83689;1;1;0
DOC-962072ef205c;Pforzheim_Grüne Liste_2024.txt;Kommunalwahlprogramm Gemeinde;Gemeinde;2024.0;962072ef205c7e5367cbe1d6d4c36faac253ff0e60ac36cea17587e86f12832d;4460;1;1;0
DOC-9642e808c7fc;Frankenblick_CDU_2024.txt;Kommunalwahlprogramm Gemeinde;Gemeinde;2024.0;9642e808c7fc112ac8e91b80743b25ec11437e29d62b7272741e5a161487c7e9;1791;1;1;0
DOC-9658e610b144;fu14spd.txt;Kommunalwahlprogramm Gemeinde;Gemeinde;2014.0;9658e610b1449ea6a5a668486ef1caccbde98e19e75b283b245d953a2c5db27b;51179;1;1;0
DOC-9667b6e029e1;lb13lin.txt;Kommunalwahlprogramm Gemeinde;Gemeinde;2013.0;9667b6e029e1061428eeee22bee9cdfd2096b2a3caa3928dcd7ca2bf1b947ca6;56761;1;1;0
DOC-966bade50396;fu20fwg.txt;Kommunalwahlprogramm Gemeinde;Gemeinde;2020.0;966bade503963e5ffd33c1d99eafdb4eec57c5a12cb7baaab350e27587009cd0;4085;1;1;0
DOC-967c9558b00e;mh14pir.txt;Kommunalwahlprogramm Gemeinde;Gemeinde;2014.0;967c9558b00e4ae83180282c9772785967496ef744c601081536d548a831ec73;51569;1;1;0
DOC-96d6ed0e90c1;du14fdp.txt;Kommunalwahlprogramm Gemeinde;Gemeinde;2014.0;96d6ed0e90c169851a454867600b89881c3d8402cda2d51342e203d6d88f16c6;124424;1;1;0
DOC-96e0687254cc;rs14cdu.txt;Kommunalwahlprogramm Gemeinde;Gemeinde;2014.0;96e0687254cce102e16b204ec109a6769d393edc132d87ca028b143fb1d205c5;44895;1;1;0
DOC-96e5982584eb;Rochlitz_RGG_2024.txt;anderes kommunales Wahlprogramm;Gemeinde;2024.0;96e5982584eb7b9093406348879298e78106c4b8d3f5dd643b0f7ca46e858a64;4837;2;1;1
DOC-96ef67c20097;Freiburg im Breisgau_Die Partei_2024.txt;Kommunalwahlprogramm Gemeinde;Gemeinde;2024.0;96ef67c20097568d957240e80ceee1e792b03bf2f9dbdd1ffc020d90c5ca2f53;4358;1;1;0
DOC-97065ba26f53;ff11pir.txt;Kommunalwahlprogramm Gemeinde;Gemeinde;2011.0;97065ba26f53f2fb67d90c22873d1cf849a92c5c7ab8f792b03a2a2ff63e6521;30692;1;1;0
DOC-9708ce3dae7b;Sindelfingen_Grüne_2024.txt;Kommunalwahlprogramm Gemeinde;Gemeinde;2024.0;9708ce3dae7b61ee89cbc45141cc14643823ef48aa8e8b7ac9f16a2aeaabfb8f;853;1;1;0
DOC-972853e07274;Baden-Baden_Grüne_2024.txt;Kommunalwahlprogramm Gemeinde;Gemeinde;2024.0;972853e072742989cb90bec25f146ea7221aa99bc85e72881428ade333db6a98;5980;1;1;0
DOC-9728d19d8bde;Dresden_FWG_2024.txt;Kommunalwahlprogramm Gemeinde;Gemeinde;2024.0;9728d19d8bde3ec5ce396731fe7d4733a67cf4ad0302c4ca0bcef633e9562ba3;4205;1;1;0
DOC-973199081166;lu14gru.txt;Kommunalwahlprogramm Gemeinde;Gemeinde;2014.0;973199081166c96b9425e3b3ac05408d528f857418f1b32e454cce57d3b609ab;48225;1;1;0
DOC-975447e0c546;Bad Lausick_SPD_2024.txt;Kommunalwahlprogramm Gemeinde;Gemeinde;2024.0;975447e0c546a83981c921a9fd36eecb648ddee67e9bb5e462d0350cf0802597;19798;1;1;0
DOC-975fdd834be2;tr14fdp.txt;Kommunalwahlprogramm Gemeinde;Gemeinde;2014.0;975fdd834be24b4e0e4a0ef6ad99ed5a897a6bfbfa6ed1a9bca464e8ce12e821;42620;1;1;0
DOC-976a32b27531;Riegelsberg_Linke_2024.txt;Kommunalwahlprogramm Gemeinde;Gemeinde;2024.0;976a32b27531ba1c1235c2f0bb07af41776dbaca285e7e6467ff00e36ee55cf1;1122;1;1;0
DOC-976cb15db794;Laage_SPD_2024.txt;Kommunalwahlprogramm Gemeinde;Gemeinde;2024.0;976cb15db794fabcc19d172edc6dde5591fb69d371f34bcac8fca49252bf0e91;1121;1;1;0
DOC-97800aff461c;co19lin.txt;Kommunalwahlprogramm Gemeinde;Gemeinde;2019.0;97800aff461ceceb48dbd1428177f652c8c8c70456d9ad23e771f8283316bf00;19198;1;1;0
DOC-97b6334f9a26;Bützow_SPD_2024.txt;Kommunalwahlprogramm Gemeinde;Gemeinde;2024.0;97b6334f9a2668ddfd6803020e0656a52afd24c05152fd4272bd223d290d8083;10476;1;1;0
DOC-97b8ea60e5ca;bt20lin.txt;Kommunalwahlprogramm Gemeinde;Gemeinde;2020.0;97b8ea60e5cab3c8bbac19609205c7bbc0a13c1f1f89748e2c363d550ba86d25;78212;1;1;0
DOC-97cfc0322d1a;Neustadt an der Weinstraße_FWG_2024.txt;Kommunalwahlprogramm Gemeinde;Gemeinde;2024.0;97cfc0322d1a147c92758b82acfba4f0ab1c8cd34ecc8dc040ac7ae3a202a05b;58602;1;1;0
DOC-97f58380b9d8;si14lin.txt;Kommunalwahlprogramm Gemeinde;Gemeinde;2014.0;97f58380b9d841815fa527042bba8a61d798ec9cc85a5243dd70990cb7dda2b4;37559;1;1;0
DOC-97ff4be565a3;Mannheim_Linke_2024.txt;Kommunalwahlprogramm Gemeinde;Gemeinde;2024.0;97ff4be565a366ee047c2cfb3610206e0059db84c0dcd9807a1cfa821f37d0e3;200180;1;1;0
DOC-97ff73788dce;Mannheim_CDU_2024.txt;Kommunalwahlprogramm Gemeinde;Gemeinde;2024.0;97ff73788dce314ffa0c789500633205a18f80ff8852adde1ac534a92714f282;27420;1;1;0
DOC-981584dc3720;Pößneck_Bündnis für Pößneck_2024.txt;Kommunalwahlprogramm Gemeinde;Gemeinde;2024.0;981584dc3720ade7b77a3d2e9641f7957ba9a15533ebe7c152d69fc89c54ea69;1454;1;1;0
DOC-98279ad28dc3;Esslingen am Neckar_FWG_2024.txt;Kommunalwahlprogramm Gemeinde;Gemeinde;2024.0;98279ad28dc3ae3bf20fd8e8cf758b19b40d23aa7b76637f6d516edfeed52c42;9127;1;1;0
DOC-9827a0eb623e;Großröhrsdorf_FWG_2024.txt;Kommunalwahlprogramm Gemeinde;Gemeinde;2024.0;9827a0eb623e01c70e124d2b3c2c7190dfee312e658198cfefa1ba4eb637039f;1958;1;1;0
DOC-984576f4c78d;fu20gru.txt;Kommunalwahlprogramm Gemeinde;Gemeinde;2020.0;984576f4c78d24c0d393f52b04888b5eeefe141770489bfc547803048ebcfed5;83541;1;1;0
DOC-98591e8f89b2;bg14spd.txt;Kommunalwahlprogramm Gemeinde;Gemeinde;2014.0;98591e8f89b27a23a60fd4c86a231a715984853c6934a5d04a2b413ff305c8af;3817;1;1;0
DOC-985ba24e6d95;Waiblingen_Grüne_2024.txt;Kommunalwahlprogramm Gemeinde;Gemeinde;2024.0;985ba24e6d9501e924d7ead3831c76e7934eef98bd486b7a853e604be2b2fd2e;8312;1;1;0
DOC-985f5ed13d48;ka11gru.txt;Kommunalwahlprogramm Gemeinde;Gemeinde;2011.0;985f5ed13d4874a3a231cce5e259c27127e7ab7548c0805b86daad3a3c3175b3;146818;1;1;0
DOC-988e1e3b0c0e;bg09gru.txt;Kommunalwahlprogramm Gemeinde;Gemeinde;2009.0;988e1e3b0c0ed9a377f4752a1e46d2a883161f936edad7b1e7fd287f9dfbcb25;79508;1;1;0
DOC-98a7d0cde528;bg20gru.txt;Kommunalwahlprogramm Gemeinde;Gemeinde;2020.0;98a7d0cde528ff17933b6841bd1099cbd4d9422bd770d002e7f39fcd218e74a9;69475;1;1;0
DOC-98bb384eecea;lp19spd.txt;Kommunalwahlprogramm Gemeinde;Gemeinde;2019.0;98bb384eecea60383268dbf06287e9ad0eec7f5370d1efce632e066f5a8d5a60;119788;1;1;0
DOC-98dff847432d;Staßfurt_Unabhängige Bürgervertretung Staßfurt_2024.txt;Kommunalwahlprogramm Gemeinde;Gemeinde;2024.0;98dff847432dc570463cd5ee6102277e84123f72cd4ca101c11f9dba6ed8a9fc;2128;1;1;0
DOC-98e40cc3c989;du14cdu.txt;Kommunalwahlprogramm Gemeinde;Gemeinde;2014.0;98e40cc3c989f3af51e4de47011a848f91ce2b8107d0189241689bd5f833d075;49531;1;1;0
DOC-98f193a65d01;wz14zfw.txt;Kommunalwahlprogramm Gemeinde;Gemeinde;2014.0;98f193a65d01517b43c82486a8a4d885d3f99cf3fd538469cdaf8b61196f07ac;11733;1;1;0
DOC-992e35ae3c90;bo04cdu.txt;Kommunalwahlprogramm Gemeinde;Gemeinde;2004.0;992e35ae3c907792622503fbdc87bbb83ce43cb2bff3a8c4cb12eb2eb1fe46be;102899;1;1;0
DOC-9980855cd1d3;Großröhrsdorf_SPD_2024.txt;anderes kommunales Wahlprogramm;Landkreis und Gemeinden;2024.0;9980855cd1d32502462acfcbd6500937387b746af4d8fd9c1c58c60e8ccd1abf;10697;2;1;1
DOC-99c14348f650;Sindelfingen_SPD_2024.txt;Kommunalwahlprogramm Gemeinde;Gemeinde;2024.0;99c14348f65087c37fe114925a189da97a1c865a5ef1fdbec2feb78bfcb60773;47264;1;1;0
DOC-99d3428dfe46;Esslingen am Neckar_FDP_2024.txt;Kommunalwahlprogramm Gemeinde;Gemeinde;2024.0;99d3428dfe46c8a2d132d6a83ccc6a1776c6131605f39de36e06962997b0f17e;3021;1;1;0
DOC-99e32ae69c4f;au20afd.txt;Kommunalwahlprogramm Gemeinde;Gemeinde;2020.0;99e32ae69c4f982a94a96bca651577dc4319969eb3b83391975e5b8d059b6747;65722;2;2;0
DOC-9a0ffdc4959e;Nieder-Olm_SPD_2024.txt;Kommunalwahlprogramm Gemeinde;Gemeinde;2024.0;9a0ffdc4959e50ab7e015c85ed0b218006edacbbeaa13fd3eb3f51e26547d44f;801;1;1;0
DOC-9a1013b4da8d;bo14cdu.txt;Kommunalwahlprogramm Gemeinde;Gemeinde;2014.0;9a1013b4da8da33d32e514d1ff4fde417addf74e4c9dd5a297c1a1013a74638f;32424;1;1;0
DOC-9a28851b56cb;le20fdp.txt;Kommunalwahlprogramm Gemeinde;Gemeinde;2020.0;9a28851b56cb9d2f43e825a98ccb2e232ec1903b1eaf6a335cb4f56ee0e9244f;107682;1;1;0
DOC-9a3e2a91a80e;ko14dfr.txt;Kommunalwahlprogramm Gemeinde;Gemeinde;2014.0;9a3e2a91a80e56b9dfe7f03f523d123738ebf1dd468ed0025df00e2db693e50f;31442;1;1;0
DOC-9a574d8a2e9b;mu20par.txt;Kommunalwahlprogramm Gemeinde;Gemeinde;2020.0;9a574d8a2e9b830d464c3728da4cb14286801cee3e99b8179e7ad9c5ac436792;11466;1;1;0
DOC-9a67d98d8b86;re20fdp.txt;Kommunalwahlprogramm Gemeinde;Gemeinde;2020.0;9a67d98d8b86932db72889600e66d488b8dffda3d15dff23b37fd63c0c6b9916;36732;1;1;0
DOC-9aaabb1cd86b;pb20fdp.txt;Kommunalwahlprogramm Gemeinde;Gemeinde;2020.0;9aaabb1cd86be92e34040a3496ead5c158dae9473bf0c391110254bc0836706e;32934;1;1;0
DOC-9aadc52e99dd;Rochlitz_Linke_2024.txt;anderes kommunales Wahlprogramm;Landkreis und Gemeinden;2024.0;9aadc52e99dd48ed1881ca58774e881f6109a831011b8f702627de80a2b5b639;27517;2;1;1
DOC-9aae5f1922ab;po19dia.txt;Kommunalwahlprogramm Gemeinde;Gemeinde;2019.0;9aae5f1922abd4571a3c3ffb2960816cc53724ba6f0d52579ba8b3926cfa8ac7;65825;1;1;0
DOC-9ad37c28b16e;Lahnstein_SPD_2024.txt;Kommunalwahlprogramm Gemeinde;Gemeinde;2024.0;9ad37c28b16eed741f33bc99fc3dab283462c75065a913b51394564012bd31c8;18823;1;1;0
DOC-9aebb06d73d9;ki18ssw.txt;Kommunalwahlprogramm Gemeinde;Gemeinde;2018.0;9aebb06d73d9bd66bea143ef5078924f1143ab7e5d51dffc86afaa08ec8d5053;10639;1;1;0
DOC-9b1a96ee97f4;kb14lin.txt;Kommunalwahlprogramm Gemeinde;Gemeinde;2014.0;9b1a96ee97f46d71b7d21f138b8299fe18b24f287a1972be018ce422bc6016e2;6373;1;1;0
DOC-9b28bcefac07;dr19fdp.txt;Kommunalwahlprogramm Gemeinde;Gemeinde;2019.0;9b28bcefac07dd43e396f061be575fefa8dffd79426cf864e9ea7adb40f02c74;64612;1;1;0
DOC-9b300acaf0d8;lu19fwg.txt;Kommunalwahlprogramm Gemeinde;Gemeinde;2019.0;9b300acaf0d8e89f0d78d86970ea9563f6f4bc10c92ab94b5414a3f550383ac1;6713;1;1;0
DOC-9b381556b3dc;Freiburg im Breisgau_Grüne_2024.txt;Kommunalwahlprogramm Gemeinde;Gemeinde;2024.0;9b381556b3dc5d2c024c72f496f6d6beacacc151c1e3ba79a5cc281d484bb437;120388;1;1;0
DOC-9b72be1dc6b7;hm09gru.txt;Kommunalwahlprogramm Gemeinde;Gemeinde;2009.0;9b72be1dc6b7b5a8433822ac803c99f62fe2213ef93db475756fb8c2cadf9e7f;96544;1;1;0
DOC-9bb842d1b2f6;Sindelfingen_Linke_2024.txt;Kommunalwahlprogramm Gemeinde;Gemeinde;2024.0;9bb842d1b2f66522e429224d1d1ccbcd9a70ccf00d2bc68a8d18353f6319cf8b;12280;1;1;0
DOC-9bbac4abb31a;Waghäusel_FWG_2024.txt;Kommunalwahlprogramm Gemeinde;Gemeinde;2024.0;9bbac4abb31a0425144a505cd8dadf2150d6b3b447ea6694134a09eda661986a;25075;1;1;0
DOC-9bbfa41ed64a;lp19cdu.txt;Kommunalwahlprogramm Gemeinde;Gemeinde;2019.0;9bbfa41ed64ab7e9edee4e8021d92f1fd7f0ab00d280ba218978030fa93c503c;19609;1;1;0
DOC-9bdba7b82619;Rangsdorf_FDP_2024.txt;Kommunalwahlprogramm Gemeinde;Gemeinde;2024.0;9bdba7b82619af7b3fadbde67da23e786cd0b6da70b1f2efdc4b1cf6c5268e20;3268;1;1;0
DOC-9be47964ff47;ki13wir.txt;Kommunalwahlprogramm Gemeinde;Gemeinde;2013.0;9be47964ff478e287714011c797a728fd4f67b24fddca7e498d8260b542a632f;95257;1;1;0
DOC-9c2c05a02f3f;do14fdp.txt;Kommunalwahlprogramm Gemeinde;Gemeinde;2014.0;9c2c05a02f3fb9afb2f9683e44e3f3e0b4406042442ec56b1d63522714a6afa7;12782;1;1;0
DOC-9c3b58b5f708;Sundhagen_BKW_2024.txt;anderes kommunales Wahlprogramm;Gemeinde;2024.0;9c3b58b5f708906a3c37811916b79fb7334cf7d25f0cab9af40b2cb3b577230a;1253;2;1;1
DOC-9c45ff7a7b0b;bi04gru.txt;Kommunalwahlprogramm Gemeinde;Gemeinde;2004.0;9c45ff7a7b0b88ad2fe447f85049a8e3560e2a0176e19d311fb0767652991e44;42289;1;1;0
DOC-9c666ad177f1;Friedrichshafen_Netzwerk für Friedrichshafen_2024.txt;Kommunalwahlprogramm Gemeinde;Gemeinde;2024.0;9c666ad177f1b96e4daac16cd860b7f3a81855e7df34675c93d5c771d7b1396e;51066;1;1;0
DOC-9caea67e0c88;bi09wgb.txt;Kommunalwahlprogramm Gemeinde;Gemeinde;2009.0;9caea67e0c88490a55a01b3ac3ccdbb0b2b20af11b8708271fc58dda4be11924;31019;1;1;0
DOC-9caee34c22b3;Heringsdorf_SPD_2024.txt;anderes kommunales Wahlprogramm;Landkreis und Gemeinden;2024.0;9caee34c22b32bb257d3481046022814388ddc4b64b938be5c95e1cfb889485c;19087;2;1;1
DOC-9cdf876a437f;ul19fdp.txt;Kommunalwahlprogramm Gemeinde;Gemeinde;2019.0;9cdf876a437ffd914f07a0ed6dc2f9a4b6360eba8973eafc06c04acdb9979cd8;20997;1;1;0
DOC-9cf13fea06ba;ha20hak.txt;Kommunalwahlprogramm Gemeinde;Gemeinde;2020.0;9cf13fea06ba4f59fccd6eef3a854c4c7120dd263e5e36f34a864caeeff0a884;3165;1;1;0
DOC-9d0564ab0a02;bs16spd.txt;Kommunalwahlprogramm Gemeinde;Gemeinde;2016.0;9d0564ab0a0294e807cb8d659c768dbdf1e46d6821ba335fcff0073878bb4a8c;36272;1;1;0
DOC-9d269c059e18;Saarbrücken_Grüne_2024.txt;Kommunalwahlprogramm Gemeinde;Gemeinde;2024.0;9d269c059e18fc67ceec2c24a45e52a4270bdf0c1f91ace9420b64fab1721c8b;107675;1;1;0
DOC-9d6102a8bb18;lb13par.txt;Kommunalwahlprogramm Gemeinde;Gemeinde;2013.0;9d6102a8bb1851f58333b8007bee437a3af7d63fd174046352a3033d773a1c36;21016;1;1;0
DOC-9db98a1296d8;Grabow_CDU_2024 .txt;anderes kommunales Wahlprogramm;Landkreis und Gemeinden;2024.0;9db98a1296d8d0497cd07f1218a2c0d62184b5b5c7ad4d1289d65c6f68f4fadf;56082;2;1;1
DOC-9e07baf5936f;Oebisfelde-Weferlingen_SPD_2024.txt;anderes kommunales Wahlprogramm;Landkreis und Gemeinden;2024.0;9e07baf5936fb432d600e85d1409abd868813c597a08ed6d6e1e1a379571da3e;5442;2;1;1
DOC-9e0fa14be84a;Zwickau_BSW_2024.txt;Kommunalwahlprogramm Gemeinde;Gemeinde;2024.0;9e0fa14be84a84feea792f13716cff0d9083cd711b1edd8670f921bd6a46189a;6682;1;1;0
DOC-9e12ee5fc60d;bi14spd.txt;Kommunalwahlprogramm Gemeinde;Gemeinde;2014.0;9e12ee5fc60dfb287e35547544086c5b9af8060893ebb52b694323d31ef335a1;42982;1;1;0
DOC-9e297a083655;ms20gru.txt;Kommunalwahlprogramm Gemeinde;Gemeinde;2020.0;9e297a0836555e1d13d3b53e8ea3d548a7a34804336918a3bfd57aaa1574990d;411853;1;1;0
DOC-9e75ae9e1395;po19fwg.txt;Kommunalwahlprogramm Gemeinde;Gemeinde;2019.0;9e75ae9e1395e2c9459b9f95f5cb3ff233551de0574e2a31e6a02602da39f223;14629;1;1;0
DOC-9e923d9cd000;Konstanz_FWG_2024.txt;Kommunalwahlprogramm Gemeinde;Gemeinde;2024.0;9e923d9cd0004668a64d9be29a0ef98009d12c63299f44b7e855104203af3f77;16000;1;1;0
DOC-9eada244bdd4;nu20spd.txt;Kommunalwahlprogramm Gemeinde;Gemeinde;2020.0;9eada244bdd4b6af6f11254a02ebaf1593715fd5670196c2a33f6159beecbc3f;45440;1;1;0
DOC-9eb58ee16766;es14lin.txt;Kommunalwahlprogramm Gemeinde;Gemeinde;2014.0;9eb58ee16766c9a56cfe18e3d16e8eeebbd81ea856f0e5e0905745dba06d8e18;38561;1;1;0
DOC-9eb951bb3e5e;Sindelfingen_FWG_2024.txt;Kommunalwahlprogramm Gemeinde;Gemeinde;2024.0;9eb951bb3e5ec55d19c782bbe1243b6b2571b2b0811f132220908b60d63a3722;7296;1;1;0
DOC-9ec47d1ace09;kr14uwg.txt;Kommunalwahlprogramm Gemeinde;Gemeinde;2014.0;9ec47d1ace090a676cbcb8cacf0837a4a0163b3424b6459888aadb02fb26ac76;29622;1;1;0
DOC-9efa6bbcbfab;ac09spd.txt;Kommunalwahlprogramm Gemeinde;Gemeinde;2009.0;9efa6bbcbfabc8c10b99477696facff67eba9ea6e092bc24f9a1af61f2329a72;66023;1;1;0
DOC-9f18bac7ed24;bi20bfb.txt;Kommunalwahlprogramm Gemeinde;Gemeinde;2020.0;9f18bac7ed24178d1b1de0c613ee38313143afd9a968aee2e3079615486008cf;3836;1;1;0
DOC-9f4f6ebd9eea;ff06gru.txt;Kommunalwahlprogramm Gemeinde;Gemeinde;2006.0;9f4f6ebd9eea95829b5c833d7b0c3801f3b9b5df4b774a07f004aa039d44c3ae;78579;1;1;0
DOC-9f602b977063;ds20vlt.txt;Kommunalwahlprogramm Gemeinde;Gemeinde;2020.0;9f602b97706301068f73f45df113042f04bf23c51a0d0a191941d6d6da453747;102532;1;1;0
DOC-9f61417859fd;Reutlingen_AfD_2024.txt;Kommunalwahlprogramm Gemeinde;Gemeinde;2024.0;9f61417859fdd9b8104c3f08d18b5112e55c1dec73a056e4e1c183053dc66aff;10639;1;1;0
DOC-9f63ebf7b521;Heidenheim an der Brenz_AfD_2024.txt;anderes kommunales Wahlprogramm;Landkreis und Gemeinden;2024.0;9f63ebf7b52109d6bbee55515447764044e9fe9a749e1ffcfd4c8694670f63a6;27500;2;1;1
DOC-9f6df9d2feae;Freiburg im Breisgau_FWG_2024.txt;Kommunalwahlprogramm Gemeinde;Gemeinde;2024.0;9f6df9d2feaebc3ab5386551a5f0e3dd9baa1fc0f5c30e78d7461732f7d172d7;17314;1;1;0
DOC-9f700243d24a;hn19lin.txt;Kommunalwahlprogramm Gemeinde;Gemeinde;2019.0;9f700243d24a07a4003e065c1e3c2d2f06f8d8f5b004915ed11aaa8c15328d91;31413;1;1;0
DOC-9f75474a653c;bn04gru.txt;Kommunalwahlprogramm Gemeinde;Gemeinde;2004.0;9f75474a653ca286c9c5f5e2419bf83283bfb01d05a518d24494693b625ef6a9;155762;1;1;0
DOC-9f8680b6bd98;ka93cdu.txt;Kommunalwahlprogramm Gemeinde;Gemeinde;1993.0;9f8680b6bd98f096d09c108cd7e2cfac3d97a02e98ea3be45cf47c511345bf4e;23320;1;1;0
DOC-9f868774e6c7;ki13pir.txt;Kommunalwahlprogramm Gemeinde;Gemeinde;2013.0;9f868774e6c779e092ac5aa9a43eb2a3793c454a3d70f41a2a0435852b9eacf5;42786;1;1;0
DOC-9fac48b61b0f;mo20lin.txt;Kommunalwahlprogramm Gemeinde;Gemeinde;2020.0;9fac48b61b0fb9a06ef4acef8d31a698d087ff8e3ca16cd2a339a10f614eb512;65247;1;1;0
DOC-9fb6722859ad;hn19phb.txt;Kommunalwahlprogramm Gemeinde;Gemeinde;2019.0;9fb6722859ad8054aaa8b0b2433ab50a8b80506cbf344aaab5857314d7b10543;13350;1;1;0
DOC-9feb1ca4af0e;ro19fdp.txt;Kommunalwahlprogramm Gemeinde;Gemeinde;2019.0;9feb1ca4af0ef99bc93e441911a3d88af45173df7a71a2351fd10e5544c1351f;91075;1;1;0
DOC-a0028d9686c7;Koblenz_FDP_2024.txt;Kommunalwahlprogramm Gemeinde;Gemeinde;2024.0;a0028d9686c72927df04724b3e91cf033f114c0309a0ac67c983279c48f1a20e;831;1;1;0
DOC-a055004039c6;of16fdp.txt;Kommunalwahlprogramm Gemeinde;Gemeinde;2016.0;a055004039c6ed4eebe51802b1f069a33176440470b19e00fec56da3c30eec7e;183691;1;1;0
DOC-a07d7ebe1107;mh20bam.txt;Kommunalwahlprogramm Gemeinde;Gemeinde;2020.0;a07d7ebe11072e9007c9e2aec4fe73b43718f2fb2c8e9588ff8c17f3149fceb9;8960;1;1;0
DOC-a0b9a3cd5b70;Bernau bei Berlin_Linke_2024.txt;Kommunalwahlprogramm Gemeinde;Gemeinde;2024.0;a0b9a3cd5b709d96d81452b98afcc3959e1f9d19152f7f1c79452e9d6d26ca40;10063;1;1;0
DOC-a0cd6c13c887;Pulsnitz_SPD_2024.txt;Kommunalwahlprogramm Gemeinde;Gemeinde;2024.0;a0cd6c13c88711e26a7681f5d80df6bfd5bfef953b97c5180967e07504db80ca;10715;1;1;0
DOC-a0e36aea7f6c;Fredersdorf-Vogelsdorf_SPD_2024.txt;Kommunalwahlprogramm Gemeinde;Gemeinde;2024.0;a0e36aea7f6cc4b1d5c2d181c44ea550eab9cfa996c19f580b9ac816dd394eb3;3485;1;1;0
DOC-a10d3cb6f46b;Greifswald_Grüne_2024.txt;Kommunalwahlprogramm Gemeinde;Gemeinde;2024.0;a10d3cb6f46b8f4f75d805cac2ec7259852826fd4ddb7a835bd87128e455c01e;55070;1;1;0
DOC-a119c1237f50;ac20fdp.txt;Kommunalwahlprogramm Gemeinde;Gemeinde;2020.0;a119c1237f50848e602850727258229063d3e1a2c4d63a0c57ce8e2c2482e0c2;44414;1;1;0
DOC-a120e6236e39;Fürstenberg (Havel)_SPD_2024.txt;anderes kommunales Wahlprogramm;Land;2024.0;a120e6236e396fd176ae9d2e0ffdbe4deb5bcbf7b55cd3b5bd9764170642754a;30196;2;1;1
DOC-a13c4020c4d0;ul19gru.txt;Kommunalwahlprogramm Gemeinde;Gemeinde;2019.0;a13c4020c4d044747ec3f5958c5fab9708f88ed69381a191dbfb835729db385d;37719;1;1;0
DOC-a1453a55433b;Schwaan_Grüne_2024.txt;Kommunalwahlprogramm Gemeinde;Gemeinde;2024.0;a1453a55433bf86e8a25b255ee3dad905672b6c0c5dac4a7e19d1a983070a87e;1585;1;1;0
DOC-a14c8333118e;wz14spd.txt;Kommunalwahlprogramm Gemeinde;Gemeinde;2014.0;a14c8333118e55a6bcd6abd3e100fadde1462010f8dabada084455bcbc634249;41413;1;1;0
DOC-a163b0aa7503;mu14csu.txt;Kommunalwahlprogramm Gemeinde;Gemeinde;2014.0;a163b0aa75035b6b1136969416a1174ae3e6425d27c054ad30483f175915f80d;82429;1;1;0
DOC-a1a840338ee5;Kleinmachnow_Linke_2024.txt;Kommunalwahlprogramm Gemeinde;Gemeinde;2024.0;a1a840338ee5c33e49101716d0f6b8867182fbc52280cb0ee2f0126e004cc100;3395;1;1;0
DOC-a1ab55eab767;Sulz am Neckar_SPD_2024.txt;Kommunalwahlprogramm Gemeinde;Gemeinde;2024.0;a1ab55eab767606467070bd3e63801178bfab3a21634ace7474c07edaf1ce75b;2287;1;1;0
DOC-a1c6c6ecf40c;ch14vos.txt;Kommunalwahlprogramm Gemeinde;Gemeinde;2014.0;a1c6c6ecf40cce0de723009b707f458d3cf6524a4dfd8c31decb6ddbc29f98b1;16880;1;1;0
DOC-a1d4c79030e1;Sömmerda_SPD_2024.txt;anderes kommunales Wahlprogramm;Landkreis und Gemeinden;2024.0;a1d4c79030e18cbc7d1bbf02e5a84612fca9963307c252a1f20f30230b45aa12;38555;2;1;1
DOC-a1eff7dca972;kr14afd.txt;Kommunalwahlprogramm Gemeinde;Gemeinde;2014.0;a1eff7dca97294b1f66a8946c25c35d453d69fa71057a5b550653849aa686c3a;9813;1;1;0
DOC-a1f4612d695a;ds09fwg.txt;Kommunalwahlprogramm Gemeinde;Gemeinde;2009.0;a1f4612d695ad3ecc4f61c2ba356d8ae6db82a1db2f134a8858a4163e72ffdf3;16422;1;1;0
DOC-a21d8b6bf4cd;wu09cdu.txt;Kommunalwahlprogramm Gemeinde;Gemeinde;2009.0;a21d8b6bf4cd690dc5d6e7f132424474c264873833ff0191c618042a6314bb40;29178;1;1;0
DOC-a24022f0e668;lp19pir.txt;Kommunalwahlprogramm Gemeinde;Gemeinde;2019.0;a24022f0e668d168638125fae182dac2880b0aad4ac2cc652287d90631b0d8e8;17568;1;1;0
DOC-a24da0a0af45;bn09spd.txt;Kommunalwahlprogramm Gemeinde;Gemeinde;2009.0;a24da0a0af4566a046bd9164ba383a2ef2212c02ad51e42190eab6f6df3bf788;61788;1;1;0
DOC-a26ca92fb2d1;ro19fwg.txt;Kommunalwahlprogramm Gemeinde;Gemeinde;2019.0;a26ca92fb2d117473a495a41854a090e33d38df6ce07f924682c1f21b149e092;728;1;1;0
DOC-a26fa37c9fb2;Ulm_UfA_2024.txt;Kommunalwahlprogramm Gemeinde;Gemeinde;2024.0;a26fa37c9fb29b2c935a2c7df221e35d829c0e56043a7190bbb3c9bd74812a95;29253;1;1;0
DOC-a28182421dbc;ch19cfa.txt;Kommunalwahlprogramm Gemeinde;Gemeinde;2019.0;a28182421dbcf5d57810aad16b6b0a8147b3eda0ee53ead1d3a56f7aa7395a7d;1959;1;1;0
DOC-a2a2bc0063a6;ol11spd.txt;Kommunalwahlprogramm Gemeinde;Gemeinde;2011.0;a2a2bc0063a6f2ae3d556276de95fc7d460e4c47df4098eefd1b5726e1b7ff2b;67716;1;1;0
DOC-a2b498bbfc78;je19gru.txt;Kommunalwahlprogramm Gemeinde;Gemeinde;2019.0;a2b498bbfc78fdf1d92a40d8db0f55af80897af620ca59bc4e30a370af03a4a3;123962;1;1;0
DOC-a2e0abb82c88;du20bul.txt;Kommunalwahlprogramm Gemeinde;Gemeinde;2020.0;a2e0abb82c88377eda7dc585969e837f78c83665fd099fbedc986983abf4e610;6691;1;1;0
DOC-a2ea8fdf7bd5;Halle (Saale)_Grüne_2024.txt;Kommunalwahlprogramm Gemeinde;Gemeinde;2024.0;a2ea8fdf7bd5cbf59e78020cf2b650131aa85817d98c2c5448b4811f143006ef;40144;1;1;0
DOC-a2ed27a8d060;bn20big.txt;Kommunalwahlprogramm Gemeinde;Gemeinde;2020.0;a2ed27a8d0606a38963958eeb13382ec4ef8226f21c668252b781e914f7f74d2;16702;1;1;0
DOC-a312a3fc8341;ms20odp.txt;Kommunalwahlprogramm Gemeinde;Gemeinde;2020.0;a312a3fc8341c32b5c3c4bfc412bc527261f41e6c173b6fed255099f0b273859;40915;1;1;0
DOC-a339db39fc50;hm14pir.txt;Kommunalwahlprogramm Gemeinde;Gemeinde;2014.0;a339db39fc5061ecb3b8da0efdd57fc0b4616d16317f999902a0815cf8eb2ab8;20792;1;1;0
DOC-a36a9edf7b0e;Göppingen_CDU_2024.txt;Kommunalwahlprogramm Gemeinde;Gemeinde;2024.0;a36a9edf7b0e09245490200966397e3c9f381dc99a726f142ff3198574dab46a;4409;1;1;0
DOC-a36adfa24a0c;hd19spd.txt;Kommunalwahlprogramm Gemeinde;Gemeinde;2019.0;a36adfa24a0ce731cfb5aa050c5017c931f2e07349c93661205fe96f24f3b2b9;17274;1;1;0
DOC-a372c285ece3;le99cdu.txt;Kommunalwahlprogramm Gemeinde;Gemeinde;1999.0;a372c285ece34d85c84544e354ae31bd8de5f8387971363c85b0726606020c68;25785;1;1;0
DOC-a38cac0f0fe1;Konstanz_CDU_2024.txt;Kommunalwahlprogramm Gemeinde;Gemeinde;2024.0;a38cac0f0fe1bc0ab0885498d6229c240b51a75485e986f4b7748e4149e67da2;15228;1;1;0
DOC-a3e09209ef25;Neustrelitz_Grüne_2024.txt;anderes kommunales Wahlprogramm;Landkreis;2024.0;a3e09209ef25cfaadc57d99a2df51bb64a5b584fd11e680477a90049549223b4;34042;2;1;1
DOC-a43a32094114;ds20afd.txt;Kommunalwahlprogramm Gemeinde;Gemeinde;2020.0;a43a320941149eaac8425460d78d8ef9d457e960e85ffdce6028f6048a4a2731;5224;1;1;0
DOC-a440359a8f63;ro14gru.txt;Kommunalwahlprogramm Gemeinde;Gemeinde;2014.0;a440359a8f630dcc391dad8a3852e0d8b8611236499f5b71b6f29514fa0bad89;96510;1;1;0
DOC-a453671219e2;bg14bgl.txt;Kommunalwahlprogramm Gemeinde;Gemeinde;2014.0;a453671219e2fb9c6f8d90d2997e9fdb0ae0a36059bcb62528fd3639a014e36b;11037;1;1;0
DOC-a4664f1b1663;Wustermark_SPD_2024.txt;Kommunalwahlprogramm Gemeinde;Gemeinde;2024.0;a4664f1b16631e07987c5aa7e226f759bd93cf7fcae77deb0d0b41af55aabfa9;8977;1;1;0
DOC-a4712feab236;sg20lin.txt;Kommunalwahlprogramm Gemeinde;Gemeinde;2020.0;a4712feab2365e3d3e577558430eac078a45c6c6cb26de53de2d1a95034ac493;11724;1;1;0
DOC-a494b504d349;do14cdu.txt;Kommunalwahlprogramm Gemeinde;Gemeinde;2014.0;a494b504d34920fec72e8439471ab7755d6cf53af6a4072af29fd83857febbbd;141519;1;1;0
DOC-a4cae11ba3e9;es09gru.txt;Kommunalwahlprogramm Gemeinde;Gemeinde;2009.0;a4cae11ba3e9a9339d06c75ef1b0790df7f0ee04a11ce802efebfaba0f57744f;86099;1;1;0
DOC-a50271a17db1;in14fdp.txt;Kommunalwahlprogramm Gemeinde;Gemeinde;2014.0;a50271a17db19e7b69d4016cf7685594c304a5fd4f1e1837ca0acf7eed53fb2e;5947;1;1;0
DOC-a50bcfdb1038;Hüfingen_Freies Forum_2024.txt;Kommunalwahlprogramm Gemeinde;Gemeinde;2024.0;a50bcfdb1038ea60c7e2468d38015a0912fd9cc2a0f86c5c34fd5f9ca6d7e67e;3228;1;1;0
DOC-a513706bd530;bi20cdu.txt;Kommunalwahlprogramm Gemeinde;Gemeinde;2020.0;a513706bd530705d7480db7ecfc4178633ccb070519e2588ba96f45900e128a8;83528;1;1;0
DOC-a51668d6e598;st19sos.txt;Kommunalwahlprogramm Gemeinde;Gemeinde;2019.0;a51668d6e59859588d5504a97b60d616fb13ee24cb6d4efc9f33ad31b80d8067;166785;1;1;0
DOC-a52357499a58;Sandhausen_FDP_2024.txt;anderes kommunales Wahlprogramm;Landkreis und Gemeinden;2024.0;a52357499a58614281f9c07dff7726905a72d3962a791677b7ef90c40c3f3d17;2707;2;1;1
DOC-a536325ecf27;Waghäusel_CDU_2024.txt;Kommunalwahlprogramm Gemeinde;Gemeinde;2024.0;a536325ecf27cd3575487a3320956d1bb6b9f8e85163451e0f1cb315988efcbf;2690;1;1;0
DOC-a5426037ad5f;ms14spd.txt;Kommunalwahlprogramm Gemeinde;Gemeinde;2014.0;a5426037ad5f1d60be93d8e465c9757cc257e3b651ff4c2d8ff833b604d077a6;126299;1;1;0
DOC-a54b8a6a1829;Bützow_Linke_2024.txt;anderes kommunales Wahlprogramm;Landkreis;2024.0;a54b8a6a18290b794750bbeea350f7468e4b43b36e883160d503a378482da34e;4010;2;1;1
DOC-a57a28cf7d44;rg20brk.txt;Kommunalwahlprogramm Gemeinde;Gemeinde;2020.0;a57a28cf7d44eff09455e819126f6c0a95f3f9093453f5dd2cc03a924b1c0c92;87395;1;1;0
DOC-a583227b75ce;os16lin.txt;Kommunalwahlprogramm Gemeinde;Gemeinde;2016.0;a583227b75ce9f09cdf5482270bc4251345729089115dfcb06ef0f9a5c1582ee;9285;1;1;0
DOC-a59d1a4f6fec;co19cdu.txt;Kommunalwahlprogramm Gemeinde;Gemeinde;2019.0;a59d1a4f6fecd4d7f911ade7f5b84a6686abffc92b0162bcc6a6d61af15b549e;27218;1;1;0
DOC-a5a3d725db05;lu19afd.txt;Kommunalwahlprogramm Gemeinde;Gemeinde;2019.0;a5a3d725db05f4f5a1e90054e2869cb1d0993ba8489437dbf67ce19f7fbf4656;1857;1;1;0
DOC-a5b5dc5233fb;Stuttgart_FWG_2024.txt;Kommunalwahlprogramm Gemeinde;Gemeinde;2024.0;a5b5dc5233fb4deeeb04aa7eddbf029cc10d6700fbd2d145acd3ad850032a9e0;5265;1;1;0
DOC-a5ea88aea3a5;in14gru.txt;Kommunalwahlprogramm Gemeinde;Gemeinde;2014.0;a5ea88aea3a598ba460d5d47977aaee1c3777fd40c7ec64dc05dfd0c41b47aa2;52889;1;1;0
DOC-a6231cec576e;Erlenbach_CDU_2024.txt;Kommunalwahlprogramm Gemeinde;Gemeinde;2024.0;a6231cec576e59144dfcfbcd7ded05ebb0edc8dba57dc507435409eddbd3fcd1;1460;1;1;0
DOC-a62ef652eb5c;bt14pir.txt;Kommunalwahlprogramm Gemeinde;Gemeinde;2014.0;a62ef652eb5c557968cb06195cff7965e56e66c3f1c4db127e25731908142fa2;3174;1;1;0
DOC-a65cad447977;fr19par.txt;Kommunalwahlprogramm Gemeinde;Gemeinde;2019.0;a65cad447977d6a2266a284ca3870705f9fb06d25e4a9e99d77258756be6f664;8416;1;1;0
DOC-a665298544ce;mh09cdu.txt;Kommunalwahlprogramm Gemeinde;Gemeinde;2009.0;a665298544ce07ae574435e5b716d72cb099866a6e1ab75678305aae3dc57fba;51177;1;1;0
DOC-a67673d65878;Meiningen_FDP_2024.txt;Kommunalwahlprogramm Gemeinde;Gemeinde;2024.0;a67673d65878cbf82f1ee69c0bca3dbb52c5be9048df725b2824e4ba9c153e04;2777;1;1;0
DOC-a688d905fe2d;bh19gru.txt;Kommunalwahlprogramm Gemeinde;Gemeinde;2019.0;a688d905fe2d57ecf78c1f85c4b5e87e158079b17d6a9e6892ba22e11d14e606;151171;1;1;0
DOC-a6bd212e7854;Beelitz_UKB_2024.txt;Kommunalwahlprogramm Gemeinde;Gemeinde;2024.0;a6bd212e78544dd4aebf98b7e3b4deaa5fed005af3e45a9198b9705e5bda6a06;3624;1;1;0
DOC-a6c1cb5eb412;au20wsa.txt;Kommunalwahlprogramm Gemeinde;Gemeinde;2020.0;a6c1cb5eb412fd71e0e6bf859ab9b519d124f3e47ac320790da31960dee4b2a8;7781;1;1;0
DOC-a6f46b5b88bd;Ulm_Klimaliste Ulm_2024.txt;Kommunalwahlprogramm Gemeinde;Gemeinde;2024.0;a6f46b5b88bda3e6a5aac05a7eba6d89ff7bdba339e921188cac48000574ea3d;32993;1;1;0
DOC-a6ff51b19c93;ko14fwg.txt;Kommunalwahlprogramm Gemeinde;Gemeinde;2014.0;a6ff51b19c93732770fded9a027677a5478eb7b8c0401fae387993ac186bcd60;25402;1;1;0
DOC-a723171b7c20;Eberswalde_SPD_2024.txt;Kommunalwahlprogramm Gemeinde;Gemeinde;2024.0;a723171b7c208e301e2b8288f9ffb4bea58d63f2ff3fc1eee5c6aa1c5e8c0da0;26930;1;1;0
DOC-a7428a76b715;Bad Dürrenberg_FDP_2024.txt;Kommunalwahlprogramm Gemeinde;Gemeinde;2024.0;a7428a76b715556ce40496f5fdd366dbd0048b09704450d951060bfdc45c1c40;29378;1;1;0
DOC-a7450dacb31b;Winnweiler_Grüne_2024.txt;anderes kommunales Wahlprogramm;Landkreis und Gemeinden;2024.0;a7450dacb31b9ee3d92f9d0927fcede569cb45c4e214111f2835ec3c61e33e96;22099;2;1;1
DOC-a793602c570c;le14gru.txt;Kommunalwahlprogramm Gemeinde;Gemeinde;2014.0;a793602c570c8c8e880a9f464f4e0e829e8984118e33255b01212be78895b742;43402;1;1;0
DOC-a7a1a59b9aef;rs09wir.txt;Kommunalwahlprogramm Gemeinde;Gemeinde;2009.0;a7a1a59b9aef84a2c0f58d83c404b6d11ceb9ba61f5b5e97f815b0fb2b523f5e;16224;1;1;0
DOC-a7a5ca3337f1;mz14afd.txt;Kommunalwahlprogramm Gemeinde;Gemeinde;2014.0;a7a5ca3337f13ca42f97c3e685786aadb73b4c07f8ec0c4869af8940604fe428;15218;1;1;0
DOC-a7b05204ebbc;wi11cdu.txt;Kommunalwahlprogramm Gemeinde;Gemeinde;2011.0;a7b05204ebbc45890b3cf5588d20a7c4d6339c72910f3e5843b74ae36c0d9280;27653;1;1;0
DOC-a7f7725d5576;Konstanz_Grüne_2024.txt;Kommunalwahlprogramm Gemeinde;Gemeinde;2024.0;a7f7725d55768a79fd36f02946d072706873cbc7be9258bdff1009fd1fd1ee07;41953;1;1;0
DOC-a805b66a7e63;of11fwg.txt;Kommunalwahlprogramm Gemeinde;Gemeinde;2011.0;a805b66a7e631affc7f7e54f8d95230a7b1d24333faeaac8a0fe98d1cc4bad64;18070;1;1;0
DOC-a81a34c81251;Sangerhausen_Grüne_2024.txt;anderes kommunales Wahlprogramm;Landkreis und Gemeinden;2024.0;a81a34c81251640138f07b9556928b297d0f5c43c1cc9fb938e22d0e7fc5a63f;15174;2;1;1
DOC-a8737c89451c;st19kfv.txt;Kommunalwahlprogramm Gemeinde;Gemeinde;2019.0;a8737c89451ce21e309c9ae53bd3c47afb1e5714ee5a838c58ecc7728bec7a79;8383;1;1;0
DOC-a87d104da087;ne20cdu.txt;Kommunalwahlprogramm Gemeinde;Gemeinde;2020.0;a87d104da087c0b440817d53571a5a3cdf944c5fd7854376358d025493d9fcdf;88221;1;1;0
DOC-a8cbd0bbf2c5;bn20spd.txt;Kommunalwahlprogramm Gemeinde;Gemeinde;2020.0;a8cbd0bbf2c58259dbcbf944368a3f179e933ad913445ce3add12e38b8afd8c8;66285;1;1;0
DOC-a8e44c0af606;rg20odp.txt;Kommunalwahlprogramm Gemeinde;Gemeinde;2020.0;a8e44c0af6061953401799ec644e918c538df2ba39487e185f5941da6b385d7a;27492;1;1;0
DOC-a97b5fe5cbe6;Dornburg-Camburg_D-CBV_2024.txt;Kommunalwahlprogramm Gemeinde;Gemeinde;2024.0;a97b5fe5cbe614e9bc2b2efd1e60c7556ae83512be7766b19cc81049f0224265;1041;1;1;0
DOC-a9c6de0ad4ff;hd19lin.txt;Kommunalwahlprogramm Gemeinde;Gemeinde;2019.0;a9c6de0ad4ffdb01f7b09fbc4c6b3a3dcd13c9b5fe2d9c775cce1c5c1c27ff61;25849;1;1;0
DOC-a9f59b27f6ac;os16spd.txt;Kommunalwahlprogramm Gemeinde;Gemeinde;2016.0;a9f59b27f6ace33f6ed0db8a6b21f546a967a10a8b9ed7b813ca41a3f5b16476;61644;1;1;0
DOC-a9fe5c51bab3;Neubrandenburg_BfN_2024.txt;Kommunalwahlprogramm Gemeinde;Gemeinde;2024.0;a9fe5c51bab3a0c78b64dcc313c6cd5e54ea2e552a3e12f3f020e8478f18845f;6131;1;1;0
DOC-aa0b70eec538;rg14spd.txt;Kommunalwahlprogramm Gemeinde;Gemeinde;2014.0;aa0b70eec538638530d59cd430b154cc0532e01f89eb2e68a05df604ccb6dff5;59587;1;1;0
DOC-aa165fd77dc9;hd19cdu.txt;Kommunalwahlprogramm Gemeinde;Gemeinde;2019.0;aa165fd77dc9ab7e483723e99d2d50a30797fe3f4b1b7a146196b0a1a4dab84e;73211;1;1;0
DOC-aa4e9d75ec26;mh14fdp.txt;Kommunalwahlprogramm Gemeinde;Gemeinde;2014.0;aa4e9d75ec267664f6b05ec171ee07cd84789cc9178cff9a17dbde8d208ed3ff;22941;1;1;0
DOC-aa62789786c1;Schwerin_CDU_2024.txt;Kommunalwahlprogramm Gemeinde;Gemeinde;2024.0;aa62789786c1f8b19b80a578890cd9d219f9e84299fe1baa0e20828f047c6cdb;14116;1;1;0
DOC-aab53bdcfc09;lp19wvl.txt;Kommunalwahlprogramm Gemeinde;Gemeinde;2019.0;aab53bdcfc0915751aa1cd29104cd292ff4cf7fcd8213c84294e73158b29256a;10114;1;1;0
DOC-aae8ed20aea6;Stuttgart_SPD_2024.txt;Kommunalwahlprogramm Gemeinde;Gemeinde;2024.0;aae8ed20aea63feac161a5d724d34e07a86f087caf18998f4a48732830c3a909;73208;1;1;0
DOC-aaf0da4c58ef;Zossen_FWG_2024.txt;Kommunalwahlprogramm Gemeinde;Gemeinde;2024.0;aaf0da4c58efe30979920afa0a47070a03c515850dc5b1dea651c9d93ea4011b;1968;1;1;0
DOC-ab165ddb3867;fr19fdp.txt;Kommunalwahlprogramm Gemeinde;Gemeinde;2019.0;ab165ddb3867fac8295172a1ccc508176095ea81a3ac08e6a2114f3e1612dc28;70295;1;1;0
DOC-ab997c81ea46;Leipzig_Piraten_2024.txt;Kommunalwahlprogramm Gemeinde;Gemeinde;2024.0;ab997c81ea46ddd03a25302081cb226f791e6859abcee7120bb48a50f9db99cb;3634;1;1;0
DOC-abaaa5259d02;Neustadt-Glewe_CDU_2024.txt;anderes kommunales Wahlprogramm;Landkreis und Gemeinden;2024.0;abaaa5259d0242091af6f85f3a99f03c70643f5ab4171d66141d16ebfd852a70;56889;2;1;1
DOC-abe846cc8970;Fürstenberg (Havel)_Grüne_2024.txt;Kommunalwahlprogramm Gemeinde;Gemeinde;2024.0;abe846cc8970785069ac89bbc61eba4e62bb4616f646811131cc2e34de8fc1e8;12486;1;1;0
DOC-ac5909af7a4e;Ludwigslust_CDU_2024.txt;anderes kommunales Wahlprogramm;Landkreis und Gemeinden;2024.0;ac5909af7a4e2b31c9914a2c3adeab0b1ba1911eedba8945c69b5193c930559d;56155;2;1;1
DOC-ac83b89be336;tr14gru.txt;Kommunalwahlprogramm Gemeinde;Gemeinde;2014.0;ac83b89be33626c6fea7c37360afbea719ac65293899e86f3e4187e3a2dadbb3;94219;1;1;0
DOC-ac8d3854b4e3;Esslingen am Neckar_Grüne_2024.txt;Kommunalwahlprogramm Gemeinde;Gemeinde;2024.0;ac8d3854b4e361871ed873f2f8e17c248a47aacc1f759d0362ef26edb0899879;22683;1;1;0
DOC-acb441c53c67;ms09fdp.txt;Kommunalwahlprogramm Gemeinde;Gemeinde;2009.0;acb441c53c671aa7e8e5675d080ba4313977b22c5186188134e70180511a5ce6;49851;1;1;0
DOC-acbb96279882;Weißwasser_SPD_2024.txt;Kommunalwahlprogramm Gemeinde;Gemeinde;2024.0;acbb9627988238ffb9bc60ba917d62c987c609631075afa05aaf9eeb98b43b8b;6771;1;1;0
DOC-acc2aec3ba7a;Waren (Müritz)_CDU_2024.txt;Kommunalwahlprogramm Gemeinde;Gemeinde;2024.0;acc2aec3ba7a232990b53dfd47a2a285152eaa8fc29eb0c26c58f13b99936a4b;2782;1;1;0
DOC-ad29fcb15306;Pforzheim_Unabhängige Bürger Pforzheim_2024.txt;Kommunalwahlprogramm Gemeinde;Gemeinde;2024.0;ad29fcb15306266355caff49230190d756922225f3fb0ec0b9dead5283fef4ff;2468;1;1;0
DOC-ad6acc236e9e;Freiburg im Breisgau_AfD_2024.txt;Kommunalwahlprogramm Gemeinde;Gemeinde;2024.0;ad6acc236e9ed350e88f175c95e31e06b41ef7cf6f176bc6b686866838aa6d2c;9107;1;1;0
DOC-adb456887d6a;Rostock_UFR_2024.txt;Kommunalwahlprogramm Gemeinde;Gemeinde;2024.0;adb456887d6abc54e8036c961763a07280c0f6dd4e08fbd8280aa4a6cd80856b;7766;1;1;0
DOC-ae23260025e0;ge09fdp.txt;Kommunalwahlprogramm Gemeinde;Gemeinde;2009.0;ae23260025e0e3ddc13a746dc8e701ef56c10e58c2fe8090e7c3fcb7b623c22a;22582;1;1;0
DOC-ae2d156178d5;hd19fwg.txt;Kommunalwahlprogramm Gemeinde;Gemeinde;2019.0;ae2d156178d596e2fdb294e072079b865cc2688c66f4322b5989ee8a48f327ca;4395;1;1;0
DOC-ae46e7297246;Rochlitz_SPD_2024.txt;anderes kommunales Wahlprogramm;Landkreis;2024.0;ae46e72972468f06afc024363d63b1fc4a98e011cbf29eb9c529acf195edca58;43602;2;1;1
DOC-ae640a13640f;bh19rec.txt;Kommunalwahlprogramm Gemeinde;Gemeinde;2019.0;ae640a13640f36ac0586d15c04654a2d905a03e91111c3686c6e53b533952d0c;41030;1;1;0
DOC-ae64d8b2cb63;ch14gru.txt;Kommunalwahlprogramm Gemeinde;Gemeinde;2014.0;ae64d8b2cb632f883eaa9cd7b567ef7454dfcf2529f054b325901ddd5b3c8e2e;65304;1;1;0
DOC-ae9bfee455ce;bt14fdp.txt;Kommunalwahlprogramm Gemeinde;Gemeinde;2014.0;ae9bfee455ce1646ba1f94c0d732f4b08e4e54e74694779a2634e66360b7f0dc;53052;1;1;0
DOC-aec023408668;rg20par.txt;Kommunalwahlprogramm Gemeinde;Gemeinde;2020.0;aec023408668cedf1f988ed0b17eb6c79f3a0b949e11b8fc62e6f76351bd7f47;721;1;1;0
DOC-aed8b1c22ba0;ul14cdu.txt;Kommunalwahlprogramm Gemeinde;Gemeinde;2014.0;aed8b1c22ba0a953360ef9120df486114e9a32d104551bd86bb92ecc49ad7f41;13935;1;1;0
DOC-aef2bba0acb8;wu14gru.txt;Kommunalwahlprogramm Gemeinde;Gemeinde;2014.0;aef2bba0acb804be34ccb1a28d6abaf87edd284b41c259242837d1b71c1a08dd;113588;1;1;0
DOC-af4223469e00;ms09cdu.txt;Kommunalwahlprogramm Gemeinde;Gemeinde;2009.0;af4223469e0009ca8d7b79b618030628f90c1a656730dcfcc5e10c70d19e868f;96995;1;1;0
DOC-af4f2c59129f;st19bzs.txt;Kommunalwahlprogramm Gemeinde;Gemeinde;2019.0;af4f2c59129ff2658c547df637a92a3d817b4a82e21b25bcb0b1981b8e466099;21534;1;1;0
DOC-af87d3b745bf;sb19spd.txt;Kommunalwahlprogramm Gemeinde;Gemeinde;2019.0;af87d3b745bf0fbaff491fbf79569d2ab7bd3fa3402a784f96656d335d34dc31;153081;1;1;0
DOC-afb80bf32bc7;Seelow_AfD_2024.txt;anderes kommunales Wahlprogramm;Landkreis und Gemeinden;2024.0;afb80bf32bc7d208c7fedc164ec6d93cecbd9d5dcc9e4a867c31c1e2b3aa190d;10817;2;1;1
DOC-afeefc2aa347;do14fbi.txt;Kommunalwahlprogramm Gemeinde;Gemeinde;2014.0;afeefc2aa347abc52821a42ba5a6ae648b444af32e76b5dcbb15415499837e21;17945;1;1;0
DOC-b026b6fb2136;wz20fwg.txt;Kommunalwahlprogramm Gemeinde;Gemeinde;2020.0;b026b6fb213692acb59367f92cde68aafd93982fe119ff26e5a494f72cde8cf4;17970;1;1;0
DOC-b0319b743829;ds20cdu.txt;Kommunalwahlprogramm Gemeinde;Gemeinde;2020.0;b0319b7438298eab100476378561e39f380dc0646a429a858924eaf8528c645a;149987;1;1;0
DOC-b03479758eed;of06gru.txt;Kommunalwahlprogramm Gemeinde;Gemeinde;2006.0;b03479758eed0dcf53cffc402077d8c12ed406808feec44fa12c15685c1b1597;59257;1;1;0
DOC-b05b58085d98;Heilbronn_CDU_2024.txt;Kommunalwahlprogramm Gemeinde;Gemeinde;2024.0;b05b58085d989b689d48a895e1080b57d09e712bc8ff8f190161cca327c2f55e;110078;1;1;0
DOC-b064f11e8e99;mu20mut.txt;Kommunalwahlprogramm Gemeinde;Gemeinde;2020.0;b064f11e8e9924c2c7b4f98ed6c3fd437c99bb4371a32b443a954daa5b407e07;55515;1;1;0
DOC-b09def97cc0b;je19lin.txt;Kommunalwahlprogramm Gemeinde;Gemeinde;2019.0;b09def97cc0bdfcf97016aa4670be87812563226af59f121a3bf945de9e71c6e;30379;1;1;0
DOC-b0b114a1510f;bn99cdu.txt;Kommunalwahlprogramm Gemeinde;Gemeinde;1999.0;b0b114a1510f0ef8a95c38caa10375babfb25c54badd838369a70945bce73ce6;206892;1;1;0
DOC-b0c20b090365;Altentreptow_CDU_2024.txt;Kommunalwahlprogramm Gemeinde;Gemeinde;2024.0;b0c20b0903652c8b49392476a0ee36eed7e4d5945f7aa1d4c57f50f659523fee;12449;1;1;0
DOC-b0cfefee85c5;Neubrandenburg_Linke_2024.txt;Kommunalwahlprogramm Gemeinde;Gemeinde;2024.0;b0cfefee85c5e856cda122b0a0e1122504cfe50cb0b6a7edb47d11080ccdd75d;3167;1;1;0
DOC-b10f807bd9c1;do14bli.txt;Kommunalwahlprogramm Gemeinde;Gemeinde;2014.0;b10f807bd9c19011e3c6c073af93376e08a23585b910b68fe8039f7c6647a496;23525;1;1;0
DOC-b12fd413901c;kr20fdp.txt;Kommunalwahlprogramm Gemeinde;Gemeinde;2020.0;b12fd413901c2aa225f9a3593f624c971dbe469f05bf021975fab86669aae73c;88921;1;1;0
DOC-b15927c77b4f;Ditzingen_SPD_2024.txt;Kommunalwahlprogramm Gemeinde;Gemeinde;2024.0;b15927c77b4fb5698baf7c9dbc17f04cc281d09eaa5671bb1e650f0eca7b4711;21351;1;1;0
DOC-b15ac4b55331;au20aux.txt;Kommunalwahlprogramm Gemeinde;Gemeinde;2020.0;b15ac4b55331e4b58fecf4f2d39f1f9cf851b6e1649f1c41313f3a4c55dae1b2;4255;1;1;0
DOC-b15ae4fb7807;Arnstadt_BürgerProjekt_2024.txt;Kommunalwahlprogramm Gemeinde;Gemeinde;2024.0;b15ae4fb7807926d0e857fc8a3c78805db5673972b13b93ddba5d23a5f362c5e;15107;1;1;0
DOC-b172c252f1d1;wz14buf.txt;Kommunalwahlprogramm Gemeinde;Gemeinde;2014.0;b172c252f1d190bb2ef8377cfcb81aeb4615ee9cb5ecb9678fda773e84beb08b;7896;1;1;0
DOC-b174af18bf50;bs16fdp.txt;Kommunalwahlprogramm Gemeinde;Gemeinde;2016.0;b174af18bf50d445fcbdd5c8fdf2c00847ab3d2aad04f5ed46cf969760fb478e;26807;1;1;0
DOC-b18d14eca370;ko20gut.txt;Kommunalwahlprogramm Gemeinde;Gemeinde;2020.0;b18d14eca370c1e6c82fc2ab7a78d99ccd26e0c5986783726149c2514dfa8e2e;5115;1;1;0
DOC-b1c588441fec;je14cdu.txt;Kommunalwahlprogramm Gemeinde;Gemeinde;2014.0;b1c588441fec2a49ce2804dde65b8d15579e0c77f46da1675c07be465bc8965f;25339;1;1;0
DOC-b1de393ba00a;mz14fwg.txt;Kommunalwahlprogramm Gemeinde;Gemeinde;2014.0;b1de393ba00a029388caf1544a3b90d3ec18895b2a476d7221b4de006bfefe51;5020;1;1;0
DOC-b1ec2e68030c;Leipzig_Linke_2024.txt;Kommunalwahlprogramm Gemeinde;Gemeinde;2024.0;b1ec2e68030c771a0e035cd008b17c55378cf8f8dc72b5f538a9bde8046f2658;126966;1;1;0
DOC-b1ee96ed9259;Karlsruhe_Die Partei_2024.txt;Kommunalwahlprogramm Gemeinde;Gemeinde;2024.0;b1ee96ed925937813a7e92feb4883d6fa105e4e2be020983bfeb00a1524e417b;4815;1;1;0
DOC-b205d5ba54c0;Freiburg im Breisgau_FDP_2024 .txt;Kommunalwahlprogramm Gemeinde;Gemeinde;2024.0;b205d5ba54c093016debd677722aab7455d7c1b0d79d946abfd3ad0d3410aa16;99524;1;1;0
DOC-b2107af3dabd;Saarbrücken_FDP_2024.txt;Kommunalwahlprogramm Gemeinde;Gemeinde;2024.0;b2107af3dabd1a2ac311836916bde63012270c9c108fe96c4621497370440030;2893;1;1;0
DOC-b223f3dc82f4;Völklingen_SPD_2024.txt;Kommunalwahlprogramm Gemeinde;Gemeinde;2024.0;b223f3dc82f4801c712fe645600d83c478643358b3034a1f2607a90510cab721;7817;1;1;0
DOC-b252f96997c2;wo16spd.txt;Kommunalwahlprogramm Gemeinde;Gemeinde;2016.0;b252f96997c268b7fbe97868f843639e3f2d7f70f008316cf7ba9b8a72be14a0;22314;1;1;0
DOC-b265d2078efc;es14afd.txt;Kommunalwahlprogramm Gemeinde;Gemeinde;2014.0;b265d2078efcd120b6dd05e814a342da6a8cbf29363ee94e241c7a69d62b623f;15892;1;1;0
DOC-b275f8230aab;je19fdp.txt;Kommunalwahlprogramm Gemeinde;Gemeinde;2019.0;b275f8230aab2abb7c8864d15ff6f306779ff2f3931c97a8b62ac4eb4dd6792f;87472;1;1;0
DOC-b28c2365845c;er14lin.txt;Kommunalwahlprogramm Gemeinde;Gemeinde;2014.0;b28c2365845c4e475de8d2a5855fd03a6abc6aedcfe215fb488f0de7aad1b58e;64854;1;1;0
DOC-b295af7cf5db;Baden-Baden_FDP_2024.txt;Kommunalwahlprogramm Gemeinde;Gemeinde;2024.0;b295af7cf5dbbf1d2e8c10b671910e3992e598215ca0fa9571a44335ff420563;578;1;1;0
DOC-b2a0f3154a2b;nu14pir.txt;Kommunalwahlprogramm Gemeinde;Gemeinde;2014.0;b2a0f3154a2b781511d9109aae27f756181e34656f066b9434be73f0dac79b44;58255;1;1;0
DOC-b2a575b8416d;Friedrichshafen_FWG_2024.txt;anderes kommunales Wahlprogramm;Landkreis und Gemeinden;2024.0;b2a575b8416d78d1f2554f1c72b19e97d8a423659b4fe52cef2679ad025a0e6b;4424;2;1;1
DOC-b2aaee07f7eb;wz20spd.txt;Kommunalwahlprogramm Gemeinde;Gemeinde;2020.0;b2aaee07f7ebd31b2e98c5dbcd2bd81301786a24d632239041ef251624ac67da;5742;1;1;0
DOC-b2b00be1b3b5;kr20cdu.txt;Kommunalwahlprogramm Gemeinde;Gemeinde;2020.0;b2b00be1b3b51bfac09fe90836b9472c89c0d585c323b44c9a3815c8a3dd1050;68998;1;1;0
DOC-b2c767182242;hm20lin.txt;Kommunalwahlprogramm Gemeinde;Gemeinde;2020.0;b2c7671822424f8356baa227a1d660d9d849b79248e8291b2dc766a94ffbddac;34445;1;1;0
DOC-b2dfa366478c;da11uwi.txt;Kommunalwahlprogramm Gemeinde;Gemeinde;2011.0;b2dfa366478c83fb5a99bbf2b9b4abecbda4add15703bc07bd49bc1e5754110b;11525;1;1;0
DOC-b303e37a6fce;Falkensee_FDP_2024.txt;Kommunalwahlprogramm Gemeinde;Gemeinde;2024.0;b303e37a6fcedc02d7504ee750fdcada9dbe6f29f0cad56288bc9dff7c4b669e;3151;1;1;0
DOC-b31ab102ecc2;kb19spd.txt;Kommunalwahlprogramm Gemeinde;Gemeinde;2019.0;b31ab102ecc2d5d9af72ef3fa438694c702f7e88893a60d2868f8aeeef64f1ec;21871;1;1;0
DOC-b31fad31d8f2;mh20spd.txt;Kommunalwahlprogramm Gemeinde;Gemeinde;2020.0;b31fad31d8f2008a348b82312287b3127d0a5ba001c0bc766d9aa2668248d7a8;109297;1;1;0
DOC-b330ec460e21;ro19cdu.txt;Kommunalwahlprogramm Gemeinde;Gemeinde;2019.0;b330ec460e21b4e3065ec4717775166efec2a932955847a98c83a7c1e6d25870;36740;1;1;0
DOC-b3315a5682a8;Sundhagen_AfD_2024.txt;anderes kommunales Wahlprogramm;Landkreis;2024.0;b3315a5682a84f7cb95f563e02df74d0808c560821ba1086e558161a459c1403;15814;2;1;1
DOC-b3349c6eccd3;mu14fwg.txt;Kommunalwahlprogramm Gemeinde;Gemeinde;2014.0;b3349c6eccd3767f89107c7bcaafb42907708bc1badd214f6303f1f0b6496142;28772;1;1;0
DOC-b350640cd5b3;au20spd.txt;Kommunalwahlprogramm Gemeinde;Gemeinde;2020.0;b350640cd5b35879abffcea73b2a31ca4dddc8e536ab0a66f550b0831a7294a5;90184;1;1;0
DOC-b359764b3e5d;ob09cdu.txt;Kommunalwahlprogramm Gemeinde;Gemeinde;2009.0;b359764b3e5d10dfe7b42d604aec92d63297003209072e4f161e18b341c94fcf;69739;1;1;0
DOC-b3655f0d41d5;nu20lin.txt;Kommunalwahlprogramm Gemeinde;Gemeinde;2020.0;b3655f0d41d565d79d0ffc15d8ee9c6283e44ed5a35b126a449caf75934f04f1;103465;1;1;0
DOC-b37af1a6b8b8;le20poo.txt;Kommunalwahlprogramm Gemeinde;Gemeinde;2020.0;b37af1a6b8b8a156e0e529e1ab77a087b4579838efb74ce540c5819d10bb99c5;15002;1;1;0
DOC-b3b1f2db65d1;hv16spd.txt;Kommunalwahlprogramm Gemeinde;Gemeinde;2016.0;b3b1f2db65d1d7adae366e59f18300656523fb0c1b6f085200166d4ace270759;103469;1;1;0
DOC-b3b73dcde6cd;bi20lin.txt;Kommunalwahlprogramm Gemeinde;Gemeinde;2020.0;b3b73dcde6cdc8b23eee6dc6c27fb011fb74c56d02d59bac33f5333aaa17719b;91241;1;1;0
DOC-b3c117694797;Neuwied_Linke_2024.txt;anderes kommunales Wahlprogramm;Land;2024.0;b3c11769479752b8f451a22baf9a8a494b538ea3333dd4055c804640735fb9ec;21934;2;1;1
DOC-b3cd2da97e09;pf14wip.txt;Kommunalwahlprogramm Gemeinde;Gemeinde;2014.0;b3cd2da97e093e93277f207d597314f2cb9ecdc01284b559bc92818f238e8090;9433;1;1;0
DOC-b3e534c0a9a4;Frankfurt (Oder)_CDU_2024.txt;Kommunalwahlprogramm Gemeinde;Gemeinde;2024.0;b3e534c0a9a48c85859eeb7361e477d27cd34274dc66cf533175490cc8ab8c8e;10929;1;1;0
DOC-b3eedec55239;Zerbst_CDU_2024.txt;Kommunalwahlprogramm Gemeinde;Gemeinde;2024.0;b3eedec55239420641042cbfff5fbacaa372c6298fc97d7c984b9626fd34be97;2132;1;1;0
DOC-b3f92953bf7f;pb20gru.txt;Kommunalwahlprogramm Gemeinde;Gemeinde;2020.0;b3f92953bf7f4a0f6b7a32341659b8b987a963cbc05789d1e3ddb750eeacc13f;148184;1;1;0
DOC-b43740ce884d;Lauta_Grüne_2024.txt;Kommunalwahlprogramm Gemeinde;Gemeinde;2024.0;b43740ce884d42666508b213e3885fa5c6385c3fffca01d4e8f21c88a6ef9862;2770;1;1;0
DOC-b43f9723d5b2;kr20gru.txt;Kommunalwahlprogramm Gemeinde;Gemeinde;2020.0;b43f9723d5b2efaf348e8d81b3890f95f591d20d7617383c05bc06e2119973b0;101733;1;1;0
DOC-b45309b67362;rs20ers.txt;Kommunalwahlprogramm Gemeinde;Gemeinde;2020.0;b45309b673626af6c8335d218f93c58c0417f6a47d37fac6b5fc2256b6c9a510;44281;1;1;0
DOC-b453911db28b;mh14bfb.txt;Kommunalwahlprogramm Gemeinde;Gemeinde;2014.0;b453911db28bd421b7cd8457cb9569d8274c895f4fc6447f1c2cdd1ab76dbe0d;17552;1;1;0
DOC-b465410f5932;st19dib.txt;Kommunalwahlprogramm Gemeinde;Gemeinde;2019.0;b465410f593254509d69a92357d381992c3de3e5aa614217cdc3b068a3b83d12;595;1;1;0
DOC-b47b3ed9e15d;Plauen_FDP_2024.txt;anderes kommunales Wahlprogramm;Landkreis und Gemeinden;2024.0;b47b3ed9e15defd2b6687ddd7ef6bf76020c93aa7979b686c3ec2a23e3fcf2a9;19609;2;1;1
DOC-b48d759e0dc9;Zwickau_SPD_2024.txt;Kommunalwahlprogramm Gemeinde;Gemeinde;2024.0;b48d759e0dc9c7dd96d76e55e9f04db9b9cdf07f3eeb7e6f7794fdd8d8e20aa4;3490;1;1;0
DOC-b4a6b8c10896;le14lev.txt;Kommunalwahlprogramm Gemeinde;Gemeinde;2014.0;b4a6b8c10896af12d642f1a266efbe7d5e9b7cd4e6a324d45650ff7c808f0c70;30939;1;1;0
DOC-b4b7d1f00300;bo14sgb.txt;Kommunalwahlprogramm Gemeinde;Gemeinde;2014.0;b4b7d1f003003c8817ec18bda40d7645518927925b95009bfe9e7efe5891d3e9;52967;1;1;0
DOC-b4b93501b96f;ul19ufa.txt;Kommunalwahlprogramm Gemeinde;Gemeinde;2019.0;b4b93501b96f29bb74eb6e9cec50923e1936ffcf97f17d923717b1061fedbc34;3407;1;1;0
DOC-b4be8ed99a14;le14lin.txt;Kommunalwahlprogramm Gemeinde;Gemeinde;2014.0;b4be8ed99a1435d8777cc090afd0944e4d2d714749ce36d77c0565d939f5dfb4;13234;1;1;0
DOC-b4ceeeedbd4d;Weinböhla_BiW_2024.txt;Kommunalwahlprogramm Gemeinde;Gemeinde;2024.0;b4ceeeedbd4d08ebd114e3f632eb673f27a911364f0e6c74d6dcf0ac7865fdf4;1211;1;1;0
DOC-b513ec8059d4;Ludwigshafen am Rhein_Grüne_2024.txt;Kommunalwahlprogramm Gemeinde;Gemeinde;2024.0;b513ec8059d420c1e278e3ea31f236fdea7a9f98e4f52063b49e8a57ce05df39;59525;1;1;0
DOC-b52422ae9da7;wo16afd.txt;Kommunalwahlprogramm Gemeinde;Gemeinde;2016.0;b52422ae9da798b16663c9f428d8913e4228e44d482af8ce0fe4294c63d44806;28550;1;1;0
DOC-b53a71551e09;lb13pir.txt;Kommunalwahlprogramm Gemeinde;Gemeinde;2013.0;b53a71551e09d4a0ab81c556dd4e930f28fba0f9344c1cd019bcabdfd57c4eed;10186;1;1;0
DOC-b53c17b596b4;wz20gru.txt;Kommunalwahlprogramm Gemeinde;Gemeinde;2020.0;b53c17b596b4a4fcc0fa71781000480239161a5ae785e4cc5f580f6668d678be;215793;1;1;0
DOC-b53fe5bd1b16;do09lib.txt;Kommunalwahlprogramm Gemeinde;Gemeinde;2009.0;b53fe5bd1b162026611804c43a488e23a5b8cc0ae9e591f4df1ff9fef7d593d2;94173;1;1;0
DOC-b54cd08195e7;bo20lin.txt;Kommunalwahlprogramm Gemeinde;Gemeinde;2020.0;b54cd08195e727e0c11a70a872a563c24159b60cc5165ccc80d0e6982cf80a71;208558;1;1;0
DOC-b559af3b9673;Freiburg im Breisgau_Liste Teilhabe und Inklusion_2024.txt;Kommunalwahlprogramm Gemeinde;Gemeinde;2024.0;b559af3b9673df86bff2aa503ccdcf26c7d5bb16ed9a19061be1506d984b65de;8274;1;1;0
DOC-b56561ac441c;wz08fdp.txt;Kommunalwahlprogramm Gemeinde;Gemeinde;2008.0;b56561ac441c1f486f7827db57847f34dd8d8cad2bbdd8d3e0acde9c12110f9b;50335;1;1;0
DOC-b570dd1010d9;Aalen_SPD_2024.txt;Kommunalwahlprogramm Gemeinde;Gemeinde;2024.0;b570dd1010d94b840fa418872887aa1786c3b6bf27e1102ecf6341126286ef3a;3134;1;1;0
DOC-b59954c65d27;mz19gru.txt;Kommunalwahlprogramm Gemeinde;Gemeinde;2019.0;b59954c65d27081aa74548aaf2d594b9f7b415eb1050118b59dd650fd411adf2;135632;1;1;0
DOC-b5d1342b85b8;Sonneberg_CDU_2024.txt;anderes kommunales Wahlprogramm;Landkreis;2024.0;b5d1342b85b89439d85b61e8d69c519dde30e8f157bbb47b464bd1689d4c8a7a;6340;2;1;1
DOC-b5d17d7ff8fe;kr09fdp.txt;Kommunalwahlprogramm Gemeinde;Gemeinde;2009.0;b5d17d7ff8fe70c43840c8c1a0a1c8e680ce78fc3a6a59438894297d198fbd72;66478;1;1;0
DOC-b5dfc953ad08;er14fdp.txt;Kommunalwahlprogramm Gemeinde;Gemeinde;2014.0;b5dfc953ad083936c734b6c0027f0e5e5566db10313c4da91aa978308208921a;29602;1;1;0
DOC-b5e34690d463;je14fdp.txt;Kommunalwahlprogramm Gemeinde;Gemeinde;2014.0;b5e34690d463c813d9ced403ce4797752317595ed7f5281ded694a0ec90c9711;59682;1;1;0
DOC-b5fc015c9991;bo20afd.txt;Kommunalwahlprogramm Gemeinde;Gemeinde;2020.0;b5fc015c99912b47ffc55b7b89204e6afbd6157deeef3dfd2d996e7ba136b9ef;86839;1;1;0
DOC-b610b9022c7e;Brandenburg an der Havel_Linke_2024.txt;Kommunalwahlprogramm Gemeinde;Gemeinde;2024.0;b610b9022c7ec1d4bcb3fca21f8c10e21bb8c319c628d1fcbdaeb4bf4166cfab;28438;1;1;0
DOC-b61bbae77d78;Zschorlau_CDU_2024.txt;Kommunalwahlprogramm Gemeinde;Gemeinde;2024.0;b61bbae77d7891dcb64237b45feeaa6bbf702d72ab1fea3f2ab26aee00913c6a;2090;1;1;0
DOC-b62b7b2febcb;wi11pir.txt;Kommunalwahlprogramm Gemeinde;Gemeinde;2011.0;b62b7b2febcb59913f594760883695f4435da8a9b6a430fcc47157695de25699;17972;1;1;0
DOC-b65c0e32b858;Offenburg_CDU_2024.txt;Kommunalwahlprogramm Gemeinde;Gemeinde;2024.0;b65c0e32b85817f3191c8db166f22bf7380650dbde47fb683f97001953057c8e;13786;1;1;0
DOC-b667708654e1;Neustrelitz_Einzelbewerberin Preuß_2024.txt;Kommunalwahlprogramm Gemeinde;Gemeinde;2024.0;b667708654e14fd3b761102a86841374e354833e2105b9acb26a7d32cff19050;1967;1;1;0
DOC-b675b5169a9c;hv11spd.txt;Kommunalwahlprogramm Gemeinde;Gemeinde;2011.0;b675b5169a9c095c0621d4be15247ed75d1afdbb6715af67c407a1010568eca2;174271;1;1;0
DOC-b677819efec0;fr14cdu.txt;Kommunalwahlprogramm Gemeinde;Gemeinde;2014.0;b677819efec0aeebd074197e339acb1c9152051b5346363dee4dc48ce8a4fe9b;28272;1;1;0
DOC-b6c5827ec88d;Stuttgart_Die Stadtisten_2024.txt;Kommunalwahlprogramm Gemeinde;Gemeinde;2024.0;b6c5827ec88da88a5fa5e55157e1008b2f5decd254d36f16c3068f359e94539f;14827;1;1;0
DOC-b6e62813b212;gt20cdu.txt;Kommunalwahlprogramm Gemeinde;Gemeinde;2020.0;b6e62813b212d16317d099d53e38d6ee08f3a1977a984f2ccc233ffa6a0633e7;17843;1;1;0
DOC-b722bcc75541;tr14fwg.txt;Kommunalwahlprogramm Gemeinde;Gemeinde;2014.0;b722bcc75541be3d6d5fe14736dccf8f95840eea3a5205ccff6d06aff095713c;22284;1;1;0
DOC-b730c636a911;Villingen-Schwenningen_Grüne_2024.txt;Kommunalwahlprogramm Gemeinde;Gemeinde;2024.0;b730c636a911b8bea1087d842e1bf9a5eaebc3a42f12f3e8b435713c66e23641;3666;1;1;0
DOC-b741c9c03ca8;Lahnstein_FBL_2024.txt;Kommunalwahlprogramm Gemeinde;Gemeinde;2024.0;b741c9c03ca823246f2a6d3fc0c6bb6c50849ed3e65848a94f0544b862971be6;1636;1;1;0
DOC-b762da09ad02;ac14gru.txt;Kommunalwahlprogramm Gemeinde;Gemeinde;2014.0;b762da09ad021c69500b94b9db2ff5ff2e4c3730a61fbe3c4d1f5cee1c32e5b0;159901;1;1;0
DOC-b76fbed3b379;Marpingen_SPD_2024.txt;Kommunalwahlprogramm Gemeinde;Gemeinde;2024.0;b76fbed3b379da4b63ecd05cfd5bb1fc6cad80dc75a1c549a5076edea4e88c3e;19436;1;1;0
DOC-b76fcfadb0fc;Greifswald_Allianz der Bürgerlichen Mitte (ADBM)_2024.txt;Kommunalwahlprogramm Gemeinde;Gemeinde;2024.0;b76fcfadb0fccda25103047b3c946082b97d16241c64bd62de8b3417d7d46acb;6058;1;1;0
DOC-b789cae28a86;sb19fdp.txt;Kommunalwahlprogramm Gemeinde;Gemeinde;2019.0;b789cae28a86534180f7347f4e5d8f85b7a9c9d6958b2729bede1fca950a26ae;58882;1;1;0
DOC-b78b8e2afcaa;Cottbus_SPD_2024.txt;Kommunalwahlprogramm Gemeinde;Gemeinde;2024.0;b78b8e2afcaaa03dad6cef61bbe716b3719ba413d27804d47dd35f63698205da;25208;1;1;0
DOC-b7921f8f2c52;lb18dua.txt;Kommunalwahlprogramm Gemeinde;Gemeinde;2018.0;b7921f8f2c52bbb92b4ed0f78b565d059fa24641a0243c0179d16e8950158253;59285;1;1;0
DOC-b7963a2b1146;sg14pir.txt;Kommunalwahlprogramm Gemeinde;Gemeinde;2014.0;b7963a2b114630b9121a9d90ec5279b33b8579f5d1f060f7f8054085d61b35fc;59714;1;1;0
DOC-b81c376ddb62;re14gru.txt;Kommunalwahlprogramm Gemeinde;Gemeinde;2014.0;b81c376ddb62b9a15c3de8008abb26fa15fe5cc032909cc89eba686c1f397bf0;93990;1;1;0
DOC-b865e82075ea;po14fdp.txt;Kommunalwahlprogramm Gemeinde;Gemeinde;2014.0;b865e82075ea033cd7fff21ab623bb38e3efb92e4082d26a6b8c7172c8f0bca4;24586;1;1;0
DOC-b88cae4070a5;bs16afd.txt;Kommunalwahlprogramm Gemeinde;Gemeinde;2016.0;b88cae4070a5f3dc2acf85b57cff288876471d48d747bad1c1786dbb7e0fcea6;17483;1;1;0
DOC-b8dee09fc4aa;Seelow_CDU_2024.txt;anderes kommunales Wahlprogramm;Landkreis und Gemeinden;2024.0;b8dee09fc4aa7ce5a2fdbada4b0bfdfd5ce8c420c080a11dc0eca8e386c3fd32;10154;2;1;1
DOC-b8ee354c1898;ds14gru.txt;Kommunalwahlprogramm Gemeinde;Gemeinde;2014.0;b8ee354c18989b2318e73e61c8c36ed27d13d1933880b4c8e6b314027ab099e6;155153;1;1;0
DOC-b91c878b94e3;fu20lin.txt;Kommunalwahlprogramm Gemeinde;Gemeinde;2020.0;b91c878b94e3ec59f2d950e6d192d7b8cb21c52ddb28777968dd07f32e13f275;44281;1;1;0
DOC-b93640271801;au20csu.txt;Kommunalwahlprogramm Gemeinde;Gemeinde;2020.0;b93640271801d72ac557224a93bec09c0d8a91807da026b9c30118834286b24e;99123;1;1;0
DOC-b9570c781119;ch14pir.txt;Kommunalwahlprogramm Gemeinde;Gemeinde;2014.0;b9570c7811190d9ff34fde6ed678c2b61224080d125acccf1037e34a29633acd;59067;1;1;0
DOC-b96e845ee9d3;Plau am See_SPD_2024.txt;anderes kommunales Wahlprogramm;Landkreis und Gemeinden;2024.0;b96e845ee9d3b63147bfe9d5b19ffd9e9cbd275e9dff05fadeef2e525aa8ec1c;39655;2;1;1
DOC-b9703e2d4d81;Jena_Grüne_2024.txt;Kommunalwahlprogramm Gemeinde;Gemeinde;2024.0;b9703e2d4d81d034df3b1b2dce800118bb2d5d733c30cface398d20d1d491f8a;213348;1;1;0
DOC-b97565800d0c;st19jli.txt;Kommunalwahlprogramm Gemeinde;Gemeinde;2019.0;b97565800d0c266d2cde26942b853cf9eeb1efb834335b6fbf2d0c8e4d2d835d;5650;1;1;0
DOC-b9b466f5efbd;Mengen_Grüne_2024.txt;anderes kommunales Wahlprogramm;Gemeinde;2024.0;b9b466f5efbd37f0302078ab44b6cab539e56f7421e027da097870ec8d7124da;3085;2;1;1
DOC-ba1a0642837c;in20spd.txt;Kommunalwahlprogramm Gemeinde;Gemeinde;2020.0;ba1a0642837cad390dd798b883fd4710e9544153313cf068fe289dc853cd5ea3;64751;1;1;0
DOC-ba32ad15b57c;Saarbrücken_Linke_2024.txt;Kommunalwahlprogramm Gemeinde;Gemeinde;2024.0;ba32ad15b57cd3c8b9fd848dd6d2c0e084afe298766056c5a2577bcb1fdb4817;41758;1;1;0
DOC-ba4d918f8f22;of93fdp.txt;Kommunalwahlprogramm Gemeinde;Gemeinde;1993.0;ba4d918f8f22f9fc671cc1d66d6560e067bbf2f1750d64327662425b5cf25b1c;92530;1;1;0
DOC-ba51d6dacac6;da11gru.txt;Kommunalwahlprogramm Gemeinde;Gemeinde;2011.0;ba51d6dacac650d490a5b35ef1429935e8740228723b2e2bafc2112ab5b27edf;255778;1;1;0
DOC-ba586d577df2;ff06fag.txt;Kommunalwahlprogramm Gemeinde;Gemeinde;2006.0;ba586d577df299c313971bb0af4d5962fdbc23ac6b8d12dde210ff09714cd9e6;75936;1;1;0
DOC-ba62429baa61;br15lin.txt;Kommunalwahlprogramm Gemeinde;Gemeinde;2015.0;ba62429baa611dc6472ad508b7c4d12ff062bd3df5baccd1d2cdfc7fdfc2462d;285015;1;1;0
DOC-ba809b650223;rt19lin.txt;Kommunalwahlprogramm Gemeinde;Gemeinde;2019.0;ba809b6502230570af6a2b8c3f661f0a50a6efdf48eb989c9931ae276815eff9;20568;1;1;0
DOC-babca9b63e32;co19gru.txt;Kommunalwahlprogramm Gemeinde;Gemeinde;2019.0;babca9b63e32284b4071e9e47243add94ccc70a40a96804a92fcf83afd31c8e1;29592;1;1;0
DOC-bafe14bb9574;fr14spd.txt;Kommunalwahlprogramm Gemeinde;Gemeinde;2014.0;bafe14bb957461657906f826db727abee7758b1eae59901009fbd4fc05cf6614;84385;1;1;0
DOC-bb61fa93ce5b;Grabow_SPD_2024.txt;anderes kommunales Wahlprogramm;Landkreis und Gemeinden;2024.0;bb61fa93ce5b5a4b23157e7c9b62dae1f59817a95b051d4704e57367fdd30188;39655;2;1;1
DOC-bb69265a260f;ff16bff.txt;Kommunalwahlprogramm Gemeinde;Gemeinde;2016.0;bb69265a260f26652a4ece508b470c829cff5bbbc376baffac37d1dcdb3fc262;41614;1;1;0
DOC-bb8a445b0adf;si20lin.txt;Kommunalwahlprogramm Gemeinde;Gemeinde;2020.0;bb8a445b0adfc93c0f8db5d50eedf5ad25c454aa1a3114b3de940df6880230c2;49971;1;1;0
DOC-bb8e2f6a108f;wu14cdu.txt;Kommunalwahlprogramm Gemeinde;Gemeinde;2014.0;bb8e2f6a108fed58833c43f47cc09759d4b2e499dc8d2186852c2ed9c8e57105;35889;1;1;0
DOC-bbb714077128;ef14spd.txt;Kommunalwahlprogramm Gemeinde;Gemeinde;2014.0;bbb714077128c3cde436e8685a8233a54d7149c93ac2357047bfdfe9438b1a2c;46689;1;1;0
DOC-bbcd8f862d72;dagpfwg.txt;Grundsatzprogramm;übergeordnet;;bbcd8f862d72e7806ad5363106ffbd98b428ec509f27455d49c5a4e7a53f5376;1734;1;1;0
DOC-bbd6a038ba0c;je14lin.txt;Kommunalwahlprogramm Gemeinde;Gemeinde;2014.0;bbd6a038ba0cf7f4467a3bf826503c09a1e55288f81b6e7711e80188ce35c8c5;21639;1;1;0
DOC-bbe2f18a8d65;ds20spd.txt;Kommunalwahlprogramm Gemeinde;Gemeinde;2020.0;bbe2f18a8d6591ced28002a0f4ba7ea1991bc846719f5c9069bcaaeb81bcd057;212760;1;1;0
DOC-bbe78022b42f;ul14gru.txt;Kommunalwahlprogramm Gemeinde;Gemeinde;2014.0;bbe78022b42ffa66449c5ea07000abd62df29ea91830497e52805b097ff55b76;32878;1;1;0
DOC-bbf0dd99501e;pb20par.txt;Kommunalwahlprogramm Gemeinde;Gemeinde;2020.0;bbf0dd99501e45252fdb87335850ed5ca1966a947bf532be2f0aba6a73e56b19;5429;1;1;0
DOC-bc0855d50bf2;Koblenz_Grüne_2024.txt;Kommunalwahlprogramm Gemeinde;Gemeinde;2024.0;bc0855d50bf2ab6a2f3b10cdd35ac8c976e3be82669a919c204603a70dde4550;47436;1;1;0
DOC-bc0ace78dd89;Freiburg im Breisgau_Grüne Alternative Freiburg_2024.txt;Kommunalwahlprogramm Gemeinde;Gemeinde;2024.0;bc0ace78dd896f9ec380e03c6f497aeec8ec9b4d75838ba87bf2d2327eebacdb;69413;1;1;0
DOC-bc76eddb62a0;lu19pir.txt;Kommunalwahlprogramm Gemeinde;Gemeinde;2019.0;bc76eddb62a0421b72f258e4853c613973198146b94624381199154271fa7145;24968;1;1;0
DOC-bc823826acbd;Lahnstein_Grüne_2024.txt;Kommunalwahlprogramm Gemeinde;Gemeinde;2024.0;bc823826acbd76e90b7f52a6bf4ab879887892a98b102c3576c5f73704deeccd;27733;1;1;0
DOC-bc851b52abcf;ha14gru.txt;Kommunalwahlprogramm Gemeinde;Gemeinde;2014.0;bc851b52abcf247a9ff201229ded8c403a6305fae0a8a3e8ce7d1a37759a0d5d;118375;1;1;0
DOC-bc909a31de3a;Neustadt-Glewe_SPD_2024.txt;anderes kommunales Wahlprogramm;Landkreis und Gemeinden;2024.0;bc909a31de3ae58b95f14468c65350172ccc032027151d22c2c580affe17339a;40212;2;1;1
DOC-bcad20277b30;si14gru.txt;Kommunalwahlprogramm Gemeinde;Gemeinde;2014.0;bcad20277b306393ce19c683ce91ba891e0b09627a5683d8bf6d92591ad07e1a;71625;1;1;0
DOC-bcbae1a1fabf;mz19afd.txt;Kommunalwahlprogramm Gemeinde;Gemeinde;2019.0;bcbae1a1fabfdef60a09ae6c752ddf4b6687ae1b5da0dadcddc89f5002ac5ee4;4365;1;1;0
DOC-bcc31f64f4a7;Mannheim_FDP_2024.txt;Kommunalwahlprogramm Gemeinde;Gemeinde;2024.0;bcc31f64f4a7f7c9f93b5ddfa97920d2178472e48ce626b8e4385847f45f08a2;162377;1;1;0
DOC-bccfdc039d1c;do20rec.txt;Kommunalwahlprogramm Gemeinde;Gemeinde;2020.0;bccfdc039d1c0e8051364b95ef9fd4d75d30bdefc7370143b572b061d5959ba4;53327;1;1;0
DOC-bd3bf26d4278;st19fwg.txt;Kommunalwahlprogramm Gemeinde;Gemeinde;2019.0;bd3bf26d427844081858ae4890d38e883b6d3a78da0d0b1a3ef4863dd2a3385a;12629;1;1;0
DOC-bd51ce23f411;hv11lin.txt;Kommunalwahlprogramm Gemeinde;Gemeinde;2011.0;bd51ce23f4115534616be0217921926cc210f82948765110aa3b6c5b6fddd66b;76596;1;1;0
DOC-bd7ffaea0556;Oberlungwitz_Linke_2024.txt;anderes kommunales Wahlprogramm;Landkreis;2024.0;bd7ffaea0556702ad0f0aca6532dd9f2309e8c6507061c1a193dfb77e725da5a;1854;2;1;1
DOC-bd8a95977e06;bn09lin.txt;Kommunalwahlprogramm Gemeinde;Gemeinde;2009.0;bd8a95977e0609c3e66db8c2e560c3acde1684a75bdbffe66deccc1587dc23d8;84958;1;1;0
DOC-bdb71c152445;Bad Kreuznach_Grüne_2024.txt;Kommunalwahlprogramm Gemeinde;Gemeinde;2024.0;bdb71c1524455218c66fea9bdb373cd9f205f3df861055f3f228acf348a28207;10710;1;1;0
DOC-be0ed1177386;mg09lin.txt;Kommunalwahlprogramm Gemeinde;Gemeinde;2009.0;be0ed11773861b4b459b7a8b95e2750d0cefc5d8febce9fe37e9b6e881cc5148;44494;1;1;0
DOC-be1a8cc2024a;re14spd.txt;Kommunalwahlprogramm Gemeinde;Gemeinde;2014.0;be1a8cc2024add1ef83d80ce285e0d1e631514a2b1c57a3aa48800cb7aab9fc2;38977;1;1;0
DOC-be3695d7931c;ki13ssw.txt;Kommunalwahlprogramm Gemeinde;Gemeinde;2013.0;be3695d7931c569f8aa1f005cfafcb24b8a26de642b0283af21a98039f656620;61474;1;1;0
DOC-be426fdf46c8;Weinböhla_Linke_2024.txt;Kommunalwahlprogramm Gemeinde;Gemeinde;2024.0;be426fdf46c8181fce805ba2f3793680496285766d00b48a81c9b016da9a299c;2687;1;1;0
DOC-be739475696f;rs14gru.txt;Kommunalwahlprogramm Gemeinde;Gemeinde;2014.0;be739475696f496c87c9752e2afc0e3e6ec495d08ecda3c267015c607e22e7b6;119729;1;1;0
DOC-bea30d824278;ko04spd.txt;Kommunalwahlprogramm Gemeinde;Gemeinde;2004.0;bea30d824278b67083d1a4018de9f82cab602145d264bcdc0ac6238ca7fc5c00;213276;1;1;0
DOC-beae025e5f18;wu20lin.txt;Kommunalwahlprogramm Gemeinde;Gemeinde;2020.0;beae025e5f1847f97f576f1bd190c6eeb9f9161c4f9da5935d59f435845fa49e;102712;1;1;0
DOC-bec9d489b5b0;Leinefelde-Worbis_FW_2024.txt;Kommunalwahlprogramm Gemeinde;Gemeinde;2024.0;bec9d489b5b06b1a6cb7eb175b79b3fef6013a930264d44495606561bad8f532;1208;1;1;0
DOC-bede5d69969f;du04fdp.txt;Kommunalwahlprogramm Gemeinde;Gemeinde;2004.0;bede5d69969f8fae72b123ec4a53431157efd3c3aed644144d85b7f6c1f7a2f5;80577;1;1;0
DOC-bf0f618d6f33;lb18lin.txt;Kommunalwahlprogramm Gemeinde;Gemeinde;2018.0;bf0f618d6f3386ab15cb59d790e39ea001720ff9693f12a793c9e5ce6f9245a1;64732;1;1;0
DOC-bf4023a9f4b5;Forst (Lausitz)_SPD_2024.txt;Kommunalwahlprogramm Gemeinde;Gemeinde;2024.0;bf4023a9f4b5d75232dd6184a34b54294c2aa8747421a83248d75d23864f566f;20491;1;1;0
DOC-bf530bdb6abf;si14fdp.txt;Kommunalwahlprogramm Gemeinde;Gemeinde;2014.0;bf530bdb6abf308cc42b482aa1fdd4d6bd36f5b3cf9c042552b011e5f4b32e7f;5973;1;1;0
DOC-bf70292f19bf;Premnitz_Linke_2024.txt;anderes kommunales Wahlprogramm;Landkreis und Gemeinden;2024.0;bf70292f19bf6110aa3400195b6ddcb79b7d1cb4cddaa808cf0fd58bd5880e76;16865;2;1;1
DOC-bf706ea66dc5;Bad Lausick_CDU_2024.txt;anderes kommunales Wahlprogramm;Landkreis und Gemeinden;2024.0;bf706ea66dc5be9237f1cda39acc29f24248f6638c9ec98ab03a500788e70f80;22378;4;2;2
DOC-bf780f476938;Eibenstock_CDU_2024.txt;Kommunalwahlprogramm Gemeinde;Gemeinde;2024.0;bf780f47693840473d112c547d5caadf89595b54143d798e2be997c853b760d8;25368;1;1;0
DOC-bfa0f39c52cd;hv16afd.txt;Kommunalwahlprogramm Gemeinde;Gemeinde;2016.0;bfa0f39c52cd6d92ba3b816bd4ad56ce17eba14d62937979a0d78611463960f9;113870;1;1;0
DOC-bfaad65a01bb;Dessau-Roßlau_SPD_2024.txt;Kommunalwahlprogramm Gemeinde;Gemeinde;2024.0;bfaad65a01bbce3bcfec38d486ffaa18f9f9a7723dc75ffdc9777ad6e5061dfa;29905;1;1;0
DOC-bfc7574501ef;Wustermark_Grüne_2024.txt;Kommunalwahlprogramm Gemeinde;Gemeinde;2024.0;bfc7574501eff985b5fa126c278e25772df578bb3e03baf4917378393436c90b;2529;1;1;0
DOC-bfd8f8a16b21;si20vlt.txt;Kommunalwahlprogramm Gemeinde;Gemeinde;2020.0;bfd8f8a16b2167b75ec8ae7ce78bce9013f4685cfa44752d19b61fdc86eccc9d;12499;1;1;0
DOC-bff11fc0350a;bo04gru.txt;Kommunalwahlprogramm Gemeinde;Gemeinde;2004.0;bff11fc0350a030b072327e78cbf68b5f7181bbd90c9ba971de435707943cc49;127963;1;1;0
DOC-c039c236129d;du09cdu.txt;Kommunalwahlprogramm Gemeinde;Gemeinde;2009.0;c039c236129dbb6150172e796564684f98773f47cbb3741d2f82f3ba84bec768;43636;1;1;0
DOC-c05d75353154;ka01gru.txt;Kommunalwahlprogramm Gemeinde;Gemeinde;2001.0;c05d75353154f63736275f644263d82b66dd361d9c971348f76a85fd03c03558;167914;1;1;0
DOC-c0a01da831df;du09fdp.txt;Kommunalwahlprogramm Gemeinde;Gemeinde;2009.0;c0a01da831dfc549f6de39260a542dfe879be53cfeedc1770c1b24b4d8fe54fa;129903;1;1;0
DOC-c0a8f9571013;ms09spd.txt;Kommunalwahlprogramm Gemeinde;Gemeinde;2009.0;c0a8f9571013a7b156f95d5beba0b47797ec2ba7189eaf7b7354f81d98e4468a;95982;1;1;0
DOC-c0ba0e5b89da;bo14fbb.txt;Kommunalwahlprogramm Gemeinde;Gemeinde;2014.0;c0ba0e5b89da13d06e1b9f66f5bb11d3f1dd377cf706fa7933b9634f61b5f1c4;34538;1;1;0
DOC-c0c8dee6a80a;mo09lin.txt;Kommunalwahlprogramm Gemeinde;Gemeinde;2009.0;c0c8dee6a80ab2485a5fdd0f33441bd5982d65edd53f6a463e2268119848b638;28471;1;1;0
DOC-c103524788ad;mh14spd.txt;Kommunalwahlprogramm Gemeinde;Gemeinde;2014.0;c103524788add3bb5e8e7b5d3a943475ff3e88d30a96e4523a5ebf0437227723;112522;1;1;0
DOC-c113c85b8c8b;ha09hak.txt;Kommunalwahlprogramm Gemeinde;Gemeinde;2009.0;c113c85b8c8bc4aa98c04c1bac66e60e56ad0faaf8b002b782660c460674383f;92088;1;1;0
DOC-c118ce894ca1;wo16gru.txt;Kommunalwahlprogramm Gemeinde;Gemeinde;2016.0;c118ce894ca1adc37a9bddbb984016da320cc9f9b965fa85e66eb9a1bb6e0773;25106;1;1;0
DOC-c12a4e507e09;bs16gru.txt;Kommunalwahlprogramm Gemeinde;Gemeinde;2016.0;c12a4e507e09a9e388b5c7afb0f4c3e51ca8258d4d1dc3ff120d2b2b5cdde358;126478;1;1;0
DOC-c13fccee9d9c;Kleinmachnow_FDP_2024.txt;Kommunalwahlprogramm Gemeinde;Gemeinde;2024.0;c13fccee9d9cadf315a1c29a5c4028993834f4d2c3716f2c8d6ecb516a4bbe7e;15311;1;1;0
DOC-c140eeab4dab;ul14spd.txt;Kommunalwahlprogramm Gemeinde;Gemeinde;2014.0;c140eeab4dab79b1e617333c37515a8402e1333bca9c4d2f413207b0ae2d4a36;27761;1;1;0
DOC-c140eef2b85a;sg14lin.txt;Kommunalwahlprogramm Gemeinde;Gemeinde;2014.0;c140eef2b85abe5557b2d7b5449ac285cce0ada600812d4d85379dee5f28f1aa;72835;1;1;0
DOC-c14253999ecc;Chemnitz_Die Partei_2024.txt;Kommunalwahlprogramm Gemeinde;Gemeinde;2024.0;c14253999ecce3ab09c074b2bcb0ba9de0ab883737e5be8d4c1df305b774fcea;4490;1;1;0
DOC-c14f18988e88;ge20lin.txt;Kommunalwahlprogramm Gemeinde;Gemeinde;2020.0;c14f18988e8821ac130609aabe661000faedbb4a0e022c080c797f9f9e6f66bb;6641;1;1;0
DOC-c163804fb5a3;Brandenburg an der Havel_Grüne_2024.txt;Kommunalwahlprogramm Gemeinde;Gemeinde;2024.0;c163804fb5a37b58a900435d2535fd15947d8afca4f54ea5732e6eb0cddc97d6;39451;1;1;0
DOC-c1e9dff78dd7;ac20afd.txt;Kommunalwahlprogramm Gemeinde;Gemeinde;2020.0;c1e9dff78dd7ceba59684d4b57ebe302ed01b5ff4d3f1203e12ea898ea85e251;14314;1;1;0
DOC-c1fcaa631b38;bh19fdp.txt;Kommunalwahlprogramm Gemeinde;Gemeinde;2019.0;c1fcaa631b381db68cb693d922ce3c85c90c3e836050d04113f8ecaba51a4c1f;204463;1;1;0
DOC-c204830441d0;sb14fwg.txt;Kommunalwahlprogramm Gemeinde;Gemeinde;2014.0;c204830441d056fd541831043f9e4b18232f9e2d5705ce81c9d485fef6695240;18644;1;1;0
DOC-c20646c26245;Sandhausen_CDU_2024.txt;Kommunalwahlprogramm Gemeinde;Gemeinde;2024.0;c20646c262453723c038aa74741d69a84d5b4466a2b9ec58839df1f47b9bd3b9;2391;1;1;0
DOC-c2260b32e273;sg09fbu.txt;Kommunalwahlprogramm Gemeinde;Gemeinde;2009.0;c2260b32e273d938cb8638cecc107d521c46b0720580d913e1977d4362ce37dd;5807;1;1;0
DOC-c28d0cb6054c;Halle (Saale)_Die Partei_2024.txt;Kommunalwahlprogramm Gemeinde;Gemeinde;2024.0;c28d0cb6054ca70dde4fe2cd544b76b1574d3965406524b48514c66ab9852263;6999;1;1;0
DOC-c29098aced84;ol11cdu.txt;Kommunalwahlprogramm Gemeinde;Gemeinde;2011.0;c29098aced847fff95d510b2ab81649de7eb9c11eca5cad92b0673d0eb98fbfd;42729;1;1;0
DOC-c2aafd2d08f6;Fredersdorf-Vogelsdorf_Grüne_2024.txt;anderes kommunales Wahlprogramm;Landkreis;2024.0;c2aafd2d08f67ff81ee0798707ee3cf8c162b38636187b9cdc9d154bc49ed5a5;39954;2;1;1
DOC-c2bf7e692e51;wu20afd.txt;Kommunalwahlprogramm Gemeinde;Gemeinde;2020.0;c2bf7e692e51c654bf50f3ac5ac06dffec531446d30b3d3fb4313f13133317dd;30363;1;1;0
DOC-c2c46ab76169;wu20gru.txt;Kommunalwahlprogramm Gemeinde;Gemeinde;2020.0;c2c46ab761697cc8f5f3002ff8e4146e31c488b8dea288219274ccb0669cae64;134754;1;1;0
DOC-c2d6cc2da83b;rs20wir.txt;Kommunalwahlprogramm Gemeinde;Gemeinde;2020.0;c2d6cc2da83b2a239502d0757292908f6484eba6465584c3879c3fe0eb754196;1530;1;1;0
DOC-c2eed36a6c35;ff11fdp.txt;Kommunalwahlprogramm Gemeinde;Gemeinde;2011.0;c2eed36a6c35f4cf5b980d3768703af00c2e6693eaa3b06a32bec728d2115a32;85712;1;1;0
DOC-c2f307171992;fr19cdu.txt;Kommunalwahlprogramm Gemeinde;Gemeinde;2019.0;c2f307171992b594bb0d4d479db15448ac28e5a20026a39e59eecb6e2a9f4690;7156;1;1;0
DOC-c30912839d09;Pulsnitz_CDU_2024.txt;anderes kommunales Wahlprogramm;Landkreis und Gemeinden;2024.0;c30912839d0914aa6d57f1d8fa694d7f7e98e13c1c22dc29a2db40e7c2804dc4;17194;2;1;1
DOC-c322d67e326d;Potsdam_CDU_2024.txt;Kommunalwahlprogramm Gemeinde;Gemeinde;2024.0;c322d67e326d5960f3f55b9dba4c8339c299a285d4896059e95e9701a0e873cf;39679;1;1;0
DOC-c33246c96ff3;ks14par.txt;Kommunalwahlprogramm Gemeinde;Gemeinde;2014.0;c33246c96ff33228a3a9801efb41e3862bcfad8263fafce49a5eee0468573ddf;2522;1;1;0
DOC-c350ca9b8ad9;le14fdp.txt;Kommunalwahlprogramm Gemeinde;Gemeinde;2014.0;c350ca9b8ad9b887fc6cfc9d905bd65e40f3ab5979b1dbb40a23096933cf3fc7;47514;1;1;0
DOC-c365886ea9ca;ff16afd.txt;Kommunalwahlprogramm Gemeinde;Gemeinde;2016.0;c365886ea9ca36ec6c3be00f7064293166c1cf7e80e9929445c3830669a39ba6;95654;1;1;0
DOC-c3e798e24e16;Oebisfelde-Weferlingen_WfO_2024.txt;Kommunalwahlprogramm Gemeinde;Gemeinde;2024.0;c3e798e24e16ff3985a22691b679beeabea70666ed3fba80c8e8a21cd8fe5b57;2083;1;1;0
DOC-c41e71a05934;Ditzingen_AfD_2024.txt;anderes kommunales Wahlprogramm;Landkreis und Gemeinden;2024.0;c41e71a059342e37f42554bebee9747fd38fc34ca0ff56509c33e155a3b93a68;122240;2;1;1
DOC-c426b62f86b5;bn20lin.txt;Kommunalwahlprogramm Gemeinde;Gemeinde;2020.0;c426b62f86b567222ab6bd69aa528075dfe46da9c9594d52d023893f561860ca;118381;1;1;0
DOC-c47312b3c8f3;mo14fbg.txt;Kommunalwahlprogramm Gemeinde;Gemeinde;2014.0;c47312b3c8f3c893d3948d8e53258b5b1c9b6b557d75f1dfc99e4574612437e2;25850;1;1;0
DOC-c49cde729876;in20odp.txt;Kommunalwahlprogramm Gemeinde;Gemeinde;2020.0;c49cde72987669445c916a16a87d9a92f07393552134dc8b2fb9efcd167c212d;63275;1;1;0
DOC-c4da0d71cd29;Tübingen_CDU_2024.txt;Kommunalwahlprogramm Gemeinde;Gemeinde;2024.0;c4da0d71cd29a042f9f2626d6970a6cd5599c8f37f6de3c4377bd9c975e01ec1;40837;1;1;0
DOC-c4e831f3555e;Gadebusch_Gadebuscher Bürgergemeinschaft GBG_2024.txt;Kommunalwahlprogramm Gemeinde;Gemeinde;2024.0;c4e831f3555ec60ae7af15bb0afb481ac376431f22906d61c852cef1c408a661;848;1;1;0
DOC-c4f22478ba20;Dessau-Roßlau_CDU_2024.txt;Kommunalwahlprogramm Gemeinde;Gemeinde;2024.0;c4f22478ba209e5bcec0ea45a9dad217fae7702cf440baaaa17bd1d84388b050;2617;1;1;0
DOC-c4f9ef7ffc04;ds14pir.txt;Kommunalwahlprogramm Gemeinde;Gemeinde;2014.0;c4f9ef7ffc04f439f9cd07f59090c785a7de8dbe3ce85ce4244a3eb107075bfd;45206;1;1;0
DOC-c4fdeaea140d;wi11gru.txt;Kommunalwahlprogramm Gemeinde;Gemeinde;2011.0;c4fdeaea140dcb667b609c745b9918f10360b5bb147156920a56271f9a8e9a59;202920;1;1;0
DOC-c500bbc6645d;lu19gru.txt;Kommunalwahlprogramm Gemeinde;Gemeinde;2019.0;c500bbc6645da6826a97b8b26705b5a35162b766331ea3670a3941c9ef24ef88;67553;1;1;0
DOC-c5062119eb2c;hn14gru.txt;Kommunalwahlprogramm Gemeinde;Gemeinde;2014.0;c5062119eb2cd4bed419ebbf95a1c50a9083ba80894d4a4b6c344a4943dc4114;35331;1;1;0
DOC-c5089d966670;ka11fdp.txt;Kommunalwahlprogramm Gemeinde;Gemeinde;2011.0;c5089d9666704e664af0d84689e6fe3c86f360ee3d7cd11da6ad445a049943c1;9660;1;1;0
DOC-c536b390ba22;ul19pir.txt;Kommunalwahlprogramm Gemeinde;Gemeinde;2019.0;c536b390ba2207cc3a633cb9934db9b1cf3601d921a4ad1921f6d2f351e34e67;11380;1;1;0
DOC-c53ccf19619d;sa11lin.txt;Kommunalwahlprogramm Gemeinde;Gemeinde;2011.0;c53ccf19619d05c88cdd5f32a1d9d37e033cb02fa14dc8347182db7c20b3c190;29874;1;1;0
DOC-c596388a827a;fr19frl.txt;Kommunalwahlprogramm Gemeinde;Gemeinde;2019.0;c596388a827a4a555e18dc05e2b27e000f13c7b481a6bcb769f1aefcbb311350;95887;1;1;0
DOC-c598a2de61b6;ko20vlt.txt;Kommunalwahlprogramm Gemeinde;Gemeinde;2020.0;c598a2de61b605437daa396a404f0079c4adbefefa9c37fb549be13414601213;21029;1;1;0
DOC-c59bda231f11;le14cdu.txt;Kommunalwahlprogramm Gemeinde;Gemeinde;2014.0;c59bda231f11d6a2cae917c93b2e1349aad873e0033866d191b49e5df0adabc9;29301;1;1;0
DOC-c5c8b73781c5;dl11spd.txt;Kommunalwahlprogramm Gemeinde;Gemeinde;2011.0;c5c8b73781c5aa5339cfc630e806882a45a60d65e866b647f3745ec219ffd97b;38602;1;1;0
DOC-c5cd6719299b;bn09fdp.txt;Kommunalwahlprogramm Gemeinde;Gemeinde;2009.0;c5cd6719299b86520913e18cda15b52dbbf561f2a9d60548e5660764addd3aba;54196;1;1;0
DOC-c5d3bcef3e84;bn20par.txt;Kommunalwahlprogramm Gemeinde;Gemeinde;2020.0;c5d3bcef3e8485a287b256f1c59d582bdfb402df7db831aee1bd81f30ce19c34;1157;1;1;0
DOC-c5e38d3a69d5;po14bbp.txt;Kommunalwahlprogramm Gemeinde;Gemeinde;2014.0;c5e38d3a69d59bf707e3faa11a68a2b1f92eab45b2db89f1656547db1f6de935;14663;1;1;0
DOC-c5f3280212ed;fr14ffr.txt;Kommunalwahlprogramm Gemeinde;Gemeinde;2014.0;c5f3280212edffd69463428fdaf37755dcc50e4e951f3f080e86c4404e95428b;86944;1;1;0
DOC-c5fff2db3a84;je14gut.txt;Kommunalwahlprogramm Gemeinde;Gemeinde;2014.0;c5fff2db3a840145ed7ad01f4f3d5466273590b317a95cb60b54e9a45ee0dc3d;19402;1;1;0
DOC-c634d6b7fe4f;da16spd.txt;Kommunalwahlprogramm Gemeinde;Gemeinde;2016.0;c634d6b7fe4fc4abcf5f9a682cf6447fba4e549203c474852393e5eb3a064e10;111371;1;1;0
DOC-c658d7e2eb74;Schwerin_SPD_2024.txt;Kommunalwahlprogramm Gemeinde;Gemeinde;2024.0;c658d7e2eb74b12df241467c152cb87d50df5d667cb85e2ecbce5c8aab5728c2;38850;1;1;0
DOC-c66554b0275b;Stuttgart_Klimaliste_2024.txt;Kommunalwahlprogramm Gemeinde;Gemeinde;2024.0;c66554b0275b649e31c1001c0a7ce870b2e2eefcd30cf4fbb4c3036ac90ac9df;66119;1;1;0
DOC-c6731ba3f697;mh14afd.txt;Kommunalwahlprogramm Gemeinde;Gemeinde;2014.0;c6731ba3f697d2be869456d85c8af57b1305b3fcec20127517c2b0719ef7c122;6280;1;1;0
DOC-c6ad90432f95;wu20fdp.txt;Kommunalwahlprogramm Gemeinde;Gemeinde;2020.0;c6ad90432f95a4c4fb9ba6dbbe75e71a0570f5a8a1b479970a2469460c3d3c4e;75357;1;1;0
DOC-c6e5aee47589;Reutlingen_Linke_2024.txt;Kommunalwahlprogramm Gemeinde;Gemeinde;2024.0;c6e5aee47589eae9626c8c72d032a6ae363379d79a4b4767d3bd90f51df7852a;6292;1;1;0
DOC-c714fc30f4c3;Oebisfelde-Weferlingen_CDU_2024.txt;Kommunalwahlprogramm Gemeinde;Gemeinde;2024.0;c714fc30f4c3621f3586389641232df42b82a61ec99f3287080970fd446d1137;1601;1;1;0
DOC-c74b428594ea;es20cdu.txt;Kommunalwahlprogramm Gemeinde;Gemeinde;2020.0;c74b428594ea203f943a8b9d3efdb1764fb66f1504adc017baf6bbe97d037e16;87616;1;1;0
DOC-c76805857b87;rt19wir.txt;Kommunalwahlprogramm Gemeinde;Gemeinde;2019.0;c76805857b873d649ee35609b7d9e2d944ed34c49de59343a36e5bdc883a1a0e;4119;1;1;0
DOC-c78f84c2823c;do20cdu.txt;Kommunalwahlprogramm Gemeinde;Gemeinde;2020.0;c78f84c2823c3504011e841f211be9db71d521b891f4ac212dc6521150c6929e;82871;1;1;0
DOC-c79fb6ffe983;Beelitz_FDP_2024.txt;anderes kommunales Wahlprogramm;Landkreis;2024.0;c79fb6ffe983d460cf9bd608fc9b164472a8adb4ce397481b741372d2691e852;2356;2;1;1
DOC-c7a039635235;lb08gru.txt;Kommunalwahlprogramm Gemeinde;Gemeinde;2008.0;c7a039635235202c046fc22e79d38a9093ab8b813904c399c8377a3e8aa7ce9e;142148;1;1;0
DOC-c7d9a24e6bee;bt09fdp.txt;Kommunalwahlprogramm Gemeinde;Gemeinde;2009.0;c7d9a24e6bee693b9da743a6160a2c59cb7c431212b2287270dfa2ed81422a14;24636;1;1;0
DOC-c7df3bfd5833;co14spd.txt;Kommunalwahlprogramm Gemeinde;Gemeinde;2014.0;c7df3bfd5833ed5c884e9bf4b68ee12bc91a19b923d0146ac807a1c768eb9e9f;19920;1;1;0
DOC-c7ffdf5339c3;hd14gru.txt;Kommunalwahlprogramm Gemeinde;Gemeinde;2014.0;c7ffdf5339c3b0794bb2d0cc8fb76e717672bc503fc1fd1c21ff1c7839dc5048;90123;1;1;0
DOC-c800d8e3d897;sg14fbu.txt;Kommunalwahlprogramm Gemeinde;Gemeinde;2014.0;c800d8e3d8972807c011d1849319e3a77edfe39a030f4d2b9dc1ee7bddc512ef;20311;1;1;0
DOC-c808c9395eb2;ha20cdu.txt;Kommunalwahlprogramm Gemeinde;Gemeinde;2020.0;c808c9395eb25cf87cc257418ba0b9a18b68ffe24a3f0f130270d923182a20a2;37853;1;1;0
DOC-c84c60083dd9;bn14gru.txt;Kommunalwahlprogramm Gemeinde;Gemeinde;2014.0;c84c60083dd9eacd65fd059a501404ad39b85894a96268cb89ae32f4830702d8;164191;1;1;0
DOC-c85203f650c9;Koblenz_SPD_2024.txt;Kommunalwahlprogramm Gemeinde;Gemeinde;2024.0;c85203f650c98bf20a224629fa7ac42dd2d294e61f136a6395655c7d6a461d61;7104;1;1;0
DOC-c8647703ae88;Friedrichshafen_CDU_2024.txt;Kommunalwahlprogramm Gemeinde;Gemeinde;2024.0;c8647703ae88ef65a1b749e8e5651cdcec8919590d97434296436acf497f6487;4036;1;1;0
DOC-c8851be70628;br15fdp.txt;Kommunalwahlprogramm Gemeinde;Gemeinde;2015.0;c8851be7062841c257947cbdfb1b3a05bf49f50305eadb5e6302e2290c9e055e;112263;1;1;0
DOC-c89d8f4e2077;ne09gru.txt;Kommunalwahlprogramm Gemeinde;Gemeinde;2009.0;c89d8f4e207732fbb95172b2c95bbe1fa27a7595e15bc76d14e70d0033c8b7fe;15224;1;1;0
DOC-c8cd4a93af34;Saarbrücken_CDU_2024.txt;Kommunalwahlprogramm Gemeinde;Gemeinde;2024.0;c8cd4a93af34a172d3ebc31c39d9f4d46b2d3aaf755454e3733b13cba00606c6;21244;1;1;0
DOC-c8d885b90c65;mo20gru.txt;Kommunalwahlprogramm Gemeinde;Gemeinde;2020.0;c8d885b90c65f9eef2b8a15cd129c2955e8a142972d69faf0e8ab10008c31b3f;21697;1;1;0
DOC-c8e57e526525;rg20lin.txt;Kommunalwahlprogramm Gemeinde;Gemeinde;2020.0;c8e57e526525ba11e261fe225e45a747409f6614cc16aa02f9bdabaaa49e9afc;83566;1;1;0
DOC-c8e939c6923e;Magdeburg_Grüne_2024.txt;Kommunalwahlprogramm Gemeinde;Gemeinde;2024.0;c8e939c6923ef7fe3f77d501b33f2ab5c67b001e6e31aa2453808d839a491451;67208;1;1;0
DOC-c8f33a58d6fe;bn14bbb.txt;Kommunalwahlprogramm Gemeinde;Gemeinde;2014.0;c8f33a58d6fe9ce161d3f4ea24d352b4fc427c297074b40a5e385fb50370fb2b;26018;1;1;0
DOC-c8f65765b036;ha14cdu.txt;Kommunalwahlprogramm Gemeinde;Gemeinde;2014.0;c8f65765b0362f3b4258ece2875b0779d34273e8c7eda03c8364125f35f71c9c;32541;1;1;0
DOC-c926a4b36aa7;Rostock_SPD_2024.txt;Kommunalwahlprogramm Gemeinde;Gemeinde;2024.0;c926a4b36aa78414c990ee63bf601047107c4388c455a9804ed192ff7d2a7b2a;6536;1;1;0
DOC-c92c87689e5c;hd14fdp.txt;Kommunalwahlprogramm Gemeinde;Gemeinde;2014.0;c92c87689e5c0b6fff287719032d05ebbeca0c41bab063da1439a2b811fb313d;57000;1;1;0
DOC-c96e4b891736;Oebisfelde-Weferlingen_Linke_2024.txt;Kommunalwahlprogramm Gemeinde;Gemeinde;2024.0;c96e4b8917363f04487243e0b48c05c5e748961ab5e9e469f2c4ae3da47efdd6;4341;1;1;0
DOC-c976ab6755f7;hm04gru.txt;Kommunalwahlprogramm Gemeinde;Gemeinde;2004.0;c976ab6755f704a2d91c51940daa28ffe40eb90d07cab1f64eef78356f38288d;80872;1;1;0
DOC-c9a4b8c4cee8;st19cdu.txt;Kommunalwahlprogramm Gemeinde;Gemeinde;2019.0;c9a4b8c4cee84222eef8e8f848d23653435a6de981835b20ecd7b37eaed0bd21;42952;1;1;0
DOC-c9cb0044b137;Barleben_AfD_2024.txt;Kommunalwahlprogramm Gemeinde;Gemeinde;2024.0;c9cb0044b137ac87a426468e1996665db32fc276d36e4d2c1ea1557d864821b0;29750;1;1;0
DOC-ca2f6f3f5df4;hm14spd.txt;Kommunalwahlprogramm Gemeinde;Gemeinde;2014.0;ca2f6f3f5df4c1be374b6ec7b35a471033c9ff5888978afc4581f3c72d1e6c7c;57615;1;1;0
DOC-ca300124de3d;Aalen_CDU_2024.txt;Kommunalwahlprogramm Gemeinde;Gemeinde;2024.0;ca300124de3dea000abb66d39d9a898f321b3a43c72d42faf99d5ef9ff5dc45b;8337;1;1;0
DOC-ca5a660327ce;pb09fdp.txt;Kommunalwahlprogramm Gemeinde;Gemeinde;2009.0;ca5a660327ce6007b318368a0cf1ec07eb42d350876002e1b5da2f8fc32ce8ec;27888;1;1;0
DOC-ca5d4f1a0830;Baden-Baden_AfD_2024.txt;Kommunalwahlprogramm Gemeinde;Gemeinde;2024.0;ca5d4f1a083023a5913ef2f6e20823a898995c8d2c9c242e5fe3f2ebe47756bc;15470;1;1;0
DOC-ca6b824c768c;Chemnitz_AfD_2024.txt;Kommunalwahlprogramm Gemeinde;Gemeinde;2024.0;ca6b824c768cbc9da8ce9ea795a2291321a80287f0e63288b28aeebe611c80da;25634;1;1;0
DOC-ca8ca4a7f1ed;br15tsp.txt;Kommunalwahlprogramm Gemeinde;Gemeinde;2015.0;ca8ca4a7f1ed4cf88031ef6ea4f3a90b9997f2e53f55c2ed2f74a20f6caa4692;62329;1;1;0
DOC-cae1c59d76cc;Ottweiler_CDU_2024.txt;Kommunalwahlprogramm Gemeinde;Gemeinde;2024.0;cae1c59d76cc2c9d3d47f15afd3fc45bb1ed97c0e93af7b7b8aadedc6f85b109;2827;1;1;0
DOC-cae6f08a84ff;au14fdp.txt;Kommunalwahlprogramm Gemeinde;Gemeinde;2014.0;cae6f08a84ff71d597574a6c757925566921b5d1fe330c14647b376525a4b465;17400;1;1;0
DOC-cb1cd37da9f1;du14lin.txt;Kommunalwahlprogramm Gemeinde;Gemeinde;2014.0;cb1cd37da9f18e3a4ce650c896675ca29eaab6da332c9f2424e04ba776e6abb8;106525;1;1;0
DOC-cb38ec3d1670;nu14bia.txt;Kommunalwahlprogramm Gemeinde;Gemeinde;2014.0;cb38ec3d167053c8b213f85f74513b5dc3dbb767e024d773140d3ffb2c92ce6b;13619;1;1;0
DOC-cb53d753ba56;ef19mws.txt;Kommunalwahlprogramm Gemeinde;Gemeinde;2019.0;cb53d753ba569f4afba83862a683abb1da7de8e77d3c5fd8105e8320591d3716;24056;1;1;0
DOC-cb5717d4a6b4;wu99gru.txt;Kommunalwahlprogramm Gemeinde;Gemeinde;1999.0;cb5717d4a6b4e1e458f0eed6323a55cc9a23a9f1b515bd0c4f00ca57f221740a;153384;1;1;0
DOC-cb74889eeec6;rt19fwg.txt;Kommunalwahlprogramm Gemeinde;Gemeinde;2019.0;cb74889eeec621474aad54db9a229b5f8e0a47b54805e70a61aa0caf9870b7e3;4271;1;1;0
DOC-cb7f56bf0125;Trier_SPD_2024.txt;Kommunalwahlprogramm Gemeinde;Gemeinde;2024.0;cb7f56bf01254de9273cc8876b55060b4e07f63903931114a6a204c6e76f71ff;11921;1;1;0
DOC-cbb3d7e84546;ob20lin.txt;Kommunalwahlprogramm Gemeinde;Gemeinde;2020.0;cbb3d7e84546d530c7a4ad5950267b0501fb41f3f5850e668a98022064f78acd;116082;1;1;0
DOC-cbc155a0f10b;du20cdu.txt;Kommunalwahlprogramm Gemeinde;Gemeinde;2020.0;cbc155a0f10bb980943c58597d7d6f1a790274df43a92e8a778a75f7dc080b2b;38007;1;1;0
DOC-cbd953b12464;rg20spd.txt;Kommunalwahlprogramm Gemeinde;Gemeinde;2020.0;cbd953b12464fd1cf8aa02d723bcdfdfedffc2b12ed60025eab1dd243aae5583;61713;1;1;0
DOC-cbe041792a80;Kleinmachnow_CDU_2024.txt;Kommunalwahlprogramm Gemeinde;Gemeinde;2024.0;cbe041792a80e1897cfb11a755253e1d0eafceb4e69d6c5e473f41033c17a97d;19017;1;1;0
DOC-cbf0c15dba2b;ff16fdp.txt;Kommunalwahlprogramm Gemeinde;Gemeinde;2016.0;cbf0c15dba2b8efecec106f7a1e5616baf430bbb3be9e2f753a5fa952a86407e;66648;1;1;0
DOC-cc095c36f4e9;es14pir.txt;Kommunalwahlprogramm Gemeinde;Gemeinde;2014.0;cc095c36f4e9cc87c39bdd96f2f079e437c4837beadeb88fb03879b6516fb19c;75792;1;1;0
DOC-cc26d7188bff;nu14gut.txt;Kommunalwahlprogramm Gemeinde;Gemeinde;2014.0;cc26d7188bffe6c44b88da3fca517fd0f9ea513f2ecc0b6265c097ff0a241cff;511;1;1;0
DOC-cc3d0141af40;sa16gru.txt;Kommunalwahlprogramm Gemeinde;Gemeinde;2016.0;cc3d0141af402d167af13a8b30c0deb82d51e30b07745963b8836ed20c8d05d1;56057;1;1;0
DOC-cc6fda338227;Stralsund_Grüne_2024.txt;Kommunalwahlprogramm Gemeinde;Gemeinde;2024.0;cc6fda3382276dabc407c7b828bc7ffb3414cb2f6bb20285cb5c5510ee8a2fe2;21136;1;1;0
DOC-cc84ec52ffe2;ma19par.txt;Kommunalwahlprogramm Gemeinde;Gemeinde;2019.0;cc84ec52ffe2b7bde2c6a7ce55b8cdfd37379a603859df27efa8593b9e83821e;1790;1;1;0
DOC-cce09d0199df;hn14spd.txt;Kommunalwahlprogramm Gemeinde;Gemeinde;2014.0;cce09d0199df494686e04869b9d542f94bd75a283a3516dfea19204e8959278f;99823;1;1;0
DOC-cce149da8d07;Weimar_Linke_2024.txt;Kommunalwahlprogramm Gemeinde;Gemeinde;2024.0;cce149da8d075d77416f264c644a8556880e7305b506a14a03316cc23949ab44;34898;1;1;0
DOC-cce6e63d8724;Salzwedel_Bündnis Lebenswertes Land_2024.txt;Kommunalwahlprogramm Gemeinde;Gemeinde;2024.0;cce6e63d8724c6ea72c15e7226ccae37a08b0a61d75a6d6400e083d5519da7b8;2066;1;1;0
DOC-cd1197048c90;sa16lin.txt;Kommunalwahlprogramm Gemeinde;Gemeinde;2016.0;cd1197048c901779d8fed45c275b797952aa2735ca69934f52777a3d3d2954d7;29011;1;1;0
DOC-cd242d6474d2;bh19spd.txt;Kommunalwahlprogramm Gemeinde;Gemeinde;2019.0;cd242d6474d21cf23593026d8bf8f50d31674a32c644e670f8c014b33d21090d;148017;1;1;0
DOC-cd34079580e6;hn14lin.txt;Kommunalwahlprogramm Gemeinde;Gemeinde;2014.0;cd34079580e62e2b5cfe99495f8d8e46bfa84eff4b1f2fb83ce5d98891fd330c;31454;1;1;0
DOC-cd4b3e0a73f8;Dresden_AfD_2024.txt;Kommunalwahlprogramm Gemeinde;Gemeinde;2024.0;cd4b3e0a73f89b36f47effd307ded8f4bb5c93f32761e73d88c8a382188fad80;81546;1;1;0
DOC-cd6578c46d74;bh15lin.txt;Kommunalwahlprogramm Gemeinde;Gemeinde;2015.0;cd6578c46d743048f223aa0c40aec3ac888bbda552c8ab39d7167f9452dd9b9c;70031;1;1;0
DOC-cd697418073f;ch19lin.txt;Kommunalwahlprogramm Gemeinde;Gemeinde;2019.0;cd697418073faab8b641d8cc5686bf8b24d6070d5c91d0ae55aebab5026d936c;53662;1;1;0
DOC-cd701f2edb44;Greifswald_Bürgerliste Greifswald_2024.txt;Kommunalwahlprogramm Gemeinde;Gemeinde;2024.0;cd701f2edb4454855537283b91fd4b6617071d6becb0b51331547cd543c42b42;18342;1;1;0
DOC-cd78aa210c0c;Heidenheim an der Brenz_ÖDP_2024.txt;Kommunalwahlprogramm Gemeinde;Gemeinde;2024.0;cd78aa210c0cb61348c3bfad9df8f60e10df5a04c2afa83f9a9aec4009d62000;3127;1;1;0
DOC-cd8212a1c2be;bo20gru.txt;Kommunalwahlprogramm Gemeinde;Gemeinde;2020.0;cd8212a1c2bed6e7ba4a125812f35b82596ae9f581f01482ee8455c03e417b50;150396;1;1;0
DOC-cda5cc89bc98;Rangsdorf_AfD_2024.txt;anderes kommunales Wahlprogramm;Landkreis und Gemeinden;2024.0;cda5cc89bc988dade9e70af0bcde48a1ce043ca761da94b957cf18b1b91979f2;4649;2;1;1
DOC-cda6d66fffdb;do09lin.txt;Kommunalwahlprogramm Gemeinde;Gemeinde;2009.0;cda6d66fffdbe925432e48897df9c45d5337a54941446a867f19b0773fc6396c;76139;1;1;0
DOC-cdbb843eee6f;bn20gru.txt;Kommunalwahlprogramm Gemeinde;Gemeinde;2020.0;cdbb843eee6f320148a2c20d8813ab58efee31e921a0ec5802eda29599f60896;155944;1;1;0
DOC-cdbd73da8a79;rt14fwg.txt;Kommunalwahlprogramm Gemeinde;Gemeinde;2014.0;cdbd73da8a79d17935a0977d11f256ac8ffc760adce3bda70b1db81e359694b2;9133;1;1;0
DOC-cdc0ad8bce06;Lebach_CDU_2024.txt;Kommunalwahlprogramm Gemeinde;Gemeinde;2024.0;cdc0ad8bce063036bea804b405f876eed44e29776e8d1b67cde3edc12b45f376;3401;1;1;0
DOC-cde34982628b;Oedheim_SPD_2024.txt;Kommunalwahlprogramm Gemeinde;Gemeinde;2024.0;cde34982628b5a4629c41f586363e816f927f82f0e92902f54e6e7fc008466b3;2383;1;1;0
DOC-cde3d90a6858;Dresden_BSW_2024.txt;Kommunalwahlprogramm Gemeinde;Gemeinde;2024.0;cde3d90a68586565734e9b075acccb35930f1dcde0a62fe315874425fc592383;13742;1;1;0
DOC-cdeb11fdf323;in20fwg.txt;Kommunalwahlprogramm Gemeinde;Gemeinde;2020.0;cdeb11fdf323ab4507d2897f5dd11f8614f6808a8eca8f80c3fe66172bded374;3509;1;1;0
DOC-ce011079d734;Grabow_FWG_2024.txt;Kommunalwahlprogramm Gemeinde;Gemeinde;2024.0;ce011079d73441d68ef7be7e8f145df7ad6c4d7d0e4feec485de3643f8635a4c;2064;1;1;0
DOC-ce1d58bbacef;Bismark_SPD_2024.txt;Kommunalwahlprogramm Gemeinde;Gemeinde;2024.0;ce1d58bbacef5774cb1f74a9d06030da334a39dab401e14e37393738879266e3;1779;1;1;0
DOC-ce2563f017ff;sa16fdp.txt;Kommunalwahlprogramm Gemeinde;Gemeinde;2016.0;ce2563f017ff98d994aea2c58404b5ceab069475f4e6b43c6d2f03d2cb2c0692;9757;1;1;0
DOC-ce3c99b4fb66;Brieselang_Grüne_2024.txt;Kommunalwahlprogramm Gemeinde;Gemeinde;2024.0;ce3c99b4fb66d17c49b9f7e5bc175ff4868664fc0d6d0b72f5716e8c38c52613;1226;1;1;0
DOC-ce542afd1a05;Plauen_CDU_2024.txt;Kommunalwahlprogramm Gemeinde;Gemeinde;2024.0;ce542afd1a05b2c49bc1c062bfb89456b9fa6c45ad6277a24a7f7cf3f69a4866;11805;1;1;0
DOC-ceeb435066ab;of11gru.txt;Kommunalwahlprogramm Gemeinde;Gemeinde;2011.0;ceeb435066ab50818bbcc3fc094a9fe7218d41aceef599fb845b4a6b4aaa40f6;82563;1;1;0
DOC-cf01e609c37b;je19cdu.txt;Kommunalwahlprogramm Gemeinde;Gemeinde;2019.0;cf01e609c37b168938f75e883ccc23beb6a9be2be7755e65e008392c5bd21f86;28765;1;1;0
DOC-cf1bfe93198a;Keltern_CDU_2024.txt;Kommunalwahlprogramm Gemeinde;Gemeinde;2024.0;cf1bfe93198ad9ff47554b89ab285ee51ea2a67b7077f4bea3a90660672ca2af;876;1;1;0
DOC-cf39e19cc31e;es14gru.txt;Kommunalwahlprogramm Gemeinde;Gemeinde;2014.0;cf39e19cc31eb588c604d8d5235f673779a322e3ae38b8aa6469d3f275a39e4c;157981;1;1;0
DOC-cf8fd51bf640;sb14cdu.txt;Kommunalwahlprogramm Gemeinde;Gemeinde;2014.0;cf8fd51bf640897e3fdc257c7fafd905067caa6ae62443a21397f58fb275fb12;29345;1;1;0
DOC-cfa96cd44ba9;ki18spd.txt;Kommunalwahlprogramm Gemeinde;Gemeinde;2018.0;cfa96cd44ba9e2da74bf13bc717d8e26e2c3ba432ce639db6de79f44a23576cb;90924;1;1;0
DOC-cfc9a1ae2ad9;Schwaan_UWS_2024.txt;Kommunalwahlprogramm Gemeinde;Gemeinde;2024.0;cfc9a1ae2ad97883bfef2fbc4ee0e8ec297048ce964d27cc5e7eadc5a06110b2;1341;1;1;0
DOC-cfd56493bc80;Waren (Müritz)_Grüne_2024.txt;Kommunalwahlprogramm Gemeinde;Gemeinde;2024.0;cfd56493bc80efafadd083dbb7ccd1ba27d66e57b1954498213af0f012565017;21644;1;1;0
DOC-d0090524f940;bs11spd.txt;Kommunalwahlprogramm Gemeinde;Gemeinde;2011.0;d0090524f9401babdbc5d8bb16806e69e165d833a92a6a64e3f282b1656da509;65417;1;1;0
DOC-d04636d1e107;pb20spd.txt;Kommunalwahlprogramm Gemeinde;Gemeinde;2020.0;d04636d1e107abc0e6222b5d4f5a12f1c02e4de12d2e1e98ee94af520b44c387;14771;1;1;0
DOC-d09ecb5ab94c;do12gru.txt;Kommunalwahlprogramm Gemeinde;Gemeinde;2012.0;d09ecb5ab94cf37239678acb9b52df805564a00b9ca25a44591925e2c4009bdc;47118;1;1;0
DOC-d0a2642d59c8;Mannheim_AfD_2024.txt;Kommunalwahlprogramm Gemeinde;Gemeinde;2024.0;d0a2642d59c8dbdeda631c89ff8dbd1d8a133bf1545f3a4d2991abc723ca52ad;1609;1;1;0
DOC-d0c22c42b35e;Plauen_Grüne_2024.txt;anderes kommunales Wahlprogramm;Landkreis;2024.0;d0c22c42b35e74970ddcf4b3d340732bb1b6f6f380945576a2908fc6e7999a2c;5365;2;1;1
DOC-d0e5f6108897;bh19veg.txt;Kommunalwahlprogramm Gemeinde;Gemeinde;2019.0;d0e5f61088978184caf0e0d7706996bd327248aaf13a04a9fca19b736787a203;95724;1;1;0
DOC-d0e968afd579;wu09wfw.txt;Kommunalwahlprogramm Gemeinde;Gemeinde;2009.0;d0e968afd5798d408dd295e408a4966e8c216d95889d95d3af7413fe00289028;19829;1;1;0
DOC-d0ea326b6997;bg20spd.txt;Kommunalwahlprogramm Gemeinde;Gemeinde;2020.0;d0ea326b69973aef79c282f1cef9b22e3182ddb9b101bd62f943ee2e0aae6844;17975;1;1;0
DOC-d0ea7f4c6a2d;do20pir.txt;Kommunalwahlprogramm Gemeinde;Gemeinde;2020.0;d0ea7f4c6a2dc93f7919a898ba3ca8b12b4953dafbe2618e0f3b25d524916083;28530;1;1;0
DOC-d0f8d300fabe;ms14lin.txt;Kommunalwahlprogramm Gemeinde;Gemeinde;2014.0;d0f8d300fabee64e9cb3653a64426470bed9fa4c2b1129e3a4ab647a3c71df83;87409;1;1;0
DOC-d0fb0123b09e;ef19gru.txt;Kommunalwahlprogramm Gemeinde;Gemeinde;2019.0;d0fb0123b09e11ddd7c3fb3becb612971c6cb3d358c6c8fe3a557a7a8040f97f;102149;1;1;0
DOC-d105ac53e821;bn04cdu.txt;Kommunalwahlprogramm Gemeinde;Gemeinde;2004.0;d105ac53e82120de3bcdeaa2eb7a19d032522f5d28cf3982861a0bcc5401f295;47520;1;1;0
DOC-d106f0009e1d;mb14fut.txt;Kommunalwahlprogramm Gemeinde;Gemeinde;2014.0;d106f0009e1d83e104838c961d63130312bab7b3f7afa335a4308f78fc4e979d;18079;1;1;0
DOC-d11c835488f2;rg14csb.txt;Kommunalwahlprogramm Gemeinde;Gemeinde;2014.0;d11c835488f20f9d66d419aa18ac950e62eab1cebd972939d4558992cc384fb1;6221;1;1;0
DOC-d127aafd13ad;ne20dzp.txt;Kommunalwahlprogramm Gemeinde;Gemeinde;2020.0;d127aafd13ad43cb8342a02d0cccf3cd002871de33232db8ff442f5ec823b389;14852;1;1;0
DOC-d1568ef695ff;Freiburg im Breisgau_Bürger für Freiburg_2024.txt;Kommunalwahlprogramm Gemeinde;Gemeinde;2024.0;d1568ef695ff758cb5de052af1c8271718124a104a70a14f96948c3a6879e9a1;11045;1;1;0
DOC-d16909de7ec8;Neustadt an der Weinstraße_Grüne_2024.txt;Kommunalwahlprogramm Gemeinde;Gemeinde;2024.0;d16909de7ec8307fd1fd639571ac3583b027ce5b06fe17e6f11d7e46fcc7f1b8;59514;1;1;0
DOC-d1e203fac174;gt20afd.txt;Kommunalwahlprogramm Gemeinde;Gemeinde;2020.0;d1e203fac1743512e0d7e04704ee9593e38edb9c2331a36fd2452f1e8f0853d9;27268;1;1;0
DOC-d2062159349b;Staßfurt_CDU_2024.txt;Kommunalwahlprogramm Gemeinde;Gemeinde;2024.0;d2062159349b7f01f6f91c8bb40d4f7fbdbff4c7b9d927f59bdb570d637b40a0;4155;1;1;0
DOC-d248ca5b811a;Brandenburg an der Havel_FWG_2024.txt;Kommunalwahlprogramm Gemeinde;Gemeinde;2024.0;d248ca5b811a068fbb6db853414c7088ce921669e683e27e49353dc918a53c48;22691;1;1;0
DOC-d27f9fc881e9;Eibenstock_SPD_2024.txt;anderes kommunales Wahlprogramm;Landkreis und Gemeinden;2024.0;d27f9fc881e9b8ad470737b9b74729e43b82935b40daccd815c95d617b8a6ae5;12049;4;2;2
DOC-d28af60cbe68;ka01fdp.txt;Kommunalwahlprogramm Gemeinde;Gemeinde;2001.0;d28af60cbe68fac67c7431318858c019d319709b216c3d9cb7c46c3256f04203;25388;1;1;0
DOC-d2a95a24aefe;ul19spd.txt;Kommunalwahlprogramm Gemeinde;Gemeinde;2019.0;d2a95a24aefee8e87237f96fb6f2f4f30bb0f0fed760b202d0d659bdd64694ef;32248;1;1;0
DOC-d2e3aa06decf;bh19afd.txt;Kommunalwahlprogramm Gemeinde;Gemeinde;2019.0;d2e3aa06decfd050d929254c468a9afe4ebe6277e968989284a2c56450e76939;56003;1;1;0
DOC-d32b07822d0a;ms20cdu.txt;Kommunalwahlprogramm Gemeinde;Gemeinde;2020.0;d32b07822d0adb63982423540bd270d14aa91156d3cb819be806009eaa5f3e99;123171;1;1;0
DOC-d339166fd809;ko09cdu.txt;Kommunalwahlprogramm Gemeinde;Gemeinde;2009.0;d339166fd8093bc0cdd46160ae89a0193f2c62972c677745a56aa9f54e462eb9;43572;1;1;0
DOC-d39688030980;Heilbronn_Gemeinsam für unser HN_2024.txt;Kommunalwahlprogramm Gemeinde;Gemeinde;2024.0;d396880309809fe4dc343dd6d3ede2df01f37778ecd254556b0b8e7e8eb42b67;6565;1;1;0
DOC-d39b6ab8ae37;Seelow_SPD_2024.txt;anderes kommunales Wahlprogramm;Landkreis und Gemeinden;2024.0;d39b6ab8ae3766696574a30a25abacdd76fecc4649fba6fd003d029e6cf1a829;22683;2;1;1
DOC-d3f327e4d111;do14spd.txt;Kommunalwahlprogramm Gemeinde;Gemeinde;2014.0;d3f327e4d1111a39907437d3b7f8cab686ce9a364e04f6e791dff475edb8d900;119885;1;1;0
DOC-d400ac094432;bn04spd.txt;Kommunalwahlprogramm Gemeinde;Gemeinde;2004.0;d400ac094432e77794471684da072451c50fe3da6988ec58fa7390efa8eddf06;42414;1;1;0
DOC-d41436a12163;Alzey_FWG_2024.txt;Kommunalwahlprogramm Gemeinde;Gemeinde;2024.0;d41436a121639a356f76ab73e81e2765ec66bb1d6b528fbd5f7bfbdf57d6b9f5;1147;1;1;0
DOC-d425b20f473f;Pforzheim_Sarow Liste_2024.txt;Kommunalwahlprogramm Gemeinde;Gemeinde;2024.0;d425b20f473f51d36333b553c6af6850658d00395393fa7e38561f1846ba9ba5;3161;1;1;0
DOC-d44163875d9a;po19fdp.txt;Kommunalwahlprogramm Gemeinde;Gemeinde;2019.0;d44163875d9a6f75766db7374c363c7249f01f10043c22a2749d3e7668b00a47;11290;1;1;0
DOC-d4435fc7208f;bn14lin.txt;Kommunalwahlprogramm Gemeinde;Gemeinde;2014.0;d4435fc7208fc2fad5f1c32b76bdc18d6f0aa259496ce1eacb0431b953b3ab86;103561;1;1;0
DOC-d455e63f778d;Ravensburg_FDP_2024.txt;Kommunalwahlprogramm Gemeinde;Gemeinde;2024.0;d455e63f778d3e96f57afb7d12f87180f003b1d55a90b09104b90651733c5d90;6158;1;1;0
DOC-d4722276f0c8;Lebach_FDP_2024.txt;Kommunalwahlprogramm Gemeinde;Gemeinde;2024.0;d4722276f0c849ce2aaa8a396df9daa89927dc68276eb442d4f11be27abfb3b7;6600;1;1;0
DOC-d4bfc9f1c42a;lb13cdu.txt;Kommunalwahlprogramm Gemeinde;Gemeinde;2013.0;d4bfc9f1c42aa6d0cf5312ca9655b25c94f8cc880c66e26cc22c8ad39d69d42e;55149;1;1;0
DOC-d4c5adab3542;of11fdp.txt;Kommunalwahlprogramm Gemeinde;Gemeinde;2011.0;d4c5adab3542b448d65019ac7bb3f45d5a853d7e77953c441eaaa08b786b42e8;213507;1;1;0
DOC-d5189537deb8;Tübingen_FDP_2024.txt;Kommunalwahlprogramm Gemeinde;Gemeinde;2024.0;d5189537deb8a56d9c3258b966d7213af0956b799ffd95acfb9d8d951a03cd7c;17608;1;1;0
DOC-d520d3e95505;Sangerhausen_B.I.S._2024.txt;Kommunalwahlprogramm Gemeinde;Gemeinde;2024.0;d520d3e955050174f220506622f479f1ac3ed290c7b3b6bc6ba06e50db929a55;23673;1;1;0
DOC-d522a89f581b;Freiburg im Breisgau_Volt_2024.txt;Kommunalwahlprogramm Gemeinde;Gemeinde;2024.0;d522a89f581bbad5e1338b7ac1dcfed0656dff2ee4a05ab6e578a3fae330ca5d;202333;1;1;0
DOC-d54bf2e8affd;mb19tsa.txt;Kommunalwahlprogramm Gemeinde;Gemeinde;2019.0;d54bf2e8affd99392284f0e0f41de5231def5cfc9f930847ea5e7107afa23795;52402;1;1;0
DOC-d5536b327e69;Chemnitz_Grüne_2024.txt;Kommunalwahlprogramm Gemeinde;Gemeinde;2024.0;d5536b327e695bf6c57897ea5e2649ca227e9bcbb64d8b9e34e1820abd60bf5c;79895;1;1;0
DOC-d55d5b4dc925;bg09bfb.txt;Kommunalwahlprogramm Gemeinde;Gemeinde;2009.0;d55d5b4dc9257d600d1848946fee347cb5a6f82172f6579284e2d0d6097e9e46;2811;1;1;0
DOC-d562ac8a3526;Nieder-Olm_FDP_2024.txt;Kommunalwahlprogramm Gemeinde;Gemeinde;2024.0;d562ac8a35264ccca9299e879a58225bd9e82d3ce49e7833c60aed2968722e1b;2407;1;1;0
DOC-d57ed3774f86;Neustadt an der Weinstraße_SPD_2024.txt;Kommunalwahlprogramm Gemeinde;Gemeinde;2024.0;d57ed3774f86d515d9020dcb7fbfbaa8091fdb292d3fb01187199bdc3aea9376;14906;1;1;0
DOC-d5c6841183d4;Saarwellingen_Grüne_2024.txt;Kommunalwahlprogramm Gemeinde;Gemeinde;2024.0;d5c6841183d4b6eb3daa69315d63ec7dc6e411c7f8f7b418d737e5d171343bfc;4748;1;1;0
DOC-d62fa581c59f;ks14kal.txt;Kommunalwahlprogramm Gemeinde;Gemeinde;2014.0;d62fa581c59f8eb719c60342f866faf0390460348820c878f0a7a70c0363baea;92231;1;1;0
DOC-d63dbc527ca1;Bützow_CDU_2024.txt;anderes kommunales Wahlprogramm;Landkreis und Gemeinden;2024.0;d63dbc527ca1e25ec013392f2e65457152835ca43702a829d3183ed26ec40619;6934;2;1;1
DOC-d66002e0917a;fu14gru.txt;Kommunalwahlprogramm Gemeinde;Gemeinde;2014.0;d66002e0917a5b019d6182f4755d0f665aabfd3e8143560a267cf83d3573e37f;78756;1;1;0
DOC-d682ab1949ad;rt14fdp.txt;Kommunalwahlprogramm Gemeinde;Gemeinde;2014.0;d682ab1949ad86b112b2cf71e37d4768d195f5d0fd6df116d8447f1ef16b1956;8826;1;1;0
DOC-d696d19cd7f9;Staßfurt_SPD_2024.txt;anderes kommunales Wahlprogramm;Landkreis;2024.0;d696d19cd7f9d3c860d5df7cc508227dc2babb4e10e40c32419c6117eb4b1e00;442;2;1;1
DOC-d6a4245b632e;du20bdd.txt;Kommunalwahlprogramm Gemeinde;Gemeinde;2020.0;d6a4245b632e7a9e776c0f7820f2155f1dcf9f9679210c9749f67c8482c0e4e7;31863;1;1;0
DOC-d6b0aea2039b;Schwaan_SSV_2024.txt;Kommunalwahlprogramm Gemeinde;Gemeinde;2024.0;d6b0aea2039b2338db369ad46d3856771f3689f8c6dd3a13c42c863b503c43aa;1433;1;1;0
DOC-d6ea9c13d708;Magdeburg_SPD_2024.txt;Kommunalwahlprogramm Gemeinde;Gemeinde;2024.0;d6ea9c13d7083d77b4f2a7d3313f6a33ad180ad6bb793704e52d161767eaa531;110560;1;1;0
DOC-d734b82259ff;mg20fdp.txt;Kommunalwahlprogramm Gemeinde;Gemeinde;2020.0;d734b82259ff268c145bed6b7a12830093e286a98958c7f9d064b0bd43d7a2c9;46210;1;1;0
DOC-d74fcc36e718;tr19gru.txt;Kommunalwahlprogramm Gemeinde;Gemeinde;2019.0;d74fcc36e7182ba330a3833f78c805e28226f3e8a3d7c025048ad5a639893aae;150635;1;1;0
DOC-d7663b576ef9;mh09mbi.txt;Kommunalwahlprogramm Gemeinde;Gemeinde;2009.0;d7663b576ef998c1a37748449be65cf32f10e3e690a3421440854316623d8230;55870;1;1;0
DOC-d76f417744e7;Wutha-Farnroda_Linke_2024.txt;anderes kommunales Wahlprogramm;Landkreis;2024.0;d76f417744e7ac046e196abf7bf68d2322f9039d4546475a9fba8dc56ecbc65d;28355;2;1;1
DOC-d7d5cad24400;bt20afd.txt;Kommunalwahlprogramm Gemeinde;Gemeinde;2020.0;d7d5cad2440021e434ad864c20dfe4d1f189b35f0e3c06b9c651ace672108fad;24141;1;1;0
DOC-d7d64de3d701;do14afd.txt;Kommunalwahlprogramm Gemeinde;Gemeinde;2014.0;d7d64de3d701697271302375bdf6993d4b964c1a109cb4a772528d045bda3808;35774;1;1;0
DOC-d7dd937ff39b;pf14spd.txt;Kommunalwahlprogramm Gemeinde;Gemeinde;2014.0;d7dd937ff39b9bea273225291a55cc54f72016008f2c4055df9cc8ad6cf3907e;24318;1;1;0
DOC-d7ddb3b82cdc;Halle (Saale)_SPD_2024.txt;Kommunalwahlprogramm Gemeinde;Gemeinde;2024.0;d7ddb3b82cdce3d5cb1b9ee11ae222166d1047ec2a36d7676fd2985a2864d0c7;52166;1;1;0
DOC-d8185eb4b6b8;Rostock_CDU_2024.txt;Kommunalwahlprogramm Gemeinde;Gemeinde;2024.0;d8185eb4b6b8f10cf7c564a00a1682c6d069a10e90be2650d1622968b2437920;38192;1;1;0
DOC-d8460eb4b0df;Mannheim_Grüne_2024.txt;Kommunalwahlprogramm Gemeinde;Gemeinde;2024.0;d8460eb4b0df9d35f899033c229edff02cad2701f222232c89a7cefd42937660;203885;1;1;0
DOC-d84e75279590;pf14cdu.txt;Kommunalwahlprogramm Gemeinde;Gemeinde;2014.0;d84e752795902493daed3c5b4f9a89312a1cc7f0b1c1aaee6f790364e820ea6c;15955;1;1;0
DOC-d86f7314651a;lp14lin.txt;Kommunalwahlprogramm Gemeinde;Gemeinde;2014.0;d86f7314651ac293e505af53d69ceaf81661b167e80eb11958ea3c695effe61a;85892;1;1;0
DOC-d87459f178f1;sg20gru.txt;Kommunalwahlprogramm Gemeinde;Gemeinde;2020.0;d87459f178f1e42bfaf4da0aedb08b9e4f739a2c82136be076f97bbe7ac1f8a3;304644;1;1;0
DOC-d8a0ec76f9ce;Zarrentin am Schaalsee_WG Bürgernähe_2024.txt;Kommunalwahlprogramm Gemeinde;Gemeinde;2024.0;d8a0ec76f9cecb83293bc0f5fe8a66fcaaf48c8a1a647ccfc7dff1e55d568176;1786;1;1;0
DOC-d8c449a2fed9;bh19lin.txt;Kommunalwahlprogramm Gemeinde;Gemeinde;2019.0;d8c449a2fed9f8a4d709554f874c3ac28f2c24adab62229ee613e22706375fcb;341545;1;1;0
DOC-d8d666b56a13;du20fdp.txt;Kommunalwahlprogramm Gemeinde;Gemeinde;2020.0;d8d666b56a131ab9e6a9c3f72bd595becff7b3d4a7fad9dfc1f1e97158d801c2;47022;1;1;0
DOC-d8e339ada943;Stuttgart_Volt_2024.txt;Kommunalwahlprogramm Gemeinde;Gemeinde;2024.0;d8e339ada94362cff64bd37217cb8579ee1217a4db2b7f5a77a38ca01ec4de38;128158;1;1;0
DOC-d8f4e016eaff;Traben-Trarbach_SPD_2024.txt;anderes kommunales Wahlprogramm;Land;2024.0;d8f4e016eaff4f4a2f030f33e7768b29d8f6967642dcefb4476be45b2fbb4382;41150;2;1;1
DOC-d8f9278fcf96;Zwickau_FDP_2024.txt;anderes kommunales Wahlprogramm;Landkreis;2024.0;d8f9278fcf9698c6e544ed3227fa73a6b823cc5d214cbee80ac75328e2679ef8;8823;2;1;1
DOC-d90be3849df0;wi06lin.txt;Kommunalwahlprogramm Gemeinde;Gemeinde;2006.0;d90be3849df0c730c70285d069fb551adf0c13b76e5209dc207c62947b46c7b3;83190;1;1;0
DOC-d90d05dd88b7;ko20kli.txt;Kommunalwahlprogramm Gemeinde;Gemeinde;2020.0;d90d05dd88b70689e0ec372c235ee0c563f01274cf0e2ca9d7a358d404fc570f;19224;1;1;0
DOC-d93817063b1c;Alzey_SPD_2024.txt;Kommunalwahlprogramm Gemeinde;Gemeinde;2024.0;d93817063b1c0532cd578dda93ea0689941862b6363a8b844f5ecd4f46aa0b35;13855;1;1;0
DOC-d943b758470b;ge20cdu.txt;Kommunalwahlprogramm Gemeinde;Gemeinde;2020.0;d943b758470bfa62e5957558c52d8889d9386afeca0799c38dc1ee95584bc330;34225;1;1;0
DOC-d9673e805935;of16lin.txt;Kommunalwahlprogramm Gemeinde;Gemeinde;2016.0;d9673e80593571ea9b6487695895ef704f4c89b12fa9593d7cf9847e6c76cb85;45891;1;1;0
DOC-d96e6fed4b39;Pößneck_CDU_2024.txt;Kommunalwahlprogramm Gemeinde;Gemeinde;2024.0;d96e6fed4b395675b54abbcf180c47d24128ba0ea560452c61c2ed5aaa093d9b;2900;1;1;0
DOC-d98a6af56b5a;lp19lin.txt;Kommunalwahlprogramm Gemeinde;Gemeinde;2019.0;d98a6af56b5ac01b92124abf24d9fbcd5acf395bb08b0815ac40d7d3b893edec;103591;1;1;0
DOC-d991af9ce5ca;pb09spd.txt;Kommunalwahlprogramm Gemeinde;Gemeinde;2009.0;d991af9ce5ca4ffd50efc71946e601683477d9c66bda219edd89f2634c81a410;7346;1;1;0
DOC-d9d865c9ded8;bo20spd.txt;Kommunalwahlprogramm Gemeinde;Gemeinde;2020.0;d9d865c9ded86fcb776b9fc85b07e80f7d0f362dbc8c7de2da74c35d3e4610f0;67678;1;1;0
DOC-d9dca520f4e1;Grimmen_Linke_2024.txt;Kommunalwahlprogramm Gemeinde;Gemeinde;2024.0;d9dca520f4e14f1f33c1d41fd1c3bb92e056849c2b9d87eeb0b8db98028d80ee;529;1;1;0
DOC-da0f23212ea4;Oberlungwitz_SPD_2024.txt;anderes kommunales Wahlprogramm;Landkreis;2024.0;da0f23212ea4cb2b967f32d3612f2e2ddbe90a0ff2adf1bef8ba900394cd28e6;2312;4;2;2
DOC-da1312c57acf;ac20pir.txt;Kommunalwahlprogramm Gemeinde;Gemeinde;2020.0;da1312c57acfb5c580fb82575ccccb0ec855c8d001fa5959ceae9f6d41bef1a9;39474;1;1;0
DOC-da36869bc804;Dresden_DissDD_2024.txt;Kommunalwahlprogramm Gemeinde;Gemeinde;2024.0;da36869bc804a5ae9deeb86b5103af6a1d90e296826ad262fc2307da3176888a;44958;1;1;0
DOC-da487db9c72d;sg20par.txt;Kommunalwahlprogramm Gemeinde;Gemeinde;2020.0;da487db9c72db1aa6a7aaff47f991754d5439945212d0bd77e26424bfbb0bc6f;3576;1;1;0
DOC-da58ba08396a;Frankenblick_AfD-AfF_2024.txt;anderes kommunales Wahlprogramm;Landkreis;2024.0;da58ba08396ab413c67190505d6860bfd3b64ad707a75de9f5bc300aeb9c6efc;2371;2;1;1
DOC-da59c61ee13b;kr20wuz.txt;Kommunalwahlprogramm Gemeinde;Gemeinde;2020.0;da59c61ee13b7806c893562717566d94ff77dae0c6dd37b5f055d83587ac963c;13806;1;1;0
DOC-da83394e264f;Lahnstein_ULL_2024.txt;Kommunalwahlprogramm Gemeinde;Gemeinde;2024.0;da83394e264f690b59abdada19b4417dfab6f3d439f812bb3fa5162c22a4e95f;9350;1;1;0
DOC-daa1a3b8b501;he20wwh.txt;Kommunalwahlprogramm Gemeinde;Gemeinde;2020.0;daa1a3b8b5010367e83e94aa592f0ee71f06128d2580c60c359640134e7d380d;26053;1;1;0
DOC-dab20ccb7118;ka16pir.txt;Kommunalwahlprogramm Gemeinde;Gemeinde;2016.0;dab20ccb71183be68f58ee08706926dd3e0272714e46805d7e15943f48d8fa51;41966;1;1;0
DOC-dab998b2b8c5;Barleben_SPD_2024.txt;Kommunalwahlprogramm Gemeinde;Gemeinde;2024.0;dab998b2b8c550c9fc1f655784c67967fb9231516209a5dc1ba5f2849a6e81d7;635;1;1;0
DOC-db00f2cfca2b;hv16cdu.txt;Kommunalwahlprogramm Gemeinde;Gemeinde;2016.0;db00f2cfca2bd9d3532c52d9dc8da76dcb4f8e014e203d71ba1396b570e7b3e0;108500;1;1;0
DOC-db14dfa89aa9;du20gru.txt;Kommunalwahlprogramm Gemeinde;Gemeinde;2020.0;db14dfa89aa9209c592ac868ffc9186cda95a4d973998c93de5fc145e46d2994;88822;1;1;0
DOC-db28bf5047a6;sigpsta.txt;Grundsatzprogramm;übergeordnet;;db28bf5047a644af0433aebbb5736b04525edddb64b8da2abf8372cc64631ff8;4062;1;1;0
DOC-db56bb2d68bc;co19aub.txt;Kommunalwahlprogramm Gemeinde;Gemeinde;2019.0;db56bb2d68bcd1d1af902d6de5e2e3a699262c1205ec260496d90cb1e78fa4a9;15526;1;1;0
DOC-db60dd3ea30e;Waiblingen_FWG_2024.txt;anderes kommunales Wahlprogramm;Region;2024;db60dd3ea30e0803b8dc21a81fca9b9c85838886902e34adbe97ae1d897341ce;3726;1;0;1
DOC-db6147a5c97f;st14sos.txt;Kommunalwahlprogramm Gemeinde;Gemeinde;2014.0;db6147a5c97f32c30944395047ad9a492c93621ea4eff4c8d3c01371879864e4;159385;1;1;0
DOC-db9890df0050;re14fdp.txt;Kommunalwahlprogramm Gemeinde;Gemeinde;2014.0;db9890df0050472a17c3fa42319ed46cda279cde78af1910f55e2fd8a191db62;31507;1;1;0
DOC-dbbe4a83e2e8;Ludwigshafen am Rhein_CDU_2024.txt;Kommunalwahlprogramm Gemeinde;Gemeinde;2024.0;dbbe4a83e2e85c1362505a344e68224fc0cadc4817fca24501e6b1dabdde71f9;4591;1;1;0
DOC-dbbf1c1224ef;Nieder-Olm_FWG_2024.txt;Kommunalwahlprogramm Gemeinde;Gemeinde;2024.0;dbbf1c1224efb4020484aca65b0ad1696ecb3845c8abcb6dde32fbae62b00ac3;2880;1;1;0
DOC-dbf5ac530005;kr94cdu.txt;Kommunalwahlprogramm Gemeinde;Gemeinde;1994.0;dbf5ac5300059bcd70d7a86e8f0b0933e9be3e520080387c5b82d02079877a1a;150801;1;1;0
DOC-dc0010286c15;Alzey_Grüne_2024.txt;Kommunalwahlprogramm Gemeinde;Gemeinde;2024.0;dc0010286c15c4c7486149bf2d862a1b135165b1d83ea7e44027baf30e4f2afd;12127;1;1;0
DOC-dc0ca62d4f73;Erfurt_AfD_2024.txt;Kommunalwahlprogramm Gemeinde;Gemeinde;2024.0;dc0ca62d4f733e196223d206e87bb48a4c2bf791a468b3a2d956b9f31d4398bb;42140;1;1;0
DOC-dc0cc8e4b5da;ro19gru.txt;Kommunalwahlprogramm Gemeinde;Gemeinde;2019.0;dc0cc8e4b5da9a72b4e1135ead427e053f58ad8026667a87d20413c6233168d1;118212;1;1;0
DOC-dc1189549b5e;st14rep.txt;Kommunalwahlprogramm Gemeinde;Gemeinde;2014.0;dc1189549b5e3bbe7f3083b30c96f272b201cf1d87b177b130a58fcb5b71e76f;3683;1;1;0
DOC-dc454d34e93e;mu20vlt.txt;Kommunalwahlprogramm Gemeinde;Gemeinde;2020.0;dc454d34e93e7b71421ecb62ac9fa59f71cba3a66bfd56ac539799229c887ad5;92105;1;1;0
DOC-dc4a0d9ee09f;Esslingen am Neckar_SPD_2024.txt;Kommunalwahlprogramm Gemeinde;Gemeinde;2024.0;dc4a0d9ee09f11956e8b62d8b473f41a0629c514cfd298d4ecd654b720df1527;14285;1;1;0
DOC-dc6329fd5d30;ko20odp.txt;Kommunalwahlprogramm Gemeinde;Gemeinde;2020.0;dc6329fd5d3049b10ff6f0037d5c007b3ca8937fa5185ed2a3413e0281c1ee40;5996;1;1;0
DOC-dc98f4e79f68;Karlsruhe_Für Karlsruhe_2024.txt;Kommunalwahlprogramm Gemeinde;Gemeinde;2024.0;dc98f4e79f682790b25882a619731e4cd2ea827923632f0a05569f6401647f45;18016;1;1;0
DOC-dcb32136c630;rs20cdu.txt;Kommunalwahlprogramm Gemeinde;Gemeinde;2020.0;dcb32136c630c424fe7dc20faf7da550df3b8cf65d648109673bf9b9c0ceae86;21084;1;1;0
DOC-dcd2f29d460f;do14rec.txt;Kommunalwahlprogramm Gemeinde;Gemeinde;2014.0;dcd2f29d460ff6164831d8a488fe1df2d91847f7148c3d26b140258071e58042;75469;1;1;0
DOC-dcde26b4a961;sg09cdu.txt;Kommunalwahlprogramm Gemeinde;Gemeinde;2009.0;dcde26b4a961f2cec11fdb95d5e5f85295c0d74494517298627de4b73bb4a598;78452;1;1;0
DOC-dcf6f6f1763e;Jena_FDP_2024.txt;Kommunalwahlprogramm Gemeinde;Gemeinde;2024.0;dcf6f6f1763ec2c41dd247b40726b6a88e90167aa8e23e1ce2dac1ad161d6aa7;116069;1;1;0
DOC-dd0398420e09;Potsdam_SPD_2024.txt;Kommunalwahlprogramm Gemeinde;Gemeinde;2024.0;dd0398420e0943d797216263ded9c0a106726f672c178ff576f4d3495172b189;6848;1;1;0
DOC-dd30650bdd58;Bad Hönningen_CDU_2024.txt;Kommunalwahlprogramm Gemeinde;Gemeinde;2024.0;dd30650bdd5828ddca6c94501178bae477d0159e353d3ec0bbcf13f79204b7be;13674;1;1;0
DOC-dd68ea1fbcb5;si99gru.txt;Kommunalwahlprogramm Gemeinde;Gemeinde;1999.0;dd68ea1fbcb51d8b490686cc23db1bd1775fd29b89ae9fc5db047804ef580453;53152;1;1;0
DOC-dd76ded91025;Böblingen_Grüne_2024.txt;Kommunalwahlprogramm Gemeinde;Gemeinde;2024.0;dd76ded910251e0532c5555b0627563cc1283d202744625ec512d7190680ad25;6149;1;1;0
DOC-dd77751bab0a;fr14gru.txt;Kommunalwahlprogramm Gemeinde;Gemeinde;2014.0;dd77751bab0a3a9a0ce5e2680d862b0de8825ba5baa84e25eb4b921fb8b36ab0;144858;1;1;0
DOC-dd82641c9dae;mb19lin.txt;Kommunalwahlprogramm Gemeinde;Gemeinde;2019.0;dd82641c9daee1e034b0383454d02a939a1c7ac37a705421626d2f754e3660ce;49307;1;1;0
DOC-dd88bd0e97c3;sg09fdp.txt;Kommunalwahlprogramm Gemeinde;Gemeinde;2009.0;dd88bd0e97c314a4c97ebc90af0bb759c9f70552cb966e9fbaf3629a6b2a742f;24960;1;1;0
DOC-dd95afc7f4fd;ff11lin.txt;Kommunalwahlprogramm Gemeinde;Gemeinde;2011.0;dd95afc7f4fda618ad1554d898cd1cb3bcf5eef929920282c25be3f55090d688;96926;1;1;0
DOC-dd9c2df8f74e;ch19vos.txt;Kommunalwahlprogramm Gemeinde;Gemeinde;2019.0;dd9c2df8f74e194d89c7b1c8acc2733c6d017c998573b54f7f917d77e552b1f8;3844;1;1;0
DOC-dda2c225d3fe;Pasewalk_CDU_2024.txt;Kommunalwahlprogramm Gemeinde;Gemeinde;2024.0;dda2c225d3fe6ec40e1662574df347a5ab13519226441d5df0130fad5825d4bd;364;1;1;0
DOC-ddb822a1fadc;da11spd.txt;Kommunalwahlprogramm Gemeinde;Gemeinde;2011.0;ddb822a1fadca3019e1fafbc66d523b319d0a6470daf9bbdcea5e148ded005c8;132789;1;1;0
DOC-ddbea3ce2281;hd14cdu.txt;Kommunalwahlprogramm Gemeinde;Gemeinde;2014.0;ddbea3ce228146e87a761d63bee53fcfe680dabe53fbc5dc255197208974f49e;42284;1;1;0
DOC-ddd252cf0523;si09cdu.txt;Kommunalwahlprogramm Gemeinde;Gemeinde;2009.0;ddd252cf052328c9cd05dee51dfce6416ec7cf534f3af67ea0991e71bbf7071d;13429;1;1;0
DOC-ddef8a00cacf;Pulsnitz_AfD_2024.txt;Kommunalwahlprogramm Gemeinde;Gemeinde;2024.0;ddef8a00cacfffa0056cafaf57700532bf5df31ac670459b6d5576414b2b1a51;2195;1;1;0
DOC-de0701ebf8b7;Karlsruhe_CDU_2024.txt;Kommunalwahlprogramm Gemeinde;Gemeinde;2024.0;de0701ebf8b7bc90d6e90c490c1a29534ee8beee91504e472094c1c636f93c37;30420;1;1;0
DOC-de5e0f14ec20;Konstanz_KN KOM.MT_2024.txt;Kommunalwahlprogramm Gemeinde;Gemeinde;2024.0;de5e0f14ec209acbbcc1d6805eb5f7aba002375ae1a24b29d65e5f22941e863e;2696;1;1;0
DOC-de6981a0f3e9;Plauen_Linke_2024.txt;anderes kommunales Wahlprogramm;Landkreis;2024.0;de6981a0f3e9aab2ad5b42840e513687ddadc971b433a9f5e2489aed848881d8;4070;2;1;1
DOC-de964a956124;Eibenstock_FWG_2024.txt;Kommunalwahlprogramm Gemeinde;Gemeinde;2024.0;de964a956124f138c189f9ab85d698a7b2a54ab0f6df32640621d96acc3282af;776;1;1;0
DOC-dee7995f3532;Rostock_Linke_2024.txt;Kommunalwahlprogramm Gemeinde;Gemeinde;2024.0;dee7995f3532be3088341f83f3fa69b6db7ccf6f7f5d45a687ce3735db31d861;28687;1;1;0
DOC-deeaaf802543;kb14spd.txt;Kommunalwahlprogramm Gemeinde;Gemeinde;2014.0;deeaaf802543e2c25d5d5760b8e98be46b4120ebe0a734cb12b71e7a681ebb19;12780;1;1;0
DOC-def6d4f387d5;ms14pir.txt;Kommunalwahlprogramm Gemeinde;Gemeinde;2014.0;def6d4f387d5d242f6f914fd84bf887e7d7ad2ea0ecf96b5655ed978c99d6699;78844;1;1;0
DOC-df31c01bf1f7;Kaiserslautern_CDU_2024.txt;Kommunalwahlprogramm Gemeinde;Gemeinde;2024.0;df31c01bf1f7ed8bdb7d1ec70031628ddf3ab0e6b48383b00f675de6ad03cad7;6543;1;1;0
DOC-df350ae3a20e;Tholey_CDU_2024.txt;Kommunalwahlprogramm Gemeinde;Gemeinde;2024.0;df350ae3a20ed58e84242e9e60aba4ccc665250bd8e172460a6a1edd78531c07;8753;1;1;0
DOC-df364ec7b771;Dessau-Roßlau_FDP_2024.txt;Kommunalwahlprogramm Gemeinde;Gemeinde;2024.0;df364ec7b771df26c32f7fa2dfa394cdadee806401d304eaa9b77f298030ea22;9605;1;1;0
DOC-df4789a8e804;mo04lin.txt;Kommunalwahlprogramm Gemeinde;Gemeinde;2004.0;df4789a8e80436bb0acc77de4316d01d0d48a6079dd6383401b0ee813a9c4e99;14186;1;1;0
DOC-df6ac185ae4e;Hagenow_VAH_2024.txt;Kommunalwahlprogramm Gemeinde;Gemeinde;2024.0;df6ac185ae4e23a80539bf20be3ae49746c94623b8a4dcd4757f9f0d6d860676;3362;1;1;0
DOC-df8990ef5596;ha20par.txt;Kommunalwahlprogramm Gemeinde;Gemeinde;2020.0;df8990ef55963e3b5e40880bb0a8ebf2842a1e302e66c46ce8048722ce299fe3;24972;1;1;0
DOC-dfa620ededd0;ob14fdp.txt;Kommunalwahlprogramm Gemeinde;Gemeinde;2014.0;dfa620ededd00957352b53081176ff7e7b39886589ac31e7926c6373e3acd86a;16299;1;1;0
DOC-dfbdcddc520f;du14gru.txt;Kommunalwahlprogramm Gemeinde;Gemeinde;2014.0;dfbdcddc520f41193df3744c5db441736313762dffdb35206d9885d90502f91e;105881;1;1;0
DOC-dfd904981ab0;Eberswalde_CDU_2024.txt;Kommunalwahlprogramm Gemeinde;Gemeinde;2024.0;dfd904981ab021cf40649c2e41935e0cdeb0db41cac26b4e7c4840a86de01123;24556;1;1;0
DOC-dfdd0839e367;mg20par.txt;Kommunalwahlprogramm Gemeinde;Gemeinde;2020.0;dfdd0839e367c4f494a0d3ffc1387cbade5688353bbb59ab16c2661e06e17e30;4901;1;1;0
DOC-dffb8c90a8d0;kr14spd.txt;Kommunalwahlprogramm Gemeinde;Gemeinde;2014.0;dffb8c90a8d02dad359f5f77073021247fab71a4d4c6335fa70db60c7dfa75f8;13216;1;1;0
DOC-e0245718d2fc;do14lin.txt;Kommunalwahlprogramm Gemeinde;Gemeinde;2014.0;e0245718d2fcc721bcbe1c7888263c25c1524b3bd3751b662a45a5a03156fd6c;92961;1;1;0
DOC-e024c7cddfac;es14ebb.txt;Kommunalwahlprogramm Gemeinde;Gemeinde;2014.0;e024c7cddfacc872004fd11cfe0b22cfbc1a4bb1f05f3f94365db333c9363848;44090;1;1;0
DOC-e03cebd5b499;Ludwigshafen am Rhein_Linke_2024.txt;anderes kommunales Wahlprogramm;Land;2024.0;e03cebd5b499449bd205a008c82fd593206e6b92c644685273fa247b9e3e60ce;22206;2;1;1
DOC-e0536dbb6c96;Neustadt an der Weinstraße_FDP_2024.txt;Kommunalwahlprogramm Gemeinde;Gemeinde;2024.0;e0536dbb6c966439daf23df9d03a191919db870efe2aeb94d84160676955de7b;3147;1;1;0
DOC-e08c9186bad0;Greifswald_Die Partei_2024.txt;Kommunalwahlprogramm Gemeinde;Gemeinde;2024.0;e08c9186bad0206ecf5b61a199b755a7d479b06d2a6bcc956cebc64182c666c2;3092;1;1;0
DOC-e0c018814eaf;sg20sla.txt;Kommunalwahlprogramm Gemeinde;Gemeinde;2020.0;e0c018814eaf881cd251ce3a3516e969510042ceb0a6e08d48a482a2219b0b02;1766;1;1;0
DOC-e0c08761b1b2;wv16spd.txt;Kommunalwahlprogramm Gemeinde;Gemeinde;2016.0;e0c08761b1b2cfd7684d3172b2daa51764e9b718fad906afd2a8ee69a2b9360b;15163;1;1;0
DOC-e0d30ec1bcc7;lu19fdp.txt;Kommunalwahlprogramm Gemeinde;Gemeinde;2019.0;e0d30ec1bcc7705d4bfc782ede3a270b209eaba73f35f132f03b6784b78771f1;5989;1;1;0
DOC-e0d69678bd35;ks19spd.txt;Kommunalwahlprogramm Gemeinde;Gemeinde;2019.0;e0d69678bd35585cc2615f484b3f00448cbf7afef27f4501080641ffcf259398;4556;1;1;0
DOC-e0e16be5a92e;da06die.txt;Kommunalwahlprogramm Gemeinde;Gemeinde;2006.0;e0e16be5a92eee078d5bd67ff333ecb8eeb71c152ff93ad26deef1e4210def90;25661;1;1;0
DOC-e0eabb8fcc9c;os11cdu.txt;Kommunalwahlprogramm Gemeinde;Gemeinde;2011.0;e0eabb8fcc9c9f865bef49b7323d77232d91fc027e3edd790744458f7336bef3;46498;1;1;0
DOC-e12d3f2647ac;Schorfheide_CDU_2024.txt;Kommunalwahlprogramm Gemeinde;Gemeinde;2024.0;e12d3f2647aced56f8be554097674be55a808a182020e90129c8a44fa0997860;11328;1;1;0
DOC-e13195af1429;st19gru.txt;Kommunalwahlprogramm Gemeinde;Gemeinde;2019.0;e13195af1429556dd23b2cb13f737bd4d1b7c45c231f90e0258d64010bbbd7eb;25367;1;1;0
DOC-e154135eea0f;lp14fdp.txt;Kommunalwahlprogramm Gemeinde;Gemeinde;2014.0;e154135eea0f41e3d3325bd27c5de0ba45819f6b623526eaa2b011398473f1d2;20261;1;1;0
DOC-e163070cdeb5;of11pir.txt;Kommunalwahlprogramm Gemeinde;Gemeinde;2011.0;e163070cdeb53909aa7ebbbfe6a089f5f3598800a58bab68da0251cabcab87a0;2496;1;1;0
DOC-e16c13f7dbad;po19gru.txt;Kommunalwahlprogramm Gemeinde;Gemeinde;2019.0;e16c13f7dbadc436248733406a0e46fb0c8a534daa36e180014d4467fe5b7758;114899;1;1;0
DOC-e173cd461a64;er14fwg.txt;Kommunalwahlprogramm Gemeinde;Gemeinde;2014.0;e173cd461a647d778618f1f071ea59b6f5e44bb85ffa4445b198eb71e84d4d7b;41630;1;1;0
DOC-e178b73cd6ff;Ulm_FWG_2024.txt;Grundsatzprogramm;übergeordnet;2024.0;e178b73cd6ffc07bb8ad0f28d78e45a68dcccd3711fc82b77ac0d49b5c60b10d;1804;2;1;1
DOC-e17df861d104;sa16spd.txt;Kommunalwahlprogramm Gemeinde;Gemeinde;2016.0;e17df861d10468fb9f5de7e56288eafdf56494f7c89a10ae87a013793de34dca;14459;1;1;0
DOC-e1986fb715b7;ac20lin.txt;Kommunalwahlprogramm Gemeinde;Gemeinde;2020.0;e1986fb715b708f24bb42b5283af67cecfe1ce5c9072a59e2f6ca7c11c00fda9;49126;1;1;0
DOC-e1db3b2ee477;Dresden_Piraten_2024.txt;Kommunalwahlprogramm Gemeinde;Gemeinde;2024.0;e1db3b2ee47785d091886a754ce711b3c440949a594bda01940b22de569ca670;90915;1;1;0
DOC-e1e695700a45;mu14gru.txt;Kommunalwahlprogramm Gemeinde;Gemeinde;2014.0;e1e695700a456035464bfebcb07b0a7a30227dbbb89b710f020cd7d4379fb48c;208938;1;1;0
DOC-e1ea19785e4f;ul19blo.txt;Kommunalwahlprogramm Gemeinde;Gemeinde;2019.0;e1ea19785e4f9b8626ba51f80377431d222f047d7ca89772407d3ebd9db19117;30357;1;1;0
DOC-e1fb290e3b08;Sandhausen_GAL_2024.txt;Kommunalwahlprogramm Gemeinde;Gemeinde;2024.0;e1fb290e3b086a90c4bdb274911a6d037de8dd99fa537c8fb6672cd914014e34;173;1;1;0
DOC-e2113b6a537c;ka11pir.txt;Kommunalwahlprogramm Gemeinde;Gemeinde;2011.0;e2113b6a537ce629a09f35736bc460db61a6a454197f5795d34914751c094479;38048;1;1;0
DOC-e226bba8884f;re14cdu.txt;Kommunalwahlprogramm Gemeinde;Gemeinde;2014.0;e226bba8884f4323cd0cc081675d40bcee1a292c7b89e25eecec7126d6360a24;39920;1;1;0
DOC-e23ea7749cd2;ds20par.txt;Kommunalwahlprogramm Gemeinde;Gemeinde;2020.0;e23ea7749cd26bceecb5a6328dee740763a9aa957007430b212a49429048e666;5247;1;1;0
DOC-e25b58144a7b;dr14lin.txt;Kommunalwahlprogramm Gemeinde;Gemeinde;2014.0;e25b58144a7b7ea1e76d982ff99eaf6a450b2871b42b7a3002f170ac17fe1eae;27106;1;1;0
DOC-e2a5952e56e1;Mandelbachtal_FWG_2024.txt;Kommunalwahlprogramm Gemeinde;Gemeinde;2024.0;e2a5952e56e1975454d9cafa079d302a0b1dea4af0d779c1bd3d7bf5285f6ced;1417;1;1;0
DOC-e2d482956d78;Zossen_Linke_2024.txt;anderes kommunales Wahlprogramm;Landkreis und Gemeinden;2024.0;e2d482956d7831e5475b51650dcea7d2a52d806ac6c594979789ca5a37b87f17;6165;2;1;1
DOC-e30b950e03c1;mz19par.txt;Kommunalwahlprogramm Gemeinde;Gemeinde;2019.0;e30b950e03c1eb8394695e4821fceb122dd7ac9b5753f766c0592c603c36f9bd;1166;1;1;0
DOC-e32b35c66215;mg94fdp.txt;Kommunalwahlprogramm Gemeinde;Gemeinde;1994.0;e32b35c662155eca12f81c96103f5d77100876e8b96287ca1a5546b7682ea22d;153626;1;1;0
DOC-e34ba4c6a381;bo14gru.txt;Kommunalwahlprogramm Gemeinde;Gemeinde;2014.0;e34ba4c6a38145b8b8313ff2875643621ae055d39aed4c9d9388661152f3feaf;97483;1;1;0
DOC-e37a89aa2775;fu14csu.txt;Kommunalwahlprogramm Gemeinde;Gemeinde;2014.0;e37a89aa2775cef0f967f2fd573ab5a401dc7260c9925c8a330b699b958b2c95;9032;1;1;0
DOC-e38233807c3b;Schwäbisch Gmünd_Die Bürgerliste Schwäbisch Gmünd_2024.txt;Kommunalwahlprogramm Gemeinde;Gemeinde;2024.0;e38233807c3b739e4bd9c1ddfe92a98db9f5d5d6e82880f2f114faab30220392;7755;1;1;0
DOC-e39d93da9a51;dr14bfb.txt;Kommunalwahlprogramm Gemeinde;Gemeinde;2014.0;e39d93da9a51ef4c39297f9bee87f5f2340584b7690f90bac4bbddc89fdff9d3;1973;1;1;0
DOC-e3a23daf8a89;tr14spd.txt;Kommunalwahlprogramm Gemeinde;Gemeinde;2014.0;e3a23daf8a8941476bf5af83fe783610bd3bf90e884620dfc6c554f62c396db5;25501;1;1;0
DOC-e3a444476ad7;Aalen_Freie Wähler_2024.txt;Kommunalwahlprogramm Gemeinde;Gemeinde;2024.0;e3a444476ad747d6f1cd19f88150f358a9899ccf2be0f819e81ca187f387ae47;2157;1;1;0
DOC-e3a669c7c7d1;lb13fdp.txt;Kommunalwahlprogramm Gemeinde;Gemeinde;2013.0;e3a669c7c7d131e9a023eb947469d20cd30cf98e2a28bdc58673844c6ef49930;26534;1;1;0
DOC-e3bcbdac46b4;ro14bru.txt;Kommunalwahlprogramm Gemeinde;Gemeinde;2014.0;e3bcbdac46b425328bb657b1c0e8d18d24daa276d1e05c97217fc57b042f5e91;48625;1;1;0
DOC-e3bff1f0753d;Haldensleben_BürgerbewegungHDL_2024.txt;Kommunalwahlprogramm Gemeinde;Gemeinde;2024.0;e3bff1f0753dbc47e37213e8b885d07c8223a2ba3a0670a0842d15114408cea2;1433;1;1;0
DOC-e3cadb2b6c2d;em16spd.txt;Kommunalwahlprogramm Gemeinde;Gemeinde;2016.0;e3cadb2b6c2d2d2ae73bce530a7a01a09a4817ba6bc248b080d12d014d3ada4f;10032;1;1;0
DOC-e3e13450e2b4;ki18par.txt;Kommunalwahlprogramm Gemeinde;Gemeinde;2018.0;e3e13450e2b4e94d9a05271b51afa1bced2fe6d6f46aa9b1563669498a8a5f4b;10550;1;1;0
DOC-e3e7e6700b6b;go11spd.txt;Kommunalwahlprogramm Gemeinde;Gemeinde;2011.0;e3e7e6700b6b9e1d438c28d7d33cc40154c6d2c96a614bb1259e78a51bcca21c;17674;1;1;0
DOC-e3fd7d945311;lb08bfl.txt;Kommunalwahlprogramm Gemeinde;Gemeinde;2008.0;e3fd7d945311d5d6184288e005059373363919770b5a7685864a3fd21ea51e7e;89123;1;1;0
DOC-e40f38eea9ed;bs11lin.txt;Kommunalwahlprogramm Gemeinde;Gemeinde;2011.0;e40f38eea9ed1b29e8f79b6aa5f3ab582d0d41f941150ab350d88aea2b1dd05c;113198;1;1;0
DOC-e44ce01da0e2;Haßloch_Grüne_2024.txt;Kommunalwahlprogramm Gemeinde;Gemeinde;2024.0;e44ce01da0e2db28707041d899456274e0429aee8adf4be56d678c850b42d2cf;5090;1;1;0
DOC-e463d12ad98a;mg20spd.txt;Kommunalwahlprogramm Gemeinde;Gemeinde;2020.0;e463d12ad98a3cbb932e5212b7816f2a16ebff67fc9d9cd32238b666a0f063bf;76886;1;1;0
DOC-e46d6ab86210;ne14gru.txt;Kommunalwahlprogramm Gemeinde;Gemeinde;2014.0;e46d6ab86210d759173b51d6a0645a0d1239193bf0b2ea0a7f8a26c2e8f15b5e;22322;1;1;0
DOC-e475cb87380e;Saalfeld (Saale)_SPD_2024.txt;anderes kommunales Wahlprogramm;Landkreis und Gemeinden;2024.0;e475cb87380ef6a4ba9d69ba9d55d8ed9f6ac3d63562f85b625578378a3ab20b;29085;2;1;1
DOC-e4c3c7e5baea;pb14spd.txt;Kommunalwahlprogramm Gemeinde;Gemeinde;2014.0;e4c3c7e5baea8f270093d70ed69f7912b58479ff752c04bb9ea2c015222c542b;49891;1;1;0
DOC-e4d06d200b9f;po19ich.txt;Kommunalwahlprogramm Gemeinde;Gemeinde;2019.0;e4d06d200b9fa88d637aed4afaf1ec1e4ea661188bfb57dc88bfb46cebd46b91;2697;1;1;0
DOC-e50641586712;wo16fdp.txt;Kommunalwahlprogramm Gemeinde;Gemeinde;2016.0;e50641586712b7d22599d69536cae23756fa65be55fb640a632e6ad26a051ea5;13159;1;1;0
DOC-e559105e374a;Zossen_AfD_2024.txt;anderes kommunales Wahlprogramm;Landkreis und Gemeinden;2024.0;e559105e374a4edf769e8b5ddcbddd918447ea29a075eb8ee53139db5c95c805;4631;2;1;1
DOC-e56084ca8a28;re20gru.txt;Kommunalwahlprogramm Gemeinde;Gemeinde;2020.0;e56084ca8a287fee89d3f6a32d5239e69a88c6ffa0950c5aaa8c7e01c5498ffd;74087;1;1;0
DOC-e5950eb5c6aa;ol06spd.txt;Kommunalwahlprogramm Gemeinde;Gemeinde;2006.0;e5950eb5c6aaba5bec75c7bfb0e69f410eee3ab1e7fb2a06378903f04bef95b1;69822;1;1;0
DOC-e59af1b42f63;Bernau bei Berlin_Grüne_2024.txt;Kommunalwahlprogramm Gemeinde;Gemeinde;2024.0;e59af1b42f631cbce17039693dded0578bc0d14d9595d8adda2a117c98dc62af;8660;1;1;0
DOC-e5ab69b3c8ec;wi16blw.txt;Kommunalwahlprogramm Gemeinde;Gemeinde;2016.0;e5ab69b3c8eceb5e85d828146d43d34ba4c79f1427e041e6ce01ac4e150a3c0d;9018;1;1;0
DOC-e5d68f1ce7ac;ac04spd.txt;Kommunalwahlprogramm Gemeinde;Gemeinde;2004.0;e5d68f1ce7ac846ebdfdffdbb7eb6ed54d9e0cacf5206ca9d39e75b5a1fee529;29475;1;1;0
DOC-e5e6a0a5ba88;mu14pir.txt;Kommunalwahlprogramm Gemeinde;Gemeinde;2014.0;e5e6a0a5ba88513f11661773d5126ad689e85dd6be9e326571b246b914fb5ee9;25641;1;1;0
DOC-e5fb5911a097;Ludwigsburg_CDU_2024.txt;Kommunalwahlprogramm Gemeinde;Gemeinde;2024.0;e5fb5911a097b5a580a7f60362a0f0def9f90ff0d9b379653c38d2ab3bbef187;30350;1;1;0
DOC-e5fed38bb24f;nu20odp.txt;Kommunalwahlprogramm Gemeinde;Gemeinde;2020.0;e5fed38bb24f5071f3461fccac0c3dec4133bf280ee8b2e3a5b27fa94dc24480;53914;1;1;0
DOC-e6024e96f49a;hmgpdsp.txt;Grundsatzprogramm;übergeordnet;;e6024e96f49a1f7424583167395a355e8b9d0130e5370ffe672570505a655b65;16577;1;1;0
DOC-e6244e6cf659;mo09fdp.txt;Kommunalwahlprogramm Gemeinde;Gemeinde;2009.0;e6244e6cf65930a71308b1a5073debd02138323235431b36092c00dd72a6ea8f;41417;1;1;0
DOC-e62bea23c2c3;do14gru.txt;Kommunalwahlprogramm Gemeinde;Gemeinde;2014.0;e62bea23c2c3cbcb941bc8502b13f45fa2683950289dc56234656a6d839a0e15;89813;1;1;0
DOC-e6584870b435;ol11gru.txt;Kommunalwahlprogramm Gemeinde;Gemeinde;2011.0;e6584870b4356f7ad2d6b30bb7d2f79b84aa1f80ea1674314dc405799a3aba1e;162729;1;1;0
DOC-e65b218c4bfe;kb14biz.txt;Kommunalwahlprogramm Gemeinde;Gemeinde;2014.0;e65b218c4bfebc1cd724cfb025dec878b2ce43a138ab1d0d6a60f6a25ec02df4;38267;1;1;0
DOC-e66d528e9467;hm99gru.txt;Kommunalwahlprogramm Gemeinde;Gemeinde;1999.0;e66d528e9467ff25da2bdecca969952347394db7805cc7df15a3dc411fa32d84;32839;1;1;0
DOC-e6bf14fd22dc;Keltern_WIW_2024.txt;Kommunalwahlprogramm Gemeinde;Gemeinde;2024.0;e6bf14fd22dca6278c445069c42f117487232cc4e0d6bc810c5d796797af711a;10027;1;1;0
DOC-e6d251f8a0fc;kr14gru.txt;Kommunalwahlprogramm Gemeinde;Gemeinde;2014.0;e6d251f8a0fc396d0d8da8516340f6938d34a3d551c93c36fb724130f9c996aa;119118;1;1;0
DOC-e6f218f31a3b;Premnitz_AfD_2024.txt;anderes kommunales Wahlprogramm;Landkreis und Gemeinden;2024.0;e6f218f31a3bc5e20eb6ce9b53f94f0a530ffe3c35b21857bab33a4081966c4e;21618;2;1;1
DOC-e7293a237cec;Aalen_AfD_2024.txt;Kommunalwahlprogramm Gemeinde;Gemeinde;2024.0;e7293a237ceca7350678026dfa2619e20cf64530926b6c81ea7154ae5a02bcb7;20803;1;1;0
DOC-e73fe15f0c37;Lauta_Linke_2024.txt;anderes kommunales Wahlprogramm;Land;2024.0;e73fe15f0c374567ac966ecac93e86a5f7d1158cf2da798e1a0a71fcc0794eb0;13080;2;1;1
DOC-e7436709967e;fu20fdp.txt;Kommunalwahlprogramm Gemeinde;Gemeinde;2020.0;e7436709967e7283a4d26cf027fb75c12b977238ad144a3c1388072561076932;38607;1;1;0
DOC-e75244b09865;ka01lin.txt;Kommunalwahlprogramm Gemeinde;Gemeinde;2001.0;e75244b098653a943ddc1cee61557aa0363a04e3171f8b82fe3f279bfcbc656a;52585;1;1;0
DOC-e755ca96034d;Greifswald_SPD_2024.txt;Kommunalwahlprogramm Gemeinde;Gemeinde;2024.0;e755ca96034da55eb02fb8721d5d29fb6810cbae96f25a1cdbb1c2736f94ec1d;37604;1;1;0
DOC-e7a7785e4c9a;ms14afd.txt;Kommunalwahlprogramm Gemeinde;Gemeinde;2014.0;e7a7785e4c9ab6e8006952bb477623f68c6a8e91ea95f4cc94fb2f8130853d17;63698;1;1;0
DOC-e80096ec95b5;mo14fdp.txt;Kommunalwahlprogramm Gemeinde;Gemeinde;2014.0;e80096ec95b578185744bc182786e32dd4c90c156f8e42eaaf3ddc1afc54acd8;28037;1;1;0
DOC-e82692b1fede;Heidenheim an der Brenz_SPD_2024.txt;Kommunalwahlprogramm Gemeinde;Gemeinde;2024.0;e82692b1fede6d2323cd71af49a810cd59b768438d43371cb90e806bf0c76449;3805;1;1;0
DOC-e83ace83aa00;si04gru.txt;Kommunalwahlprogramm Gemeinde;Gemeinde;2004.0;e83ace83aa00f85f0c0a3b84474a4ad9299f2f60d34da803ae3f3118a8d7325f;55101;1;1;0
DOC-e8469056e18e;Magdeburg_Linke_2024.txt;Kommunalwahlprogramm Gemeinde;Gemeinde;2024.0;e8469056e18edf38d824224ecc5c2d2c4a4e3f4108f012bedb7b24ee9995078e;48374;1;1;0
DOC-e88536a32509;Erfurt_Linke_2024.txt;Kommunalwahlprogramm Gemeinde;Gemeinde;2024.0;e88536a325095b026a63a3f5851e5dfe6d924cc1f143df7795069d410c1c6978;74064;1;1;0
DOC-e8e4c859198e;ks14pir.txt;Kommunalwahlprogramm Gemeinde;Gemeinde;2014.0;e8e4c859198ef337a9fb29b4bbfe42b2923ed7501e7dfe2798968c85b42c1188;22892;1;1;0
DOC-e933822df210;gt20bfg.txt;Kommunalwahlprogramm Gemeinde;Gemeinde;2020.0;e933822df2105ebc2a271b71bbcd73355951cbc53a855f19cb3d6705d582024f;114711;1;1;0
DOC-e9498172a09c;Hagenow_SPD_2024.txt;Kommunalwahlprogramm Gemeinde;Gemeinde;2024.0;e9498172a09c72be356f303345a776bef915fccf33c38f269d23c58f92e39011;917;1;1;0
DOC-e957ac9388d8;Rostock_Rostocker Bund_2024.txt;Kommunalwahlprogramm Gemeinde;Gemeinde;2024.0;e957ac9388d8848cda4db1a7f679aea7365f79ef6f15a9241dd7f7d50bd073ad;20407;1;1;0
DOC-e9599042fef9;ha20spd.txt;Kommunalwahlprogramm Gemeinde;Gemeinde;2020.0;e9599042fef979e7fd109bf7f60accf2622748b04d6cc66dd673ea57677b3fbb;88700;1;1;0
DOC-e96d1ba5f9aa;Neuhaus am Rennweg_Linke_2024.txt;Kommunalwahlprogramm Gemeinde;Gemeinde;2024.0;e96d1ba5f9aa02993fcd8639679ece29b95fddda9e8ee2dc1d0b8a9fc47317cf;3974;1;1;0
DOC-e99db0af575d;br15afd.txt;Kommunalwahlprogramm Gemeinde;Gemeinde;2015.0;e99db0af575df0c8fb8e5ce4b38fab82daef57eb6baaddb9834f6f10d10a747c;113889;1;1;0
DOC-ea2ece025df8;Waiblingen_FDP_2024.txt;Kommunalwahlprogramm Gemeinde;Gemeinde;2024.0;ea2ece025df809b4913cef895734a18eb206f1b2e9525271d0707b783dce3544;19958;1;1;0
DOC-ea348acf8bc7;mu20spd.txt;Kommunalwahlprogramm Gemeinde;Gemeinde;2020.0;ea348acf8bc7a321a3a663d717377de8598bb72ad0123e465d9dcc6aeb5380de;172277;1;1;0
DOC-ea7e7152e785;es20ebb.txt;Kommunalwahlprogramm Gemeinde;Gemeinde;2020.0;ea7e7152e7854ba7ac0f8641ddf81c57edc3f0f732f7012d84f47e44bd015b63;44011;1;1;0
DOC-ea9f0f4cccc8;bg14fdp.txt;Kommunalwahlprogramm Gemeinde;Gemeinde;2014.0;ea9f0f4cccc890b030a9d3cd8bdb6a7bda100fc716f6ddd0e6f16365c8c8b359;11460;1;1;0
DOC-eaefaa9241c5;nu14spd.txt;Kommunalwahlprogramm Gemeinde;Gemeinde;2014.0;eaefaa9241c51e33ce417b5ffe07c8c49f8032a4d04205a3608ca8ee22f59e31;85083;1;1;0
DOC-eb062f44bf5c;bt14lin.txt;Kommunalwahlprogramm Gemeinde;Gemeinde;2014.0;eb062f44bf5c11f2f06c3b0a2dfa8cfbd137dcc24d2cb1597dad31737b60f2fc;73665;1;1;0
DOC-eb52c80b4a7c;wi16fdp.txt;Kommunalwahlprogramm Gemeinde;Gemeinde;2016.0;eb52c80b4a7c3ef2057083690d446b4825c018b42b490624653b653eb0ddbe27;173611;1;1;0
DOC-eb6cd660c81b;Worms_Grüne_2024.txt;Kommunalwahlprogramm Gemeinde;Gemeinde;2024.0;eb6cd660c81b96497270b8de2544f5f1fa7b39bdc9fafc6ce64e0d8da9a44ba9;60859;1;1;0
DOC-eb6cf24e3ce5;hm14rec.txt;Kommunalwahlprogramm Gemeinde;Gemeinde;2014.0;eb6cf24e3ce59164cae1ecb2ade44b297b4e5d0198e8efd3ec927d597547d1c4;4106;1;1;0
DOC-eb7495f7f9a1;bi20wgb.txt;Kommunalwahlprogramm Gemeinde;Gemeinde;2020.0;eb7495f7f9a1078b4b85417a3901cd86cdbd5180a4f68de0d22751b83d10b6d7;99673;1;1;0
DOC-eb98136b67ba;ka11lin.txt;Kommunalwahlprogramm Gemeinde;Gemeinde;2011.0;eb98136b67baa511fe27da33d1336b3647828037dce73545ff735c04fcef07a4;103499;1;1;0
DOC-ebe929622074;kb19fwg.txt;Kommunalwahlprogramm Gemeinde;Gemeinde;2019.0;ebe929622074a8eefe01186334abf709e7abf3fa8dbfef8a663f555a1d8aba15;28805;1;1;0
DOC-ec53e1bce280;lb18cdu.txt;Kommunalwahlprogramm Gemeinde;Gemeinde;2018.0;ec53e1bce280cb6fdcecec0d9225c93e4389e36aeb76900ac7c516cce56c3daf;47899;1;1;0
DOC-ec53f7e80c8f;wz20buf.txt;Kommunalwahlprogramm Gemeinde;Gemeinde;2020.0;ec53f7e80c8f5589347a0161b6cb3bbc7f9b6d4dfdff65a91bccc940d5ea784a;3450;1;1;0
DOC-ec56f0b2c9d6;co19spd.txt;Kommunalwahlprogramm Gemeinde;Gemeinde;2019.0;ec56f0b2c9d638697e0afe10eb2c05ce9f953900a0ddfa743bd943a077cdc721;19139;1;1;0
DOC-ec5c336a097e;Rangsdorf_Linke_2024.txt;anderes kommunales Wahlprogramm;Landkreis und Gemeinden;2024.0;ec5c336a097ed86eb817852fd097d9655cad7c3b54ee0ee0f9b692cb5e6014a8;6178;2;1;1
DOC-ec6fb53217b9;Saarwellingen_SPD_2024.txt;Kommunalwahlprogramm Gemeinde;Gemeinde;2024.0;ec6fb53217b905fda26bd5ba1858bba499e3ee59232655145bd89ce066f2c6d4;13590;1;1;0
DOC-ec7220888da0;do20dos.txt;Kommunalwahlprogramm Gemeinde;Gemeinde;2020.0;ec7220888da02588ea1995d1b527f3d7c8753815d9d0a6f5143ce852caee2d2e;9969;1;1;0
DOC-ec8beea8ac64;du20jud.txt;Kommunalwahlprogramm Gemeinde;Gemeinde;2020.0;ec8beea8ac64a460d2af22caeb2b37a62020a074031a3f21fbf88050aecab06c;46602;1;1;0
DOC-ec8d46e3dce0;Ludwigsburg_Grüne_2024.txt;Kommunalwahlprogramm Gemeinde;Gemeinde;2024.0;ec8d46e3dce0ffbfad060b6891567bb8195ea4620e109b4d035753dec94a2060;41115;1;1;0
DOC-eca5d5961544;Meiningen_Grüne_2024.txt;Kommunalwahlprogramm Gemeinde;Gemeinde;2024.0;eca5d5961544705abd1a65ea4387b61d09ec69b6275aa5c9dbf1a7735121dc54;4938;1;1;0
DOC-ecaac10cd078;wv16afd.txt;Kommunalwahlprogramm Gemeinde;Gemeinde;2016.0;ecaac10cd07876f0aafe3d23e27fbbc1632ab3e19ee282a54c9bb34a0fe3518e;8184;1;1;0
DOC-ecbc1bc5e3a2;bo14sol.txt;Kommunalwahlprogramm Gemeinde;Gemeinde;2014.0;ecbc1bc5e3a2025f62fb332047547a8b0be432deecbc2517405ed6d289c455ad;41613;1;1;0
DOC-ecc3d42416c9;au14lin.txt;Kommunalwahlprogramm Gemeinde;Gemeinde;2014.0;ecc3d42416c976ab86b6d9b8b43f59c34692d5ff489b5300914587f6dcd107a8;2916;1;1;0
DOC-ed1fc60c069a;in20gru.txt;Kommunalwahlprogramm Gemeinde;Gemeinde;2020.0;ed1fc60c069a1553363ad195c8820ab3ff14490a00de6211f7b73328bbc2a91f;103136;1;1;0
DOC-ed20230cfe2b;Neustrelitz_puls_2024.txt;Kommunalwahlprogramm Gemeinde;Gemeinde;2024.0;ed20230cfe2b1b484e703d126d74e30b7e7d7653d90e02ba68f552dd70b03ee4;3362;1;1;0
DOC-ed3d14b7291b;mg14fdp.txt;Kommunalwahlprogramm Gemeinde;Gemeinde;2014.0;ed3d14b7291b16295e4f804b2a63f54712dfd294097351cefb895d7877c18b97;12156;1;1;0
DOC-ed3e6a5fcfd5;Bad Kreuznach_Liste faires Bad Kreuznach_2024.txt;Kommunalwahlprogramm Gemeinde;Gemeinde;2024.0;ed3e6a5fcfd5f9d7c1bf130b1cfa0576fc11ac0e322338b2a80610726a01d15a;2238;1;1;0
DOC-ed599538c652;nu20csu.txt;Kommunalwahlprogramm Gemeinde;Gemeinde;2020.0;ed599538c652abc96ba06020c944b35912eaa11ea773e338594b011162e0763c;27087;1;1;0
DOC-ed6c5a7a17b7;Beelitz_Grüne_2024.txt;Kommunalwahlprogramm Gemeinde;Gemeinde;2024.0;ed6c5a7a17b787dfe67ed2320a93f54ad2c3b344a9ad1161382714fe649dfafb;1643;1;1;0
DOC-edd11f131cad;of11spd.txt;Kommunalwahlprogramm Gemeinde;Gemeinde;2011.0;edd11f131cadfda5f82a8d372da69b151c47a0cf4ad7da1ceb24a5e308a31e9f;107858;1;1;0
DOC-edd1f616c9c4;Heidelberg_AfD_2024.txt;Kommunalwahlprogramm Gemeinde;Gemeinde;2024.0;edd1f616c9c406e60f33bb892ea6491f00271be1048863190d73e2a584832978;6103;1;1;0
DOC-ede147b39df2;Barleben_FWG_2024.txt;Kommunalwahlprogramm Gemeinde;Gemeinde;2024.0;ede147b39df20949b1e40ef6d39ea26b5f724bb70542304aeb824b07bd244e1d;2086;1;1;0
DOC-ee0c959619cf;hm20prh.txt;Kommunalwahlprogramm Gemeinde;Gemeinde;2020.0;ee0c959619cfeebbaac260162b14e65abd3849fd627af773ad8c8d584cd28b85;32921;1;1;0
DOC-ee3c5fca40b6;st19stl.txt;Kommunalwahlprogramm Gemeinde;Gemeinde;2019.0;ee3c5fca40b6995532e11214ff04cb0dbbbe47486fc61957bfe70a58d4982a46;12549;1;1;0
DOC-ee3ee71ce9be;mz19odp.txt;Kommunalwahlprogramm Gemeinde;Gemeinde;2019.0;ee3ee71ce9be5db8f4b89febb8e8b89008464bc7eb25603e4021b556d3df4fa3;36396;1;1;0
DOC-ee42f00f2d14;pb20fbi.txt;Kommunalwahlprogramm Gemeinde;Gemeinde;2020.0;ee42f00f2d14de55d344d14f71d1824af7cd7271af0168b7ac865ac2031e1e1f;3220;1;1;0
DOC-ee52f1ce754e;bi20fdp.txt;Kommunalwahlprogramm Gemeinde;Gemeinde;2020.0;ee52f1ce754e1e9d34c0f3a91f27f96f721c0a2c4a60d873ef3f42bd81aec535;182141;1;1;0
DOC-ee7e5e437642;au20fwg.txt;Kommunalwahlprogramm Gemeinde;Gemeinde;2020.0;ee7e5e437642049d40bdfee9f98e2ad6e28ce0e4d9666d6116f260559e3695c3;11007;1;1;0
DOC-eea7e3bc3907;ff11spd.txt;Kommunalwahlprogramm Gemeinde;Gemeinde;2011.0;eea7e3bc3907499ff85aaef036e4845c0ffde3e337b3f346374a8a98e7c0775e;192556;1;1;0
DOC-eeb87cd384d5;ko20cdu.txt;Kommunalwahlprogramm Gemeinde;Gemeinde;2020.0;eeb87cd384d5816ce15ccbc0e2322e1d275ec52acd7fb412e4208c0ffbbaf7e5;236549;1;1;0
DOC-eedbd32cd23c;ks14afd.txt;Kommunalwahlprogramm Gemeinde;Gemeinde;2014.0;eedbd32cd23c2772e3f365fcd3950a5aea5d21b1e9761d58e3c91ce23160874c;25217;1;1;0
DOC-eeec6e340cee;es14fdp.txt;Kommunalwahlprogramm Gemeinde;Gemeinde;2014.0;eeec6e340cee4b5e7d17cb5ddba8bed4f49ad45158fded1853868ec96ca087b0;42479;1;1;0
DOC-eef9653f3cee;st14cdu.txt;Kommunalwahlprogramm Gemeinde;Gemeinde;2014.0;eef9653f3cee187a73adbc422beeda7a7905777366498e2b721b287618f35430;4534;1;1;0
DOC-ef27e1ce3226;rg14fwg.txt;Kommunalwahlprogramm Gemeinde;Gemeinde;2014.0;ef27e1ce322673af28d6b195d6de9bdf0dcd69d3a78d0111ef19099003e36abb;24048;1;1;0
DOC-ef39c73b3719;Karlsruhe_Linke_2024.txt;Kommunalwahlprogramm Gemeinde;Gemeinde;2024.0;ef39c73b37190d91cc31a80b4397a686c2bdcfa33514d720fc0979b0e7b41adb;174971;1;1;0
DOC-ef3b7d0a4154;es20spd.txt;Kommunalwahlprogramm Gemeinde;Gemeinde;2020.0;ef3b7d0a4154d59a5b7e19657cb40bb6d6ade76f37b1c056e5103a22423e1f29;87796;1;1;0
DOC-ef442bbec8e1;Arnstadt_Grüne_2024.txt;Kommunalwahlprogramm Gemeinde;Gemeinde;2024.0;ef442bbec8e1cf43de28140f5c564589ab092ba7e2189877fdfa94051e6dd585;4865;1;1;0
DOC-ef5bfe49ff4f;hm09cdu.txt;Kommunalwahlprogramm Gemeinde;Gemeinde;2009.0;ef5bfe49ff4f258644e10f4b797a8e6f2d6f85fb896cc89b4f8541e57e468647;30435;1;1;0
DOC-ef659979acc9;Stuttgart_CDU_2024.txt;Kommunalwahlprogramm Gemeinde;Gemeinde;2024.0;ef659979acc911f1822bf150f1041402dab43a25c5243da5289c545d3fa61e4f;17777;1;1;0
DOC-ef9bd3f4abb1;Baiersbronn_AfD_2024.txt;Kommunalwahlprogramm Gemeinde;Gemeinde;2024.0;ef9bd3f4abb1dd309fbae3b73d5c74ed45c7a4485cd688e9a143ed221fa1ec41;3319;1;1;0
DOC-efa32523907a;po19bbp.txt;Kommunalwahlprogramm Gemeinde;Gemeinde;2019.0;efa32523907a9b82422759bfc0d15ac708da4f743a044f9108b938742c01fc93;8817;1;1;0
DOC-efa44b55ba59;ka16fdp.txt;Kommunalwahlprogramm Gemeinde;Gemeinde;2016.0;efa44b55ba595eb8a8a52132a98c32373a2ad9261c86e7cf43ab317308c514b1;40583;1;1;0
DOC-efa88037f67b;ol11lin.txt;Kommunalwahlprogramm Gemeinde;Gemeinde;2011.0;efa88037f67bd09ec23290e5bb0f3dc2cd29c6f6c4cf5304e1838539959e0342;111625;1;1;0
DOC-efcbcd002c17;hl19par.txt;Kommunalwahlprogramm Gemeinde;Gemeinde;2019.0;efcbcd002c1744a166d313b7da48a2298e1baf01bf7ca1d0f43c50672e449976;4727;1;1;0
DOC-efcbe0d23b9b;kb14fbg.txt;Kommunalwahlprogramm Gemeinde;Gemeinde;2014.0;efcbe0d23b9ba8a61e34ff033bdea7d41a2d80751109ee1353a6b3c828daae13;5454;1;1;0
DOC-efe1b334cf31;ka06cdu.txt;Kommunalwahlprogramm Gemeinde;Gemeinde;2006.0;efe1b334cf311d49b4239582a591994b1f70b265cbde7ff1536477db21aa05f0;25498;1;1;0
DOC-f0140936d8e6;ne20spd.txt;Kommunalwahlprogramm Gemeinde;Gemeinde;2020.0;f0140936d8e61c8f7aa433a88e1a349f6edb73bf02a0b472db3075010fc62525;108304;1;1;0
DOC-f030cc86525b;Traben-Trarbach_Grüne_2024.txt;anderes kommunales Wahlprogramm;Landkreis und Gemeinden;2024.0;f030cc86525b850eff83252a663ce273a64c25777754980e347f6074cc38d342;22513;2;1;1
DOC-f03365984450;Ransbach-Baumbach_FWG_2024.txt;Kommunalwahlprogramm Gemeinde;Gemeinde;2024.0;f0336598445006180a546b916368fccfac21f8d329d90bd9bff56981e9935b23;1911;1;1;0
DOC-f038c8cbd3cd;Falkensee_Grüne_2024.txt;Kommunalwahlprogramm Gemeinde;Gemeinde;2024.0;f038c8cbd3cdbf76189858d60ea4671c237c64abfbe5013649c4d3f28dc393b4;41247;1;1;0
DOC-f06edbb4d5ab;au20pro.txt;Kommunalwahlprogramm Gemeinde;Gemeinde;2020.0;f06edbb4d5ab5f6fc3d985502da34ba8c5b56d881cf90d680890b225d7db39b3;19673;1;1;0
DOC-f07fbf8765f7;Wörth am Rhein_Grüne_2024.txt;Kommunalwahlprogramm Gemeinde;Gemeinde;2024.0;f07fbf8765f7bebc75afbf22e396ed90103f18e37f9ea0d1cb24bae62a8f582b;2150;1;1;0
DOC-f08f7d850e1b;Karlsruhe_ÖDP_2024.txt;Kommunalwahlprogramm Gemeinde;Gemeinde;2024.0;f08f7d850e1b879bdc7b7c6d6fbc954bec51b5feea82dce25ac6a9094751c1a0;76226;1;1;0
DOC-f0c5d9ca1817;hd19hib.txt;Kommunalwahlprogramm Gemeinde;Gemeinde;2019.0;f0c5d9ca1817c89ee63adeeaf0e488462ae7a65bcc29f26e9391eedae1df796c;31679;1;1;0
DOC-f0cba5f646ad;hv06cdu.txt;Kommunalwahlprogramm Gemeinde;Gemeinde;2006.0;f0cba5f646adafb72038e955067208d779b09b5c85c72c042c6a9af9f216d5d6;78504;1;1;0
DOC-f0cc96322767;dugpamp.txt;Grundsatzprogramm;übergeordnet;;f0cc9632276797ce8256220b428f164a8c1947ef14c9ca1509d62893a6b53e41;17791;1;1;0
DOC-f0ccad1f52ae;da11uff.txt;Kommunalwahlprogramm Gemeinde;Gemeinde;2011.0;f0ccad1f52ae4bf307c2b5a72d35f20d3b4ecb701ec10797892eaeeaf516636a;6653;1;1;0
DOC-f0d5daa86cae;Ludwigslust_SPD_2024.txt;anderes kommunales Wahlprogramm;Landkreis und Gemeinden;2024.0;f0d5daa86cae21cf59418d60964958591c5d7f1ba68e24e98bf97ed144b485d4;39557;2;1;1
DOC-f0dfa0ab8cfe;es99fdp.txt;Kommunalwahlprogramm Gemeinde;Gemeinde;1999.0;f0dfa0ab8cfee906e42c7fa5588afd2c0cda79e8681f5690177b0a944be6f577;27572;1;1;0
DOC-f117b9d8cd6d;le20cdu.txt;Kommunalwahlprogramm Gemeinde;Gemeinde;2020.0;f117b9d8cd6dbc811d4f567afb04d55e514bdff637789defb0d9137fbd308df8;34056;1;1;0
DOC-f17c27e5a034;rg14gru.txt;Kommunalwahlprogramm Gemeinde;Gemeinde;2014.0;f17c27e5a034ffbe53c8475c4badd352b39c2d0ff319dbe914fb2b9b96176b0f;56772;1;1;0
DOC-f1830b5fd79b;Zwickau_2ZG_2024.txt;Kommunalwahlprogramm Gemeinde;Gemeinde;2024.0;f1830b5fd79b0c6afd6cc109cf1166492419abff41cf3d78b5dee1c93ef5336a;18710;1;1;0
DOC-f18e4c1716ae;Eibenstock_Gewerbe- & Tourismusverein Eibenstock e.V._2024.txt;Kommunalwahlprogramm Gemeinde;Gemeinde;2024.0;f18e4c1716ae2e19d1c1dedc486da843a6280367c6a42aa5db6baf5523e0ff74;1510;1;1;0
DOC-f1a98b0f35b2;Alzey_CDU_2024.txt;Kommunalwahlprogramm Gemeinde;Gemeinde;2024.0;f1a98b0f35b2a9a0ef8825edee9ed1985e7f98fb41efde2810b1b6487d8f4658;4523;1;1;0
DOC-f1bc9b1a7d11;Leipzig_AfD_2024.txt;Kommunalwahlprogramm Gemeinde;Gemeinde;2024.0;f1bc9b1a7d119144d1a8f3b350a48615cadd6b0dab97beff00cc4b7842317676;107009;1;1;0
DOC-f1ea72d92ac5;ch19fdp.txt;Kommunalwahlprogramm Gemeinde;Gemeinde;2019.0;f1ea72d92ac5fd415662828d66207bf0c8d124090cdae5e6241439cbf32b650c;52566;1;1;0
DOC-f1eda263bcba;st14spd.txt;Kommunalwahlprogramm Gemeinde;Gemeinde;2014.0;f1eda263bcbae227553c3de8f8c856293c35d05809f45e74f769ad67ba69044f;83229;1;1;0
DOC-f1f02a4d39b7;da16lin.txt;Kommunalwahlprogramm Gemeinde;Gemeinde;2016.0;f1f02a4d39b7d20b1300e6b00660aafbb0c9f948ad58a4718010a0507017756e;169657;1;1;0
DOC-f1fa2402dea6;Magdeburg_CDU_2024.txt;Kommunalwahlprogramm Gemeinde;Gemeinde;2024.0;f1fa2402dea668a9cb18487415a316608101f986e4a8f4a0f68cea537751bfa1;27348;1;1;0
DOC-f20e922aac8f;ch19spd.txt;Kommunalwahlprogramm Gemeinde;Gemeinde;2019.0;f20e922aac8f9f618cd28f3d215c30de0e3bd8e793b57829f7065f5eb464dbe6;37021;1;1;0
DOC-f24a7ba11c65;Nieder-Olm_CDU_2024.txt;Kommunalwahlprogramm Gemeinde;Gemeinde;2024.0;f24a7ba11c659cb37f28265732829a36e3b3062a40ffecdacd5e120668d10781;3852;1;1;0
DOC-f24c681f960a;Reutlingen_FDP_2024.txt;Kommunalwahlprogramm Gemeinde;Gemeinde;2024.0;f24c681f960a44e4531b9f8081b187d9bb4f824f39d6e8ff6aea9ac2b3509f48;21671;1;1;0
DOC-f24fd1397f2e;he20lin.txt;Kommunalwahlprogramm Gemeinde;Gemeinde;2020.0;f24fd1397f2eb0dee6c37c4889facbda1d092b73e127ab4d37dfa1c742618cf2;7683;1;1;0
DOC-f27d58dac75c;Baiersbronn_BUB_2024.txt;Kommunalwahlprogramm Gemeinde;Gemeinde;2024.0;f27d58dac75ca976954154d27f9a1f7ace886a9c202add8719595291bbaa8d15;3366;1;1;0
DOC-f2a014525e57;hl14par.txt;Kommunalwahlprogramm Gemeinde;Gemeinde;2014.0;f2a014525e5740cb16a795e42a3fc3908da097edc923cdb08c9b8ad76971f167;5992;1;1;0
DOC-f2c3b1bb346e;ks19gru.txt;Kommunalwahlprogramm Gemeinde;Gemeinde;2019.0;f2c3b1bb346e6714db60156531e0b0656c40734a12f31fcaaeeda4caedb17ba1;18725;1;1;0
DOC-f2c6a211360e;dl06cdu.txt;Kommunalwahlprogramm Gemeinde;Gemeinde;2006.0;f2c6a211360e97cd0359b8db8de86f209746938af3004ebc06c6735356a8f816;44226;1;1;0
DOC-f2db178fbee0;Luckau_UWG_2024.txt;Kommunalwahlprogramm Gemeinde;Gemeinde;2024.0;f2db178fbee068d848b815cc0041e4b763e807a02f125245d71c1d0ec8cdc26a;2081;1;1;0
DOC-f2e39cc16ab1;do20fbi.txt;Kommunalwahlprogramm Gemeinde;Gemeinde;2020.0;f2e39cc16ab1f92eb6a3102bb6a73275ec6189846dca8970d023162b66bc71ea;2796;1;1;0
DOC-f30e052685bf;ob99cdu.txt;Kommunalwahlprogramm Gemeinde;Gemeinde;1999.0;f30e052685bf9bba4f7cde5a7fe279d5c200dd906f0b5973d97fcb4445e377c1;45446;1;1;0
DOC-f311735298b2;Worms_SPD_2024.txt;Kommunalwahlprogramm Gemeinde;Gemeinde;2024.0;f311735298b246aa75d97b50999c3eb2eaec93d681abcdb9dbe376778f68cd37;34581;1;1;0
DOC-f35a0c889a05;Ulm_Junge Ulmer Liste_2024.txt;Kommunalwahlprogramm Gemeinde;Gemeinde;2024.0;f35a0c889a05c09d11d93c9ae3bf3ace7a3cc782f51a313bf6c72fcd2b031304;3329;1;1;0
DOC-f37694c9543c;ff11oek.txt;Kommunalwahlprogramm Gemeinde;Gemeinde;2011.0;f37694c9543c44d8994ed57cd0a7739bb438d63612ca1643610304469def3f17;16162;1;1;0
DOC-f39bfc9a5830;lp19afd.txt;Kommunalwahlprogramm Gemeinde;Gemeinde;2019.0;f39bfc9a5830de5705aca6e4ef6d849860bf46202716c27a0bce38b97ad69507;46969;1;1;0
DOC-f3ac8a4e3b2d;ha20gru.txt;Kommunalwahlprogramm Gemeinde;Gemeinde;2020.0;f3ac8a4e3b2daedc08ca472d17824e88f53f6f624d052f9fdd7324b7094914ca;97198;1;1;0
DOC-f3ad0b8ef940;Prüm_CDU_2024.txt;anderes kommunales Wahlprogramm;Land;2024.0;f3ad0b8ef940a5ba4366f7d79849e6a7968becf96664806c8589b6474b3109c8;42373;2;1;1
DOC-f3cb07a0fc32;Rastatt_FW_2024.txt;Kommunalwahlprogramm Gemeinde;Gemeinde;2024.0;f3cb07a0fc32891642bdf9ab05e05185c11409bfa969c8c60e6328b89805d612;6884;1;1;0
DOC-f3d5a48eac09;ms20par.txt;Kommunalwahlprogramm Gemeinde;Gemeinde;2020.0;f3d5a48eac09d6c51b9645b97304ff89c29c36bddee504791f79ce5337ffb413;10466;1;1;0
DOC-f3fd8bfda544;ac20cdu.txt;Kommunalwahlprogramm Gemeinde;Gemeinde;2020.0;f3fd8bfda544d7faf8e7d45d742faf40882f7b8f5b0d23eba3cae4b6220d174b;63798;1;1;0
DOC-f442aa53ef53;Tübingen_Klimaliste_2024.txt;Kommunalwahlprogramm Gemeinde;Gemeinde;2024.0;f442aa53ef53bd9fc1e08a1481c5db993ffbcc3b9c58a7beff00b6466a9199e4;95945;1;1;0
DOC-f491c242272e;bo20fdp.txt;Kommunalwahlprogramm Gemeinde;Gemeinde;2020.0;f491c242272e0d30cf367a45429b6d55fae20e562b928cabb4839a9d4a215115;67530;1;1;0
DOC-f4a16fed7018;Ditzingen_FWG_2024.txt;Kommunalwahlprogramm Gemeinde;Gemeinde;2024.0;f4a16fed7018567e38119964f59b57295ab38bc489a7f998faa839368ab95931;5585;1;1;0
DOC-f4aff162863d;Königsee_IWWFW_2024.txt;Kommunalwahlprogramm Gemeinde;Gemeinde;2024.0;f4aff162863d9add41164de5ef357de647de5f11260633dacc505f07a3f9e4db;5121;1;1;0
DOC-f4b2cbb0929b;Brieselang_SPD_2024.txt;Kommunalwahlprogramm Gemeinde;Gemeinde;2024.0;f4b2cbb0929b27589cba080b339bf0af9c80f3e02b8906211084102ecae57b30;10084;1;1;0
DOC-f4c2528428fa;rs20gru.txt;Kommunalwahlprogramm Gemeinde;Gemeinde;2020.0;f4c2528428fa676690768978fdc16a6c51b6ecacab9746019ce044bb05e5ce51;57983;1;1;0
DOC-f4ec4367da45;Koblenz_AfD_2024.txt;Kommunalwahlprogramm Gemeinde;Gemeinde;2024.0;f4ec4367da457877f5c4f6271161e2ad838dc16208d58ac7becc167b46343551;2413;1;1;0
DOC-f502c3978f0d;ob09lin.txt;Kommunalwahlprogramm Gemeinde;Gemeinde;2009.0;f502c3978f0dc503c7efbc076171f29c999ab95038262ba19851856a1b6c27df;39381;1;1;0
DOC-f5195d4d459d;Böblingen_FWG_2024.txt;Kommunalwahlprogramm Gemeinde;Gemeinde;2024.0;f5195d4d459dd41f33e55e587bc2af27c372e852f1429e763c904e09fa01835e;3389;1;1;0
DOC-f5454699dda8;Freiburg im Breisgau_Linke_2024.txt;Kommunalwahlprogramm Gemeinde;Gemeinde;2024.0;f5454699dda8ec2ae5f90282ccfccd53cf69b085cc6d98b85283b9cd9aa2dc9e;45999;1;1;0
DOC-f555b5d34868;ef19dri.txt;Kommunalwahlprogramm Gemeinde;Gemeinde;2019.0;f555b5d348684a21a3147b2034d9f066f3f382e67968ef45ba5e33aa1ff95254;19948;1;1;0
DOC-f5915e1f687a;Haßloch_CDU_2024.txt;Kommunalwahlprogramm Gemeinde;Gemeinde;2024.0;f5915e1f687a0980c0678536155c98c185a00b933e44267119c2cd7ee65ea49d;16507;1;1;0
DOC-f59a2c0269eb;Bad Schönborn_Grüne_2024.txt;Kommunalwahlprogramm Gemeinde;Gemeinde;2024.0;f59a2c0269ebdc18f4826e20e56a66053a9334021d48f548cabf133f0e8458db;2171;1;1;0
DOC-f5a37a07983f;ki13wak.txt;Kommunalwahlprogramm Gemeinde;Gemeinde;2013.0;f5a37a07983f54190ca9d6b4f70ac6204ecb6e56c101a4076abbca8fdae3840e;9140;1;1;0
DOC-f5c69112027d;Lebach_Grüne_2024.txt;Kommunalwahlprogramm Gemeinde;Gemeinde;2024.0;f5c69112027da186686de287b8472921b887a760e1497d61459f18307d4de8c8;16932;1;1;0
DOC-f5e48e311f18;ko20afd.txt;Kommunalwahlprogramm Gemeinde;Gemeinde;2020.0;f5e48e311f18006bfab55eca531198c7402865a35c6e2b5a5793662c015463df;37865;1;1;0
DOC-f5f4ef5b58e3;Bad Kreuznach_FDP_2024.txt;Kommunalwahlprogramm Gemeinde;Gemeinde;2024.0;f5f4ef5b58e37039b9061f7fb8ae78e55869cd053e3a4628a6e3fe211e81074a;48300;1;1;0
DOC-f5fe02606823;in14csu.txt;Kommunalwahlprogramm Gemeinde;Gemeinde;2014.0;f5fe026068237258e0a8828ea79e4d0e630d801a4d8125f67eb3c63cc5a869a1;19463;1;1;0
DOC-f62e92ef6ac9;bo14pir.txt;Kommunalwahlprogramm Gemeinde;Gemeinde;2014.0;f62e92ef6ac9ee97611c54d79cb0792f74123c141377f49eb70568fdfad00f8c;51607;1;1;0
DOC-f630d8e1e469;tr14cdu.txt;Kommunalwahlprogramm Gemeinde;Gemeinde;2014.0;f630d8e1e469478cb0c3f3cc9a6b2e8f9dba556ce95beaadd76438bb04db8273;20962;1;1;0
DOC-f642d2103ac9;Zwickau_CDU_2024.txt;Kommunalwahlprogramm Gemeinde;Gemeinde;2024.0;f642d2103ac94ee9ba1a2b9f4e1ff3038a36ade9fbb405bd4788ea3dee02d59e;19627;1;1;0
DOC-f656f7558620;Bad Schönborn_CDU_2024.txt;Kommunalwahlprogramm Gemeinde;Gemeinde;2024.0;f656f7558620e122b80cab53c2e554f4b0ffedb4b687fd8ef4d9deafee046e65;5362;1;1;0
DOC-f66f65a5016b;Heidelberg_CDU_2024.txt;Kommunalwahlprogramm Gemeinde;Gemeinde;2024.0;f66f65a5016b1b1badad8bb34a16d82ea8968b0cb6dbfa43bd8c31b0f8f23da2;10934;1;1;0
DOC-f671e1b080ff;ff11cdu.txt;Kommunalwahlprogramm Gemeinde;Gemeinde;2011.0;f671e1b080ffed0ae646c3f7fe82a4164c9bcec4e352a0f6cbd140603667767f;98204;1;1;0
DOC-f6a24a818700;Ravensburg_CDU_2024.txt;Kommunalwahlprogramm Gemeinde;Gemeinde;2024.0;f6a24a818700770c2d0542c4f523813f2ec2ceeef9cea6c84a8aaea3024ed352;5694;1;1;0
DOC-f6d14c242db2;ac09cdu.txt;Kommunalwahlprogramm Gemeinde;Gemeinde;2009.0;f6d14c242db2a9a39cf58a17f89a23b6bcc4c4d198d707442f7d18fba06b45ee;34718;1;1;0
DOC-f6e8b9e70a6a;ks19afd.txt;Kommunalwahlprogramm Gemeinde;Gemeinde;2019.0;f6e8b9e70a6a51a21460a007711b3bd653a618b91da6354e0646cdc66e7a82ac;6186;1;1;0
DOC-f6edd34e18ba;hn19cdu.txt;Kommunalwahlprogramm Gemeinde;Gemeinde;2019.0;f6edd34e18ba7cc4a456dfe430970df66e2beb54eec5a060f5c977a4f20dde69;45883;1;1;0
DOC-f6f57f4c53bb;mz14spd.txt;Kommunalwahlprogramm Gemeinde;Gemeinde;2014.0;f6f57f4c53bbafbccab0992e4dfbba4db1c733f64c93dc0b78a83764a572489a;73450;1;1;0
DOC-f72f5a366bbf;wo11spd.txt;Kommunalwahlprogramm Gemeinde;Gemeinde;2011.0;f72f5a366bbf367f23a7de9a8ce014c9bb6d08484ab9938ab6dc4508bb258c03;23586;1;1;0
DOC-f772200e5c6c;Pforzheim_WiP_2024.txt;Kommunalwahlprogramm Gemeinde;Gemeinde;2024.0;f772200e5c6cbd9de0ef533f1c1c72ea6e7f8811122d9e35a2f0f8bdcfa8b7a8;1943;1;1;0
DOC-f77818300672;ob20spd.txt;Kommunalwahlprogramm Gemeinde;Gemeinde;2020.0;f7781830067287ac805acc14a32492dd0e4b115df5d6044e6d006617d22d0921;39633;1;1;0
DOC-f7851961b3be;pf19fwg.txt;Kommunalwahlprogramm Gemeinde;Gemeinde;2019.0;f7851961b3be8e1acd37b579d0a30bf6ec3fa3317ea38e8e04c772e1699ba4c3;4349;1;1;0
DOC-f79b38a64b67;Jena_AfD_2024.txt;Kommunalwahlprogramm Gemeinde;Gemeinde;2024.0;f79b38a64b67063f2497bb926a645a82ee7cffa870d0a45c6432adc9427898d7;17007;1;1;0
DOC-f7a9b34d2119;dr14spd.txt;Kommunalwahlprogramm Gemeinde;Gemeinde;2014.0;f7a9b34d2119d42ff07fd4188fed387ba3fcd123b14a78fe0a9a560bbde93b93;118564;1;1;0
DOC-f7f52eb7ef32;Heidelberg_Grüne_2024.txt;Kommunalwahlprogramm Gemeinde;Gemeinde;2024.0;f7f52eb7ef323a3b2846f50e8045d3ad78e3f4f4930611c4bdef8103b89b0a4b;75910;1;1;0
DOC-f7fbbb7ac326;em16cdu.txt;Kommunalwahlprogramm Gemeinde;Gemeinde;2016.0;f7fbbb7ac326750744ebb2792ecdd42bbb2da4328a360a1491f12b4ff0757e0f;4398;1;1;0
DOC-f8062babbf47;Heidelberg_FDP_2024.txt;Kommunalwahlprogramm Gemeinde;Gemeinde;2024.0;f8062babbf47084ef3e73cfb92731128cb36a515cefc20fc275d3872024c2a2e;75237;1;1;0
DOC-f8097f1cbdae;bi20par.txt;Kommunalwahlprogramm Gemeinde;Gemeinde;2020.0;f8097f1cbdae8ccb88a0a0753d48a1d5c26c5d8f14f2c52dbc4e7d5e75fe21bb;3385;1;1;0
DOC-f828eeb11e9b;Baiersbronn_CDU_2024.txt;anderes kommunales Wahlprogramm;Landkreis;2024.0;f828eeb11e9bbb59d21fa4d0b0070a5e06c094d4cafd5216e15b0e0be4d53299;1840;2;1;1
DOC-f877be5deb21;lb18fdp.txt;Kommunalwahlprogramm Gemeinde;Gemeinde;2018.0;f877be5deb21c2b0ace2a0d9ea39a7200f193d521e04273f9018a51404003753;67970;1;1;0
DOC-f877d5db241c;wu20wfw.txt;Kommunalwahlprogramm Gemeinde;Gemeinde;2020.0;f877d5db241c8fef94e543672d57a7718c8e70a9b504023cc676b40e73622808;15649;1;1;0
DOC-f8810728b7b8;Baden-Baden_CDU_2024.txt;Kommunalwahlprogramm Gemeinde;Gemeinde;2024.0;f8810728b7b82ff93efa34c2babd0bfea94d8ed4be07951defb17205c4d9c35b;5245;1;1;0
DOC-f8c44d7ab745;Rostock_FDP_2024.txt;Kommunalwahlprogramm Gemeinde;Gemeinde;2024.0;f8c44d7ab745eb4cbe00697898ff036d4d19f30de775c267ea55ec828a534d15;136643;1;1;0
DOC-f8f22c6b75e2;mz14cdu.txt;Kommunalwahlprogramm Gemeinde;Gemeinde;2014.0;f8f22c6b75e285b01ae74e50e67061ae10b87dd66d22718fb4c1997b5f610263;78110;1;1;0
DOC-f8f3ddd680c0;ks19lin.txt;Kommunalwahlprogramm Gemeinde;Gemeinde;2019.0;f8f3ddd680c0341bf3de44937a4b7f141c685bf2a78e315f4ce5c75a4613aa76;146153;1;1;0
DOC-f8f8549a2347;Reutlingen_Grüne_2024.txt;Kommunalwahlprogramm Gemeinde;Gemeinde;2024.0;f8f8549a23477bfddce628acb66cf3502a2a5c58c76cbe6016bfb10cf6ca0405;10906;1;1;0
DOC-f905efe65026;Völklingen_CDU_2024.txt;Kommunalwahlprogramm Gemeinde;Gemeinde;2024.0;f905efe650262f5fd12cd5fc3f1421b7d0cee55677c1e7656cd19ee4f791c27d;23192;1;1;0
DOC-f91848198c26;Meiningen_FWG_2024.txt;Kommunalwahlprogramm Gemeinde;Gemeinde;2024.0;f91848198c26a3c860ee8a49e6351bf58f149b8fc363c3fd29d622f362339325;2220;1;1;0
DOC-f91c9cbe19fd;Dummerstorf_UBG_2024.txt;Kommunalwahlprogramm Gemeinde;Gemeinde;2024.0;f91c9cbe19fd1b189b040987883f21bf575739dd4a5d0ecd26aa421abcd94872;1870;1;1;0
DOC-f92a5d53f448;dr19spd.txt;Kommunalwahlprogramm Gemeinde;Gemeinde;2019.0;f92a5d53f4488182f5bcc35f82ec42890fd916e322268bc4ed6e414a3cc675de;98930;1;1;0
DOC-f92fa32fed11;lb13spd.txt;Kommunalwahlprogramm Gemeinde;Gemeinde;2013.0;f92fa32fed11b57de91879f7856f2aad4a116e89a356ba8ec4d21133df56b2e7;54197;1;1;0
DOC-f937ee3e2e12;ff01fag.txt;Kommunalwahlprogramm Gemeinde;Gemeinde;2001.0;f937ee3e2e121401ec0916382d877edd7d5d1293c2926921e146d0680cc7bb3f;23568;1;1;0
DOC-f978cb43d4e4;bi20big.txt;Kommunalwahlprogramm Gemeinde;Gemeinde;2020.0;f978cb43d4e4837a2f30c097136a586b657681840b0c1948e8dfedfb448f0aa5;35406;1;1;0
DOC-f991325477b0;Ludwigsburg_AfD_2024.txt;Grundsatzprogramm;Landkreis;2024.0;f991325477b0400f260d3738884ee6ef66c36fb610c20e862b9b66142506a801;13182;2;1;1
DOC-f9ad11f57694;Ditzingen_CDU_2024.txt;Kommunalwahlprogramm Gemeinde;Gemeinde;2024.0;f9ad11f5769470b2f419692954da3e602aaa1d690d0d7c3e25da198e2cb8b09a;14399;1;1;0
DOC-f9b4a0a0e3c2;ol16cdu.txt;Kommunalwahlprogramm Gemeinde;Gemeinde;2016.0;f9b4a0a0e3c2f934816ef91761e3b449cbdd970c73efabbcfed51b1968c8cd6b;80408;1;1;0
DOC-f9d191f561f4;mu20mul.txt;Kommunalwahlprogramm Gemeinde;Gemeinde;2020.0;f9d191f561f43e98d0d8b7d662bac108a312e8d957a123e14ae6a4aa3bd1378f;52020;1;1;0
DOC-fa0d92446b72;Arnstadt_FDP_2024.txt;Kommunalwahlprogramm Gemeinde;Gemeinde;2024.0;fa0d92446b726c9c89cf53c145afd5a45fb2488039f504e01d7618f6693702ab;20788;1;1;0
DOC-fa102ca5d5d3;Pforzheim_ZfP_2024.txt;Kommunalwahlprogramm Gemeinde;Gemeinde;2024.0;fa102ca5d5d3c36587897b6f752b3cfb197ce345d24f12162e7ca91c2719aa3f;4520;1;1;0
DOC-fa3d099907e1;bi09fdp.txt;Kommunalwahlprogramm Gemeinde;Gemeinde;2009.0;fa3d099907e167d4b8fed43b6982a0046eaad4b3401bc09124d95f0a59bb675d;43018;1;1;0
DOC-fa911eadf112;do20afd.txt;Kommunalwahlprogramm Gemeinde;Gemeinde;2020.0;fa911eadf112df9cf7fa684728307467004dd9375b5c2eff162a945ada932c6f;32975;1;1;0
DOC-fb27011886ea;Erfurt_FDP_2024.txt;Kommunalwahlprogramm Gemeinde;Gemeinde;2024.0;fb27011886ea50e571c4a244282a1f8918842792399ed197a27f82e6c60cc4f9;19773;1;1;0
DOC-fb3f14c40fe6;Sandhausen_SPD_2024.txt;Kommunalwahlprogramm Gemeinde;Gemeinde;2024.0;fb3f14c40fe6832181935a5a27553b8e332724cdd53a61caa0c803be6b278a2c;6013;1;1;0
DOC-fb5a96a9aeef;Freiburg im Breisgau_CDU_2024.txt;Kommunalwahlprogramm Gemeinde;Gemeinde;2024.0;fb5a96a9aeef17bda35e23b733562ea7d0fc4328379b92ff8a11996797aaf016;65743;1;1;0
DOC-fba63dfa79f1;dr14pir.txt;Kommunalwahlprogramm Gemeinde;Gemeinde;2014.0;fba63dfa79f165cb29e780fdfc86fd0c8af4f2d189c69aef601abc770b4e58cb;85601;1;1;0
DOC-fbad3df4c3a8;mb19tsp.txt;Kommunalwahlprogramm Gemeinde;Gemeinde;2019.0;fbad3df4c3a843df9ba88405bb3d2cb23eceb62e2887178607b2b9feaeb04008;132193;1;1;0
DOC-fbb739b70e6c;tr14pir.txt;Kommunalwahlprogramm Gemeinde;Gemeinde;2014.0;fbb739b70e6cf5eb3c2b38a8b37e73cb2a7181fc6d81a91b05cd743bef0c8199;58048;1;1;0
DOC-fbbffd68b65d;Petersberg_PROKK_2024.txt;Kommunalwahlprogramm Gemeinde;Gemeinde;2024.0;fbbffd68b65de803a94de09ee786647910fdc1542bca719865488341cc27ceb5;1698;1;1;0
DOC-fbd091474704;br15cdu.txt;Kommunalwahlprogramm Gemeinde;Gemeinde;2015.0;fbd0914747040192054be394b5496e628a4cbfb7ccb6970d3f2cc6ed8f712d80;185160;1;1;0
DOC-fbf0a972b232;Greifswald_AfD_2024.txt;anderes kommunales Wahlprogramm;Landkreis;2024.0;fbf0a972b23276de47f34ec423e0c1c85ad2bf2fcb7b93d9060f2286963f5177;45895;2;1;1
DOC-fc2c2846beca;gt20lin.txt;Kommunalwahlprogramm Gemeinde;Gemeinde;2020.0;fc2c2846becae139ec24634781751a91e31d7bb558c7da6310ac69acea8acec4;54387;1;1;0
DOC-fc4584406937;je14gru.txt;Kommunalwahlprogramm Gemeinde;Gemeinde;2014.0;fc45844069371d1cc7a81d5c3118bc66c92b07d0193caf2d026fc3dae1a8ac66;94756;1;1;0
DOC-fc52ef9b11dd;Arnstadt_FWG_2024.txt;Kommunalwahlprogramm Gemeinde;Gemeinde;2024.0;fc52ef9b11ddcafa296da4939b8e7a0483e629fd5ab411b172d0aed2325c3ff0;1928;1;1;0
DOC-fc5834c2d724;br15nli.txt;Kommunalwahlprogramm Gemeinde;Gemeinde;2015.0;fc5834c2d72402017d1d08d5d289802ec84a570fdef930e4743afa5c7d3e66cc;15104;1;1;0
DOC-fc614cff9b55;Lauta_CDU_2024.txt;anderes kommunales Wahlprogramm;Landkreis und Gemeinden;2024.0;fc614cff9b553187171f80527a7766f7521571db2bfb21f0cef9760ccd4b6755;17202;2;1;1
DOC-fc6bea102773;go16afd.txt;Kommunalwahlprogramm Gemeinde;Gemeinde;2016.0;fc6bea1027731826546b7cc4fe0fa7f44f766c6e5345d9501b007b5778788257;9609;1;1;0
DOC-fc7b44991ba9;ds04cdu.txt;Kommunalwahlprogramm Gemeinde;Gemeinde;2004.0;fc7b44991ba942fc3f81ef62d2cf4a2ff78b770391c03245dd7ca3453611e78b;12051;1;1;0
DOC-fd08cf9039d2;ul14fdp.txt;Kommunalwahlprogramm Gemeinde;Gemeinde;2014.0;fd08cf9039d23e6b76aca0fdbc54ab771e2ccf3cd0de4ef00923687ed2641b65;23255;1;1;0
DOC-fd103744f002;du09sgu.txt;Kommunalwahlprogramm Gemeinde;Gemeinde;2009.0;fd103744f002304178496e8e3c924317beccbe61015c427034db6f0d28a5ca6e;35303;1;1;0
DOC-fd1eac21367e;au14gru.txt;Kommunalwahlprogramm Gemeinde;Gemeinde;2014.0;fd1eac21367e182e8ed9def4fb0c4befe6fac7fdd852430e451a8b7946933891;203664;1;1;0
DOC-fd2a771db80a;Leipzig_Volt_2024.txt;Kommunalwahlprogramm Gemeinde;Gemeinde;2024.0;fd2a771db80ac0dc1999bd3da8f4aba056e1192188425c3c2d55a9e68df4e8f9;1519;1;1;0
DOC-fd821e2aa01c;Stavenhagen (Reuterstadt)_Linke_2024.txt;Kommunalwahlprogramm Gemeinde;Gemeinde;2024.0;fd821e2aa01c6702bd328f06e94ae7cb4f3f5cdd71557c4d95ef579f5904b901;10031;1;1;0
DOC-fd95fb5ed173;Görlitz_CDU_2024.txt;Kommunalwahlprogramm Gemeinde;Gemeinde;2024.0;fd95fb5ed1737eede2175a80561b38486aa77616e0fae80b07fcc087afa54c9a;18801;1;1;0
DOC-fdc45c506098;Kaiserslautern_FDP_2024.txt;anderes kommunales Wahlprogramm;Land;2024.0;fdc45c506098d5b6d460dcc3509989316cdf7e7b84783545fe9a8463bc8f38ca;136031;2;1;1
DOC-fddca6032aa5;Halle (Saale)_Volt_2024.txt;Kommunalwahlprogramm Gemeinde;Gemeinde;2024.0;fddca6032aa50e391db83624410b0bae99de016e3292d23ae01763a0b6f70c50;30792;1;1;0
DOC-fdee47cf1686;hd19gal.txt;Kommunalwahlprogramm Gemeinde;Gemeinde;2019.0;fdee47cf168680f66ab91dc88b7ab6e02f9ba209a6a546398104bd4f5e294982;8849;1;1;0
DOC-fe15c9796f47;Zwickau_BfZ_2024.txt;Kommunalwahlprogramm Gemeinde;Gemeinde;2024.0;fe15c9796f47bb2b3bafbede1d458731ca9ef1b2d5bd55e0358745eb0d3de803;29387;1;1;0
DOC-fe69ebb2cab3;hl14cdu.txt;Kommunalwahlprogramm Gemeinde;Gemeinde;2014.0;fe69ebb2cab36b3b5632b9bc09d53dde84e69289786ba97d33213e2107387341;35988;1;1;0
DOC-fe6bfa8a1350;do09spd.txt;Kommunalwahlprogramm Gemeinde;Gemeinde;2009.0;fe6bfa8a1350e842ebad568271b4562823bda8aa0060237bc9e3229135c2869c;84140;1;1;0
DOC-fe764aaa81b6;le20par.txt;Kommunalwahlprogramm Gemeinde;Gemeinde;2020.0;fe764aaa81b6d8ef515b23ece7107a1cb6ba3e282449ea9aed65f69d8f1ef6d1;862;1;1;0
DOC-fe7e88f4419a;go16lin.txt;Kommunalwahlprogramm Gemeinde;Gemeinde;2016.0;fe7e88f4419a817deb7581e8dbcc4df84936b438755137e438b901a87d6b8a18;104889;1;1;0
DOC-fe9f8526cf1e;Meiningen_SPD_2024.txt;Kommunalwahlprogramm Gemeinde;Gemeinde;2024.0;fe9f8526cf1ea128cf4bfe19063dffb9b40852ca7c33f8d13e737327bad01c83;4180;1;1;0
DOC-feb75a3a5a83;Sömmerda_FDP_2024.txt;anderes kommunales Wahlprogramm;Landkreis;2024.0;feb75a3a5a8313b39e3f685b832f40c799b358d9ceac3acd5fa9ba7459eb3721;1875;2;1;1
DOC-febd8d8bf687;Gera_CDU_2024.txt;Kommunalwahlprogramm Gemeinde;Gemeinde;2024.0;febd8d8bf687173c890f8608f757747ba02ef1a1ebdb921024446cfc2abcf8de;47082;1;1;0
DOC-feea39a1d49b;wi16pir.txt;Kommunalwahlprogramm Gemeinde;Gemeinde;2016.0;feea39a1d49b98a50ae3d76e78d7b1e188ea45461df0a2321eb12959dcc9f770;5141;1;1;0
DOC-fef1415ae69e;ge09big.txt;Kommunalwahlprogramm Gemeinde;Gemeinde;2009.0;fef1415ae69e19905fc7383357f387a72e6eb97eb4627faa531db70c736d167d;11214;1;1;0
DOC-fef89a11a53d;Villingen-Schwenningen_FWG_2024.txt;Kommunalwahlprogramm Gemeinde;Gemeinde;2024.0;fef89a11a53da0104714e2be174cb9960cad1899bb570cc863f8000d39bd08fe;5452;1;1;0
DOC-ff1a5c2b1875;le20afd.txt;Kommunalwahlprogramm Gemeinde;Gemeinde;2020.0;ff1a5c2b18750e2959c9cac5f70c486cf649a184a6f104c1bbdafae5275cc140;9758;1;1;0
DOC-ff262b16187b;ne20tsh.txt;Kommunalwahlprogramm Gemeinde;Gemeinde;2020.0;ff262b16187babe1f015f52ec1abc1ff73226f276880847ba3a35841df8f5858;8527;1;1;0
DOC-ff573b21b500;in20afd.txt;Kommunalwahlprogramm Gemeinde;Gemeinde;2020.0;ff573b21b5000e2d0659e0f7a9d6e9b0abf434ff635921e19114e5aaaed40ab0;1672;1;1;0
DOC-ffa373a8d86e;mh14cdu.txt;Kommunalwahlprogramm Gemeinde;Gemeinde;2014.0;ffa373a8d86e855033735ecd8df6b1361b1f49d203bf47d69b3492aa0182b266;52234;1;1;0
DOC-ffaf8459db90;lb18afd.txt;Kommunalwahlprogramm Gemeinde;Gemeinde;2018.0;ffaf8459db9079bb709787fd21d99d60ec53e64ee4bc79cd0cb9029c7bae77ef;20281;1;1;0
DOC-ffb3f01f8571;Schwäbisch Gmünd_söl_2024.txt;Kommunalwahlprogramm Gemeinde;Gemeinde;2024.0;ffb3f01f857158081dba8a4117d77397eec220becf23ba5125d34922f9346c6f;19523;1;1;0
DOC-ffb8fc0dc8a3;ff01cdu.txt;Kommunalwahlprogramm Gemeinde;Gemeinde;2001.0;ffb8fc0dc8a33f4276c45d2fbf966a46ed3ea29d37df7438ecb6c27f684c8006;108482;1;1;0
DOC-ffc5126efca1;da16afd.txt;Kommunalwahlprogramm Gemeinde;Gemeinde;2016.0;ffc5126efca17cf608aca7a20a4ef8185bb14a24725c00d9bd16f4ba5b61650f;18680;1;1;0
DOC-ffe854f076f6;Cottbus_Linke_2024.txt;Kommunalwahlprogramm Gemeinde;Gemeinde;2024.0;ffe854f076f678ba294284ad278a0f1c92b7d55812b644242ac5ca62e1e01d77;61186;1;1;0
