source;filename;content_hash;bytes;manifesto_id;municipality;state;party;party_abbreviation;election_year;document_type;program_scope;classification_reason;path
main;ka89cdu.txt;58ce00388e1aaa8c3159d97a9523d7aceeb168fb994a2d1ec3dd74fbdddbedfd;34889;GLMP-5C13BBBD4D;Kassel;Hessen;CDU;cdu;1989.0;Kommunalwahlprogramm Gemeinde;Gemeinde;Hauptkorpus: kommunales Wahlprogramm der Gemeinde;manifestos/ka89cdu.txt
main;ka93cdu.txt;9f8680b6bd98f096d09c108cd7e2cfac3d97a02e98ea3be45cf47c511345bf4e;23320;GLMP-EBE242CD2B;Kassel;Hessen;CDU;cdu;1993.0;Kommunalwahlprogramm Gemeinde;Gemeinde;Hauptkorpus: kommunales Wahlprogramm der Gemeinde;manifestos/ka93cdu.txt
main;of93fdp.txt;ba4d918f8f22f9fc671cc1d66d6560e067bbf2f1750d64327662425b5cf25b1c;92530;GLMP-D6622D73EF;Offenbach am Main;Hessen;FDP;fdp;1993.0;Kommunalwahlprogramm Gemeinde;Gemeinde;Hauptkorpus: kommunales Wahlprogramm der Gemeinde;manifestos/of93fdp.txt
main;of93gru.txt;6a3cd97e8eb265e41024c34a2aba6f6b2653681f45e0209f327349117d59dc7a;139442;GLMP-4D127DEB31;Offenbach am Main;Hessen;Grüne;gru;1993.0;Kommunalwahlprogramm Gemeinde;Gemeinde;Hauptkorpus: kommunales Wahlprogramm der Gemeinde;manifestos/of93gru.txt
main;ac94spd.txt;4a23157791dc96a7e3544f33efbe755d6df0c852399fb2405e43f0b42c883220;24724;GLMP-98ED3253C4;Aachen;Nordrhein-Westfalen;SPD;spd;1994.0;Kommunalwahlprogramm Gemeinde;Gemeinde;Hauptkorpus: kommunales Wahlprogramm der Gemeinde;manifestos/ac94spd.txt
main;bi94gru.txt;6a4085e27460adf481d57a5430189b84dd87460769e80b70a7b6f85e093d26bd;11808;GLMP-D9821B418E;Bielefeld;Nordrhein-Westfalen;Grüne;gru;1994.0;Kommunalwahlprogramm Gemeinde;Gemeinde;Hauptkorpus: kommunales Wahlprogramm der Gemeinde;manifestos/bi94gru.txt
main;bn94cdu.txt;109c69826562e95ce1fa03f52ec7f30dc4e6292368e1d68df37c4a08eb7778bf;46676;GLMP-A11301080C;Bonn;Nordrhein-Westfalen;CDU;cdu;1994.0;Kommunalwahlprogramm Gemeinde;Gemeinde;Hauptkorpus: kommunales Wahlprogramm der Gemeinde;manifestos/bn94cdu.txt
main;es94fdp.txt;15b0672edb00f26a720a73c2b2dc5b444a6b25ba88a983ec78354f69a138d7a4;43341;GLMP-1C49532B32;Essen;Nordrhein-Westfalen;FDP;fdp;1994.0;Kommunalwahlprogramm Gemeinde;Gemeinde;Hauptkorpus: kommunales Wahlprogramm der Gemeinde;manifestos/es94fdp.txt
main;hm94gru.txt;2fc1da0c989851edccd04531649fc4b16e2ef5e12395956d8a8577e032c4f4a5;38028;GLMP-1BE660B5BD;Hamm;Nordrhein-Westfalen;Grüne;gru;1994.0;Kommunalwahlprogramm Gemeinde;Gemeinde;Hauptkorpus: kommunales Wahlprogramm der Gemeinde;manifestos/hm94gru.txt
main;kr94cdu.txt;dbf5ac5300059bcd70d7a86e8f0b0933e9be3e520080387c5b82d02079877a1a;150801;GLMP-5B5E76BBAC;Krefeld;Nordrhein-Westfalen;CDU;cdu;1994.0;Kommunalwahlprogramm Gemeinde;Gemeinde;Hauptkorpus: kommunales Wahlprogramm der Gemeinde;manifestos/kr94cdu.txt
main;le94cdu.txt;2774b7653ac7dc1ad0e3b33e46f8aff510d726bdd57eae46e92bd6acf98a3dee;49412;GLMP-BE5116D001;Leverkusen;Nordrhein-Westfalen;CDU;cdu;1994.0;Kommunalwahlprogramm Gemeinde;Gemeinde;Hauptkorpus: kommunales Wahlprogramm der Gemeinde;manifestos/le94cdu.txt
main;mg94fdp.txt;e32b35c662155eca12f81c96103f5d77100876e8b96287ca1a5546b7682ea22d;153626;GLMP-0436B165C9;Moenchengladbach;Nordrhein-Westfalen;FDP;fdp;1994.0;Kommunalwahlprogramm Gemeinde;Gemeinde;Hauptkorpus: kommunales Wahlprogramm der Gemeinde;manifestos/mg94fdp.txt
main;mo94cdu.txt;0b6ba3066990c1a0df038ec0e94ecfa24bfc8300d6386ff00f8a4058e1749893;26244;GLMP-5466071F66;Moers;Nordrhein-Westfalen;CDU;cdu;1994.0;Kommunalwahlprogramm Gemeinde;Gemeinde;Hauptkorpus: kommunales Wahlprogramm der Gemeinde;manifestos/mo94cdu.txt
main;ob94cdu.txt;68b2e6760bfebfefb511fefcc7b4e1f0e8b68edc7ae9a31e3e64e75f32e3de20;51388;GLMP-8881E7894B;Oberhausen;Nordrhein-Westfalen;CDU;cdu;1994.0;Kommunalwahlprogramm Gemeinde;Gemeinde;Hauptkorpus: kommunales Wahlprogramm der Gemeinde;manifestos/ob94cdu.txt
main;si94gru.txt;06e352148b6bb4cdf853848b27cca47f7af8af1aa55bbf9d59c29b357c62d5d0;140902;GLMP-61490BC93C;Siegen;Nordrhein-Westfalen;Grüne;gru;1994.0;Kommunalwahlprogramm Gemeinde;Gemeinde;Hauptkorpus: kommunales Wahlprogramm der Gemeinde;manifestos/si94gru.txt
main;da97die.txt;94ebe6cf843b2bc055ad38144cd1833c683df4c80066af0e51d5a308caf10bc4;2187;GLMP-141D77F62C;Darmstadt;Hessen;Die Frauen;die;1997.0;Kommunalwahlprogramm Gemeinde;Gemeinde;Hauptkorpus: kommunales Wahlprogramm der Gemeinde;manifestos/da97die.txt
main;ka97cdu.txt;5b84dd21b94e6bbc79dddd9b7b21f141d3b23a8031d8ff84457d312d4e2e5f45;7238;GLMP-B0A0CC33E1;Kassel;Hessen;CDU;cdu;1997.0;Kommunalwahlprogramm Gemeinde;Gemeinde;Hauptkorpus: kommunales Wahlprogramm der Gemeinde;manifestos/ka97cdu.txt
main;ka97fwg.txt;197f575c701205591b58606a046e3584801ec57270411b39154c12ae6c0cd502;41057;GLMP-3865103051;Kassel;Hessen;Freie Wähler;fwg;1997.0;Kommunalwahlprogramm Gemeinde;Gemeinde;Hauptkorpus: kommunales Wahlprogramm der Gemeinde;manifestos/ka97fwg.txt
main;of97fdp.txt;72bd74b2939a7bec1a01ed43345c437592a9e960e47e6285602d2ab9e9ad1e0c;100965;GLMP-42D957409F;Offenbach am Main;Hessen;FDP;fdp;1997.0;Kommunalwahlprogramm Gemeinde;Gemeinde;Hauptkorpus: kommunales Wahlprogramm der Gemeinde;manifestos/of97fdp.txt
main;of97gru.txt;51c6eacce4d18698ae4dd4955902e96ab1b7515c76fd0619005dfbef49daa721;62434;GLMP-D082DF80B9;Offenbach am Main;Hessen;Grüne;gru;1997.0;Kommunalwahlprogramm Gemeinde;Gemeinde;Hauptkorpus: kommunales Wahlprogramm der Gemeinde;manifestos/of97gru.txt
main;ac99spd.txt;43a4dd25cfd7cb3b02f4d2d82d270b062138116c4c648d7e729ab754e98fa113;87718;GLMP-0E35705B46;Aachen;Nordrhein-Westfalen;SPD;spd;1999.0;Kommunalwahlprogramm Gemeinde;Gemeinde;Hauptkorpus: kommunales Wahlprogramm der Gemeinde;manifestos/ac99spd.txt
main;bi99gru.txt;770194e16433561afd01d4484ff4ac9f411a4e307268ad7295cab35af94be2aa;149594;GLMP-5454851897;Bielefeld;Nordrhein-Westfalen;Grüne;gru;1999.0;Kommunalwahlprogramm Gemeinde;Gemeinde;Hauptkorpus: kommunales Wahlprogramm der Gemeinde;manifestos/bi99gru.txt
main;bo99fdp.txt;4d790188360f6be2ecab5e12458d19a25faba3bae9b4ff22fc8f002027a5eb1c;17511;GLMP-38B32FB7BA;Bochum;Nordrhein-Westfalen;FDP;fdp;1999.0;Kommunalwahlprogramm Gemeinde;Gemeinde;Hauptkorpus: kommunales Wahlprogramm der Gemeinde;manifestos/bo99fdp.txt
main;bo99gru.txt;8158f7f60717756f80211e0d59701509843df51aadeb173dd029418a21f6a398;151607;GLMP-02AA95C9ED;Bochum;Nordrhein-Westfalen;Grüne;gru;1999.0;Kommunalwahlprogramm Gemeinde;Gemeinde;Hauptkorpus: kommunales Wahlprogramm der Gemeinde;manifestos/bo99gru.txt
main;bn99cdu.txt;b0b114a1510f0ef8a95c38caa10375babfb25c54badd838369a70945bce73ce6;206892;GLMP-C14E2272AE;Bonn;Nordrhein-Westfalen;CDU;cdu;1999.0;Kommunalwahlprogramm Gemeinde;Gemeinde;Hauptkorpus: kommunales Wahlprogramm der Gemeinde;manifestos/bn99cdu.txt
main;bn99gru.txt;79cbe2640ca6910187a2615f5de59f7a7580eba5d1208ddfd36adb7855bd1504;146846;GLMP-B7B335DAD8;Bonn;Nordrhein-Westfalen;Grüne;gru;1999.0;Kommunalwahlprogramm Gemeinde;Gemeinde;Hauptkorpus: kommunales Wahlprogramm der Gemeinde;manifestos/bn99gru.txt
main;es99fdp.txt;f0dfa0ab8cfee906e42c7fa5588afd2c0cda79e8681f5690177b0a944be6f577;27572;GLMP-6CABD85A43;Essen;Nordrhein-Westfalen;FDP;fdp;1999.0;Kommunalwahlprogramm Gemeinde;Gemeinde;Hauptkorpus: kommunales Wahlprogramm der Gemeinde;manifestos/es99fdp.txt
main;hm99gru.txt;e66d528e9467ff25da2bdecca969952347394db7805cc7df15a3dc411fa32d84;32839;GLMP-E4F514A69D;Hamm;Nordrhein-Westfalen;Grüne;gru;1999.0;Kommunalwahlprogramm Gemeinde;Gemeinde;Hauptkorpus: kommunales Wahlprogramm der Gemeinde;manifestos/hm99gru.txt
main;kr99cdu.txt;6c54e38534456dd4f1b680714f97f7216d91353463733ea4bcf7c29e6b6db8d1;78560;GLMP-A044D9E4CA;Krefeld;Nordrhein-Westfalen;CDU;cdu;1999.0;Kommunalwahlprogramm Gemeinde;Gemeinde;Hauptkorpus: kommunales Wahlprogramm der Gemeinde;manifestos/kr99cdu.txt
main;le99cdu.txt;a372c285ece34d85c84544e354ae31bd8de5f8387971363c85b0726606020c68;25785;GLMP-C24D4C250D;Leverkusen;Nordrhein-Westfalen;CDU;cdu;1999.0;Kommunalwahlprogramm Gemeinde;Gemeinde;Hauptkorpus: kommunales Wahlprogramm der Gemeinde;manifestos/le99cdu.txt
main;mg99fdp.txt;8ae350372c930e9b458dae19378f0546cf65ed503eda5b5d86e5075fff93435c;19131;GLMP-87BE07890E;Moenchengladbach;Nordrhein-Westfalen;FDP;fdp;1999.0;Kommunalwahlprogramm Gemeinde;Gemeinde;Hauptkorpus: kommunales Wahlprogramm der Gemeinde;manifestos/mg99fdp.txt
main;mo99cdu.txt;32fa6ef09c6dd41f01f9579ba8e722c445202dd5561f683e65d47598c752b54f;19523;GLMP-C9FB6B62C5;Moers;Nordrhein-Westfalen;CDU;cdu;1999.0;Kommunalwahlprogramm Gemeinde;Gemeinde;Hauptkorpus: kommunales Wahlprogramm der Gemeinde;manifestos/mo99cdu.txt
main;mh99mbi.txt;6d04cf83908124bf5018ad38d56812757e8bd0e67c367a841c8daaf5ad893fe1;29823;GLMP-45BA6CAEE3;Muelheim an der Ruhr;Nordrhein-Westfalen;Mülheimer Bürger Initiative;mbi;1999.0;Kommunalwahlprogramm Gemeinde;Gemeinde;Hauptkorpus: kommunales Wahlprogramm der Gemeinde;manifestos/mh99mbi.txt
main;ne99spd.txt;5ce650e95e063a45f2ba7911440bd32522a642b1677891c8268792c96d9e256c;74934;GLMP-682C28E632;Neuss;Nordrhein-Westfalen;SPD;spd;1999.0;Kommunalwahlprogramm Gemeinde;Gemeinde;Hauptkorpus: kommunales Wahlprogramm der Gemeinde;manifestos/ne99spd.txt
main;ob99cdu.txt;f30e052685bf9bba4f7cde5a7fe279d5c200dd906f0b5973d97fcb4445e377c1;45446;GLMP-3F92E72C89;Oberhausen;Nordrhein-Westfalen;CDU;cdu;1999.0;Kommunalwahlprogramm Gemeinde;Gemeinde;Hauptkorpus: kommunales Wahlprogramm der Gemeinde;manifestos/ob99cdu.txt
main;si99gru.txt;dd68ea1fbcb51d8b490686cc23db1bd1775fd29b89ae9fc5db047804ef580453;53152;GLMP-4E1FA8FBB6;Siegen;Nordrhein-Westfalen;Grüne;gru;1999.0;Kommunalwahlprogramm Gemeinde;Gemeinde;Hauptkorpus: kommunales Wahlprogramm der Gemeinde;manifestos/si99gru.txt
main;wu99gru.txt;cb5717d4a6b4e1e458f0eed6323a55cc9a23a9f1b515bd0c4f00ca57f221740a;153384;GLMP-45D856A0FF;Wuppertal;Nordrhein-Westfalen;Grüne;gru;1999.0;Kommunalwahlprogramm Gemeinde;Gemeinde;Hauptkorpus: kommunales Wahlprogramm der Gemeinde;manifestos/wu99gru.txt
main;da01die.txt;76e9b62da4556e16fa11269e002ddc89f1c2f2d7e54a12bbbae9f3da7fef37b1;2435;GLMP-7A36313E1D;Darmstadt;Hessen;Die Frauen;die;2001.0;Kommunalwahlprogramm Gemeinde;Gemeinde;Hauptkorpus: kommunales Wahlprogramm der Gemeinde;manifestos/da01die.txt
main;da01spd.txt;63937c8241767e3fa0af4c4026bac194b8b73a293e9f9dec6431f46c40e5b766;42546;GLMP-A3F70A2B00;Darmstadt;Hessen;SPD;spd;2001.0;Kommunalwahlprogramm Gemeinde;Gemeinde;Hauptkorpus: kommunales Wahlprogramm der Gemeinde;manifestos/da01spd.txt
main;ff01cdu.txt;ffb8fc0dc8a33f4276c45d2fbf966a46ed3ea29d37df7438ecb6c27f684c8006;108482;GLMP-EB59D5802F;Frankfurt am Main;Hessen;CDU;cdu;2001.0;Kommunalwahlprogramm Gemeinde;Gemeinde;Hauptkorpus: kommunales Wahlprogramm der Gemeinde;manifestos/ff01cdu.txt
main;ff01die.txt;803a14ab89fb1525b9b02dc9952c6bbf077665562b8d87ddfade52a6da0adf15;11498;GLMP-5FCF999922;Frankfurt am Main;Hessen;Die Frauen;die;2001.0;Kommunalwahlprogramm Gemeinde;Gemeinde;Hauptkorpus: kommunales Wahlprogramm der Gemeinde;manifestos/ff01die.txt
main;ff01fag.txt;f937ee3e2e121401ec0916382d877edd7d5d1293c2926921e146d0680cc7bb3f;23568;GLMP-D3D6636029;Frankfurt am Main;Hessen;FlughafenAusbauGegner;fag;2001.0;Kommunalwahlprogramm Gemeinde;Gemeinde;Hauptkorpus: kommunales Wahlprogramm der Gemeinde;manifestos/ff01fag.txt
main;ka01cdu.txt;38f867d70f61e1f45cb2897a6ab42d09ab2d191ba57b079b728a540984d9fca6;63110;GLMP-4B14C4AAE2;Kassel;Hessen;CDU;cdu;2001.0;Kommunalwahlprogramm Gemeinde;Gemeinde;Hauptkorpus: kommunales Wahlprogramm der Gemeinde;manifestos/ka01cdu.txt
main;ka01lin.txt;e75244b098653a943ddc1cee61557aa0363a04e3171f8b82fe3f279bfcbc656a;52585;GLMP-7435AB24C0;Kassel;Hessen;Die Linke;lin;2001.0;Kommunalwahlprogramm Gemeinde;Gemeinde;Hauptkorpus: kommunales Wahlprogramm der Gemeinde;manifestos/ka01lin.txt
main;ka01fdp.txt;d28af60cbe68fac67c7431318858c019d319709b216c3d9cb7c46c3256f04203;25388;GLMP-3113A5A9AD;Kassel;Hessen;FDP;fdp;2001.0;Kommunalwahlprogramm Gemeinde;Gemeinde;Hauptkorpus: kommunales Wahlprogramm der Gemeinde;manifestos/ka01fdp.txt
main;ka01fwg.txt;1631f9955667eddb47f6d0db06f369654366e9adca095f8965434669b489c7b9;43058;GLMP-2C1908EB1B;Kassel;Hessen;Freie Wähler;fwg;2001.0;Kommunalwahlprogramm Gemeinde;Gemeinde;Hauptkorpus: kommunales Wahlprogramm der Gemeinde;manifestos/ka01fwg.txt
main;ka01gru.txt;c05d75353154f63736275f644263d82b66dd361d9c971348f76a85fd03c03558;167914;GLMP-7D8A3E2EFB;Kassel;Hessen;Grüne;gru;2001.0;Kommunalwahlprogramm Gemeinde;Gemeinde;Hauptkorpus: kommunales Wahlprogramm der Gemeinde;manifestos/ka01gru.txt
main;of01lin.txt;810bbb40b5b4482743fc4155298824a08192ad34cf39467115f73cfa9a8966d6;109784;GLMP-72046AECB3;Offenbach am Main;Hessen;Die Linke;lin;2001.0;Kommunalwahlprogramm Gemeinde;Gemeinde;Hauptkorpus: kommunales Wahlprogramm der Gemeinde;manifestos/of01lin.txt
main;of01fdp.txt;4550784621e598fbd8322fcc2d381ab2377df02c37f82b73116348ebd80762bf;179087;GLMP-5FA0E46AB5;Offenbach am Main;Hessen;FDP;fdp;2001.0;Kommunalwahlprogramm Gemeinde;Gemeinde;Hauptkorpus: kommunales Wahlprogramm der Gemeinde;manifestos/of01fdp.txt
main;of01gru.txt;1765c8c2c42989af36aa412daebc3037daa95849ef3e232ffaaf4a50b1ebf226;43103;GLMP-BC27C241F6;Offenbach am Main;Hessen;Grüne;gru;2001.0;Kommunalwahlprogramm Gemeinde;Gemeinde;Hauptkorpus: kommunales Wahlprogramm der Gemeinde;manifestos/of01gru.txt
main;wi01lin.txt;3bbbfebf03021a9b2b6f8fe240324f49f908526d10399e0fbc7507547a651ad0;7610;GLMP-275B140B5F;Wiesbaden;Hessen;Die Linke;lin;2001.0;Kommunalwahlprogramm Gemeinde;Gemeinde;Hauptkorpus: kommunales Wahlprogramm der Gemeinde;manifestos/wi01lin.txt
main;wi01fdp.txt;175ef76a5e9828ef07754f3e44170c4135dd939b97703135a5175120c8237a43;62085;GLMP-D308FB959A;Wiesbaden;Hessen;FDP;fdp;2001.0;Kommunalwahlprogramm Gemeinde;Gemeinde;Hauptkorpus: kommunales Wahlprogramm der Gemeinde;manifestos/wi01fdp.txt
main;ac04ggs.txt;1329be815673194fc873ad31add0d529c7bb522e99cc72769a890fd82ebd3ff2;13739;GLMP-EE2D3C58F8;Aachen;Nordrhein-Westfalen;Gemeinsam gegen Sozialkahlschlag (GGS);ggs;2004.0;Kommunalwahlprogramm Gemeinde;Gemeinde;Hauptkorpus: kommunales Wahlprogramm der Gemeinde;manifestos/ac04ggs.txt
main;ac04spd.txt;e5d68f1ce7ac846ebdfdffdbb7eb6ed54d9e0cacf5206ca9d39e75b5a1fee529;29475;GLMP-A169AE4653;Aachen;Nordrhein-Westfalen;SPD;spd;2004.0;Kommunalwahlprogramm Gemeinde;Gemeinde;Hauptkorpus: kommunales Wahlprogramm der Gemeinde;manifestos/ac04spd.txt
main;bi04gru.txt;9c45ff7a7b0b88ad2fe447f85049a8e3560e2a0176e19d311fb0767652991e44;42289;GLMP-C59B170C58;Bielefeld;Nordrhein-Westfalen;Grüne;gru;2004.0;Kommunalwahlprogramm Gemeinde;Gemeinde;Hauptkorpus: kommunales Wahlprogramm der Gemeinde;manifestos/bi04gru.txt
main;bo04cdu.txt;992e35ae3c907792622503fbdc87bbb83ce43cb2bff3a8c4cb12eb2eb1fe46be;102899;GLMP-3C92C20C1E;Bochum;Nordrhein-Westfalen;CDU;cdu;2004.0;Kommunalwahlprogramm Gemeinde;Gemeinde;Hauptkorpus: kommunales Wahlprogramm der Gemeinde;manifestos/bo04cdu.txt
main;bo04fdp.txt;6148376c4bbeb9590d594081b882d6b6ff927506c04e508443ca2acdc2c805be;45559;GLMP-878F5D02EE;Bochum;Nordrhein-Westfalen;FDP;fdp;2004.0;Kommunalwahlprogramm Gemeinde;Gemeinde;Hauptkorpus: kommunales Wahlprogramm der Gemeinde;manifestos/bo04fdp.txt
main;bo04gru.txt;bff11fc0350a030b072327e78cbf68b5f7181bbd90c9ba971de435707943cc49;127963;GLMP-F6FA65D8C5;Bochum;Nordrhein-Westfalen;Grüne;gru;2004.0;Kommunalwahlprogramm Gemeinde;Gemeinde;Hauptkorpus: kommunales Wahlprogramm der Gemeinde;manifestos/bo04gru.txt
main;bn04cdu.txt;d105ac53e82120de3bcdeaa2eb7a19d032522f5d28cf3982861a0bcc5401f295;47520;GLMP-09644ECC4C;Bonn;Nordrhein-Westfalen;CDU;cdu;2004.0;Kommunalwahlprogramm Gemeinde;Gemeinde;Hauptkorpus: kommunales Wahlprogramm der Gemeinde;manifestos/bn04cdu.txt
main;bn04gru.txt;9f75474a653ca286c9c5f5e2419bf83283bfb01d05a518d24494693b625ef6a9;155762;GLMP-4EB03F034B;Bonn;Nordrhein-Westfalen;Grüne;gru;2004.0;Kommunalwahlprogramm Gemeinde;Gemeinde;Hauptkorpus: kommunales Wahlprogramm der Gemeinde;manifestos/bn04gru.txt
main;bn04spd.txt;d400ac094432e77794471684da072451c50fe3da6988ec58fa7390efa8eddf06;42414;GLMP-88B9A478FD;Bonn;Nordrhein-Westfalen;SPD;spd;2004.0;Kommunalwahlprogramm Gemeinde;Gemeinde;Hauptkorpus: kommunales Wahlprogramm der Gemeinde;manifestos/bn04spd.txt
main;ds04cdu.txt;fc7b44991ba942fc3f81ef62d2cf4a2ff78b770391c03245dd7ca3453611e78b;12051;GLMP-7F710AC8F0;Duesseldorf;Nordrhein-Westfalen;CDU;cdu;2004.0;Kommunalwahlprogramm Gemeinde;Gemeinde;Hauptkorpus: kommunales Wahlprogramm der Gemeinde;manifestos/ds04cdu.txt
main;du04lin.txt;56c8adae810019e4677f3387a459b81153a3421d10dfd37461f14a065dfd1054;134859;GLMP-540AE40898;Duisburg;Nordrhein-Westfalen;Die Linke;lin;2004.0;Kommunalwahlprogramm Gemeinde;Gemeinde;Hauptkorpus: kommunales Wahlprogramm der Gemeinde;manifestos/du04lin.txt
main;du04fdp.txt;bede5d69969f8fae72b123ec4a53431157efd3c3aed644144d85b7f6c1f7a2f5;80577;GLMP-40E7CC02F2;Duisburg;Nordrhein-Westfalen;FDP;fdp;2004.0;Kommunalwahlprogramm Gemeinde;Gemeinde;Hauptkorpus: kommunales Wahlprogramm der Gemeinde;manifestos/du04fdp.txt
main;es04fdp.txt;16d24cd566d3b15cb48fc556928df48cb15fa86899051145cfe55b088eaa926e;55474;GLMP-CCC81174CA;Essen;Nordrhein-Westfalen;FDP;fdp;2004.0;Kommunalwahlprogramm Gemeinde;Gemeinde;Hauptkorpus: kommunales Wahlprogramm der Gemeinde;manifestos/es04fdp.txt
main;ha04gru.txt;3a2018e2f712a9f21bad255c690eb3f1bbe9ce6f2905a37069b62e9c44906bc1;89447;GLMP-26DEC10118;Hagen;Nordrhein-Westfalen;Grüne;gru;2004.0;Kommunalwahlprogramm Gemeinde;Gemeinde;Hauptkorpus: kommunales Wahlprogramm der Gemeinde;manifestos/ha04gru.txt
main;hm04cdu.txt;37c9cf9cc7f6c4f6eae6ca657a41525e39700ec1c6a3dc06377882fd8f9c0b50;32091;GLMP-9F6154F852;Hamm;Nordrhein-Westfalen;CDU;cdu;2004.0;Kommunalwahlprogramm Gemeinde;Gemeinde;Hauptkorpus: kommunales Wahlprogramm der Gemeinde;manifestos/hm04cdu.txt
main;hm04gru.txt;c976ab6755f704a2d91c51940daa28ffe40eb90d07cab1f64eef78356f38288d;80872;GLMP-8CD92EE9D6;Hamm;Nordrhein-Westfalen;Grüne;gru;2004.0;Kommunalwahlprogramm Gemeinde;Gemeinde;Hauptkorpus: kommunales Wahlprogramm der Gemeinde;manifestos/hm04gru.txt
main;ko04lin.txt;8d6155f25da8cde3edadd86eceab568f6d3b8b60dfd5fbc9e5f01fdfc2a49ba6;81603;GLMP-58F40DBC62;Koeln;Nordrhein-Westfalen;Die Linke;lin;2004.0;Kommunalwahlprogramm Gemeinde;Gemeinde;Hauptkorpus: kommunales Wahlprogramm der Gemeinde;manifestos/ko04lin.txt
main;ko04fdp.txt;283903287a1cfade8a74fc6743179884407d8f4ded15c282215bd22a1422f8fa;85383;GLMP-AD57D2732A;Koeln;Nordrhein-Westfalen;FDP;fdp;2004.0;Kommunalwahlprogramm Gemeinde;Gemeinde;Hauptkorpus: kommunales Wahlprogramm der Gemeinde;manifestos/ko04fdp.txt
main;ko04gru.txt;105fc104b4bf85e396291ecb917c6a7a8a50629ab372bd942232ec810adcd6a4;169494;GLMP-61D5BE0131;Koeln;Nordrhein-Westfalen;Grüne;gru;2004.0;Kommunalwahlprogramm Gemeinde;Gemeinde;Hauptkorpus: kommunales Wahlprogramm der Gemeinde;manifestos/ko04gru.txt
main;ko04spd.txt;bea30d824278b67083d1a4018de9f82cab602145d264bcdc0ac6238ca7fc5c00;213276;GLMP-7BA564C6EB;Koeln;Nordrhein-Westfalen;SPD;spd;2004.0;Kommunalwahlprogramm Gemeinde;Gemeinde;Hauptkorpus: kommunales Wahlprogramm der Gemeinde;manifestos/ko04spd.txt
main;kr04cdu.txt;4c1f3204d151dc274f0738604a1b0396963e1b6631181687563225dcae432a60;75679;GLMP-17402F5EB8;Krefeld;Nordrhein-Westfalen;CDU;cdu;2004.0;Kommunalwahlprogramm Gemeinde;Gemeinde;Hauptkorpus: kommunales Wahlprogramm der Gemeinde;manifestos/kr04cdu.txt
main;kr04spd.txt;13455a9898eddd766ef99fd391c08241e03f5e29344dd378976cb37f6f7c95aa;13569;GLMP-C739DAD803;Krefeld;Nordrhein-Westfalen;SPD;spd;2004.0;Kommunalwahlprogramm Gemeinde;Gemeinde;Hauptkorpus: kommunales Wahlprogramm der Gemeinde;manifestos/kr04spd.txt
main;le04gru.txt;1dfb469ad9b4a2eac96df38be8b20c6ba51f6779fabbf6b6067e5c6689542903;33842;GLMP-258DE1835D;Leverkusen;Nordrhein-Westfalen;Grüne;gru;2004.0;Kommunalwahlprogramm Gemeinde;Gemeinde;Hauptkorpus: kommunales Wahlprogramm der Gemeinde;manifestos/le04gru.txt
main;mg04fdp.txt;59aed3fbacbb969caa94d23b08ecf4c7efb0636d8c4d3ef3d2fb5add69d6422b;47933;GLMP-5314DE51DF;Moenchengladbach;Nordrhein-Westfalen;FDP;fdp;2004.0;Kommunalwahlprogramm Gemeinde;Gemeinde;Hauptkorpus: kommunales Wahlprogramm der Gemeinde;manifestos/mg04fdp.txt
main;mg04fwg.txt;57ad5da33e3c0bc6ea2cf61bb73ad8fff8d7ce22d27ae16415ebaa64500a7356;10525;GLMP-0D9FF48CD2;Moenchengladbach;Nordrhein-Westfalen;Freie Wähler;fwg;2004.0;Kommunalwahlprogramm Gemeinde;Gemeinde;Hauptkorpus: kommunales Wahlprogramm der Gemeinde;manifestos/mg04fwg.txt
main;mg04spd.txt;4003338f65a413494f9e2e3576450d455e45e449ba58a1001954cd6b0d09aae5;16794;GLMP-1F90DCCB14;Moenchengladbach;Nordrhein-Westfalen;SPD;spd;2004.0;Kommunalwahlprogramm Gemeinde;Gemeinde;Hauptkorpus: kommunales Wahlprogramm der Gemeinde;manifestos/mg04spd.txt
main;mo04cdu.txt;8e40f143576579e4d7d768e38fd74742a2e71834fce18f36af9335e77fe2d1db;10286;GLMP-6AA0F5C0FC;Moers;Nordrhein-Westfalen;CDU;cdu;2004.0;Kommunalwahlprogramm Gemeinde;Gemeinde;Hauptkorpus: kommunales Wahlprogramm der Gemeinde;manifestos/mo04cdu.txt
main;mo04lin.txt;df4789a8e80436bb0acc77de4316d01d0d48a6079dd6383401b0ee813a9c4e99;14186;GLMP-2C43D7721D;Moers;Nordrhein-Westfalen;Die Linke;lin;2004.0;Kommunalwahlprogramm Gemeinde;Gemeinde;Hauptkorpus: kommunales Wahlprogramm der Gemeinde;manifestos/mo04lin.txt
main;mh04mbi.txt;653b3fad3ec5efe8f2386425cf47742eae72b9f52cb45900690d4bf985c797c0;41948;GLMP-A5BDE58441;Muelheim an der Ruhr;Nordrhein-Westfalen;Mülheimer Bürger Initiative;mbi;2004.0;Kommunalwahlprogramm Gemeinde;Gemeinde;Hauptkorpus: kommunales Wahlprogramm der Gemeinde;manifestos/mh04mbi.txt
main;ms04cdu.txt;5d4159545fad56deeae888d432aba8e9c06c97aab0d3db6a0bde446740ba13df;48568;GLMP-2AC03EA2A3;Muenster;Nordrhein-Westfalen;CDU;cdu;2004.0;Kommunalwahlprogramm Gemeinde;Gemeinde;Hauptkorpus: kommunales Wahlprogramm der Gemeinde;manifestos/ms04cdu.txt
main;ms04fdp.txt;1b3aab1e1ccfe888be0be4cce8f1a55e991e5fd1bf93afe6155554ec2577a70c;53361;GLMP-A9093121A3;Muenster;Nordrhein-Westfalen;FDP;fdp;2004.0;Kommunalwahlprogramm Gemeinde;Gemeinde;Hauptkorpus: kommunales Wahlprogramm der Gemeinde;manifestos/ms04fdp.txt
main;ne04spd.txt;8ffa624205169be99c9cb4bd80deea7ca7433ad91c3c3a1afa12303e5b794e4d;35822;GLMP-25D7A20F35;Neuss;Nordrhein-Westfalen;SPD;spd;2004.0;Kommunalwahlprogramm Gemeinde;Gemeinde;Hauptkorpus: kommunales Wahlprogramm der Gemeinde;manifestos/ne04spd.txt
main;ob04cdu.txt;0707af5b4d8cc939afddd67d700bc2f2738be1ab23170239d7b90e8219970bb0;68231;GLMP-E964B63E2F;Oberhausen;Nordrhein-Westfalen;CDU;cdu;2004.0;Kommunalwahlprogramm Gemeinde;Gemeinde;Hauptkorpus: kommunales Wahlprogramm der Gemeinde;manifestos/ob04cdu.txt
main;rs04fdp.txt;59004c70ae47627bf6cd94a4f1e2636cbf538324fcf83fe1b374533dcc6906a5;26459;GLMP-10BC3DC6C3;Remscheid;Nordrhein-Westfalen;FDP;fdp;2004.0;Kommunalwahlprogramm Gemeinde;Gemeinde;Hauptkorpus: kommunales Wahlprogramm der Gemeinde;manifestos/rs04fdp.txt
main;si04gru.txt;e83ace83aa00f85f0c0a3b84474a4ad9299f2f60d34da803ae3f3118a8d7325f;55101;GLMP-30662D0BA5;Siegen;Nordrhein-Westfalen;Grüne;gru;2004.0;Kommunalwahlprogramm Gemeinde;Gemeinde;Hauptkorpus: kommunales Wahlprogramm der Gemeinde;manifestos/si04gru.txt
main;wu04gru.txt;021e8b523525a473da3ac5fb4511bce11d5fb44039e2563eec023fd12e47c02f;61265;GLMP-21B6D94913;Wuppertal;Nordrhein-Westfalen;Grüne;gru;2004.0;Kommunalwahlprogramm Gemeinde;Gemeinde;Hauptkorpus: kommunales Wahlprogramm der Gemeinde;manifestos/wu04gru.txt
main;da06die.txt;e0e16be5a92eee078d5bd67ff333ecb8eeb71c152ff93ad26deef1e4210def90;25661;GLMP-49BFBA67EE;Darmstadt;Hessen;Die Frauen;die;2006.0;Kommunalwahlprogramm Gemeinde;Gemeinde;Hauptkorpus: kommunales Wahlprogramm der Gemeinde;manifestos/da06die.txt
main;da06lin.txt;7b5710c3691d7c2fbb62bf83b7ee0fde34f434294c4623861706d7b194ca972e;77303;GLMP-64C3635AB7;Darmstadt;Hessen;Die Linke;lin;2006.0;Kommunalwahlprogramm Gemeinde;Gemeinde;Hauptkorpus: kommunales Wahlprogramm der Gemeinde;manifestos/da06lin.txt
main;da06spd.txt;0165931885617a8fcd60060bde60a0a9c6a10bd9e98ea8baa029d58e0d7355f7;75683;GLMP-166E139D7A;Darmstadt;Hessen;SPD;spd;2006.0;Kommunalwahlprogramm Gemeinde;Gemeinde;Hauptkorpus: kommunales Wahlprogramm der Gemeinde;manifestos/da06spd.txt
main;da06uff.txt;4a72f3f0c6b57846b259091f05e01cd28b768a81cd43e634ba40b928288fd527;5924;GLMP-13BFE377EC;Darmstadt;Hessen;Uffbasse;uff;2006.0;Kommunalwahlprogramm Gemeinde;Gemeinde;Hauptkorpus: kommunales Wahlprogramm der Gemeinde;manifestos/da06uff.txt
main;dl06cdu.txt;f2c6a211360e97cd0359b8db8de86f209746938af3004ebc06c6735356a8f816;44226;GLMP-0EAB27BD31;Delmenhorst;Niedersachsen;CDU;cdu;2006.0;Kommunalwahlprogramm Gemeinde;Gemeinde;Hauptkorpus: kommunales Wahlprogramm der Gemeinde;manifestos/dl06cdu.txt
main;dl06spd.txt;14671c10359ca1bedacf1846595b9a5f4bceaf42e1d51473d8bd3a4bc363563c;34482;GLMP-538589057C;Delmenhorst;Niedersachsen;SPD;spd;2006.0;Kommunalwahlprogramm Gemeinde;Gemeinde;Hauptkorpus: kommunales Wahlprogramm der Gemeinde;manifestos/dl06spd.txt
main;em06fdp.txt;7303087ff7f2b02803d6d1025588f250a829332c3baa7c8f861def7511ea9635;17041;GLMP-43D8DA35BF;Emden;Niedersachsen;FDP;fdp;2006.0;Kommunalwahlprogramm Gemeinde;Gemeinde;Hauptkorpus: kommunales Wahlprogramm der Gemeinde;manifestos/em06fdp.txt
main;em06spd.txt;076277e3b3dabfec025f800e3ff56454517202f23669bc23c5d11c31f29ce360;14739;GLMP-4E7A5F947B;Emden;Niedersachsen;SPD;spd;2006.0;Kommunalwahlprogramm Gemeinde;Gemeinde;Hauptkorpus: kommunales Wahlprogramm der Gemeinde;manifestos/em06spd.txt
main;ff06cdu.txt;8be4290962fab7883d98ff5138bb336a4226d7a1eb392b463ad64d7f96b1b770;94016;GLMP-544382A18A;Frankfurt am Main;Hessen;CDU;cdu;2006.0;Kommunalwahlprogramm Gemeinde;Gemeinde;Hauptkorpus: kommunales Wahlprogramm der Gemeinde;manifestos/ff06cdu.txt
main;ff06lin.txt;8760f7f90b0932decf203ed753cd2f64312e971e01ee2aa07f7e96e1d50e15e9;19122;GLMP-5928515E39;Frankfurt am Main;Hessen;Die Linke;lin;2006.0;Kommunalwahlprogramm Gemeinde;Gemeinde;Hauptkorpus: kommunales Wahlprogramm der Gemeinde;manifestos/ff06lin.txt
main;ff06eul.txt;694d17a0a36f40bac952bfc11512b19b9ff58fed621f5b478ca540983e523d83;3250;GLMP-C43D29D662;Frankfurt am Main;Hessen;Europa-Liste Frankfurt;eul;2006.0;Kommunalwahlprogramm Gemeinde;Gemeinde;Hauptkorpus: kommunales Wahlprogramm der Gemeinde;manifestos/ff06eul.txt
main;ff06fag.txt;ba586d577df299c313971bb0af4d5962fdbc23ac6b8d12dde210ff09714cd9e6;75936;GLMP-08413D063A;Frankfurt am Main;Hessen;FlughafenAusbauGegner;fag;2006.0;Kommunalwahlprogramm Gemeinde;Gemeinde;Hauptkorpus: kommunales Wahlprogramm der Gemeinde;manifestos/ff06fag.txt
main;ff06gru.txt;9f4f6ebd9eea95829b5c833d7b0c3801f3b9b5df4b774a07f004aa039d44c3ae;78579;GLMP-E06856AF7D;Frankfurt am Main;Hessen;Grüne;gru;2006.0;Kommunalwahlprogramm Gemeinde;Gemeinde;Hauptkorpus: kommunales Wahlprogramm der Gemeinde;manifestos/ff06gru.txt
main;ff06oek.txt;86ea5d1d50ff3b85f5e772cc5198b84b5d64c663832aaccf2d5660281319e60c;12015;GLMP-0DCD437833;Frankfurt am Main;Hessen;ÖkoLinX-ARL;oek;2006.0;Kommunalwahlprogramm Gemeinde;Gemeinde;Hauptkorpus: kommunales Wahlprogramm der Gemeinde;manifestos/ff06oek.txt
main;hv06cdu.txt;f0cba5f646adafb72038e955067208d779b09b5c85c72c042c6a9af9f216d5d6;78504;GLMP-EDAF772468;Hannover;Niedersachsen;CDU;cdu;2006.0;Kommunalwahlprogramm Gemeinde;Gemeinde;Hauptkorpus: kommunales Wahlprogramm der Gemeinde;manifestos/hv06cdu.txt
main;hv06spd.txt;11eaa31f437a992b1d83d4f177ec2f8212e9dd1e5353041e038d378e5e33dac1;117142;GLMP-DAA094C6B5;Hannover;Niedersachsen;SPD;spd;2006.0;Kommunalwahlprogramm Gemeinde;Gemeinde;Hauptkorpus: kommunales Wahlprogramm der Gemeinde;manifestos/hv06spd.txt
main;ka06cdu.txt;efe1b334cf311d49b4239582a591994b1f70b265cbde7ff1536477db21aa05f0;25498;GLMP-632DE91C78;Kassel;Hessen;CDU;cdu;2006.0;Kommunalwahlprogramm Gemeinde;Gemeinde;Hauptkorpus: kommunales Wahlprogramm der Gemeinde;manifestos/ka06cdu.txt
main;ka06lin.txt;24c73e2441cd25ef7341a0fb120c510d6877ef48b22126476cfcb276fa492f97;74535;GLMP-823BECBE11;Kassel;Hessen;Die Linke;lin;2006.0;Kommunalwahlprogramm Gemeinde;Gemeinde;Hauptkorpus: kommunales Wahlprogramm der Gemeinde;manifestos/ka06lin.txt
main;ka06fwg.txt;3dad2586d7ebca7fc2b15733d8d393489f7fbafe90d6c4610a86a087f6e43f89;37032;GLMP-743AD81778;Kassel;Hessen;Freie Wähler;fwg;2006.0;Kommunalwahlprogramm Gemeinde;Gemeinde;Hauptkorpus: kommunales Wahlprogramm der Gemeinde;manifestos/ka06fwg.txt
main;ka06gru.txt;906ff23a084417af1178452d85b1b64f587cdc3b5bd26eedb578a53c4ca48624;170816;GLMP-A0B5124F9C;Kassel;Hessen;Grüne;gru;2006.0;Kommunalwahlprogramm Gemeinde;Gemeinde;Hauptkorpus: kommunales Wahlprogramm der Gemeinde;manifestos/ka06gru.txt
main;ka06spd.txt;59407dede40bf16ab52ee35c89dea7e44b3fe739b229c31c51568f9d7f53aac2;38526;GLMP-62ECBB8E54;Kassel;Hessen;SPD;spd;2006.0;Kommunalwahlprogramm Gemeinde;Gemeinde;Hauptkorpus: kommunales Wahlprogramm der Gemeinde;manifestos/ka06spd.txt
main;of06lin.txt;410f225b0c97a136d6d6e0f2e48d280cc0eb5f9fbd1831cf26ba8bda376df497;41880;GLMP-09A7F5ECD3;Offenbach am Main;Hessen;Die Linke;lin;2006.0;Kommunalwahlprogramm Gemeinde;Gemeinde;Hauptkorpus: kommunales Wahlprogramm der Gemeinde;manifestos/of06lin.txt
main;of06fdp.txt;616f2dd6312e5d90eb493b2b6452777d282760f2b43d43ebe075e27b543a01ef;182225;GLMP-101791B860;Offenbach am Main;Hessen;FDP;fdp;2006.0;Kommunalwahlprogramm Gemeinde;Gemeinde;Hauptkorpus: kommunales Wahlprogramm der Gemeinde;manifestos/of06fdp.txt
main;of06gru.txt;b03479758eed0dcf53cffc402077d8c12ed406808feec44fa12c15685c1b1597;59257;GLMP-78CDA2F554;Offenbach am Main;Hessen;Grüne;gru;2006.0;Kommunalwahlprogramm Gemeinde;Gemeinde;Hauptkorpus: kommunales Wahlprogramm der Gemeinde;manifestos/of06gru.txt
main;ol06fdp.txt;39b03abc53702943ceb5bf3afc2c4145aec107c1eed07377ddd65ab683392be5;20184;GLMP-08187B708E;Oldenburg;Niedersachsen;FDP;fdp;2006.0;Kommunalwahlprogramm Gemeinde;Gemeinde;Hauptkorpus: kommunales Wahlprogramm der Gemeinde;manifestos/ol06fdp.txt
main;ol06gru.txt;1540b128d98e0688124732255c4520aaa2bfbdd2c9307ecdada648adc4c68f59;120587;GLMP-2D4F16A88D;Oldenburg;Niedersachsen;Grüne;gru;2006.0;Kommunalwahlprogramm Gemeinde;Gemeinde;Hauptkorpus: kommunales Wahlprogramm der Gemeinde;manifestos/ol06gru.txt
main;ol06spd.txt;e5950eb5c6aaba5bec75c7bfb0e69f410eee3ab1e7fb2a06378903f04bef95b1;69822;GLMP-32EE5FC4F6;Oldenburg;Niedersachsen;SPD;spd;2006.0;Kommunalwahlprogramm Gemeinde;Gemeinde;Hauptkorpus: kommunales Wahlprogramm der Gemeinde;manifestos/ol06spd.txt
main;sa06spd.txt;6138ec605997f6957d273c7bed771ee38a7e9af7daa73bc02a165bf3768b3d2b;30553;GLMP-C8CD4DD86D;Salzgitter;Niedersachsen;SPD;spd;2006.0;Kommunalwahlprogramm Gemeinde;Gemeinde;Hauptkorpus: kommunales Wahlprogramm der Gemeinde;manifestos/sa06spd.txt
main;wi06blw.txt;3464f6e755c4dc0de5558bdc040b968552fb2b56bb9e883f4c2ac7a7045ffae2;9016;GLMP-C32354A867;Wiesbaden;Hessen;Bürgerliste Wiesbaden;blw;2006.0;Kommunalwahlprogramm Gemeinde;Gemeinde;Hauptkorpus: kommunales Wahlprogramm der Gemeinde;manifestos/wi06blw.txt
main;wi06lin.txt;d90be3849df0c730c70285d069fb551adf0c13b76e5209dc207c62947b46c7b3;83190;GLMP-3863DF0E6F;Wiesbaden;Hessen;Die Linke;lin;2006.0;Kommunalwahlprogramm Gemeinde;Gemeinde;Hauptkorpus: kommunales Wahlprogramm der Gemeinde;manifestos/wi06lin.txt
main;wi06fdp.txt;8f8809d25cbbab43342abec43c733e3bb3c7e8da1d2d5b607dc614f840c5be55;89738;GLMP-1EBA4B7028;Wiesbaden;Hessen;FDP;fdp;2006.0;Kommunalwahlprogramm Gemeinde;Gemeinde;Hauptkorpus: kommunales Wahlprogramm der Gemeinde;manifestos/wi06fdp.txt
main;wi06spd.txt;2500b7ba03517bc57289b1dd0c235ace564ce95c631ffb28a575717c57f4d5eb;161430;GLMP-CEEFBFDB0A;Wiesbaden;Hessen;SPD;spd;2006.0;Kommunalwahlprogramm Gemeinde;Gemeinde;Hauptkorpus: kommunales Wahlprogramm der Gemeinde;manifestos/wi06spd.txt
main;wv06fdp.txt;349539cb68af0648e34412eb9a2f68d33e14985f049de23d7fdd2be9c0fcb9c5;10499;GLMP-35B5215B24;Wilhelmshaven;Niedersachsen;FDP;fdp;2006.0;Kommunalwahlprogramm Gemeinde;Gemeinde;Hauptkorpus: kommunales Wahlprogramm der Gemeinde;manifestos/wv06fdp.txt
main;lb08bfl.txt;e3fd7d945311d5d6184288e005059373363919770b5a7685864a3fd21ea51e7e;89123;GLMP-9DC2A70FDA;Luebeck;Schleswig-Holstein;Bürger für Lübeck;bfl;2008.0;Kommunalwahlprogramm Gemeinde;Gemeinde;Hauptkorpus: kommunales Wahlprogramm der Gemeinde;manifestos/lb08bfl.txt
main;lb08gru.txt;c7a039635235202c046fc22e79d38a9093ab8b813904c399c8377a3e8aa7ce9e;142148;GLMP-949EA36C8A;Luebeck;Schleswig-Holstein;Grüne;gru;2008.0;Kommunalwahlprogramm Gemeinde;Gemeinde;Hauptkorpus: kommunales Wahlprogramm der Gemeinde;manifestos/lb08gru.txt
main;lb08spd.txt;01a2639dd7374d1326dcc6e1f99f8b9ae48bceb0780fdc3655c8ccced9d14149;46935;GLMP-BCC8FFBE61;Luebeck;Schleswig-Holstein;SPD;spd;2008.0;Kommunalwahlprogramm Gemeinde;Gemeinde;Hauptkorpus: kommunales Wahlprogramm der Gemeinde;manifestos/lb08spd.txt
main;mu08gru.txt;96119d36cb25787545b2a639d142b952c12aa911996bee73ce5d4ddff1e236d4;83689;GLMP-C24C2FD48C;Muenchen;Bayern;Grüne;gru;2008.0;Kommunalwahlprogramm Gemeinde;Gemeinde;Hauptkorpus: kommunales Wahlprogramm der Gemeinde;manifestos/mu08gru.txt
main;wz08fdp.txt;b56561ac441c1f486f7827db57847f34dd8d8cad2bbdd8d3e0acde9c12110f9b;50335;GLMP-6647C388E9;Wuerzburg;Bayern;FDP;fdp;2008.0;Kommunalwahlprogramm Gemeinde;Gemeinde;Hauptkorpus: kommunales Wahlprogramm der Gemeinde;manifestos/wz08fdp.txt
main;ac09cdu.txt;f6d14c242db2a9a39cf58a17f89a23b6bcc4c4d198d707442f7d18fba06b45ee;34718;GLMP-BB09B6CC9D;Aachen;Nordrhein-Westfalen;CDU;cdu;2009.0;Kommunalwahlprogramm Gemeinde;Gemeinde;Hauptkorpus: kommunales Wahlprogramm der Gemeinde;manifestos/ac09cdu.txt
main;ac09lin.txt;6ea2c998a420339b72059678743adc5b296eca6e13809fcf518eb3d7d784ca7e;100120;GLMP-B80F5D68BD;Aachen;Nordrhein-Westfalen;Die Linke;lin;2009.0;Kommunalwahlprogramm Gemeinde;Gemeinde;Hauptkorpus: kommunales Wahlprogramm der Gemeinde;manifestos/ac09lin.txt
main;ac09fdp.txt;43349714deb3a90564e131acffdb34842969517b3c67aaaa503cc44d3105dc30;45124;GLMP-B4E839FBD2;Aachen;Nordrhein-Westfalen;FDP;fdp;2009.0;Kommunalwahlprogramm Gemeinde;Gemeinde;Hauptkorpus: kommunales Wahlprogramm der Gemeinde;manifestos/ac09fdp.txt
main;ac09gru.txt;836d895d3960b35460a37a6fe776df86c5ec4b86fe7c932fdb7281f77688408c;133869;GLMP-E16B10BD1B;Aachen;Nordrhein-Westfalen;Grüne;gru;2009.0;Kommunalwahlprogramm Gemeinde;Gemeinde;Hauptkorpus: kommunales Wahlprogramm der Gemeinde;manifestos/ac09gru.txt
main;ac09spd.txt;9efa6bbcbfabc8c10b99477696facff67eba9ea6e092bc24f9a1af61f2329a72;66023;GLMP-6C88BDE4EA;Aachen;Nordrhein-Westfalen;SPD;spd;2009.0;Kommunalwahlprogramm Gemeinde;Gemeinde;Hauptkorpus: kommunales Wahlprogramm der Gemeinde;manifestos/ac09spd.txt
main;bg09bfb.txt;d55d5b4dc9257d600d1848946fee347cb5a6f82172f6579284e2d0d6097e9e46;2811;GLMP-C45D058BBB;Bergisch Gladbach;Nordrhein-Westfalen;Bürger für Bergisch Gladbach und Benserg (BfBB);bfb;2009.0;Kommunalwahlprogramm Gemeinde;Gemeinde;Hauptkorpus: kommunales Wahlprogramm der Gemeinde;manifestos/bg09bfb.txt
main;bg09cdu.txt;5e475512f7841a914f14c448aedd11ccef38cc8e9289bbd821f5fc44653981c9;100810;GLMP-7B1DDBBD94;Bergisch Gladbach;Nordrhein-Westfalen;CDU;cdu;2009.0;Kommunalwahlprogramm Gemeinde;Gemeinde;Hauptkorpus: kommunales Wahlprogramm der Gemeinde;manifestos/bg09cdu.txt
main;bg09kid.txt;17d282c2459ecc879b929c4123c4293f2f3bd720dfd6b1180e59498c85d3d650;22921;GLMP-5511499214;Bergisch Gladbach;Nordrhein-Westfalen;Die Kinder- und Jugendpartei KIDitiative;kid;2009.0;Kommunalwahlprogramm Gemeinde;Gemeinde;Hauptkorpus: kommunales Wahlprogramm der Gemeinde;manifestos/bg09kid.txt
main;bg09lin.txt;2f699f7a65ddadbca401e853441f4da579c90b1bdd9559d0a0527e031244512e;48076;GLMP-6D733C93C3;Bergisch Gladbach;Nordrhein-Westfalen;Die Linke;lin;2009.0;Kommunalwahlprogramm Gemeinde;Gemeinde;Hauptkorpus: kommunales Wahlprogramm der Gemeinde;manifestos/bg09lin.txt
main;bg09fdp.txt;3e7784cb620379d2ec57f4e392df1b4f9e22d0730cbd0a42ccdbc5b754ab36eb;9633;GLMP-07AE47DAD1;Bergisch Gladbach;Nordrhein-Westfalen;FDP;fdp;2009.0;Kommunalwahlprogramm Gemeinde;Gemeinde;Hauptkorpus: kommunales Wahlprogramm der Gemeinde;manifestos/bg09fdp.txt
main;bg09gru.txt;988e1e3b0c0ed9a377f4752a1e46d2a883161f936edad7b1e7fd287f9dfbcb25;79508;GLMP-9287B665A9;Bergisch Gladbach;Nordrhein-Westfalen;Grüne;gru;2009.0;Kommunalwahlprogramm Gemeinde;Gemeinde;Hauptkorpus: kommunales Wahlprogramm der Gemeinde;manifestos/bg09gru.txt
main;bg09spd.txt;216d0703d713246e46afc83b53697ba68c11d0474ad7fc6e7966822f9294605b;14902;GLMP-B253BB821A;Bergisch Gladbach;Nordrhein-Westfalen;SPD;spd;2009.0;Kommunalwahlprogramm Gemeinde;Gemeinde;Hauptkorpus: kommunales Wahlprogramm der Gemeinde;manifestos/bg09spd.txt
main;bi09wgb.txt;9caea67e0c88490a55a01b3ac3ccdbb0b2b20af11b8708271fc58dda4be11924;31019;GLMP-38CD6F6F60;Bielefeld;Nordrhein-Westfalen;Bürgernähe - Initiativen für Bielefeld;wgb;2009.0;Kommunalwahlprogramm Gemeinde;Gemeinde;Hauptkorpus: kommunales Wahlprogramm der Gemeinde;manifestos/bi09wgb.txt
main;bi09fdp.txt;fa3d099907e167d4b8fed43b6982a0046eaad4b3401bc09124d95f0a59bb675d;43018;GLMP-8D7B2DF3B6;Bielefeld;Nordrhein-Westfalen;FDP;fdp;2009.0;Kommunalwahlprogramm Gemeinde;Gemeinde;Hauptkorpus: kommunales Wahlprogramm der Gemeinde;manifestos/bi09fdp.txt
main;bi09gru.txt;810ee914f0a3d1e1b397722a1b69ef5efa4375c3f38215f69dab06c7fd8317c1;81405;GLMP-AB2EA1CDC7;Bielefeld;Nordrhein-Westfalen;Grüne;gru;2009.0;Kommunalwahlprogramm Gemeinde;Gemeinde;Hauptkorpus: kommunales Wahlprogramm der Gemeinde;manifestos/bi09gru.txt
main;bi09spd.txt;431a93fc2146a814d80f4584b2184894403000af3e03549a1792007d907fb36f;55790;GLMP-C914A15154;Bielefeld;Nordrhein-Westfalen;SPD;spd;2009.0;Kommunalwahlprogramm Gemeinde;Gemeinde;Hauptkorpus: kommunales Wahlprogramm der Gemeinde;manifestos/bi09spd.txt
main;bo09cdu.txt;32cad57e23b611b03f6e9fdd5158fc091c6ec11c06130ebdb54b234538b9ef3b;95462;GLMP-A7C8FBEAC8;Bochum;Nordrhein-Westfalen;CDU;cdu;2009.0;Kommunalwahlprogramm Gemeinde;Gemeinde;Hauptkorpus: kommunales Wahlprogramm der Gemeinde;manifestos/bo09cdu.txt
main;bo09lin.txt;8733fccb4fb43e267d1cafec196e1b1d5a64591d28fe095b69ee785bbd16940e;140449;GLMP-B3F7884318;Bochum;Nordrhein-Westfalen;Die Linke;lin;2009.0;Kommunalwahlprogramm Gemeinde;Gemeinde;Hauptkorpus: kommunales Wahlprogramm der Gemeinde;manifestos/bo09lin.txt
main;bo09fdp.txt;0a6c89c13948989a26820e81673daca97290170709cc30df4956687f8c853426;48028;GLMP-BCA21E69A6;Bochum;Nordrhein-Westfalen;FDP;fdp;2009.0;Kommunalwahlprogramm Gemeinde;Gemeinde;Hauptkorpus: kommunales Wahlprogramm der Gemeinde;manifestos/bo09fdp.txt
main;bo09gru.txt;3c0226fac691a772b6bac6898df98ba457a3f21d06f11a50626878b1d0093cec;147788;GLMP-BAF99FDBA0;Bochum;Nordrhein-Westfalen;Grüne;gru;2009.0;Kommunalwahlprogramm Gemeinde;Gemeinde;Hauptkorpus: kommunales Wahlprogramm der Gemeinde;manifestos/bo09gru.txt
main;bo09spd.txt;2510590b8b166dd41b6e983cb0bc1eb49c45e6a0b3cb02325f2bc7f5047ad9d1;32768;GLMP-9DF9A8E616;Bochum;Nordrhein-Westfalen;SPD;spd;2009.0;Kommunalwahlprogramm Gemeinde;Gemeinde;Hauptkorpus: kommunales Wahlprogramm der Gemeinde;manifestos/bo09spd.txt
main;bn09bff.txt;7824b904d46e01d9c7df00a77adc49b21ec98410304e657b12f522a903f6ecb3;35553;GLMP-A8441C190F;Bonn;Nordrhein-Westfalen;Bündnis für Frieden und Fairness;bff;2009.0;Kommunalwahlprogramm Gemeinde;Gemeinde;Hauptkorpus: kommunales Wahlprogramm der Gemeinde;manifestos/bn09bff.txt
main;bn09cdu.txt;1595a3b69f331e30d21d122539b175dab6b36876bb3bd3ae7aaed799f3a0b453;81241;GLMP-9D8388BA74;Bonn;Nordrhein-Westfalen;CDU;cdu;2009.0;Kommunalwahlprogramm Gemeinde;Gemeinde;Hauptkorpus: kommunales Wahlprogramm der Gemeinde;manifestos/bn09cdu.txt
main;bn09lin.txt;bd8a95977e0609c3e66db8c2e560c3acde1684a75bdbffe66deccc1587dc23d8;84958;GLMP-A906C1AC21;Bonn;Nordrhein-Westfalen;Die Linke;lin;2009.0;Kommunalwahlprogramm Gemeinde;Gemeinde;Hauptkorpus: kommunales Wahlprogramm der Gemeinde;manifestos/bn09lin.txt
main;bn09fdp.txt;c5cd6719299b86520913e18cda15b52dbbf561f2a9d60548e5660764addd3aba;54196;GLMP-4EA73282D8;Bonn;Nordrhein-Westfalen;FDP;fdp;2009.0;Kommunalwahlprogramm Gemeinde;Gemeinde;Hauptkorpus: kommunales Wahlprogramm der Gemeinde;manifestos/bn09fdp.txt
main;bn09gru.txt;93a880bf14586516eee2d58a5f8fb6bf3c3a845175a6ebca05c7169a7190e591;225728;GLMP-C805E4604F;Bonn;Nordrhein-Westfalen;Grüne;gru;2009.0;Kommunalwahlprogramm Gemeinde;Gemeinde;Hauptkorpus: kommunales Wahlprogramm der Gemeinde;manifestos/bn09gru.txt
main;bn09spd.txt;a24da0a0af4566a046bd9164ba383a2ef2212c02ad51e42190eab6f6df3bf788;61788;GLMP-5E426761DC;Bonn;Nordrhein-Westfalen;SPD;spd;2009.0;Kommunalwahlprogramm Gemeinde;Gemeinde;Hauptkorpus: kommunales Wahlprogramm der Gemeinde;manifestos/bn09spd.txt
main;bt09fdp.txt;c7d9a24e6bee693b9da743a6160a2c59cb7c431212b2287270dfa2ed81422a14;24636;GLMP-C41E73E58B;Bottrop;Nordrhein-Westfalen;FDP;fdp;2009.0;Kommunalwahlprogramm Gemeinde;Gemeinde;Hauptkorpus: kommunales Wahlprogramm der Gemeinde;manifestos/bt09fdp.txt
main;bt09spd.txt;18d103c5b580982d2ef8e8cbc69386369ca4e4e54be677edb990eeddb5d1594c;17106;GLMP-55CF13B9CE;Bottrop;Nordrhein-Westfalen;SPD;spd;2009.0;Kommunalwahlprogramm Gemeinde;Gemeinde;Hauptkorpus: kommunales Wahlprogramm der Gemeinde;manifestos/bt09spd.txt
main;bt09odp.txt;27636aa81a3457bfdfdf564066db417c73d757be606ae5490f5a92f59193c658;22991;GLMP-B236593025;Bottrop;Nordrhein-Westfalen;Ökologisch-Demokratische Partei (ÖDP);odp;2009.0;Kommunalwahlprogramm Gemeinde;Gemeinde;Hauptkorpus: kommunales Wahlprogramm der Gemeinde;manifestos/bt09odp.txt
main;do09cdu.txt;666cd0fa88a4fa7b777544317471099512af5bcb212d8b5340acd2061b6d220d;111744;GLMP-9E8A8897B9;Dortmund;Nordrhein-Westfalen;CDU;cdu;2009.0;Kommunalwahlprogramm Gemeinde;Gemeinde;Hauptkorpus: kommunales Wahlprogramm der Gemeinde;manifestos/do09cdu.txt
main;do09lin.txt;cda6d66fffdbe925432e48897df9c45d5337a54941446a867f19b0773fc6396c;76139;GLMP-74D7180925;Dortmund;Nordrhein-Westfalen;Die Linke;lin;2009.0;Kommunalwahlprogramm Gemeinde;Gemeinde;Hauptkorpus: kommunales Wahlprogramm der Gemeinde;manifestos/do09lin.txt
main;do09gru.txt;78078183574586e26e67c300266b5292312b43a28687459a9a7d8116f1f88752;197747;GLMP-9283F4513E;Dortmund;Nordrhein-Westfalen;Grüne;gru;2009.0;Kommunalwahlprogramm Gemeinde;Gemeinde;Hauptkorpus: kommunales Wahlprogramm der Gemeinde;manifestos/do09gru.txt
main;do09lib.txt;b53fe5bd1b162026611804c43a488e23a5b8cc0ae9e591f4df1ff9fef7d593d2;94173;GLMP-9288303E7F;Dortmund;Nordrhein-Westfalen;Lokaldemokratie in Bielefeld;lib;2009.0;Kommunalwahlprogramm Gemeinde;Gemeinde;Hauptkorpus: kommunales Wahlprogramm der Gemeinde;manifestos/do09lib.txt
main;do09spd.txt;fe6bfa8a1350e842ebad568271b4562823bda8aa0060237bc9e3229135c2869c;84140;GLMP-D63C88D2E0;Dortmund;Nordrhein-Westfalen;SPD;spd;2009.0;Kommunalwahlprogramm Gemeinde;Gemeinde;Hauptkorpus: kommunales Wahlprogramm der Gemeinde;manifestos/do09spd.txt
main;ds09cdu.txt;3b747321f9f210c159e8964571561eacbabb7a73bbc70ffe9e9189b9d1e0a51d;52102;GLMP-AD14B1705A;Duesseldorf;Nordrhein-Westfalen;CDU;cdu;2009.0;Kommunalwahlprogramm Gemeinde;Gemeinde;Hauptkorpus: kommunales Wahlprogramm der Gemeinde;manifestos/ds09cdu.txt
main;ds09fdp.txt;18877abc68ff225d91037f8597cbb9d7da09e7d3dc2c48381b82eb35b3765aef;71999;GLMP-4A891D4E9B;Duesseldorf;Nordrhein-Westfalen;FDP;fdp;2009.0;Kommunalwahlprogramm Gemeinde;Gemeinde;Hauptkorpus: kommunales Wahlprogramm der Gemeinde;manifestos/ds09fdp.txt
main;ds09fwg.txt;a1f4612d695ad3ecc4f61c2ba356d8ae6db82a1db2f134a8858a4163e72ffdf3;16422;GLMP-05AE87802B;Duesseldorf;Nordrhein-Westfalen;Freie Wähler;fwg;2009.0;Kommunalwahlprogramm Gemeinde;Gemeinde;Hauptkorpus: kommunales Wahlprogramm der Gemeinde;manifestos/ds09fwg.txt
main;ds09gru.txt;0b0aabbb52b9b979f7a9293b9256b711754573d5d31f5f40813d02d62e602bcb;146198;GLMP-7C991A6AAD;Duesseldorf;Nordrhein-Westfalen;Grüne;gru;2009.0;Kommunalwahlprogramm Gemeinde;Gemeinde;Hauptkorpus: kommunales Wahlprogramm der Gemeinde;manifestos/ds09gru.txt
main;du09cdu.txt;c039c236129dbb6150172e796564684f98773f47cbb3741d2f82f3ba84bec768;43636;GLMP-62E60E60DF;Duisburg;Nordrhein-Westfalen;CDU;cdu;2009.0;Kommunalwahlprogramm Gemeinde;Gemeinde;Hauptkorpus: kommunales Wahlprogramm der Gemeinde;manifestos/du09cdu.txt
main;du09lin.txt;186c346afffb4f9c4b6f6cc1bc6e76363343701f0d79f7515346562cd04e93fa;243051;GLMP-986758D8A9;Duisburg;Nordrhein-Westfalen;Die Linke;lin;2009.0;Kommunalwahlprogramm Gemeinde;Gemeinde;Hauptkorpus: kommunales Wahlprogramm der Gemeinde;manifestos/du09lin.txt
main;du09fdp.txt;c0a01da831dfc549f6de39260a542dfe879be53cfeedc1770c1b24b4d8fe54fa;129903;GLMP-272B1945EC;Duisburg;Nordrhein-Westfalen;FDP;fdp;2009.0;Kommunalwahlprogramm Gemeinde;Gemeinde;Hauptkorpus: kommunales Wahlprogramm der Gemeinde;manifestos/du09fdp.txt
main;du09gru.txt;71b38c00a2f29b729be7dadd8ebfd759d733d941d07524f700983bbfde1a5609;66310;GLMP-7C8C559AFF;Duisburg;Nordrhein-Westfalen;Grüne;gru;2009.0;Kommunalwahlprogramm Gemeinde;Gemeinde;Hauptkorpus: kommunales Wahlprogramm der Gemeinde;manifestos/du09gru.txt
main;du09jud.txt;32eb952cb55a779b2e56771a6a397415ffdfe7e9e8708b6c1fc023c9197d37ae;8660;GLMP-2D5C441DF6;Duisburg;Nordrhein-Westfalen;Junges Duisburg;jud;2009.0;Kommunalwahlprogramm Gemeinde;Gemeinde;Hauptkorpus: kommunales Wahlprogramm der Gemeinde;manifestos/du09jud.txt
main;du09spd.txt;8ec265a60686d581208b73410aebf7427d35c677559e6f92d9a63efc481f5798;97024;GLMP-160EE54BA0;Duisburg;Nordrhein-Westfalen;SPD;spd;2009.0;Kommunalwahlprogramm Gemeinde;Gemeinde;Hauptkorpus: kommunales Wahlprogramm der Gemeinde;manifestos/du09spd.txt
main;du09sgu.txt;fd103744f002304178496e8e3c924317beccbe61015c427034db6f0d28a5ca6e;35303;GLMP-506A225DBB;Duisburg;Nordrhein-Westfalen;Sozial, Gerecht, Unabhängig;sgu;2009.0;Kommunalwahlprogramm Gemeinde;Gemeinde;Hauptkorpus: kommunales Wahlprogramm der Gemeinde;manifestos/du09sgu.txt
main;es09lin.txt;5b944949560128effbd0786f4812c65256c2b159fa7e4a9e7ad6df3fabf4481f;123635;GLMP-F053FA94E9;Essen;Nordrhein-Westfalen;Die Linke;lin;2009.0;Kommunalwahlprogramm Gemeinde;Gemeinde;Hauptkorpus: kommunales Wahlprogramm der Gemeinde;manifestos/es09lin.txt
main;es09ebb.txt;1ac0873544b49ae5b10fc3c313400a5a73003571cf82d8cba5ae0790e7851ffe;19455;GLMP-3DFA4C86F2;Essen;Nordrhein-Westfalen;Essener Bürger Bündnis;ebb;2009.0;Kommunalwahlprogramm Gemeinde;Gemeinde;Hauptkorpus: kommunales Wahlprogramm der Gemeinde;manifestos/es09ebb.txt
main;es09fdp.txt;0aab1cb885166b6b96264ff6958b65129b535003fc28d2e9ea490c27d70bd6c8;33729;GLMP-E77708571D;Essen;Nordrhein-Westfalen;FDP;fdp;2009.0;Kommunalwahlprogramm Gemeinde;Gemeinde;Hauptkorpus: kommunales Wahlprogramm der Gemeinde;manifestos/es09fdp.txt
main;es09gru.txt;a4cae11ba3e9a9339d06c75ef1b0790df7f0ee04a11ce802efebfaba0f57744f;86099;GLMP-86E6B8065B;Essen;Nordrhein-Westfalen;Grüne;gru;2009.0;Kommunalwahlprogramm Gemeinde;Gemeinde;Hauptkorpus: kommunales Wahlprogramm der Gemeinde;manifestos/es09gru.txt
main;ge09big.txt;fef1415ae69e19905fc7383357f387a72e6eb97eb4627faa531db70c736d167d;11214;GLMP-373D63D8D7;Gelsenkirchen;Nordrhein-Westfalen;Bürger Initiative Gelsenkirchen;big;2009.0;Kommunalwahlprogramm Gemeinde;Gemeinde;Hauptkorpus: kommunales Wahlprogramm der Gemeinde;manifestos/ge09big.txt
main;ge09fdp.txt;ae23260025e0e3ddc13a746dc8e701ef56c10e58c2fe8090e7c3fcb7b623c22a;22582;GLMP-1B2F183821;Gelsenkirchen;Nordrhein-Westfalen;FDP;fdp;2009.0;Kommunalwahlprogramm Gemeinde;Gemeinde;Hauptkorpus: kommunales Wahlprogramm der Gemeinde;manifestos/ge09fdp.txt
main;ge09gru.txt;0505000df9d8960a47d2850729151aa3aff395baf9267c35f9db2e40846d07eb;25277;GLMP-A53908EDD2;Gelsenkirchen;Nordrhein-Westfalen;Grüne;gru;2009.0;Kommunalwahlprogramm Gemeinde;Gemeinde;Hauptkorpus: kommunales Wahlprogramm der Gemeinde;manifestos/ge09gru.txt
main;ha09cdu.txt;2f48b8e5613e1002720ae7211a3a95556b734397fec38b29a3f5776efaee4372;41109;GLMP-0AACDCB7CD;Hagen;Nordrhein-Westfalen;CDU;cdu;2009.0;Kommunalwahlprogramm Gemeinde;Gemeinde;Hauptkorpus: kommunales Wahlprogramm der Gemeinde;manifestos/ha09cdu.txt
main;ha09fdp.txt;54e8a7f4e0fb303be1f39b7d064a67a037eb5b10917c67bac748065136a69b25;27681;GLMP-9BEA2CBB21;Hagen;Nordrhein-Westfalen;FDP;fdp;2009.0;Kommunalwahlprogramm Gemeinde;Gemeinde;Hauptkorpus: kommunales Wahlprogramm der Gemeinde;manifestos/ha09fdp.txt
main;ha09gru.txt;95eba789c504a4c448c237b4f75b89b89ab0dbbc7ea9877157fb484706a74f5a;102956;GLMP-5CB8AF89E3;Hagen;Nordrhein-Westfalen;Grüne;gru;2009.0;Kommunalwahlprogramm Gemeinde;Gemeinde;Hauptkorpus: kommunales Wahlprogramm der Gemeinde;manifestos/ha09gru.txt
main;ha09hak.txt;c113c85b8c8bc4aa98c04c1bac66e60e56ad0faaf8b002b782660c460674383f;92088;GLMP-907E408F77;Hagen;Nordrhein-Westfalen;Hagen Aktiv;hak;2009.0;Kommunalwahlprogramm Gemeinde;Gemeinde;Hauptkorpus: kommunales Wahlprogramm der Gemeinde;manifestos/ha09hak.txt
main;ha09spd.txt;2fb6a15091684a36ff944c5230c5a2a42717d36bc06568c42b429f1f61afaa52;31766;GLMP-0BED9222DD;Hagen;Nordrhein-Westfalen;SPD;spd;2009.0;Kommunalwahlprogramm Gemeinde;Gemeinde;Hauptkorpus: kommunales Wahlprogramm der Gemeinde;manifestos/ha09spd.txt
main;hm09cdu.txt;ef5bfe49ff4f258644e10f4b797a8e6f2d6f85fb896cc89b4f8541e57e468647;30435;GLMP-F6AADFF00A;Hamm;Nordrhein-Westfalen;CDU;cdu;2009.0;Kommunalwahlprogramm Gemeinde;Gemeinde;Hauptkorpus: kommunales Wahlprogramm der Gemeinde;manifestos/hm09cdu.txt
main;hm09gru.txt;9b72be1dc6b7b5a8433822ac803c99f62fe2213ef93db475756fb8c2cadf9e7f;96544;GLMP-282E12CAD9;Hamm;Nordrhein-Westfalen;Grüne;gru;2009.0;Kommunalwahlprogramm Gemeinde;Gemeinde;Hauptkorpus: kommunales Wahlprogramm der Gemeinde;manifestos/hm09gru.txt
main;ko09cdu.txt;d339166fd8093bc0cdd46160ae89a0193f2c62972c677745a56aa9f54e462eb9;43572;GLMP-0ECDD89B99;Koeln;Nordrhein-Westfalen;CDU;cdu;2009.0;Kommunalwahlprogramm Gemeinde;Gemeinde;Hauptkorpus: kommunales Wahlprogramm der Gemeinde;manifestos/ko09cdu.txt
main;ko09lin.txt;29db15fa960e8fd36aec792c1583e5d290e9295937139ebfb56f1253f594b6ab;272584;GLMP-B1BA963242;Koeln;Nordrhein-Westfalen;Die Linke;lin;2009.0;Kommunalwahlprogramm Gemeinde;Gemeinde;Hauptkorpus: kommunales Wahlprogramm der Gemeinde;manifestos/ko09lin.txt
main;ko09gru.txt;311dcff71f2ee6ef68aa35a75fa52a66c552b4a5ac4f775cac15c011dc6b50ef;92114;GLMP-FCE0F128ED;Koeln;Nordrhein-Westfalen;Grüne;gru;2009.0;Kommunalwahlprogramm Gemeinde;Gemeinde;Hauptkorpus: kommunales Wahlprogramm der Gemeinde;manifestos/ko09gru.txt
main;ko09spd.txt;8526b02baad91dd5b8bc23d5b097e5ef5d981dbf29e1e26caaddc4833f685cce;259670;GLMP-D68AA04016;Koeln;Nordrhein-Westfalen;SPD;spd;2009.0;Kommunalwahlprogramm Gemeinde;Gemeinde;Hauptkorpus: kommunales Wahlprogramm der Gemeinde;manifestos/ko09spd.txt
main;kr09cdu.txt;5b9d4692775d81c9ea581e85c3d841a5efee3084d38a3e5bf859dae666eeea75;91222;GLMP-D95B53294B;Krefeld;Nordrhein-Westfalen;CDU;cdu;2009.0;Kommunalwahlprogramm Gemeinde;Gemeinde;Hauptkorpus: kommunales Wahlprogramm der Gemeinde;manifestos/kr09cdu.txt
main;kr09fdp.txt;b5d17d7ff8fe70c43840c8c1a0a1c8e680ce78fc3a6a59438894297d198fbd72;66478;GLMP-0CA7A19D28;Krefeld;Nordrhein-Westfalen;FDP;fdp;2009.0;Kommunalwahlprogramm Gemeinde;Gemeinde;Hauptkorpus: kommunales Wahlprogramm der Gemeinde;manifestos/kr09fdp.txt
main;kr09spd.txt;7bd45e8ddcf2967321e23ba8803a944b0093f627f70f495e1ea9ae9f355e7ff4;7775;GLMP-47194E11D9;Krefeld;Nordrhein-Westfalen;SPD;spd;2009.0;Kommunalwahlprogramm Gemeinde;Gemeinde;Hauptkorpus: kommunales Wahlprogramm der Gemeinde;manifestos/kr09spd.txt
main;le09cdu.txt;4f4b8be2927293f7e4d4d0a187808559ec5fc7888f57fcbf18025fce41ceeedc;21406;GLMP-57425C12E6;Leverkusen;Nordrhein-Westfalen;CDU;cdu;2009.0;Kommunalwahlprogramm Gemeinde;Gemeinde;Hauptkorpus: kommunales Wahlprogramm der Gemeinde;manifestos/le09cdu.txt
main;le09fdp.txt;51c78001d6a14afa4efe9239d164b0199240753f409ad823d03a1275b298a793;39627;GLMP-C9B3BF30FE;Leverkusen;Nordrhein-Westfalen;FDP;fdp;2009.0;Kommunalwahlprogramm Gemeinde;Gemeinde;Hauptkorpus: kommunales Wahlprogramm der Gemeinde;manifestos/le09fdp.txt
main;le09fwg.txt;64d2fba423d207bae238cfb408da5c45438fde9e98882f9a20976b05d6018da3;65579;GLMP-188E157FA9;Leverkusen;Nordrhein-Westfalen;Freie Wähler;fwg;2009.0;Kommunalwahlprogramm Gemeinde;Gemeinde;Hauptkorpus: kommunales Wahlprogramm der Gemeinde;manifestos/le09fwg.txt
main;le09spd.txt;37e06f9e11c2acb149460482685bf92903aea049f3012d164d36a8861696a82c;33814;GLMP-DE5F047925;Leverkusen;Nordrhein-Westfalen;SPD;spd;2009.0;Kommunalwahlprogramm Gemeinde;Gemeinde;Hauptkorpus: kommunales Wahlprogramm der Gemeinde;manifestos/le09spd.txt
main;mg09lin.txt;be0ed11773861b4b459b7a8b95e2750d0cefc5d8febce9fe37e9b6e881cc5148;44494;GLMP-4937F3D413;Moenchengladbach;Nordrhein-Westfalen;Die Linke;lin;2009.0;Kommunalwahlprogramm Gemeinde;Gemeinde;Hauptkorpus: kommunales Wahlprogramm der Gemeinde;manifestos/mg09lin.txt
main;mg09fdp.txt;61ab63f938dc8ee479af8c980fc0769f0bf706461058a686302d9a083c05667c;46104;GLMP-4F05D236B1;Moenchengladbach;Nordrhein-Westfalen;FDP;fdp;2009.0;Kommunalwahlprogramm Gemeinde;Gemeinde;Hauptkorpus: kommunales Wahlprogramm der Gemeinde;manifestos/mg09fdp.txt
main;mg09gru.txt;6899e350863376a9d0343a689af2acc7751e5209d3b24478d77d8aaf36098c56;65161;GLMP-5F1A607537;Moenchengladbach;Nordrhein-Westfalen;Grüne;gru;2009.0;Kommunalwahlprogramm Gemeinde;Gemeinde;Hauptkorpus: kommunales Wahlprogramm der Gemeinde;manifestos/mg09gru.txt
main;mg09spd.txt;0dc1bd76ebe7886a363b1f3a398a83c50313f1d6c23848d6301ab9e0df4e24a9;41542;GLMP-3ABE926D5C;Moenchengladbach;Nordrhein-Westfalen;SPD;spd;2009.0;Kommunalwahlprogramm Gemeinde;Gemeinde;Hauptkorpus: kommunales Wahlprogramm der Gemeinde;manifestos/mg09spd.txt
main;mo09cdu.txt;0186ab29760a97b06bcb04d448e54c4d2fa42403b31288ad82fa26f2462bd3cb;9156;GLMP-C02205BF5B;Moers;Nordrhein-Westfalen;CDU;cdu;2009.0;Kommunalwahlprogramm Gemeinde;Gemeinde;Hauptkorpus: kommunales Wahlprogramm der Gemeinde;manifestos/mo09cdu.txt
main;mo09lin.txt;c0c8dee6a80ab2485a5fdd0f33441bd5982d65edd53f6a463e2268119848b638;28471;GLMP-3FB9BB7AE8;Moers;Nordrhein-Westfalen;Die Linke;lin;2009.0;Kommunalwahlprogramm Gemeinde;Gemeinde;Hauptkorpus: kommunales Wahlprogramm der Gemeinde;manifestos/mo09lin.txt
main;mo09fdp.txt;e6244e6cf65930a71308b1a5073debd02138323235431b36092c00dd72a6ea8f;41417;GLMP-4A1BE43E5F;Moers;Nordrhein-Westfalen;FDP;fdp;2009.0;Kommunalwahlprogramm Gemeinde;Gemeinde;Hauptkorpus: kommunales Wahlprogramm der Gemeinde;manifestos/mo09fdp.txt
main;mo09fbg.txt;5387790fd8c34e48d2fcdbe5338fa0d246bd75e8589195fdc7df6d3c1943fda2;28459;GLMP-A409DF06CF;Moers;Nordrhein-Westfalen;Freie Bürger-Gemeinschaft Moers;fbg;2009.0;Kommunalwahlprogramm Gemeinde;Gemeinde;Hauptkorpus: kommunales Wahlprogramm der Gemeinde;manifestos/mo09fbg.txt
main;mh09cdu.txt;a665298544ce07ae574435e5b716d72cb099866a6e1ab75678305aae3dc57fba;51177;GLMP-98CF77A715;Muelheim an der Ruhr;Nordrhein-Westfalen;CDU;cdu;2009.0;Kommunalwahlprogramm Gemeinde;Gemeinde;Hauptkorpus: kommunales Wahlprogramm der Gemeinde;manifestos/mh09cdu.txt
main;mh09fdp.txt;7ccf0f9fb3386642324d421fdf058d589c1b450d382d6ae2d5f27f82511b032b;22243;GLMP-D246A97818;Muelheim an der Ruhr;Nordrhein-Westfalen;FDP;fdp;2009.0;Kommunalwahlprogramm Gemeinde;Gemeinde;Hauptkorpus: kommunales Wahlprogramm der Gemeinde;manifestos/mh09fdp.txt
main;mh09mbi.txt;d7663b576ef998c1a37748449be65cf32f10e3e690a3421440854316623d8230;55870;GLMP-3043298F44;Muelheim an der Ruhr;Nordrhein-Westfalen;Mülheimer Bürger Initiative;mbi;2009.0;Kommunalwahlprogramm Gemeinde;Gemeinde;Hauptkorpus: kommunales Wahlprogramm der Gemeinde;manifestos/mh09mbi.txt
main;ms09cdu.txt;af4223469e0009ca8d7b79b618030628f90c1a656730dcfcc5e10c70d19e868f;96995;GLMP-4E93EB455C;Muenster;Nordrhein-Westfalen;CDU;cdu;2009.0;Kommunalwahlprogramm Gemeinde;Gemeinde;Hauptkorpus: kommunales Wahlprogramm der Gemeinde;manifestos/ms09cdu.txt
main;ms09lin.txt;272e2c8bc8eace98998613603bce6de062f7b27719dca7ef8fe51d80a915de72;100426;GLMP-35AD972814;Muenster;Nordrhein-Westfalen;Die Linke;lin;2009.0;Kommunalwahlprogramm Gemeinde;Gemeinde;Hauptkorpus: kommunales Wahlprogramm der Gemeinde;manifestos/ms09lin.txt
main;ms09fdp.txt;acb441c53c671aa7e8e5675d080ba4313977b22c5186188134e70180511a5ce6;49851;GLMP-4EFC76BB57;Muenster;Nordrhein-Westfalen;FDP;fdp;2009.0;Kommunalwahlprogramm Gemeinde;Gemeinde;Hauptkorpus: kommunales Wahlprogramm der Gemeinde;manifestos/ms09fdp.txt
main;ms09spd.txt;c0a8f9571013a7b156f95d5beba0b47797ec2ba7189eaf7b7354f81d98e4468a;95982;GLMP-931A894A51;Muenster;Nordrhein-Westfalen;SPD;spd;2009.0;Kommunalwahlprogramm Gemeinde;Gemeinde;Hauptkorpus: kommunales Wahlprogramm der Gemeinde;manifestos/ms09spd.txt
main;ms09odp.txt;78e4991ddcfc7f9f0fc64687be9d6f6c73bd6ecc1c0ce2d8ba7874b9394f09c3;84318;GLMP-59F28CCE99;Muenster;Nordrhein-Westfalen;Ökologisch-Demokratische Partei (ÖDP);odp;2009.0;Kommunalwahlprogramm Gemeinde;Gemeinde;Hauptkorpus: kommunales Wahlprogramm der Gemeinde;manifestos/ms09odp.txt
main;ne09cdu.txt;491f8cb9c9e68c58357bc0c8d950f741f332a5b01b37e2b225fbcbc20a5e83af;61264;GLMP-32780BB8A2;Neuss;Nordrhein-Westfalen;CDU;cdu;2009.0;Kommunalwahlprogramm Gemeinde;Gemeinde;Hauptkorpus: kommunales Wahlprogramm der Gemeinde;manifestos/ne09cdu.txt
main;ne09gru.txt;c89d8f4e207732fbb95172b2c95bbe1fa27a7595e15bc76d14e70d0033c8b7fe;15224;GLMP-797115F3EB;Neuss;Nordrhein-Westfalen;Grüne;gru;2009.0;Kommunalwahlprogramm Gemeinde;Gemeinde;Hauptkorpus: kommunales Wahlprogramm der Gemeinde;manifestos/ne09gru.txt
main;ne09spd.txt;2d7d82efa5b46985ed64401ff1da67f77f8af9a95b284767f99a344a8e39e738;86916;GLMP-293DA1E198;Neuss;Nordrhein-Westfalen;SPD;spd;2009.0;Kommunalwahlprogramm Gemeinde;Gemeinde;Hauptkorpus: kommunales Wahlprogramm der Gemeinde;manifestos/ne09spd.txt
main;ob09cdu.txt;b359764b3e5d10dfe7b42d604aec92d63297003209072e4f161e18b341c94fcf;69739;GLMP-D583C9265D;Oberhausen;Nordrhein-Westfalen;CDU;cdu;2009.0;Kommunalwahlprogramm Gemeinde;Gemeinde;Hauptkorpus: kommunales Wahlprogramm der Gemeinde;manifestos/ob09cdu.txt
main;ob09lin.txt;f502c3978f0dc503c7efbc076171f29c999ab95038262ba19851856a1b6c27df;39381;GLMP-87B1945028;Oberhausen;Nordrhein-Westfalen;Die Linke;lin;2009.0;Kommunalwahlprogramm Gemeinde;Gemeinde;Hauptkorpus: kommunales Wahlprogramm der Gemeinde;manifestos/ob09lin.txt
main;pb09cdu.txt;7339cde6cc7c1f5eef55aee5e7b06bb51b6e7f2768441019a428f2867ed9131a;13373;GLMP-0519521122;Paderborn;Nordrhein-Westfalen;CDU;cdu;2009.0;Kommunalwahlprogramm Gemeinde;Gemeinde;Hauptkorpus: kommunales Wahlprogramm der Gemeinde;manifestos/pb09cdu.txt
main;pb09dip.txt;641aa2f29030051d53c5f62c93342bbb34a95a2f0ed842ef48ec7167ff8b5e6f;16107;GLMP-81D27EB3D9;Paderborn;Nordrhein-Westfalen;Demokratische Initiative Parderborn;dip;2009.0;Kommunalwahlprogramm Gemeinde;Gemeinde;Hauptkorpus: kommunales Wahlprogramm der Gemeinde;manifestos/pb09dip.txt
main;pb09fdp.txt;ca5a660327ce6007b318368a0cf1ec07eb42d350876002e1b5da2f8fc32ce8ec;27888;GLMP-7E18E1FED1;Paderborn;Nordrhein-Westfalen;FDP;fdp;2009.0;Kommunalwahlprogramm Gemeinde;Gemeinde;Hauptkorpus: kommunales Wahlprogramm der Gemeinde;manifestos/pb09fdp.txt
main;pb09gru.txt;83cf9b4cc28eaeef9854a623bf2453d3ff7bc9e890cc7ceb54481139e329401c;73666;GLMP-1D5C98EE35;Paderborn;Nordrhein-Westfalen;Grüne;gru;2009.0;Kommunalwahlprogramm Gemeinde;Gemeinde;Hauptkorpus: kommunales Wahlprogramm der Gemeinde;manifestos/pb09gru.txt
main;pb09spd.txt;d991af9ce5ca4ffd50efc71946e601683477d9c66bda219edd89f2634c81a410;7346;GLMP-B4B7B353E2;Paderborn;Nordrhein-Westfalen;SPD;spd;2009.0;Kommunalwahlprogramm Gemeinde;Gemeinde;Hauptkorpus: kommunales Wahlprogramm der Gemeinde;manifestos/pb09spd.txt
main;re09gru.txt;943ea244e97f56627e768be107400799b2c60e952f8114f95826338ff7e27c4d;56139;GLMP-82A2A2482D;Recklinghausen;Nordrhein-Westfalen;Grüne;gru;2009.0;Kommunalwahlprogramm Gemeinde;Gemeinde;Hauptkorpus: kommunales Wahlprogramm der Gemeinde;manifestos/re09gru.txt
main;re09spd.txt;45d7614267d05e1bc82f1a7cf8e07a36cd6119e0f5387d92d1843adf52525dc0;38315;GLMP-6ECDB31A16;Recklinghausen;Nordrhein-Westfalen;SPD;spd;2009.0;Kommunalwahlprogramm Gemeinde;Gemeinde;Hauptkorpus: kommunales Wahlprogramm der Gemeinde;manifestos/re09spd.txt
main;rs09cdu.txt;1b2b0e737ca4e001fca6c58ad7f9257d14ff9f1c2035c47646e9e4d36e49c755;35563;GLMP-9242A9F295;Remscheid;Nordrhein-Westfalen;CDU;cdu;2009.0;Kommunalwahlprogramm Gemeinde;Gemeinde;Hauptkorpus: kommunales Wahlprogramm der Gemeinde;manifestos/rs09cdu.txt
main;rs09fdp.txt;2ddb2b9949ccd739fb3f1860e9313f34b85d0abda6b4d15fc07a38e007587f24;42349;GLMP-BCE4AD7D8E;Remscheid;Nordrhein-Westfalen;FDP;fdp;2009.0;Kommunalwahlprogramm Gemeinde;Gemeinde;Hauptkorpus: kommunales Wahlprogramm der Gemeinde;manifestos/rs09fdp.txt
main;rs09spd.txt;4482da339c45d48d205417b57169cd7038bb17259035d515ae8820f8c2241446;28386;GLMP-350745BE57;Remscheid;Nordrhein-Westfalen;SPD;spd;2009.0;Kommunalwahlprogramm Gemeinde;Gemeinde;Hauptkorpus: kommunales Wahlprogramm der Gemeinde;manifestos/rs09spd.txt
main;rs09wir.txt;a7a1a59b9aef84a2c0f58d83c404b6d11ceb9ba61f5b5e97f815b0fb2b523f5e;16224;GLMP-2710825467;Remscheid;Nordrhein-Westfalen;Wählergemeinschaft in Remscheid (W.i.R.);wir;2009.0;Kommunalwahlprogramm Gemeinde;Gemeinde;Hauptkorpus: kommunales Wahlprogramm der Gemeinde;manifestos/rs09wir.txt
main;si09cdu.txt;ddd252cf052328c9cd05dee51dfce6416ec7cf534f3af67ea0991e71bbf7071d;13429;GLMP-81353936E6;Siegen;Nordrhein-Westfalen;CDU;cdu;2009.0;Kommunalwahlprogramm Gemeinde;Gemeinde;Hauptkorpus: kommunales Wahlprogramm der Gemeinde;manifestos/si09cdu.txt
main;si09gru.txt;95d3d8faafedc90f7f5ba11535b9842890d9250b01a36d9652678e177c97fde9;69074;GLMP-D22EFC2FCE;Siegen;Nordrhein-Westfalen;Grüne;gru;2009.0;Kommunalwahlprogramm Gemeinde;Gemeinde;Hauptkorpus: kommunales Wahlprogramm der Gemeinde;manifestos/si09gru.txt
main;sg09cdu.txt;dcde26b4a961f2cec11fdb95d5e5f85295c0d74494517298627de4b73bb4a598;78452;GLMP-7A5EEE821B;Solingen;Nordrhein-Westfalen;CDU;cdu;2009.0;Kommunalwahlprogramm Gemeinde;Gemeinde;Hauptkorpus: kommunales Wahlprogramm der Gemeinde;manifestos/sg09cdu.txt
main;sg09fdp.txt;dd88bd0e97c314a4c97ebc90af0bb759c9f70552cb966e9fbaf3629a6b2a742f;24960;GLMP-F7A0C9A1B6;Solingen;Nordrhein-Westfalen;FDP;fdp;2009.0;Kommunalwahlprogramm Gemeinde;Gemeinde;Hauptkorpus: kommunales Wahlprogramm der Gemeinde;manifestos/sg09fdp.txt
main;sg09fbu.txt;c2260b32e273d938cb8638cecc107d521c46b0720580d913e1977d4362ce37dd;5807;GLMP-44B2E8BB07;Solingen;Nordrhein-Westfalen;Freie Bürger Union;fbu;2009.0;Kommunalwahlprogramm Gemeinde;Gemeinde;Hauptkorpus: kommunales Wahlprogramm der Gemeinde;manifestos/sg09fbu.txt
main;ul09uvl.txt;6e39fd70f4b43d2f166f591f11f576d48e547e38943dd1fccf46ad798aff3414;416;GLMP-640DD1DB71;Ulm;Baden-Württemberg;Ulmer Vorort-Liste;uvl;2009.0;Kommunalwahlprogramm Gemeinde;Gemeinde;Hauptkorpus: kommunales Wahlprogramm der Gemeinde;manifestos/ul09uvl.txt
main;wu09cdu.txt;a21d8b6bf4cd690dc5d6e7f132424474c264873833ff0191c618042a6314bb40;29178;GLMP-545C4F3E22;Wuppertal;Nordrhein-Westfalen;CDU;cdu;2009.0;Kommunalwahlprogramm Gemeinde;Gemeinde;Hauptkorpus: kommunales Wahlprogramm der Gemeinde;manifestos/wu09cdu.txt
main;wu09lin.txt;9283e2bb555669c42f235b1ded928dbcf0def467af5f63e99bfa032a31568315;64474;GLMP-3D6F5D4E8C;Wuppertal;Nordrhein-Westfalen;Die Linke;lin;2009.0;Kommunalwahlprogramm Gemeinde;Gemeinde;Hauptkorpus: kommunales Wahlprogramm der Gemeinde;manifestos/wu09lin.txt
main;wu09fdp.txt;2c3441f614e0003dfb482b50beea3985f18504b583e73cc81e1bcd41dc0f2a77;44898;GLMP-52374756CD;Wuppertal;Nordrhein-Westfalen;FDP;fdp;2009.0;Kommunalwahlprogramm Gemeinde;Gemeinde;Hauptkorpus: kommunales Wahlprogramm der Gemeinde;manifestos/wu09fdp.txt
main;wu09gru.txt;6c208e9d6423b7ff8da5cdc5f56b4cc44502f729854919b4ec9ca94cb66f3779;82468;GLMP-08AFEC0D3C;Wuppertal;Nordrhein-Westfalen;Grüne;gru;2009.0;Kommunalwahlprogramm Gemeinde;Gemeinde;Hauptkorpus: kommunales Wahlprogramm der Gemeinde;manifestos/wu09gru.txt
main;wu09spd.txt;6fdf77c11b5ae2e0ea15b3937b611c4199b3173d5338418450d6260d254063d0;37210;GLMP-8306BDC506;Wuppertal;Nordrhein-Westfalen;SPD;spd;2009.0;Kommunalwahlprogramm Gemeinde;Gemeinde;Hauptkorpus: kommunales Wahlprogramm der Gemeinde;manifestos/wu09spd.txt
main;wu09wfw.txt;d0e968afd5798d408dd295e408a4966e8c216d95889d95d3af7413fe00289028;19829;GLMP-DC465AE909;Wuppertal;Nordrhein-Westfalen;Wählergemeinschaft für Wuppertal;wfw;2009.0;Kommunalwahlprogramm Gemeinde;Gemeinde;Hauptkorpus: kommunales Wahlprogramm der Gemeinde;manifestos/wu09wfw.txt
main;bs11lin.txt;e40f38eea9ed1b29e8f79b6aa5f3ab582d0d41f941150ab350d88aea2b1dd05c;113198;GLMP-97549B2EA6;Braunschweig;Niedersachsen;Die Linke;lin;2011.0;Kommunalwahlprogramm Gemeinde;Gemeinde;Hauptkorpus: kommunales Wahlprogramm der Gemeinde;manifestos/bs11lin.txt
main;bs11fdp.txt;93ef53c824c5baa79723bb9502ca54f4492b9f0f64ee00c600599e2381437316;70362;GLMP-3E1029D327;Braunschweig;Niedersachsen;FDP;fdp;2011.0;Kommunalwahlprogramm Gemeinde;Gemeinde;Hauptkorpus: kommunales Wahlprogramm der Gemeinde;manifestos/bs11fdp.txt
main;bs11spd.txt;d0090524f9401babdbc5d8bb16806e69e165d833a92a6a64e3f282b1656da509;65417;GLMP-4A1746F0C9;Braunschweig;Niedersachsen;SPD;spd;2011.0;Kommunalwahlprogramm Gemeinde;Gemeinde;Hauptkorpus: kommunales Wahlprogramm der Gemeinde;manifestos/bs11spd.txt
main;da11cdu.txt;12873309ab75beeb811bc02ecb5c5f86c45a75a83edd0864c3089405e9790d14;76565;GLMP-6E6CCF9735;Darmstadt;Hessen;CDU;cdu;2011.0;Kommunalwahlprogramm Gemeinde;Gemeinde;Hauptkorpus: kommunales Wahlprogramm der Gemeinde;manifestos/da11cdu.txt
main;da11lin.txt;7c963b37cb2a969b506d519dceb6bac48386d1119fbbc8f5a2c89d1924bc1efa;159513;GLMP-5003196905;Darmstadt;Hessen;Die Linke;lin;2011.0;Kommunalwahlprogramm Gemeinde;Gemeinde;Hauptkorpus: kommunales Wahlprogramm der Gemeinde;manifestos/da11lin.txt
main;da11fdp.txt;24ee10a9860fd2bd5840b589189a4b9f7992d8084809c925b74fda51be0ac5fb;75819;GLMP-34FCB8D753;Darmstadt;Hessen;FDP;fdp;2011.0;Kommunalwahlprogramm Gemeinde;Gemeinde;Hauptkorpus: kommunales Wahlprogramm der Gemeinde;manifestos/da11fdp.txt
main;da11fwg.txt;49c0580ad11736fd9cb44ac4399fe9f4987d491934253e122b6d9564eab4cf78;2908;GLMP-0709F4D933;Darmstadt;Hessen;Freie Wähler;fwg;2011.0;Kommunalwahlprogramm Gemeinde;Gemeinde;Hauptkorpus: kommunales Wahlprogramm der Gemeinde;manifestos/da11fwg.txt
main;da11gru.txt;ba51d6dacac650d490a5b35ef1429935e8740228723b2e2bafc2112ab5b27edf;255778;GLMP-8BA40A904E;Darmstadt;Hessen;Grüne;gru;2011.0;Kommunalwahlprogramm Gemeinde;Gemeinde;Hauptkorpus: kommunales Wahlprogramm der Gemeinde;manifestos/da11gru.txt
main;da11pir.txt;8b9e9a3af3c53b3591ede530280763bb596658cc032570b12172a294adb65113;23647;GLMP-E1045748AB;Darmstadt;Hessen;Piraten;pir;2011.0;Kommunalwahlprogramm Gemeinde;Gemeinde;Hauptkorpus: kommunales Wahlprogramm der Gemeinde;manifestos/da11pir.txt
main;da11spd.txt;ddb822a1fadca3019e1fafbc66d523b319d0a6470daf9bbdcea5e148ded005c8;132789;GLMP-D2FCDC91A2;Darmstadt;Hessen;SPD;spd;2011.0;Kommunalwahlprogramm Gemeinde;Gemeinde;Hauptkorpus: kommunales Wahlprogramm der Gemeinde;manifestos/da11spd.txt
main;da11uwi.txt;b2dfa366478c83fb5a99bbf2b9b4abecbda4add15703bc07bd49bc1e5754110b;11525;GLMP-FE27956573;Darmstadt;Hessen;UWIGA (nabhängige Wählergemeinschaft hervor gegangen aus  IG Abwasser);uwi;2011.0;Kommunalwahlprogramm Gemeinde;Gemeinde;Hauptkorpus: kommunales Wahlprogramm der Gemeinde;manifestos/da11uwi.txt
main;da11uff.txt;f0ccad1f52ae4bf307c2b5a72d35f20d3b4ecb701ec10797892eaeeaf516636a;6653;GLMP-7A093A7A45;Darmstadt;Hessen;Uffbasse;uff;2011.0;Kommunalwahlprogramm Gemeinde;Gemeinde;Hauptkorpus: kommunales Wahlprogramm der Gemeinde;manifestos/da11uff.txt
main;dl11cdu.txt;58aeda1c3c6694e3bd25962ffc3beb8f71618815b5149883ffca5a19ae73361d;37501;GLMP-51143BE2CF;Delmenhorst;Niedersachsen;CDU;cdu;2011.0;Kommunalwahlprogramm Gemeinde;Gemeinde;Hauptkorpus: kommunales Wahlprogramm der Gemeinde;manifestos/dl11cdu.txt
main;dl11fdp.txt;304c6e2a58ee80742a9fe53e1cc139ac5e4ccbdd56be5f43ce9547e88ab4b0a4;28362;GLMP-DA5239BE9A;Delmenhorst;Niedersachsen;FDP;fdp;2011.0;Kommunalwahlprogramm Gemeinde;Gemeinde;Hauptkorpus: kommunales Wahlprogramm der Gemeinde;manifestos/dl11fdp.txt
main;dl11spd.txt;c5c8b73781c5aa5339cfc630e806882a45a60d65e866b647f3745ec219ffd97b;38602;GLMP-3D04026C15;Delmenhorst;Niedersachsen;SPD;spd;2011.0;Kommunalwahlprogramm Gemeinde;Gemeinde;Hauptkorpus: kommunales Wahlprogramm der Gemeinde;manifestos/dl11spd.txt
main;em11cdu.txt;6aa5c5f5aee77f5ab6a2334e5a78e3ced4c6e389d35ef05bf378f1bfe71a7ab1;41599;GLMP-659E4A8CC6;Emden;Niedersachsen;CDU;cdu;2011.0;Kommunalwahlprogramm Gemeinde;Gemeinde;Hauptkorpus: kommunales Wahlprogramm der Gemeinde;manifestos/em11cdu.txt
main;em11fdp.txt;514133004044a7870abf56ba30ac851f307f1f0c9669ef8c3c8df7cdfac42042;20569;GLMP-3C6BD567A3;Emden;Niedersachsen;FDP;fdp;2011.0;Kommunalwahlprogramm Gemeinde;Gemeinde;Hauptkorpus: kommunales Wahlprogramm der Gemeinde;manifestos/em11fdp.txt
main;em11spd.txt;0b81c2e1e103244d9c27b62b54bcdd85c611de1b9e8ede2db53525171fff1172;18317;GLMP-F6A4029258;Emden;Niedersachsen;SPD;spd;2011.0;Kommunalwahlprogramm Gemeinde;Gemeinde;Hauptkorpus: kommunales Wahlprogramm der Gemeinde;manifestos/em11spd.txt
main;ff11cdu.txt;f671e1b080ffed0ae646c3f7fe82a4164c9bcec4e352a0f6cbd140603667767f;98204;GLMP-C497DFCF9C;Frankfurt am Main;Hessen;CDU;cdu;2011.0;Kommunalwahlprogramm Gemeinde;Gemeinde;Hauptkorpus: kommunales Wahlprogramm der Gemeinde;manifestos/ff11cdu.txt
main;ff11lin.txt;dd95afc7f4fda618ad1554d898cd1cb3bcf5eef929920282c25be3f55090d688;96926;GLMP-B6DB5F9DEA;Frankfurt am Main;Hessen;Die Linke;lin;2011.0;Kommunalwahlprogramm Gemeinde;Gemeinde;Hauptkorpus: kommunales Wahlprogramm der Gemeinde;manifestos/ff11lin.txt
main;ff11eul.txt;8c581e50adfe9509377428a6555463cf656e248e136ff9504e2b8cd1819fa52f;9434;GLMP-18C2F279CF;Frankfurt am Main;Hessen;Europa-Liste Frankfurt;eul;2011.0;Kommunalwahlprogramm Gemeinde;Gemeinde;Hauptkorpus: kommunales Wahlprogramm der Gemeinde;manifestos/ff11eul.txt
main;ff11fdp.txt;c2eed36a6c35f4cf5b980d3768703af00c2e6693eaa3b06a32bec728d2115a32;85712;GLMP-4A87373A5A;Frankfurt am Main;Hessen;FDP;fdp;2011.0;Kommunalwahlprogramm Gemeinde;Gemeinde;Hauptkorpus: kommunales Wahlprogramm der Gemeinde;manifestos/ff11fdp.txt
main;ff11fag.txt;466ea563390801d2e2b571fed296ef6936ebcd0b01ce2fdcf07d4670290e7a04;104525;GLMP-912BBB4DC0;Frankfurt am Main;Hessen;FlughafenAusbauGegner;fag;2011.0;Kommunalwahlprogramm Gemeinde;Gemeinde;Hauptkorpus: kommunales Wahlprogramm der Gemeinde;manifestos/ff11fag.txt
main;ff11fwg.txt;2f459563ae3571a84bea0c88043307c098ed4bba4e7d2ec496ecd54f7156011d;58825;GLMP-AABCB6B48B;Frankfurt am Main;Hessen;Freie Wähler;fwg;2011.0;Kommunalwahlprogramm Gemeinde;Gemeinde;Hauptkorpus: kommunales Wahlprogramm der Gemeinde;manifestos/ff11fwg.txt
main;ff11gru.txt;4d4b709f64e8060199156757d08c0c289e65eb5c561ef5960a5c2f1c6c92e5a4;189465;GLMP-4A7E9AC9DF;Frankfurt am Main;Hessen;Grüne;gru;2011.0;Kommunalwahlprogramm Gemeinde;Gemeinde;Hauptkorpus: kommunales Wahlprogramm der Gemeinde;manifestos/ff11gru.txt
main;ff11pir.txt;97065ba26f53f2fb67d90c22873d1cf849a92c5c7ab8f792b03a2a2ff63e6521;30692;GLMP-D0CEA2831C;Frankfurt am Main;Hessen;Piraten;pir;2011.0;Kommunalwahlprogramm Gemeinde;Gemeinde;Hauptkorpus: kommunales Wahlprogramm der Gemeinde;manifestos/ff11pir.txt
main;ff11spd.txt;eea7e3bc3907499ff85aaef036e4845c0ffde3e337b3f346374a8a98e7c0775e;192556;GLMP-37B808F7E4;Frankfurt am Main;Hessen;SPD;spd;2011.0;Kommunalwahlprogramm Gemeinde;Gemeinde;Hauptkorpus: kommunales Wahlprogramm der Gemeinde;manifestos/ff11spd.txt
main;ff11oek.txt;f37694c9543c44d8994ed57cd0a7739bb438d63612ca1643610304469def3f17;16162;GLMP-6574608501;Frankfurt am Main;Hessen;ÖkoLinX-ARL;oek;2011.0;Kommunalwahlprogramm Gemeinde;Gemeinde;Hauptkorpus: kommunales Wahlprogramm der Gemeinde;manifestos/ff11oek.txt
main;go11cdu.txt;7e2a7fe39e8c6c65d9d94711cbc40f68a63b9c94de51b0e03e2a0e5e812c6c60;50630;GLMP-C2CC27EAFB;Goettingen;Niedersachsen;CDU;cdu;2011.0;Kommunalwahlprogramm Gemeinde;Gemeinde;Hauptkorpus: kommunales Wahlprogramm der Gemeinde;manifestos/go11cdu.txt
main;go11fdp.txt;8dd7373130660826d1dd0075898d89a0f17afbc965515bc639e82c9d96a78f35;43212;GLMP-E5B38130BD;Goettingen;Niedersachsen;FDP;fdp;2011.0;Kommunalwahlprogramm Gemeinde;Gemeinde;Hauptkorpus: kommunales Wahlprogramm der Gemeinde;manifestos/go11fdp.txt
main;go11spd.txt;e3e7e6700b6b9e1d438c28d7d33cc40154c6d2c96a614bb1259e78a51bcca21c;17674;GLMP-E45C45E04B;Goettingen;Niedersachsen;SPD;spd;2011.0;Kommunalwahlprogramm Gemeinde;Gemeinde;Hauptkorpus: kommunales Wahlprogramm der Gemeinde;manifestos/go11spd.txt
main;hv11cdu.txt;8df50a5ac661ea178e66bd152323b58fa181139ea828d8448d75a8658afad889;106654;GLMP-80D03A0808;Hannover;Niedersachsen;CDU;cdu;2011.0;Kommunalwahlprogramm Gemeinde;Gemeinde;Hauptkorpus: kommunales Wahlprogramm der Gemeinde;manifestos/hv11cdu.txt
main;hv11lin.txt;bd51ce23f4115534616be0217921926cc210f82948765110aa3b6c5b6fddd66b;76596;GLMP-B1C665A34F;Hannover;Niedersachsen;Die Linke;lin;2011.0;Kommunalwahlprogramm Gemeinde;Gemeinde;Hauptkorpus: kommunales Wahlprogramm der Gemeinde;manifestos/hv11lin.txt
main;hv11spd.txt;b675b5169a9c095c0621d4be15247ed75d1afdbb6715af67c407a1010568eca2;174271;GLMP-FAC1431AE4;Hannover;Niedersachsen;SPD;spd;2011.0;Kommunalwahlprogramm Gemeinde;Gemeinde;Hauptkorpus: kommunales Wahlprogramm der Gemeinde;manifestos/hv11spd.txt
main;ka11cdu.txt;14c3a92d93c84139b38778fe8fa03e69c98fb1f6bbffc1d7f393995135c00993;31337;GLMP-ED035E7522;Kassel;Hessen;CDU;cdu;2011.0;Kommunalwahlprogramm Gemeinde;Gemeinde;Hauptkorpus: kommunales Wahlprogramm der Gemeinde;manifestos/ka11cdu.txt
main;ka11lin.txt;eb98136b67baa511fe27da33d1336b3647828037dce73545ff735c04fcef07a4;103499;GLMP-B644438326;Kassel;Hessen;Die Linke;lin;2011.0;Kommunalwahlprogramm Gemeinde;Gemeinde;Hauptkorpus: kommunales Wahlprogramm der Gemeinde;manifestos/ka11lin.txt
main;ka11fdp.txt;c5089d9666704e664af0d84689e6fe3c86f360ee3d7cd11da6ad445a049943c1;9660;GLMP-BA5605B1AC;Kassel;Hessen;FDP;fdp;2011.0;Kommunalwahlprogramm Gemeinde;Gemeinde;Hauptkorpus: kommunales Wahlprogramm der Gemeinde;manifestos/ka11fdp.txt
main;ka11gru.txt;985f5ed13d4874a3a231cce5e259c27127e7ab7548c0805b86daad3a3c3175b3;146818;GLMP-C152C4BE57;Kassel;Hessen;Grüne;gru;2011.0;Kommunalwahlprogramm Gemeinde;Gemeinde;Hauptkorpus: kommunales Wahlprogramm der Gemeinde;manifestos/ka11gru.txt
main;ka11pir.txt;e2113b6a537ce629a09f35736bc460db61a6a454197f5795d34914751c094479;38048;GLMP-C643CAF9C0;Kassel;Hessen;Piraten;pir;2011.0;Kommunalwahlprogramm Gemeinde;Gemeinde;Hauptkorpus: kommunales Wahlprogramm der Gemeinde;manifestos/ka11pir.txt
main;ka11spd.txt;01e78d5e8868d141f0bb17f9a3f58c32845dceabe8a937455067dba8dd87b1e8;46149;GLMP-6916584166;Kassel;Hessen;SPD;spd;2011.0;Kommunalwahlprogramm Gemeinde;Gemeinde;Hauptkorpus: kommunales Wahlprogramm der Gemeinde;manifestos/ka11spd.txt
main;of11cdu.txt;1668bd79dbfd078cbb7474584d763d77fb15424e32e7f937937bd3e779e6d78d;89093;GLMP-3A12FCA4A4;Offenbach am Main;Hessen;CDU;cdu;2011.0;Kommunalwahlprogramm Gemeinde;Gemeinde;Hauptkorpus: kommunales Wahlprogramm der Gemeinde;manifestos/of11cdu.txt
main;of11lin.txt;02d421bb099a8db7925e7376de90b1d3ffb183b880395e5fc58b8276cd9987bc;48868;GLMP-0B3A8E04C6;Offenbach am Main;Hessen;Die Linke;lin;2011.0;Kommunalwahlprogramm Gemeinde;Gemeinde;Hauptkorpus: kommunales Wahlprogramm der Gemeinde;manifestos/of11lin.txt
main;of11rep.txt;772579af3b1f25b69c4fade92d442b53cb0f679b7042d6d26cfd6a087c8511cb;39041;GLMP-408A055262;Offenbach am Main;Hessen;Die Republikaner;rep;2011.0;Kommunalwahlprogramm Gemeinde;Gemeinde;Hauptkorpus: kommunales Wahlprogramm der Gemeinde;manifestos/of11rep.txt
main;of11fdp.txt;d4c5adab3542b448d65019ac7bb3f45d5a853d7e77953c441eaaa08b786b42e8;213507;GLMP-67D4A4D611;Offenbach am Main;Hessen;FDP;fdp;2011.0;Kommunalwahlprogramm Gemeinde;Gemeinde;Hauptkorpus: kommunales Wahlprogramm der Gemeinde;manifestos/of11fdp.txt
main;of11fno.txt;2cf80c47c0a76923774b9fda5d376086a3e347bdb932c5c09aeba5af5be7e8b0;6709;GLMP-FE04AFC637;Offenbach am Main;Hessen;Forum Neues Offenbach;fno;2011.0;Kommunalwahlprogramm Gemeinde;Gemeinde;Hauptkorpus: kommunales Wahlprogramm der Gemeinde;manifestos/of11fno.txt
main;of11fwg.txt;a805b66a7e631affc7f7e54f8d95230a7b1d24333faeaac8a0fe98d1cc4bad64;18070;GLMP-D51488E16C;Offenbach am Main;Hessen;Freie Wähler;fwg;2011.0;Kommunalwahlprogramm Gemeinde;Gemeinde;Hauptkorpus: kommunales Wahlprogramm der Gemeinde;manifestos/of11fwg.txt
main;of11gru.txt;ceeb435066ab50818bbcc3fc094a9fe7218d41aceef599fb845b4a6b4aaa40f6;82563;GLMP-9559DE53D3;Offenbach am Main;Hessen;Grüne;gru;2011.0;Kommunalwahlprogramm Gemeinde;Gemeinde;Hauptkorpus: kommunales Wahlprogramm der Gemeinde;manifestos/of11gru.txt
main;of11pir.txt;e163070cdeb53909aa7ebbbfe6a089f5f3598800a58bab68da0251cabcab87a0;2496;GLMP-55222AE30E;Offenbach am Main;Hessen;Piraten;pir;2011.0;Kommunalwahlprogramm Gemeinde;Gemeinde;Hauptkorpus: kommunales Wahlprogramm der Gemeinde;manifestos/of11pir.txt
main;of11spd.txt;edd11f131cadfda5f82a8d372da69b151c47a0cf4ad7da1ceb24a5e308a31e9f;107858;GLMP-AD3F56E2DF;Offenbach am Main;Hessen;SPD;spd;2011.0;Kommunalwahlprogramm Gemeinde;Gemeinde;Hauptkorpus: kommunales Wahlprogramm der Gemeinde;manifestos/of11spd.txt
main;ol11cdu.txt;c29098aced847fff95d510b2ab81649de7eb9c11eca5cad92b0673d0eb98fbfd;42729;GLMP-08C87DE050;Oldenburg;Niedersachsen;CDU;cdu;2011.0;Kommunalwahlprogramm Gemeinde;Gemeinde;Hauptkorpus: kommunales Wahlprogramm der Gemeinde;manifestos/ol11cdu.txt
main;ol11lin.txt;efa88037f67bd09ec23290e5bb0f3dc2cd29c6f6c4cf5304e1838539959e0342;111625;GLMP-253AE9BC8A;Oldenburg;Niedersachsen;Die Linke;lin;2011.0;Kommunalwahlprogramm Gemeinde;Gemeinde;Hauptkorpus: kommunales Wahlprogramm der Gemeinde;manifestos/ol11lin.txt
main;ol11fdp.txt;13ad3f1a069d3bf6ac8f88cfd0c80d40c1becf7989f26fbe5d6ed75ad97f8f6b;5415;GLMP-F1506548ED;Oldenburg;Niedersachsen;FDP;fdp;2011.0;Kommunalwahlprogramm Gemeinde;Gemeinde;Hauptkorpus: kommunales Wahlprogramm der Gemeinde;manifestos/ol11fdp.txt
main;ol11gru.txt;e6584870b4356f7ad2d6b30bb7d2f79b84aa1f80ea1674314dc405799a3aba1e;162729;GLMP-0C48D0D4C9;Oldenburg;Niedersachsen;Grüne;gru;2011.0;Kommunalwahlprogramm Gemeinde;Gemeinde;Hauptkorpus: kommunales Wahlprogramm der Gemeinde;manifestos/ol11gru.txt
main;ol11spd.txt;a2a2bc0063a6f2ae3d556276de95fc7d460e4c47df4098eefd1b5726e1b7ff2b;67716;GLMP-61C5AE4441;Oldenburg;Niedersachsen;SPD;spd;2011.0;Kommunalwahlprogramm Gemeinde;Gemeinde;Hauptkorpus: kommunales Wahlprogramm der Gemeinde;manifestos/ol11spd.txt
main;os11cdu.txt;e0eabb8fcc9c9f865bef49b7323d77232d91fc027e3edd790744458f7336bef3;46498;GLMP-CCF17E2743;Osnabrueck;Niedersachsen;CDU;cdu;2011.0;Kommunalwahlprogramm Gemeinde;Gemeinde;Hauptkorpus: kommunales Wahlprogramm der Gemeinde;manifestos/os11cdu.txt
main;sa11cdu.txt;57b3d2297db9c12c2a193b1acf3d26ffc49c645f4c53a1fdd35e32d0470ffb94;13876;GLMP-38AC9D8AAC;Salzgitter;Niedersachsen;CDU;cdu;2011.0;Kommunalwahlprogramm Gemeinde;Gemeinde;Hauptkorpus: kommunales Wahlprogramm der Gemeinde;manifestos/sa11cdu.txt
main;sa11lin.txt;c53ccf19619d05c88cdd5f32a1d9d37e033cb02fa14dc8347182db7c20b3c190;29874;GLMP-FD6ABE9226;Salzgitter;Niedersachsen;Die Linke;lin;2011.0;Kommunalwahlprogramm Gemeinde;Gemeinde;Hauptkorpus: kommunales Wahlprogramm der Gemeinde;manifestos/sa11lin.txt
main;sa11spd.txt;4e2666ab4aad842d2b84a85182643ab145df2e497ffa02b953a52f3a4ad5b509;50097;GLMP-AD5B3B1D3F;Salzgitter;Niedersachsen;SPD;spd;2011.0;Kommunalwahlprogramm Gemeinde;Gemeinde;Hauptkorpus: kommunales Wahlprogramm der Gemeinde;manifestos/sa11spd.txt
main;wi11blw.txt;3464f6e755c4dc0de5558bdc040b968552fb2b56bb9e883f4c2ac7a7045ffae2;9016;GLMP-C53F979023;Wiesbaden;Hessen;Bürgerliste Wiesbaden;blw;2011.0;Kommunalwahlprogramm Gemeinde;Gemeinde;Hauptkorpus: kommunales Wahlprogramm der Gemeinde;manifestos/wi11blw.txt
main;wi11cdu.txt;a7b05204ebbc45890b3cf5588d20a7c4d6339c72910f3e5843b74ae36c0d9280;27653;GLMP-B52D7F897F;Wiesbaden;Hessen;CDU;cdu;2011.0;Kommunalwahlprogramm Gemeinde;Gemeinde;Hauptkorpus: kommunales Wahlprogramm der Gemeinde;manifestos/wi11cdu.txt
main;wi11lin.txt;2bff78da38fb4cad3ae35fbd4e1595edadaa2cf54aba98c5c30d80f557d3eab9;126655;GLMP-FA341781A4;Wiesbaden;Hessen;Die Linke;lin;2011.0;Kommunalwahlprogramm Gemeinde;Gemeinde;Hauptkorpus: kommunales Wahlprogramm der Gemeinde;manifestos/wi11lin.txt
main;wi11fdp.txt;8aa90e06f8a39159644a5aaee87e88384eb9c60c1941ac5d1db18fd297fe53e5;168088;GLMP-603A51980F;Wiesbaden;Hessen;FDP;fdp;2011.0;Kommunalwahlprogramm Gemeinde;Gemeinde;Hauptkorpus: kommunales Wahlprogramm der Gemeinde;manifestos/wi11fdp.txt
main;wi11gru.txt;c4fdeaea140dcb667b609c745b9918f10360b5bb147156920a56271f9a8e9a59;202920;GLMP-CDACE59A82;Wiesbaden;Hessen;Grüne;gru;2011.0;Kommunalwahlprogramm Gemeinde;Gemeinde;Hauptkorpus: kommunales Wahlprogramm der Gemeinde;manifestos/wi11gru.txt
main;wi11pir.txt;b62b7b2febcb59913f594760883695f4435da8a9b6a430fcc47157695de25699;17972;GLMP-CF293E0397;Wiesbaden;Hessen;Piraten;pir;2011.0;Kommunalwahlprogramm Gemeinde;Gemeinde;Hauptkorpus: kommunales Wahlprogramm der Gemeinde;manifestos/wi11pir.txt
main;wi11spd.txt;002a66a0f48d83aafbe5703614feef05e8fc4c6bb539f7e5f2c5885e675be0eb;94843;GLMP-95E9CC2D4A;Wiesbaden;Hessen;SPD;spd;2011.0;Kommunalwahlprogramm Gemeinde;Gemeinde;Hauptkorpus: kommunales Wahlprogramm der Gemeinde;manifestos/wi11spd.txt
main;wv11fdp.txt;4c0d42fc0b4f02d1e0635c46ac6f5a1f4bbef467df1fb36436d7e418cf5be3f4;6176;GLMP-0DA696D337;Wilhelmshaven;Niedersachsen;FDP;fdp;2011.0;Kommunalwahlprogramm Gemeinde;Gemeinde;Hauptkorpus: kommunales Wahlprogramm der Gemeinde;manifestos/wv11fdp.txt
main;wv11gru.txt;7033cb94e47e126d53ed1fe0af603445ae13e4049981eedc7a3647b139353436;42273;GLMP-488FAE0184;Wilhelmshaven;Niedersachsen;Grüne;gru;2011.0;Kommunalwahlprogramm Gemeinde;Gemeinde;Hauptkorpus: kommunales Wahlprogramm der Gemeinde;manifestos/wv11gru.txt
main;wo11spd.txt;f72f5a366bbf367f23a7de9a8ce014c9bb6d08484ab9938ab6dc4508bb258c03;23586;GLMP-9C1EF06A2D;Wolfsburg;Niedersachsen;SPD;spd;2011.0;Kommunalwahlprogramm Gemeinde;Gemeinde;Hauptkorpus: kommunales Wahlprogramm der Gemeinde;manifestos/wo11spd.txt
main;do12bli.txt;7ea375333e7942dd73dd591624621b89b8b9b9cce41256862943e8bb495dcdc6;23202;GLMP-B7C7CC55B2;Dortmund;Nordrhein-Westfalen;Bürgerliste Freie Wähler;bli;2012.0;Kommunalwahlprogramm Gemeinde;Gemeinde;Hauptkorpus: kommunales Wahlprogramm der Gemeinde;manifestos/do12bli.txt
main;do12fdp.txt;77a831b6c8948e254c9754f8be8708795a7706f8a985748b39f1945386d994a1;16271;GLMP-0CEC76576B;Dortmund;Nordrhein-Westfalen;FDP;fdp;2012.0;Kommunalwahlprogramm Gemeinde;Gemeinde;Hauptkorpus: kommunales Wahlprogramm der Gemeinde;manifestos/do12fdp.txt
main;do12fbi.txt;3836efdd910b76580460788ec00d9ed9b5845a78a6553f8d09ca02f37f299aff;14364;GLMP-375BFA6D2B;Dortmund;Nordrhein-Westfalen;Freie Bürger Initiative;fbi;2012.0;Kommunalwahlprogramm Gemeinde;Gemeinde;Hauptkorpus: kommunales Wahlprogramm der Gemeinde;manifestos/do12fbi.txt
main;do12gru.txt;d09ecb5ab94cf37239678acb9b52df805564a00b9ca25a44591925e2c4009bdc;47118;GLMP-0C228C65B6;Dortmund;Nordrhein-Westfalen;Grüne;gru;2012.0;Kommunalwahlprogramm Gemeinde;Gemeinde;Hauptkorpus: kommunales Wahlprogramm der Gemeinde;manifestos/do12gru.txt
main;ki13cdu.txt;656f7993e0dc0242a957d916d6a7ba8fdddfc3e9244da901a8fb03d22d820ab7;90193;GLMP-E94EEF800C;Kiel;Schleswig-Holstein;CDU;cdu;2013.0;Kommunalwahlprogramm Gemeinde;Gemeinde;Hauptkorpus: kommunales Wahlprogramm der Gemeinde;manifestos/ki13cdu.txt
main;ki13lin.txt;7d743b5db85f461ccefe7c7c52a37f5ebf63d8744d434e08a07a60bf609e286a;123241;GLMP-96A084B843;Kiel;Schleswig-Holstein;Die Linke;lin;2013.0;Kommunalwahlprogramm Gemeinde;Gemeinde;Hauptkorpus: kommunales Wahlprogramm der Gemeinde;manifestos/ki13lin.txt
main;ki13fdp.txt;797df61bdd1cd77381199c264493153a5e409c6a6bdcf4571b881339e9cf4ef0;50474;GLMP-22A7A047D4;Kiel;Schleswig-Holstein;FDP;fdp;2013.0;Kommunalwahlprogramm Gemeinde;Gemeinde;Hauptkorpus: kommunales Wahlprogramm der Gemeinde;manifestos/ki13fdp.txt
main;ki13gru.txt;4141e79ca82d562b79a0ca04fd345673c9225b95183420dd20264720e0f79910;138254;GLMP-1A9AE7EC1C;Kiel;Schleswig-Holstein;Grüne;gru;2013.0;Kommunalwahlprogramm Gemeinde;Gemeinde;Hauptkorpus: kommunales Wahlprogramm der Gemeinde;manifestos/ki13gru.txt
main;ki13pir.txt;9f868774e6c779e092ac5aa9a43eb2a3793c454a3d70f41a2a0435852b9eacf5;42786;GLMP-2E06BCE854;Kiel;Schleswig-Holstein;Piraten;pir;2013.0;Kommunalwahlprogramm Gemeinde;Gemeinde;Hauptkorpus: kommunales Wahlprogramm der Gemeinde;manifestos/ki13pir.txt
main;ki13spd.txt;8d41e39d51251d8dbed9e593a85aabd5f3d9381d8a9473af6d19512fd2293f48;258934;GLMP-8CC74A7F69;Kiel;Schleswig-Holstein;SPD;spd;2013.0;Kommunalwahlprogramm Gemeinde;Gemeinde;Hauptkorpus: kommunales Wahlprogramm der Gemeinde;manifestos/ki13spd.txt
main;ki13ssw.txt;be3695d7931c569f8aa1f005cfafcb24b8a26de642b0283af21a98039f656620;61474;GLMP-B24B00D85F;Kiel;Schleswig-Holstein;Südschleswigsche Wählerverband;ssw;2013.0;Kommunalwahlprogramm Gemeinde;Gemeinde;Hauptkorpus: kommunales Wahlprogramm der Gemeinde;manifestos/ki13ssw.txt
main;ki13wir.txt;9be47964ff478e287714011c797a728fd4f67b24fddca7e498d8260b542a632f;95257;GLMP-627BE3DC1D;Kiel;Schleswig-Holstein;WIR;wir;2013.0;Kommunalwahlprogramm Gemeinde;Gemeinde;Hauptkorpus: kommunales Wahlprogramm der Gemeinde;manifestos/ki13wir.txt
main;ki13wak.txt;f5a37a07983f54190ca9d6b4f70ac6204ecb6e56c101a4076abbca8fdae3840e;9140;GLMP-FFE9B33F46;Kiel;Schleswig-Holstein;Wahlalternative Kieler Bürger;wak;2013.0;Kommunalwahlprogramm Gemeinde;Gemeinde;Hauptkorpus: kommunales Wahlprogramm der Gemeinde;manifestos/ki13wak.txt
main;lb13bfl.txt;6f4c1a6ddfbbcaa772db6a9acd08555b5dcf4719290d1c3e25800e6ab0b9a4ed;24065;GLMP-115C0F0CCE;Luebeck;Schleswig-Holstein;Bürger für Lübeck;bfl;2013.0;Kommunalwahlprogramm Gemeinde;Gemeinde;Hauptkorpus: kommunales Wahlprogramm der Gemeinde;manifestos/lb13bfl.txt
main;lb13cdu.txt;d4bfc9f1c42aa6d0cf5312ca9655b25c94f8cc880c66e26cc22c8ad39d69d42e;55149;GLMP-BC3BFCE3BD;Luebeck;Schleswig-Holstein;CDU;cdu;2013.0;Kommunalwahlprogramm Gemeinde;Gemeinde;Hauptkorpus: kommunales Wahlprogramm der Gemeinde;manifestos/lb13cdu.txt
main;lb13lin.txt;9667b6e029e1061428eeee22bee9cdfd2096b2a3caa3928dcd7ca2bf1b947ca6;56761;GLMP-7336B08D62;Luebeck;Schleswig-Holstein;Die Linke;lin;2013.0;Kommunalwahlprogramm Gemeinde;Gemeinde;Hauptkorpus: kommunales Wahlprogramm der Gemeinde;manifestos/lb13lin.txt
main;lb13par.txt;9d6102a8bb1851f58333b8007bee437a3af7d63fd174046352a3033d773a1c36;21016;GLMP-9B40CBBB6A;Luebeck;Schleswig-Holstein;Die Partei;par;2013.0;Kommunalwahlprogramm Gemeinde;Gemeinde;Hauptkorpus: kommunales Wahlprogramm der Gemeinde;manifestos/lb13par.txt
main;lb13fdp.txt;e3a669c7c7d131e9a023eb947469d20cd30cf98e2a28bdc58673844c6ef49930;26534;GLMP-FA9FBD0189;Luebeck;Schleswig-Holstein;FDP;fdp;2013.0;Kommunalwahlprogramm Gemeinde;Gemeinde;Hauptkorpus: kommunales Wahlprogramm der Gemeinde;manifestos/lb13fdp.txt
main;lb13fwg.txt;5bf08e99a62f52b042cb0d1ba679debe3451d116c0fed1538dc118600d033506;35361;GLMP-B385864E0B;Luebeck;Schleswig-Holstein;Freie Wähler;fwg;2013.0;Kommunalwahlprogramm Gemeinde;Gemeinde;Hauptkorpus: kommunales Wahlprogramm der Gemeinde;manifestos/lb13fwg.txt
main;lb13ful.txt;198ba1f7bbbbd0c54be0befaed0ceeaecd6e54017c6597b38d2ec3ab3de5c0b9;20811;GLMP-67A971F0F2;Luebeck;Schleswig-Holstein;Für Unser Lübeck;ful;2013.0;Kommunalwahlprogramm Gemeinde;Gemeinde;Hauptkorpus: kommunales Wahlprogramm der Gemeinde;manifestos/lb13ful.txt
main;lb13gru.txt;0bde892d06598f7ca2737a4f91ed53aacfe9840ac83487a1bd4651a7dd47ff72;16477;GLMP-139BCEB7FE;Luebeck;Schleswig-Holstein;Grüne;gru;2013.0;Kommunalwahlprogramm Gemeinde;Gemeinde;Hauptkorpus: kommunales Wahlprogramm der Gemeinde;manifestos/lb13gru.txt
main;lb13pir.txt;b53a71551e09d4a0ab81c556dd4e930f28fba0f9344c1cd019bcabdfd57c4eed;10186;GLMP-290670F893;Luebeck;Schleswig-Holstein;Piraten;pir;2013.0;Kommunalwahlprogramm Gemeinde;Gemeinde;Hauptkorpus: kommunales Wahlprogramm der Gemeinde;manifestos/lb13pir.txt
main;lb13spd.txt;f92fa32fed11b57de91879f7856f2aad4a116e89a356ba8ec4d21133df56b2e7;54197;GLMP-D6592160C1;Luebeck;Schleswig-Holstein;SPD;spd;2013.0;Kommunalwahlprogramm Gemeinde;Gemeinde;Hauptkorpus: kommunales Wahlprogramm der Gemeinde;manifestos/lb13spd.txt
main;ac14afd.txt;77ec3eb2a96a632e2f288cc68153e2a049d4ae52797eaf0733433310c91d8f54;23981;GLMP-8CE6038E96;Aachen;Nordrhein-Westfalen;Alternative für Deutschland;afd;2014.0;Kommunalwahlprogramm Gemeinde;Gemeinde;Hauptkorpus: kommunales Wahlprogramm der Gemeinde;manifestos/ac14afd.txt
main;ac14cdu.txt;6153cc7f03313edcb9a414394b9e2c64538007c4b4626cbd860614f52ead5949;35974;GLMP-EBFFBFAEAC;Aachen;Nordrhein-Westfalen;CDU;cdu;2014.0;Kommunalwahlprogramm Gemeinde;Gemeinde;Hauptkorpus: kommunales Wahlprogramm der Gemeinde;manifestos/ac14cdu.txt
main;ac14lin.txt;1425c818aa6ab578e21ae54861f0e479927d78c149f377a0e09bd3de00b6c44d;117309;GLMP-9E550B1D88;Aachen;Nordrhein-Westfalen;Die Linke;lin;2014.0;Kommunalwahlprogramm Gemeinde;Gemeinde;Hauptkorpus: kommunales Wahlprogramm der Gemeinde;manifestos/ac14lin.txt
main;ac14fdp.txt;6102608a80018a7dfa46dcf8995ae3a10c213704d21b5d993ac34e48e4f4ab08;39348;GLMP-3FA6299081;Aachen;Nordrhein-Westfalen;FDP;fdp;2014.0;Kommunalwahlprogramm Gemeinde;Gemeinde;Hauptkorpus: kommunales Wahlprogramm der Gemeinde;manifestos/ac14fdp.txt
main;ac14gru.txt;b762da09ad021c69500b94b9db2ff5ff2e4c3730a61fbe3c4d1f5cee1c32e5b0;159901;GLMP-D7FC4363D9;Aachen;Nordrhein-Westfalen;Grüne;gru;2014.0;Kommunalwahlprogramm Gemeinde;Gemeinde;Hauptkorpus: kommunales Wahlprogramm der Gemeinde;manifestos/ac14gru.txt
main;ac14pir.txt;1f0cc233687bdb7ed3490249e76d54d2ca1836fcd82ecd218f444ff301d0bbc5;24871;GLMP-5DBACC308A;Aachen;Nordrhein-Westfalen;Piraten;pir;2014.0;Kommunalwahlprogramm Gemeinde;Gemeinde;Hauptkorpus: kommunales Wahlprogramm der Gemeinde;manifestos/ac14pir.txt
main;ac14spd.txt;6a0c4c8be7eb05837c908b66175edc8662168225107adfcd1b5d8311acc3b431;95029;GLMP-95A998A62E;Aachen;Nordrhein-Westfalen;SPD;spd;2014.0;Kommunalwahlprogramm Gemeinde;Gemeinde;Hauptkorpus: kommunales Wahlprogramm der Gemeinde;manifestos/ac14spd.txt
main;au14afd.txt;4424f80fccd1ef1f883a90f923d665dc74f29f40d1903a36d34ad010be53828e;5552;GLMP-72F6857DE0;Augsburg;Bayern;Alternative für Deutschland;afd;2014.0;Kommunalwahlprogramm Gemeinde;Gemeinde;Hauptkorpus: kommunales Wahlprogramm der Gemeinde;manifestos/au14afd.txt
main;au14csu.txt;7c4c7f18a7a53a1e1508f7ff3ba6934ca1e91261049d31812ba245028259c349;2857;GLMP-5A12F27B2E;Augsburg;Bayern;CSU;csu;2014.0;Kommunalwahlprogramm Gemeinde;Gemeinde;Hauptkorpus: kommunales Wahlprogramm der Gemeinde;manifestos/au14csu.txt
main;au14lin.txt;ecc3d42416c976ab86b6d9b8b43f59c34692d5ff489b5300914587f6dcd107a8;2916;GLMP-DB0F901DE6;Augsburg;Bayern;Die Linke;lin;2014.0;Kommunalwahlprogramm Gemeinde;Gemeinde;Hauptkorpus: kommunales Wahlprogramm der Gemeinde;manifestos/au14lin.txt
main;au14fdp.txt;cae6f08a84ff71d597574a6c757925566921b5d1fe330c14647b376525a4b465;17400;GLMP-76EC2CB68B;Augsburg;Bayern;FDP;fdp;2014.0;Kommunalwahlprogramm Gemeinde;Gemeinde;Hauptkorpus: kommunales Wahlprogramm der Gemeinde;manifestos/au14fdp.txt
main;au14fwg.txt;8714490e9c5ae747da28f7bf0fec83b036c556255f90fe32c5b4e02d57cc986f;30038;GLMP-59EBA23F15;Augsburg;Bayern;Freie Wähler;fwg;2014.0;Kommunalwahlprogramm Gemeinde;Gemeinde;Hauptkorpus: kommunales Wahlprogramm der Gemeinde;manifestos/au14fwg.txt
main;au14gru.txt;fd1eac21367e182e8ed9def4fb0c4befe6fac7fdd852430e451a8b7946933891;203664;GLMP-CFDCAF1275;Augsburg;Bayern;Grüne;gru;2014.0;Kommunalwahlprogramm Gemeinde;Gemeinde;Hauptkorpus: kommunales Wahlprogramm der Gemeinde;manifestos/au14gru.txt
main;au14pol.txt;59fe3356f0263da8adcecd21e64f1f85682c1b3faf72bcf915526a52acda9456;5471;GLMP-762D83A6E0;Augsburg;Bayern;Polit-WG;pol;2014.0;Kommunalwahlprogramm Gemeinde;Gemeinde;Hauptkorpus: kommunales Wahlprogramm der Gemeinde;manifestos/au14pol.txt
main;au14spd.txt;42f4b520b1bb3af07d4acedae3ffea0f2086d690ad62aee49cd1d1111f686679;132916;GLMP-DFD14FF1A3;Augsburg;Bayern;SPD;spd;2014.0;Kommunalwahlprogramm Gemeinde;Gemeinde;Hauptkorpus: kommunales Wahlprogramm der Gemeinde;manifestos/au14spd.txt
main;au14odp.txt;7c3dcbec2e470730b0c475082c37215bca9d7ffde2adf1c49f2e00a03f5d65c0;10625;GLMP-6E68FC13CA;Augsburg;Bayern;Ökologisch-Demokratische Partei (ÖDP);odp;2014.0;Kommunalwahlprogramm Gemeinde;Gemeinde;Hauptkorpus: kommunales Wahlprogramm der Gemeinde;manifestos/au14odp.txt
main;bg14afd.txt;455a13007414787c773e22071dd0065818434fd0ca3e4145c1b2f284276894dc;17332;GLMP-166B566B43;Bergisch Gladbach;Nordrhein-Westfalen;Alternative für Deutschland;afd;2014.0;Kommunalwahlprogramm Gemeinde;Gemeinde;Hauptkorpus: kommunales Wahlprogramm der Gemeinde;manifestos/bg14afd.txt
main;bg14bgl.txt;a453671219e2fb9c6f8d90d2997e9fdb0ae0a36059bcb62528fd3639a014e36b;11037;GLMP-346B8B06B1;Bergisch Gladbach;Nordrhein-Westfalen;Bürger Partei GL (Bergisch Gladbach);bgl;2014.0;Kommunalwahlprogramm Gemeinde;Gemeinde;Hauptkorpus: kommunales Wahlprogramm der Gemeinde;manifestos/bg14bgl.txt
main;bg14cdu.txt;8b828f0a678605273a2f4a7a17488b8da4a7e42896f25a12b3343035a5dc50fe;17585;GLMP-24D3D5762D;Bergisch Gladbach;Nordrhein-Westfalen;CDU;cdu;2014.0;Kommunalwahlprogramm Gemeinde;Gemeinde;Hauptkorpus: kommunales Wahlprogramm der Gemeinde;manifestos/bg14cdu.txt
main;bg14lin.txt;430a9b85e4402a50d296548307bd00e90a0fa15bb93812c3a13275da0ecf3e5e;14098;GLMP-965DE0C401;Bergisch Gladbach;Nordrhein-Westfalen;Die Linke;lin;2014.0;Kommunalwahlprogramm Gemeinde;Gemeinde;Hauptkorpus: kommunales Wahlprogramm der Gemeinde;manifestos/bg14lin.txt
main;bg14fdp.txt;ea9f0f4cccc890b030a9d3cd8bdb6a7bda100fc716f6ddd0e6f16365c8c8b359;11460;GLMP-97DCCC9FB4;Bergisch Gladbach;Nordrhein-Westfalen;FDP;fdp;2014.0;Kommunalwahlprogramm Gemeinde;Gemeinde;Hauptkorpus: kommunales Wahlprogramm der Gemeinde;manifestos/bg14fdp.txt
main;bg14gru.txt;049ab4a8bf1e186c97daf13d686bdce2823143266e74da94b0b6ca82b1c16109;88362;GLMP-ECC7B96074;Bergisch Gladbach;Nordrhein-Westfalen;Grüne;gru;2014.0;Kommunalwahlprogramm Gemeinde;Gemeinde;Hauptkorpus: kommunales Wahlprogramm der Gemeinde;manifestos/bg14gru.txt
main;bg14spd.txt;98591e8f89b27a23a60fd4c86a231a715984853c6934a5d04a2b413ff305c8af;3817;GLMP-772270971D;Bergisch Gladbach;Nordrhein-Westfalen;SPD;spd;2014.0;Kommunalwahlprogramm Gemeinde;Gemeinde;Hauptkorpus: kommunales Wahlprogramm der Gemeinde;manifestos/bg14spd.txt
main;bi14bfb.txt;8af118bf8c5856f32c7efa71368d77a6976d1b34bf1e32766ea1b8c73c659132;3554;GLMP-02B889A11F;Bielefeld;Nordrhein-Westfalen;Bürgergemeinschaft für Bielefeld;bfb;2014.0;Kommunalwahlprogramm Gemeinde;Gemeinde;Hauptkorpus: kommunales Wahlprogramm der Gemeinde;manifestos/bi14bfb.txt
main;bi14cdu.txt;259c6ae2ff70c14324b54bda5f27d7d11c9f81e0eb8327019506df71e3b69dee;56100;GLMP-B1C9B2DA74;Bielefeld;Nordrhein-Westfalen;CDU;cdu;2014.0;Kommunalwahlprogramm Gemeinde;Gemeinde;Hauptkorpus: kommunales Wahlprogramm der Gemeinde;manifestos/bi14cdu.txt
main;bi14lin.txt;1ac9d16026665fa4e9e2f4b783cb4f5ec51c1512db9f6d96195aa002a15cd2c1;86613;GLMP-CC9C86DD52;Bielefeld;Nordrhein-Westfalen;Die Linke;lin;2014.0;Kommunalwahlprogramm Gemeinde;Gemeinde;Hauptkorpus: kommunales Wahlprogramm der Gemeinde;manifestos/bi14lin.txt
main;bi14fdp.txt;1b5607db91f0ff3206a430f11249f6f2166f114198ad1ba8582a0834abf37490;83459;GLMP-D6BE8B1EE4;Bielefeld;Nordrhein-Westfalen;FDP;fdp;2014.0;Kommunalwahlprogramm Gemeinde;Gemeinde;Hauptkorpus: kommunales Wahlprogramm der Gemeinde;manifestos/bi14fdp.txt
main;bi14gru.txt;71082eac366d992eb22367ceb05f6729861ab3be802969e850a06a1a04a27fbf;110508;GLMP-2405C9D22C;Bielefeld;Nordrhein-Westfalen;Grüne;gru;2014.0;Kommunalwahlprogramm Gemeinde;Gemeinde;Hauptkorpus: kommunales Wahlprogramm der Gemeinde;manifestos/bi14gru.txt
main;bi14pir.txt;5873c48906e9fb7f32448990f1d44a3f67a1f144e4c4ed411c82560104f5e8e3;64940;GLMP-12561D5935;Bielefeld;Nordrhein-Westfalen;Piraten;pir;2014.0;Kommunalwahlprogramm Gemeinde;Gemeinde;Hauptkorpus: kommunales Wahlprogramm der Gemeinde;manifestos/bi14pir.txt
main;bi14spd.txt;9e12ee5fc60dfb287e35547544086c5b9af8060893ebb52b694323d31ef335a1;42982;GLMP-8EE47CF82A;Bielefeld;Nordrhein-Westfalen;SPD;spd;2014.0;Kommunalwahlprogramm Gemeinde;Gemeinde;Hauptkorpus: kommunales Wahlprogramm der Gemeinde;manifestos/bi14spd.txt
main;bo14afd.txt;08cb03fa9979e32e5289b832b5798115e2ce85a4e34cf962018fb9a3a77caa7f;20733;GLMP-AB20244073;Bochum;Nordrhein-Westfalen;Alternative für Deutschland;afd;2014.0;Kommunalwahlprogramm Gemeinde;Gemeinde;Hauptkorpus: kommunales Wahlprogramm der Gemeinde;manifestos/bo14afd.txt
main;bo14cdu.txt;9a1013b4da8da33d32e514d1ff4fde417addf74e4c9dd5a297c1a1013a74638f;32424;GLMP-D2C6F8BDBE;Bochum;Nordrhein-Westfalen;CDU;cdu;2014.0;Kommunalwahlprogramm Gemeinde;Gemeinde;Hauptkorpus: kommunales Wahlprogramm der Gemeinde;manifestos/bo14cdu.txt
main;bo14lin.txt;4e6ffd973733ff5b7afd01b5fb99376f2d38d31bf8cb8cba67658b4ad6e3ada7;147784;GLMP-B7A3CCCEC9;Bochum;Nordrhein-Westfalen;Die Linke;lin;2014.0;Kommunalwahlprogramm Gemeinde;Gemeinde;Hauptkorpus: kommunales Wahlprogramm der Gemeinde;manifestos/bo14lin.txt
main;bo14fdp.txt;70e833068c697bd35ce6d9fb1eb07af9c21efa20227774ca6b776847989a4324;72997;GLMP-E4E15960A3;Bochum;Nordrhein-Westfalen;FDP;fdp;2014.0;Kommunalwahlprogramm Gemeinde;Gemeinde;Hauptkorpus: kommunales Wahlprogramm der Gemeinde;manifestos/bo14fdp.txt
main;bo14fbb.txt;c0ba0e5b89da13d06e1b9f66f5bb11d3f1dd377cf706fa7933b9634f61b5f1c4;34538;GLMP-3FEB833EB9;Bochum;Nordrhein-Westfalen;Freie Bürger Bochum;fbb;2014.0;Kommunalwahlprogramm Gemeinde;Gemeinde;Hauptkorpus: kommunales Wahlprogramm der Gemeinde;manifestos/bo14fbb.txt
main;bo14gru.txt;e34ba4c6a38145b8b8313ff2875643621ae055d39aed4c9d9388661152f3feaf;97483;GLMP-89EFE48EA3;Bochum;Nordrhein-Westfalen;Grüne;gru;2014.0;Kommunalwahlprogramm Gemeinde;Gemeinde;Hauptkorpus: kommunales Wahlprogramm der Gemeinde;manifestos/bo14gru.txt
main;bo14pir.txt;f62e92ef6ac9ee97611c54d79cb0792f74123c141377f49eb70568fdfad00f8c;51607;GLMP-0DCFB241F2;Bochum;Nordrhein-Westfalen;Piraten;pir;2014.0;Kommunalwahlprogramm Gemeinde;Gemeinde;Hauptkorpus: kommunales Wahlprogramm der Gemeinde;manifestos/bo14pir.txt
main;bo14spd.txt;27b20a4f1f466c3c23674173fdd71da83eea7f9c1fd2c7af488124a7d2debfdd;49266;GLMP-8489B77EBF;Bochum;Nordrhein-Westfalen;SPD;spd;2014.0;Kommunalwahlprogramm Gemeinde;Gemeinde;Hauptkorpus: kommunales Wahlprogramm der Gemeinde;manifestos/bo14spd.txt
main;bo14sol.txt;ecbc1bc5e3a2025f62fb332047547a8b0be432deecbc2517405ed6d289c455ad;41613;GLMP-6E60A3263E;Bochum;Nordrhein-Westfalen;Soziale Liste Bochum;sol;2014.0;Kommunalwahlprogramm Gemeinde;Gemeinde;Hauptkorpus: kommunales Wahlprogramm der Gemeinde;manifestos/bo14sol.txt
main;bo14sgb.txt;b4b7d1f003003c8817ec18bda40d7645518927925b95009bfe9e7efe5891d3e9;52967;GLMP-6BC981E19C;Bochum;Nordrhein-Westfalen;Stadtgestalter Bochum;sgb;2014.0;Kommunalwahlprogramm Gemeinde;Gemeinde;Hauptkorpus: kommunales Wahlprogramm der Gemeinde;manifestos/bo14sgb.txt
main;bo14uwg.txt;7e1d45ef78ed1b907065a66731fc4feba96bf13f9e0aa1f792503bccb3ca7a7c;13725;GLMP-BA8B17091F;Bochum;Nordrhein-Westfalen;Unabhängige Wählergemeinschaft (UWG);uwg;2014.0;Kommunalwahlprogramm Gemeinde;Gemeinde;Hauptkorpus: kommunales Wahlprogramm der Gemeinde;manifestos/bo14uwg.txt
main;bn14afd.txt;72ee1150adff6957516223bd591c50d2f3554f100456447c66151c98dce692a4;7539;GLMP-D5AC1FA4A2;Bonn;Nordrhein-Westfalen;Alternative für Deutschland;afd;2014.0;Kommunalwahlprogramm Gemeinde;Gemeinde;Hauptkorpus: kommunales Wahlprogramm der Gemeinde;manifestos/bn14afd.txt
main;bn14bbb.txt;c8f33a58d6fe9ce161d3f4ea24d352b4fc427c297074b40a5e385fb50370fb2b;26018;GLMP-590B77DB63;Bonn;Nordrhein-Westfalen;Bürger Bund Bonn;bbb;2014.0;Kommunalwahlprogramm Gemeinde;Gemeinde;Hauptkorpus: kommunales Wahlprogramm der Gemeinde;manifestos/bn14bbb.txt
main;bn14cdu.txt;889b718970ba282e9c1df9b159340fed47d9d4aa5ce80143479aab00213032ca;72996;GLMP-C530E0D592;Bonn;Nordrhein-Westfalen;CDU;cdu;2014.0;Kommunalwahlprogramm Gemeinde;Gemeinde;Hauptkorpus: kommunales Wahlprogramm der Gemeinde;manifestos/bn14cdu.txt
main;bn14lin.txt;d4435fc7208fc2fad5f1c32b76bdc18d6f0aa259496ce1eacb0431b953b3ab86;103561;GLMP-2735CBD0EA;Bonn;Nordrhein-Westfalen;Die Linke;lin;2014.0;Kommunalwahlprogramm Gemeinde;Gemeinde;Hauptkorpus: kommunales Wahlprogramm der Gemeinde;manifestos/bn14lin.txt
main;bn14fdp.txt;927aad152f0ccaf50f2899776f58d0230096820dc1f269eeeb044b868cbbd196;69901;GLMP-99EDDA4D5B;Bonn;Nordrhein-Westfalen;FDP;fdp;2014.0;Kommunalwahlprogramm Gemeinde;Gemeinde;Hauptkorpus: kommunales Wahlprogramm der Gemeinde;manifestos/bn14fdp.txt
main;bn14gru.txt;c84c60083dd9eacd65fd059a501404ad39b85894a96268cb89ae32f4830702d8;164191;GLMP-8C8EB767A1;Bonn;Nordrhein-Westfalen;Grüne;gru;2014.0;Kommunalwahlprogramm Gemeinde;Gemeinde;Hauptkorpus: kommunales Wahlprogramm der Gemeinde;manifestos/bn14gru.txt
main;bn14pir.txt;90328c100b6d69c6c0936a9b84d43bb95c5f782a66e846a57ee00122c2b3919c;50088;GLMP-072AE9DFA3;Bonn;Nordrhein-Westfalen;Piraten;pir;2014.0;Kommunalwahlprogramm Gemeinde;Gemeinde;Hauptkorpus: kommunales Wahlprogramm der Gemeinde;manifestos/bn14pir.txt
main;bn14spd.txt;49170a2ee6b6bac5b3f2f478dc3a743a90d25d1f28c03e869e8900a2460ef817;65788;GLMP-88D5EC6D60;Bonn;Nordrhein-Westfalen;SPD;spd;2014.0;Kommunalwahlprogramm Gemeinde;Gemeinde;Hauptkorpus: kommunales Wahlprogramm der Gemeinde;manifestos/bn14spd.txt
main;bt14cdu.txt;2410e4b940fde2e83e8505c91edb0f70fc3e2b8e933278811904b00d155e084c;9656;GLMP-889DE73B8D;Bottrop;Nordrhein-Westfalen;CDU;cdu;2014.0;Kommunalwahlprogramm Gemeinde;Gemeinde;Hauptkorpus: kommunales Wahlprogramm der Gemeinde;manifestos/bt14cdu.txt
main;bt14dkp.txt;28c8beab8904209ae38ed92dfbfcc3b75a8efd094e31b19b019fa22290fdb25d;31262;GLMP-332F1F2DF6;Bottrop;Nordrhein-Westfalen;Deutsche Kommunistische Partei;dkp;2014.0;Kommunalwahlprogramm Gemeinde;Gemeinde;Hauptkorpus: kommunales Wahlprogramm der Gemeinde;manifestos/bt14dkp.txt
main;bt14lin.txt;eb062f44bf5c11f2f06c3b0a2dfa8cfbd137dcc24d2cb1597dad31737b60f2fc;73665;GLMP-CEDFB7DCD5;Bottrop;Nordrhein-Westfalen;Die Linke;lin;2014.0;Kommunalwahlprogramm Gemeinde;Gemeinde;Hauptkorpus: kommunales Wahlprogramm der Gemeinde;manifestos/bt14lin.txt
main;bt14fdp.txt;ae9bfee455ce1646ba1f94c0d732f4b08e4e54e74694779a2634e66360b7f0dc;53052;GLMP-903BB4BDC8;Bottrop;Nordrhein-Westfalen;FDP;fdp;2014.0;Kommunalwahlprogramm Gemeinde;Gemeinde;Hauptkorpus: kommunales Wahlprogramm der Gemeinde;manifestos/bt14fdp.txt
main;bt14pir.txt;a62ef652eb5c557968cb06195cff7965e56e66c3f1c4db127e25731908142fa2;3174;GLMP-DCCB7EB807;Bottrop;Nordrhein-Westfalen;Piraten;pir;2014.0;Kommunalwahlprogramm Gemeinde;Gemeinde;Hauptkorpus: kommunales Wahlprogramm der Gemeinde;manifestos/bt14pir.txt
main;bt14spd.txt;1b81d05f9b1656f69ceb88c8bfae47ef230c1d37a00a4ae89681812ef7f67ff9;22423;GLMP-D292B27AEA;Bottrop;Nordrhein-Westfalen;SPD;spd;2014.0;Kommunalwahlprogramm Gemeinde;Gemeinde;Hauptkorpus: kommunales Wahlprogramm der Gemeinde;manifestos/bt14spd.txt
main;ch14cdu.txt;8adbc574c61080f38cff9c9c62b50e847dde0632605bdef9eb7e804a3dd015bb;23979;GLMP-EF23A71848;Chemnitz;Sachsen;CDU;cdu;2014.0;Kommunalwahlprogramm Gemeinde;Gemeinde;Hauptkorpus: kommunales Wahlprogramm der Gemeinde;manifestos/ch14cdu.txt
main;ch14lin.txt;57c41fe8a444c54b35f9ea879a2becddf057ab27eb916430dec0f4542a8a9233;42670;GLMP-6E7049BEE1;Chemnitz;Sachsen;Die Linke;lin;2014.0;Kommunalwahlprogramm Gemeinde;Gemeinde;Hauptkorpus: kommunales Wahlprogramm der Gemeinde;manifestos/ch14lin.txt
main;ch14par.txt;55142f92b9341ee8a0e2c9004e891a491b73fb130979c2ac949948a78cdf2c8d;946;GLMP-A326F78F16;Chemnitz;Sachsen;Die Partei;par;2014.0;Kommunalwahlprogramm Gemeinde;Gemeinde;Hauptkorpus: kommunales Wahlprogramm der Gemeinde;manifestos/ch14par.txt
main;ch14fdp.txt;2e1cc36e1afce470f3ee03695311e706cf42385b0e55ea8e0d9d2da71a69fe3e;34480;GLMP-532F41A4C2;Chemnitz;Sachsen;FDP;fdp;2014.0;Kommunalwahlprogramm Gemeinde;Gemeinde;Hauptkorpus: kommunales Wahlprogramm der Gemeinde;manifestos/ch14fdp.txt
main;ch14gru.txt;ae64d8b2cb632f883eaa9cd7b567ef7454dfcf2529f054b325901ddd5b3c8e2e;65304;GLMP-D5954CDF73;Chemnitz;Sachsen;Grüne;gru;2014.0;Kommunalwahlprogramm Gemeinde;Gemeinde;Hauptkorpus: kommunales Wahlprogramm der Gemeinde;manifestos/ch14gru.txt
main;ch14pir.txt;b9570c7811190d9ff34fde6ed678c2b61224080d125acccf1037e34a29633acd;59067;GLMP-2E77E20504;Chemnitz;Sachsen;Piraten;pir;2014.0;Kommunalwahlprogramm Gemeinde;Gemeinde;Hauptkorpus: kommunales Wahlprogramm der Gemeinde;manifestos/ch14pir.txt
main;ch14pro.txt;4c8443316f8ccacbb76e5c258f123bc06910b268665828f93ff80fa6ac782240;13377;GLMP-2971E9D7DD;Chemnitz;Sachsen;Pro Chemnitz;pro;2014.0;Kommunalwahlprogramm Gemeinde;Gemeinde;Hauptkorpus: kommunales Wahlprogramm der Gemeinde;manifestos/ch14pro.txt
main;ch14spd.txt;750d751b28d86d9402bcc197234b007c95e42862699b4b204bcc0219ba004be0;26214;GLMP-E16BBAA898;Chemnitz;Sachsen;SPD;spd;2014.0;Kommunalwahlprogramm Gemeinde;Gemeinde;Hauptkorpus: kommunales Wahlprogramm der Gemeinde;manifestos/ch14spd.txt
main;ch14vos.txt;a1c6c6ecf40cce0de723009b707f458d3cf6524a4dfd8c31decb6ddbc29f98b1;16880;GLMP-D81E4D2FE1;Chemnitz;Sachsen;VOSI (Wählervereinigung Volksslidarität Chemnitz);vos;2014.0;Kommunalwahlprogramm Gemeinde;Gemeinde;Hauptkorpus: kommunales Wahlprogramm der Gemeinde;manifestos/ch14vos.txt
main;co14afd.txt;09ae7368ac35c0378d35da97e20653e708f9a9449f426e6aa217233ffa9a3dca;10562;GLMP-B37E5B7055;Cottbus;Brandenburg;Alternative für Deutschland;afd;2014.0;Kommunalwahlprogramm Gemeinde;Gemeinde;Hauptkorpus: kommunales Wahlprogramm der Gemeinde;manifestos/co14afd.txt
main;co14cdu.txt;3eb68f75fc78d8da9c06413ca5f242636102e64d06ed72c31635d7f7c766324e;33396;GLMP-C8FACE0718;Cottbus;Brandenburg;CDU;cdu;2014.0;Kommunalwahlprogramm Gemeinde;Gemeinde;Hauptkorpus: kommunales Wahlprogramm der Gemeinde;manifestos/co14cdu.txt
main;co14lin.txt;51b1344ba159e3efd00cb576d8cb47a147aba16b672eb2008d53318a77357c9a;14755;GLMP-6667D11692;Cottbus;Brandenburg;Die Linke;lin;2014.0;Kommunalwahlprogramm Gemeinde;Gemeinde;Hauptkorpus: kommunales Wahlprogramm der Gemeinde;manifestos/co14lin.txt
main;co14fra.txt;297c8569d696de4e9cc9f6d66b893521067b32d47236aeb6d0a94b41f1b598bf;1895;GLMP-777B0960A3;Cottbus;Brandenburg;Frauenliste;fra;2014.0;Kommunalwahlprogramm Gemeinde;Gemeinde;Hauptkorpus: kommunales Wahlprogramm der Gemeinde;manifestos/co14fra.txt
main;co14gru.txt;6dcab0e11d750a7de2a8ff57acc1fae2bbcd28012eefa52ce6dfc00ef370d389;15026;GLMP-48B0CFCAB1;Cottbus;Brandenburg;Grüne;gru;2014.0;Kommunalwahlprogramm Gemeinde;Gemeinde;Hauptkorpus: kommunales Wahlprogramm der Gemeinde;manifestos/co14gru.txt
main;co14spd.txt;c7df3bfd5833ed5c884e9bf4b68ee12bc91a19b923d0146ac807a1c768eb9e9f;19920;GLMP-6168162259;Cottbus;Brandenburg;SPD;spd;2014.0;Kommunalwahlprogramm Gemeinde;Gemeinde;Hauptkorpus: kommunales Wahlprogramm der Gemeinde;manifestos/co14spd.txt
main;do14afd.txt;d7d64de3d701697271302375bdf6993d4b964c1a109cb4a772528d045bda3808;35774;GLMP-9EC203C260;Dortmund;Nordrhein-Westfalen;Alternative für Deutschland;afd;2014.0;Kommunalwahlprogramm Gemeinde;Gemeinde;Hauptkorpus: kommunales Wahlprogramm der Gemeinde;manifestos/do14afd.txt
main;do14bli.txt;b10f807bd9c19011e3c6c073af93376e08a23585b910b68fe8039f7c6647a496;23525;GLMP-E96B322FC2;Dortmund;Nordrhein-Westfalen;Bürgerliste Freie Wähler;bli;2014.0;Kommunalwahlprogramm Gemeinde;Gemeinde;Hauptkorpus: kommunales Wahlprogramm der Gemeinde;manifestos/do14bli.txt
main;do14cdu.txt;a494b504d34920fec72e8439471ab7755d6cf53af6a4072af29fd83857febbbd;141519;GLMP-B898489D46;Dortmund;Nordrhein-Westfalen;CDU;cdu;2014.0;Kommunalwahlprogramm Gemeinde;Gemeinde;Hauptkorpus: kommunales Wahlprogramm der Gemeinde;manifestos/do14cdu.txt
main;do14lin.txt;e0245718d2fcc721bcbe1c7888263c25c1524b3bd3751b662a45a5a03156fd6c;92961;GLMP-EE0A8A672C;Dortmund;Nordrhein-Westfalen;Die Linke;lin;2014.0;Kommunalwahlprogramm Gemeinde;Gemeinde;Hauptkorpus: kommunales Wahlprogramm der Gemeinde;manifestos/do14lin.txt
main;do14rec.txt;dcd2f29d460ff6164831d8a488fe1df2d91847f7148c3d26b140258071e58042;75469;GLMP-C182301DE8;Dortmund;Nordrhein-Westfalen;Die Rechte;rec;2014.0;Kommunalwahlprogramm Gemeinde;Gemeinde;Hauptkorpus: kommunales Wahlprogramm der Gemeinde;manifestos/do14rec.txt
main;do14fdp.txt;9c2c05a02f3fb9afb2f9683e44e3f3e0b4406042442ec56b1d63522714a6afa7;12782;GLMP-7A98BFFCD8;Dortmund;Nordrhein-Westfalen;FDP;fdp;2014.0;Kommunalwahlprogramm Gemeinde;Gemeinde;Hauptkorpus: kommunales Wahlprogramm der Gemeinde;manifestos/do14fdp.txt
main;do14fbi.txt;afeefc2aa347abc52821a42ba5a6ae648b444af32e76b5dcbb15415499837e21;17945;GLMP-0BF3BF8407;Dortmund;Nordrhein-Westfalen;Freie Bürger Initiative;fbi;2014.0;Kommunalwahlprogramm Gemeinde;Gemeinde;Hauptkorpus: kommunales Wahlprogramm der Gemeinde;manifestos/do14fbi.txt
main;do14gru.txt;e62bea23c2c3cbcb941bc8502b13f45fa2683950289dc56234656a6d839a0e15;89813;GLMP-8C023B71EB;Dortmund;Nordrhein-Westfalen;Grüne;gru;2014.0;Kommunalwahlprogramm Gemeinde;Gemeinde;Hauptkorpus: kommunales Wahlprogramm der Gemeinde;manifestos/do14gru.txt
main;do14pir.txt;142cfa6f6e6ec5e0f2bdca24fd8ab5fee6d3092ea401e9d76606ce50b3c35468;1961;GLMP-5B72519506;Dortmund;Nordrhein-Westfalen;Piraten;pir;2014.0;Kommunalwahlprogramm Gemeinde;Gemeinde;Hauptkorpus: kommunales Wahlprogramm der Gemeinde;manifestos/do14pir.txt
main;do14spd.txt;d3f327e4d1111a39907437d3b7f8cab686ce9a364e04f6e791dff475edb8d900;119885;GLMP-A40CBC940E;Dortmund;Nordrhein-Westfalen;SPD;spd;2014.0;Kommunalwahlprogramm Gemeinde;Gemeinde;Hauptkorpus: kommunales Wahlprogramm der Gemeinde;manifestos/do14spd.txt
main;dr14afd.txt;1094399fef9eccd60c5b021c6bc1da9ba475666f4940954e82132ec66f44e59c;6418;GLMP-00ECD2B05C;Dresden;Sachsen;Alternative für Deutschland;afd;2014.0;Kommunalwahlprogramm Gemeinde;Gemeinde;Hauptkorpus: kommunales Wahlprogramm der Gemeinde;manifestos/dr14afd.txt
main;dr14bfb.txt;e39d93da9a51ef4c39297f9bee87f5f2340584b7690f90bac4bbddc89fdff9d3;1973;GLMP-51A2F06258;Dresden;Sachsen;Bündnis für Bürger;bfb;2014.0;Kommunalwahlprogramm Gemeinde;Gemeinde;Hauptkorpus: kommunales Wahlprogramm der Gemeinde;manifestos/dr14bfb.txt
main;dr14cdu.txt;49447509816aa515329e909ea0af5e29dd7fe38e88c7a8a2cac65580dcdef7d7;31379;GLMP-E5DBF5406E;Dresden;Sachsen;CDU;cdu;2014.0;Kommunalwahlprogramm Gemeinde;Gemeinde;Hauptkorpus: kommunales Wahlprogramm der Gemeinde;manifestos/dr14cdu.txt
main;dr14lin.txt;e25b58144a7b7ea1e76d982ff99eaf6a450b2871b42b7a3002f170ac17fe1eae;27106;GLMP-CD1CDB522A;Dresden;Sachsen;Die Linke;lin;2014.0;Kommunalwahlprogramm Gemeinde;Gemeinde;Hauptkorpus: kommunales Wahlprogramm der Gemeinde;manifestos/dr14lin.txt
main;dr14par.txt;4de1cd636f386080713efaf72d9dbccf0a04b8ca7f891c1fc8596b906d5dd9ad;1810;GLMP-58F0018D74;Dresden;Sachsen;Die Partei;par;2014.0;Kommunalwahlprogramm Gemeinde;Gemeinde;Hauptkorpus: kommunales Wahlprogramm der Gemeinde;manifestos/dr14par.txt
main;dr14fdp.txt;3cff55de3cdeaf673e93f172e6056c72d66dec3a21925b93e3c2196088bb9d72;104803;GLMP-0223F14512;Dresden;Sachsen;FDP;fdp;2014.0;Kommunalwahlprogramm Gemeinde;Gemeinde;Hauptkorpus: kommunales Wahlprogramm der Gemeinde;manifestos/dr14fdp.txt
main;dr14gru.txt;712e021fe9a1e11ad5fc7661e91adcf97f2484c8a0e24dec240d997ff86de653;106750;GLMP-1123C59EF3;Dresden;Sachsen;Grüne;gru;2014.0;Kommunalwahlprogramm Gemeinde;Gemeinde;Hauptkorpus: kommunales Wahlprogramm der Gemeinde;manifestos/dr14gru.txt
main;dr14jfw.txt;75c62e654913f65ce63154f3f65a3126aeceb2f84732ce64082be8f7d42f63e5;3130;GLMP-8A04F19C66;Dresden;Sachsen;Junge Freie Wähler;jfw;2014.0;Kommunalwahlprogramm Gemeinde;Gemeinde;Hauptkorpus: kommunales Wahlprogramm der Gemeinde;manifestos/dr14jfw.txt
main;dr14pir.txt;fba63dfa79f165cb29e780fdfc86fd0c8af4f2d189c69aef601abc770b4e58cb;85601;GLMP-EC5BA8DDBD;Dresden;Sachsen;Piraten;pir;2014.0;Kommunalwahlprogramm Gemeinde;Gemeinde;Hauptkorpus: kommunales Wahlprogramm der Gemeinde;manifestos/dr14pir.txt
main;dr14spd.txt;f7a9b34d2119d42ff07fd4188fed387ba3fcd123b14a78fe0a9a560bbde93b93;118564;GLMP-88A562DF4D;Dresden;Sachsen;SPD;spd;2014.0;Kommunalwahlprogramm Gemeinde;Gemeinde;Hauptkorpus: kommunales Wahlprogramm der Gemeinde;manifestos/dr14spd.txt
main;ds14afd.txt;7e299a445bb301bd35f722f96b1181261284d3b60cb1f392a17d2d4ea6b247ed;21928;GLMP-EB463872D4;Duesseldorf;Nordrhein-Westfalen;Alternative für Deutschland;afd;2014.0;Kommunalwahlprogramm Gemeinde;Gemeinde;Hauptkorpus: kommunales Wahlprogramm der Gemeinde;manifestos/ds14afd.txt
main;ds14cdu.txt;4ef43dd9b3e304784d141141551514b48ede843ced19cf0f4dc46eae10b66af5;67414;GLMP-8CD110E83E;Duesseldorf;Nordrhein-Westfalen;CDU;cdu;2014.0;Kommunalwahlprogramm Gemeinde;Gemeinde;Hauptkorpus: kommunales Wahlprogramm der Gemeinde;manifestos/ds14cdu.txt
main;ds14lin.txt;7e7d012e9d66f428e4d190028635caba5c502b290013fb8e7a58f8d1a863bb05;51717;GLMP-8F23E18ED2;Duesseldorf;Nordrhein-Westfalen;Die Linke;lin;2014.0;Kommunalwahlprogramm Gemeinde;Gemeinde;Hauptkorpus: kommunales Wahlprogramm der Gemeinde;manifestos/ds14lin.txt
main;ds14fdp.txt;2b3da288c2e8bf36f061ec2740e949006a29544f4f102f17fb18fe9bafc7c3e2;73452;GLMP-313DCBCEBB;Duesseldorf;Nordrhein-Westfalen;FDP;fdp;2014.0;Kommunalwahlprogramm Gemeinde;Gemeinde;Hauptkorpus: kommunales Wahlprogramm der Gemeinde;manifestos/ds14fdp.txt
main;ds14gru.txt;b8ee354c18989b2318e73e61c8c36ed27d13d1933880b4c8e6b314027ab099e6;155153;GLMP-89A7558C14;Duesseldorf;Nordrhein-Westfalen;Grüne;gru;2014.0;Kommunalwahlprogramm Gemeinde;Gemeinde;Hauptkorpus: kommunales Wahlprogramm der Gemeinde;manifestos/ds14gru.txt
main;ds14pir.txt;c4f9ef7ffc04f439f9cd07f59090c785a7de8dbe3ce85ce4244a3eb107075bfd;45206;GLMP-BC9EA363AD;Duesseldorf;Nordrhein-Westfalen;Piraten;pir;2014.0;Kommunalwahlprogramm Gemeinde;Gemeinde;Hauptkorpus: kommunales Wahlprogramm der Gemeinde;manifestos/ds14pir.txt
main;ds14spd.txt;44a06b341256e0e346fba746cf63b6a10c88bc212ab4ce47fa0dec0de1e47c47;69657;GLMP-3C0DC1F329;Duesseldorf;Nordrhein-Westfalen;SPD;spd;2014.0;Kommunalwahlprogramm Gemeinde;Gemeinde;Hauptkorpus: kommunales Wahlprogramm der Gemeinde;manifestos/ds14spd.txt
main;du14afd.txt;148d2dee5b39f41ffdaf76b797783730f13527344c84706838543af356e77df6;29468;GLMP-92C64FD537;Duisburg;Nordrhein-Westfalen;Alternative für Deutschland;afd;2014.0;Kommunalwahlprogramm Gemeinde;Gemeinde;Hauptkorpus: kommunales Wahlprogramm der Gemeinde;manifestos/du14afd.txt
main;du14bul.txt;33aeae790a654e40ff97ae0a0d7cb2d1b47e40f13a9304e245e6c7a25ea1e502;3274;GLMP-BB94E44942;Duisburg;Nordrhein-Westfalen;Bürgerliche Liberale;bul;2014.0;Kommunalwahlprogramm Gemeinde;Gemeinde;Hauptkorpus: kommunales Wahlprogramm der Gemeinde;manifestos/du14bul.txt
main;du14cdu.txt;98e40cc3c989f3af51e4de47011a848f91ce2b8107d0189241689bd5f833d075;49531;GLMP-E6BFCD9A08;Duisburg;Nordrhein-Westfalen;CDU;cdu;2014.0;Kommunalwahlprogramm Gemeinde;Gemeinde;Hauptkorpus: kommunales Wahlprogramm der Gemeinde;manifestos/du14cdu.txt
main;du14lin.txt;cb1cd37da9f18e3a4ce650c896675ca29eaab6da332c9f2424e04ba776e6abb8;106525;GLMP-C47B973881;Duisburg;Nordrhein-Westfalen;Die Linke;lin;2014.0;Kommunalwahlprogramm Gemeinde;Gemeinde;Hauptkorpus: kommunales Wahlprogramm der Gemeinde;manifestos/du14lin.txt
main;du14fdp.txt;96d6ed0e90c169851a454867600b89881c3d8402cda2d51342e203d6d88f16c6;124424;GLMP-65A2F7CEC5;Duisburg;Nordrhein-Westfalen;FDP;fdp;2014.0;Kommunalwahlprogramm Gemeinde;Gemeinde;Hauptkorpus: kommunales Wahlprogramm der Gemeinde;manifestos/du14fdp.txt
main;du14gru.txt;dfbdcddc520f41193df3744c5db441736313762dffdb35206d9885d90502f91e;105881;GLMP-87263664D3;Duisburg;Nordrhein-Westfalen;Grüne;gru;2014.0;Kommunalwahlprogramm Gemeinde;Gemeinde;Hauptkorpus: kommunales Wahlprogramm der Gemeinde;manifestos/du14gru.txt
main;du14jud.txt;6bb0f35f092ca2a317bef4e92f4d7ce9e15c8da18ba5569f931c3114c832faae;26710;GLMP-A645122153;Duisburg;Nordrhein-Westfalen;Junges Duisburg;jud;2014.0;Kommunalwahlprogramm Gemeinde;Gemeinde;Hauptkorpus: kommunales Wahlprogramm der Gemeinde;manifestos/du14jud.txt
main;du14pir.txt;4071a40df2e7d1f86e64927fd7c44020ded20318e21eff4e1299636babbaeba2;38279;GLMP-E58F122E0E;Duisburg;Nordrhein-Westfalen;Piraten;pir;2014.0;Kommunalwahlprogramm Gemeinde;Gemeinde;Hauptkorpus: kommunales Wahlprogramm der Gemeinde;manifestos/du14pir.txt
main;du14spd.txt;17924445e4b917c0c706a694b19649b410a123129807159351134d3914865b67;90176;GLMP-29F090636A;Duisburg;Nordrhein-Westfalen;SPD;spd;2014.0;Kommunalwahlprogramm Gemeinde;Gemeinde;Hauptkorpus: kommunales Wahlprogramm der Gemeinde;manifestos/du14spd.txt
main;ef14cdu.txt;3f487777719188352b33d966d291c83e6f8ef2b265dd6f7ca1f69bf2290f607f;47694;GLMP-63622642CE;Erfurt;Thüringen;CDU;cdu;2014.0;Kommunalwahlprogramm Gemeinde;Gemeinde;Hauptkorpus: kommunales Wahlprogramm der Gemeinde;manifestos/ef14cdu.txt
main;ef14lin.txt;7a3c4cf102825cf9901d7fbbb6b4b2dc990321aaa13a59f2f3d3b20e923ceb58;69838;GLMP-659BB6681E;Erfurt;Thüringen;Die Linke;lin;2014.0;Kommunalwahlprogramm Gemeinde;Gemeinde;Hauptkorpus: kommunales Wahlprogramm der Gemeinde;manifestos/ef14lin.txt
main;ef14fwg.txt;1ad1133b1ade8fdbb1fcecaf7d2fab4d7e6032e2fd8ef554631e290024a44e71;29123;GLMP-0B4E9C880D;Erfurt;Thüringen;Freie Wähler;fwg;2014.0;Kommunalwahlprogramm Gemeinde;Gemeinde;Hauptkorpus: kommunales Wahlprogramm der Gemeinde;manifestos/ef14fwg.txt
main;ef14gru.txt;8cd3b4406a8c2e68be39456c7d57eaab254188a5426f672bdec0c45e00a61ed0;37582;GLMP-54972586A6;Erfurt;Thüringen;Grüne;gru;2014.0;Kommunalwahlprogramm Gemeinde;Gemeinde;Hauptkorpus: kommunales Wahlprogramm der Gemeinde;manifestos/ef14gru.txt
main;ef14spd.txt;bbb714077128c3cde436e8685a8233a54d7149c93ac2357047bfdfe9438b1a2c;46689;GLMP-1167E1F14A;Erfurt;Thüringen;SPD;spd;2014.0;Kommunalwahlprogramm Gemeinde;Gemeinde;Hauptkorpus: kommunales Wahlprogramm der Gemeinde;manifestos/ef14spd.txt
main;er14csu.txt;64f2c3933ede0f49a308883344b0d333d8e2422fe7fd5f3522ea5f5e08704b35;122206;GLMP-06DF8C21A2;Erlangen;Bayern;CSU;csu;2014.0;Kommunalwahlprogramm Gemeinde;Gemeinde;Hauptkorpus: kommunales Wahlprogramm der Gemeinde;manifestos/er14csu.txt
main;er14lin.txt;b28c2365845c4e475de8d2a5855fd03a6abc6aedcfe215fb488f0de7aad1b58e;64854;GLMP-EBFF82A69B;Erlangen;Bayern;Die Linke;lin;2014.0;Kommunalwahlprogramm Gemeinde;Gemeinde;Hauptkorpus: kommunales Wahlprogramm der Gemeinde;manifestos/er14lin.txt
main;er14fdp.txt;b5dfc953ad083936c734b6c0027f0e5e5566db10313c4da91aa978308208921a;29602;GLMP-196425668D;Erlangen;Bayern;FDP;fdp;2014.0;Kommunalwahlprogramm Gemeinde;Gemeinde;Hauptkorpus: kommunales Wahlprogramm der Gemeinde;manifestos/er14fdp.txt
main;er14fwg.txt;e173cd461a647d778618f1f071ea59b6f5e44bb85ffa4445b198eb71e84d4d7b;41630;GLMP-87BC093528;Erlangen;Bayern;Freie Wähler;fwg;2014.0;Kommunalwahlprogramm Gemeinde;Gemeinde;Hauptkorpus: kommunales Wahlprogramm der Gemeinde;manifestos/er14fwg.txt
main;er14gru.txt;1eca15d08ca8733c96e2d840a07dd3053a3bffa117c1227d3412c76a67bc1a64;122520;GLMP-0104C9155D;Erlangen;Bayern;Grüne;gru;2014.0;Kommunalwahlprogramm Gemeinde;Gemeinde;Hauptkorpus: kommunales Wahlprogramm der Gemeinde;manifestos/er14gru.txt
main;er14spd.txt;3961c29687a78f12837ce0054b29a7e01a7f8c999c49bbab0a79744e674039b7;384373;GLMP-0E32F31481;Erlangen;Bayern;SPD;spd;2014.0;Kommunalwahlprogramm Gemeinde;Gemeinde;Hauptkorpus: kommunales Wahlprogramm der Gemeinde;manifestos/er14spd.txt
main;er14odp.txt;85fd61597b2e6d02a5e8459e8d7919a2fb851909cb89cf9f68e79cddcb48e645;49958;GLMP-25FAB0A70A;Erlangen;Bayern;Ökologisch-Demokratische Partei (ÖDP);odp;2014.0;Kommunalwahlprogramm Gemeinde;Gemeinde;Hauptkorpus: kommunales Wahlprogramm der Gemeinde;manifestos/er14odp.txt
main;es14afd.txt;b265d2078efcd120b6dd05e814a342da6a8cbf29363ee94e241c7a69d62b623f;15892;GLMP-E03902959C;Essen;Nordrhein-Westfalen;Alternative für Deutschland;afd;2014.0;Kommunalwahlprogramm Gemeinde;Gemeinde;Hauptkorpus: kommunales Wahlprogramm der Gemeinde;manifestos/es14afd.txt
main;es14cdu.txt;7ad6c8a7c2ef6efc784be65003c7a328d95639ae293e6358813a0ba859050b82;81741;GLMP-9F88560E1F;Essen;Nordrhein-Westfalen;CDU;cdu;2014.0;Kommunalwahlprogramm Gemeinde;Gemeinde;Hauptkorpus: kommunales Wahlprogramm der Gemeinde;manifestos/es14cdu.txt
main;es14lin.txt;9eb58ee16766c9a56cfe18e3d16e8eeebbd81ea856f0e5e0905745dba06d8e18;38561;GLMP-46479D868D;Essen;Nordrhein-Westfalen;Die Linke;lin;2014.0;Kommunalwahlprogramm Gemeinde;Gemeinde;Hauptkorpus: kommunales Wahlprogramm der Gemeinde;manifestos/es14lin.txt
main;es14par.txt;37a47a9cef3a584e4407f53e70bb1bb5dd65b35b8d3aea69e04ae233e5edde84;992;GLMP-E08E1DDE5D;Essen;Nordrhein-Westfalen;Die Partei;par;2014.0;Kommunalwahlprogramm Gemeinde;Gemeinde;Hauptkorpus: kommunales Wahlprogramm der Gemeinde;manifestos/es14par.txt
main;es14ebb.txt;e024c7cddfacc872004fd11cfe0b22cfbc1a4bb1f05f3f94365db333c9363848;44090;GLMP-9DE651A87E;Essen;Nordrhein-Westfalen;Essener Bürger Bündnis;ebb;2014.0;Kommunalwahlprogramm Gemeinde;Gemeinde;Hauptkorpus: kommunales Wahlprogramm der Gemeinde;manifestos/es14ebb.txt
main;es14fdp.txt;eeec6e340cee4b5e7d17cb5ddba8bed4f49ad45158fded1853868ec96ca087b0;42479;GLMP-859E845435;Essen;Nordrhein-Westfalen;FDP;fdp;2014.0;Kommunalwahlprogramm Gemeinde;Gemeinde;Hauptkorpus: kommunales Wahlprogramm der Gemeinde;manifestos/es14fdp.txt
main;es14gru.txt;cf39e19cc31eb588c604d8d5235f673779a322e3ae38b8aa6469d3f275a39e4c;157981;GLMP-7EBB1B4F43;Essen;Nordrhein-Westfalen;Grüne;gru;2014.0;Kommunalwahlprogramm Gemeinde;Gemeinde;Hauptkorpus: kommunales Wahlprogramm der Gemeinde;manifestos/es14gru.txt
main;es14pir.txt;cc095c36f4e9cc87c39bdd96f2f079e437c4837beadeb88fb03879b6516fb19c;75792;GLMP-FE53F65525;Essen;Nordrhein-Westfalen;Piraten;pir;2014.0;Kommunalwahlprogramm Gemeinde;Gemeinde;Hauptkorpus: kommunales Wahlprogramm der Gemeinde;manifestos/es14pir.txt
main;es14spd.txt;43c94ae645760cd8444bdaabfb85a796306326cfaa1ba0f24fa9fad6367fa746;105453;GLMP-A3AEA0527A;Essen;Nordrhein-Westfalen;SPD;spd;2014.0;Kommunalwahlprogramm Gemeinde;Gemeinde;Hauptkorpus: kommunales Wahlprogramm der Gemeinde;manifestos/es14spd.txt
main;fr14cdu.txt;b677819efec0aeebd074197e339acb1c9152051b5346363dee4dc48ce8a4fe9b;28272;GLMP-D4ECC21519;Freiburg im Breisgau;Baden-Württemberg;CDU;cdu;2014.0;Kommunalwahlprogramm Gemeinde;Gemeinde;Hauptkorpus: kommunales Wahlprogramm der Gemeinde;manifestos/fr14cdu.txt
main;fr14lin.txt;0ce94352ee97b7a5ad1f18f2095a0454c71a2209deb7a6a239925921e76955f6;6959;GLMP-3070E18C61;Freiburg im Breisgau;Baden-Württemberg;Die Linke;lin;2014.0;Kommunalwahlprogramm Gemeinde;Gemeinde;Hauptkorpus: kommunales Wahlprogramm der Gemeinde;manifestos/fr14lin.txt
main;fr14par.txt;4b0f4072c3bd96450a37ad2d5bcd043ea7022f37b8535370d829e340d4cc062e;3407;GLMP-E5354620A9;Freiburg im Breisgau;Baden-Württemberg;Die Partei;par;2014.0;Kommunalwahlprogramm Gemeinde;Gemeinde;Hauptkorpus: kommunales Wahlprogramm der Gemeinde;manifestos/fr14par.txt
main;fr14fdp.txt;8601c10435a35f58049f2302206069593eb6703b3e701110bd0539815ce1ddcb;51111;GLMP-4B64BBEB5A;Freiburg im Breisgau;Baden-Württemberg;FDP;fdp;2014.0;Kommunalwahlprogramm Gemeinde;Gemeinde;Hauptkorpus: kommunales Wahlprogramm der Gemeinde;manifestos/fr14fdp.txt
main;fr14fwg.txt;1949ef93527f26d81a634b4d1f3c576ea2098ecf3b8df6f776afa623ead32d48;14051;GLMP-73834D8F23;Freiburg im Breisgau;Baden-Württemberg;Freie Wähler;fwg;2014.0;Kommunalwahlprogramm Gemeinde;Gemeinde;Hauptkorpus: kommunales Wahlprogramm der Gemeinde;manifestos/fr14fwg.txt
main;fr14ffr.txt;c5f3280212edffd69463428fdaf37755dcc50e4e951f3f080e86c4404e95428b;86944;GLMP-06B46A46AB;Freiburg im Breisgau;Baden-Württemberg;Für Freiburg;ffr;2014.0;Kommunalwahlprogramm Gemeinde;Gemeinde;Hauptkorpus: kommunales Wahlprogramm der Gemeinde;manifestos/fr14ffr.txt
main;fr14gru.txt;dd77751bab0a3a9a0ce5e2680d862b0de8825ba5baa84e25eb4b921fb8b36ab0;144858;GLMP-6872CCF48D;Freiburg im Breisgau;Baden-Württemberg;Grüne;gru;2014.0;Kommunalwahlprogramm Gemeinde;Gemeinde;Hauptkorpus: kommunales Wahlprogramm der Gemeinde;manifestos/fr14gru.txt
main;fr14juf.txt;79c309b0e9aa87a841551113db680c00107edc6619ee386d25fd20760df516a7;13572;GLMP-F4542514F6;Freiburg im Breisgau;Baden-Württemberg;Junges Freiburg;juf;2014.0;Kommunalwahlprogramm Gemeinde;Gemeinde;Hauptkorpus: kommunales Wahlprogramm der Gemeinde;manifestos/fr14juf.txt
main;fr14spd.txt;bafe14bb957461657906f826db727abee7758b1eae59901009fbd4fc05cf6614;84385;GLMP-5953F8C6CE;Freiburg im Breisgau;Baden-Württemberg;SPD;spd;2014.0;Kommunalwahlprogramm Gemeinde;Gemeinde;Hauptkorpus: kommunales Wahlprogramm der Gemeinde;manifestos/fr14spd.txt
main;fr14uff.txt;5bf5104a3f6ea63df11bcaaadf3166a0f38174212f9696ff34c77bac3c10ee4c;42796;GLMP-ADAE75B771;Freiburg im Breisgau;Baden-Württemberg;Unabhängige Frauen Freiburg;uff;2014.0;Kommunalwahlprogramm Gemeinde;Gemeinde;Hauptkorpus: kommunales Wahlprogramm der Gemeinde;manifestos/fr14uff.txt
main;fu14csu.txt;e37a89aa2775cef0f967f2fd573ab5a401dc7260c9925c8a330b699b958b2c95;9032;GLMP-9B0719C31E;Fuerth;Bayern;CSU;csu;2014.0;Kommunalwahlprogramm Gemeinde;Gemeinde;Hauptkorpus: kommunales Wahlprogramm der Gemeinde;manifestos/fu14csu.txt
main;fu14lin.txt;38309cadfeb59a98b7c151d91790157c38a9fdc3041b3870a5c58a685a8185d4;10054;GLMP-86A7C6D8BD;Fuerth;Bayern;Die Linke;lin;2014.0;Kommunalwahlprogramm Gemeinde;Gemeinde;Hauptkorpus: kommunales Wahlprogramm der Gemeinde;manifestos/fu14lin.txt
main;fu14fdp.txt;0a830fe7ad040f573b71f11d10bf2fbe41ed85d041a780299394ecb924d6c316;3488;GLMP-9F725627E3;Fuerth;Bayern;FDP;fdp;2014.0;Kommunalwahlprogramm Gemeinde;Gemeinde;Hauptkorpus: kommunales Wahlprogramm der Gemeinde;manifestos/fu14fdp.txt
main;fu14fwg.txt;700b73e9f903180c953e6cd9fdaccd7295b46d86f766c6886db2984ccfaeec5b;1845;GLMP-CAE080BD50;Fuerth;Bayern;Freie Wähler;fwg;2014.0;Kommunalwahlprogramm Gemeinde;Gemeinde;Hauptkorpus: kommunales Wahlprogramm der Gemeinde;manifestos/fu14fwg.txt
main;fu14gru.txt;d66002e0917a5b019d6182f4755d0f665aabfd3e8143560a267cf83d3573e37f;78756;GLMP-04A57BFE35;Fuerth;Bayern;Grüne;gru;2014.0;Kommunalwahlprogramm Gemeinde;Gemeinde;Hauptkorpus: kommunales Wahlprogramm der Gemeinde;manifestos/fu14gru.txt
main;fu14spd.txt;9658e610b1449ea6a5a668486ef1caccbde98e19e75b283b245d953a2c5db27b;51179;GLMP-7A3113FA9B;Fuerth;Bayern;SPD;spd;2014.0;Kommunalwahlprogramm Gemeinde;Gemeinde;Hauptkorpus: kommunales Wahlprogramm der Gemeinde;manifestos/fu14spd.txt
main;ge14afd.txt;00805f98d2b59d4b1ae8bae2b1a2c746e178418352021bf85d2be03fc4567fac;25548;GLMP-342ACC533F;Gelsenkirchen;Nordrhein-Westfalen;Alternative für Deutschland;afd;2014.0;Kommunalwahlprogramm Gemeinde;Gemeinde;Hauptkorpus: kommunales Wahlprogramm der Gemeinde;manifestos/ge14afd.txt
main;ge14cdu.txt;1bbe88fed8665a2cff8a20b1ebe6b7ec7e7569bd4a366db244014afda0aa6008;48463;GLMP-E10AC72E90;Gelsenkirchen;Nordrhein-Westfalen;CDU;cdu;2014.0;Kommunalwahlprogramm Gemeinde;Gemeinde;Hauptkorpus: kommunales Wahlprogramm der Gemeinde;manifestos/ge14cdu.txt
main;ge14lin.txt;3296e7fdd08b3bb33daadbf36449efa3df7e3381a06fbc8ae13dfd50276acb5a;101490;GLMP-0FED2F9720;Gelsenkirchen;Nordrhein-Westfalen;Die Linke;lin;2014.0;Kommunalwahlprogramm Gemeinde;Gemeinde;Hauptkorpus: kommunales Wahlprogramm der Gemeinde;manifestos/ge14lin.txt
main;ge14gru.txt;0ab38cba10e7cb1accba215f925c894849fe0060992c48b523855ee7f5d8c90c;39826;GLMP-B00266D1A3;Gelsenkirchen;Nordrhein-Westfalen;Grüne;gru;2014.0;Kommunalwahlprogramm Gemeinde;Gemeinde;Hauptkorpus: kommunales Wahlprogramm der Gemeinde;manifestos/ge14gru.txt
main;ge14spd.txt;497a940631045fa07618603bb486210712308d2b2a2fed2575302eb584a4a19e;67823;GLMP-0488CD81AE;Gelsenkirchen;Nordrhein-Westfalen;SPD;spd;2014.0;Kommunalwahlprogramm Gemeinde;Gemeinde;Hauptkorpus: kommunales Wahlprogramm der Gemeinde;manifestos/ge14spd.txt
main;ge14win.txt;87c9420c5af611660698576c8b833651394c0fd5caffbca4164bc1198c2b27fe;12274;GLMP-556AA3F8D8;Gelsenkirchen;Nordrhein-Westfalen;Wähler Initiative NRW;win;2014.0;Kommunalwahlprogramm Gemeinde;Gemeinde;Hauptkorpus: kommunales Wahlprogramm der Gemeinde;manifestos/ge14win.txt
main;ha14bfh.txt;2f3b4fd19f6ddbe4bdce70711809f8928ab542f0af150735b67e881407d8bcbb;4609;GLMP-4A74C3A44E;Hagen;Nordrhein-Westfalen;Bürger für  (BfHO);bfh;2014.0;Kommunalwahlprogramm Gemeinde;Gemeinde;Hauptkorpus: kommunales Wahlprogramm der Gemeinde;manifestos/ha14bfh.txt
main;ha14cdu.txt;c8f65765b0362f3b4258ece2875b0779d34273e8c7eda03c8364125f35f71c9c;32541;GLMP-0A8A57DC1C;Hagen;Nordrhein-Westfalen;CDU;cdu;2014.0;Kommunalwahlprogramm Gemeinde;Gemeinde;Hauptkorpus: kommunales Wahlprogramm der Gemeinde;manifestos/ha14cdu.txt
main;ha14lin.txt;10721eddd8fe21ff93b912712cc58dae82f3ac7d87557881f866751aae2f17e8;68043;GLMP-1D01E74464;Hagen;Nordrhein-Westfalen;Die Linke;lin;2014.0;Kommunalwahlprogramm Gemeinde;Gemeinde;Hauptkorpus: kommunales Wahlprogramm der Gemeinde;manifestos/ha14lin.txt
main;ha14fdp.txt;2dcc34a121ec97a723cacb0a05eef3d10db4005e09ee4b27382a7f885b3fbd74;26083;GLMP-680778D9A8;Hagen;Nordrhein-Westfalen;FDP;fdp;2014.0;Kommunalwahlprogramm Gemeinde;Gemeinde;Hauptkorpus: kommunales Wahlprogramm der Gemeinde;manifestos/ha14fdp.txt
main;ha14gru.txt;bc851b52abcf247a9ff201229ded8c403a6305fae0a8a3e8ce7d1a37759a0d5d;118375;GLMP-A233372655;Hagen;Nordrhein-Westfalen;Grüne;gru;2014.0;Kommunalwahlprogramm Gemeinde;Gemeinde;Hauptkorpus: kommunales Wahlprogramm der Gemeinde;manifestos/ha14gru.txt
main;ha14pir.txt;832e883e138e6fddfc876561468a8c59af2a1b63a2cd954c04e110821fd1d7b9;17234;GLMP-6FAB5FCA28;Hagen;Nordrhein-Westfalen;Piraten;pir;2014.0;Kommunalwahlprogramm Gemeinde;Gemeinde;Hauptkorpus: kommunales Wahlprogramm der Gemeinde;manifestos/ha14pir.txt
main;ha14spd.txt;647acd859c8dc28ecdf8f1832f28b6cf2196f934c9a3323dad59ed117154e005;80328;GLMP-74B2A2A8EE;Hagen;Nordrhein-Westfalen;SPD;spd;2014.0;Kommunalwahlprogramm Gemeinde;Gemeinde;Hauptkorpus: kommunales Wahlprogramm der Gemeinde;manifestos/ha14spd.txt
main;hl14cdu.txt;fe69ebb2cab36b3b5632b9bc09d53dde84e69289786ba97d33213e2107387341;35988;GLMP-16D275C09C;Halle (Saale);Sachsen-Anhalt;CDU;cdu;2014.0;Kommunalwahlprogramm Gemeinde;Gemeinde;Hauptkorpus: kommunales Wahlprogramm der Gemeinde;manifestos/hl14cdu.txt
main;hl14lin.txt;1b7fb594e1270469f5a6f27937f6591e6008aaf56535bae5d36bb33cbe5a505a;49466;GLMP-F5D5275A80;Halle (Saale);Sachsen-Anhalt;Die Linke;lin;2014.0;Kommunalwahlprogramm Gemeinde;Gemeinde;Hauptkorpus: kommunales Wahlprogramm der Gemeinde;manifestos/hl14lin.txt
main;hl14par.txt;f2a014525e5740cb16a795e42a3fc3908da097edc923cdb08c9b8ad76971f167;5992;GLMP-7DCA8CEC5B;Halle (Saale);Sachsen-Anhalt;Die Partei;par;2014.0;Kommunalwahlprogramm Gemeinde;Gemeinde;Hauptkorpus: kommunales Wahlprogramm der Gemeinde;manifestos/hl14par.txt
main;hl14fdp.txt;66ff95d228bb1b1fda95075fec66060555c2d81a777795c129de5d13f5320c08;21445;GLMP-D238AD77DC;Halle (Saale);Sachsen-Anhalt;FDP;fdp;2014.0;Kommunalwahlprogramm Gemeinde;Gemeinde;Hauptkorpus: kommunales Wahlprogramm der Gemeinde;manifestos/hl14fdp.txt
main;hl14gru.txt;3c68305ef1ecdce37a83d8fb3b92f3d3d54db3de86f95eb03e3e08f7e5caddcf;123210;GLMP-22072CC823;Halle (Saale);Sachsen-Anhalt;Grüne;gru;2014.0;Kommunalwahlprogramm Gemeinde;Gemeinde;Hauptkorpus: kommunales Wahlprogramm der Gemeinde;manifestos/hl14gru.txt
main;hl14mit.txt;94a2e231b9fe3cfe1406a8d0ccb19fd705342775b14ce31b3e3607d7d1155d51;19358;GLMP-D4769DF4FB;Halle (Saale);Sachsen-Anhalt;MitBürger;mit;2014.0;Kommunalwahlprogramm Gemeinde;Gemeinde;Hauptkorpus: kommunales Wahlprogramm der Gemeinde;manifestos/hl14mit.txt
main;hl14spd.txt;15b46ca0e1c6f4808d7f883e79efc4ef7529187ed45a410d74af6f280cb08cbc;28354;GLMP-7A89C9552A;Halle (Saale);Sachsen-Anhalt;SPD;spd;2014.0;Kommunalwahlprogramm Gemeinde;Gemeinde;Hauptkorpus: kommunales Wahlprogramm der Gemeinde;manifestos/hl14spd.txt
main;hm14cdu.txt;4eec0febdc5dcfb3ede450a5ae001109c4b304749c4d15a0e2fd852fe2006773;35037;GLMP-633028EB86;Hamm;Nordrhein-Westfalen;CDU;cdu;2014.0;Kommunalwahlprogramm Gemeinde;Gemeinde;Hauptkorpus: kommunales Wahlprogramm der Gemeinde;manifestos/hm14cdu.txt
main;hm14lin.txt;94eab2a471f05393adc3a2fab7701718f1978f251f16b4425409b61e40feb63a;21864;GLMP-0995804617;Hamm;Nordrhein-Westfalen;Die Linke;lin;2014.0;Kommunalwahlprogramm Gemeinde;Gemeinde;Hauptkorpus: kommunales Wahlprogramm der Gemeinde;manifestos/hm14lin.txt
main;hm14rec.txt;eb6cf24e3ce59164cae1ecb2ade44b297b4e5d0198e8efd3ec927d597547d1c4;4106;GLMP-8FED162918;Hamm;Nordrhein-Westfalen;Die Rechte;rec;2014.0;Kommunalwahlprogramm Gemeinde;Gemeinde;Hauptkorpus: kommunales Wahlprogramm der Gemeinde;manifestos/hm14rec.txt
main;hm14fdp.txt;0cefa4757bef61e1bbdd92d31e73194febc5f68f488db4c9791f05cb48b24eed;36967;GLMP-C6DBF357E6;Hamm;Nordrhein-Westfalen;FDP;fdp;2014.0;Kommunalwahlprogramm Gemeinde;Gemeinde;Hauptkorpus: kommunales Wahlprogramm der Gemeinde;manifestos/hm14fdp.txt
main;hm14gru.txt;49ba329996d7a08aba7ed258f82d9a5a8bf0f1503de7c2f22e86ed57fe02e1b7;40863;GLMP-D0F28D8A47;Hamm;Nordrhein-Westfalen;Grüne;gru;2014.0;Kommunalwahlprogramm Gemeinde;Gemeinde;Hauptkorpus: kommunales Wahlprogramm der Gemeinde;manifestos/hm14gru.txt
main;hm14pir.txt;a339db39fc5061ecb3b8da0efdd57fc0b4616d16317f999902a0815cf8eb2ab8;20792;GLMP-8EABED6479;Hamm;Nordrhein-Westfalen;Piraten;pir;2014.0;Kommunalwahlprogramm Gemeinde;Gemeinde;Hauptkorpus: kommunales Wahlprogramm der Gemeinde;manifestos/hm14pir.txt
main;hm14prh.txt;78dc4c6b994eae4c0919cf3674c56b1d7f757c6937188bffcd5515d62405ba34;5116;GLMP-45737E6BF4;Hamm;Nordrhein-Westfalen;Pro Hamm;prh;2014.0;Kommunalwahlprogramm Gemeinde;Gemeinde;Hauptkorpus: kommunales Wahlprogramm der Gemeinde;manifestos/hm14prh.txt
main;hm14spd.txt;ca2f6f3f5df4c1be374b6ec7b35a471033c9ff5888978afc4581f3c72d1e6c7c;57615;GLMP-7BC5C623EB;Hamm;Nordrhein-Westfalen;SPD;spd;2014.0;Kommunalwahlprogramm Gemeinde;Gemeinde;Hauptkorpus: kommunales Wahlprogramm der Gemeinde;manifestos/hm14spd.txt
main;hd14bul.txt;40a24f539d5e7ba2294481903e3f2571ea6ac9772f2d9b707c387c9a9d50ec38;131384;GLMP-2407BCF861;Heidelberg;Baden-Württemberg;Bunte Linke Heidelberg;bul;2014.0;Kommunalwahlprogramm Gemeinde;Gemeinde;Hauptkorpus: kommunales Wahlprogramm der Gemeinde;manifestos/hd14bul.txt
main;hd14cdu.txt;ddbea3ce228146e87a761d63bee53fcfe680dabe53fbc5dc255197208974f49e;42284;GLMP-F69F7EE538;Heidelberg;Baden-Württemberg;CDU;cdu;2014.0;Kommunalwahlprogramm Gemeinde;Gemeinde;Hauptkorpus: kommunales Wahlprogramm der Gemeinde;manifestos/hd14cdu.txt
main;hd14lin.txt;63e449af424235c3d8812386ad7466cce92016d3ab8fd95fd082aa44fdf8c70f;67681;GLMP-0F0CC6D42C;Heidelberg;Baden-Württemberg;Die Linke;lin;2014.0;Kommunalwahlprogramm Gemeinde;Gemeinde;Hauptkorpus: kommunales Wahlprogramm der Gemeinde;manifestos/hd14lin.txt
main;hd14fdp.txt;c92c87689e5c0b6fff287719032d05ebbeca0c41bab063da1439a2b811fb313d;57000;GLMP-55D08BCF89;Heidelberg;Baden-Württemberg;FDP;fdp;2014.0;Kommunalwahlprogramm Gemeinde;Gemeinde;Hauptkorpus: kommunales Wahlprogramm der Gemeinde;manifestos/hd14fdp.txt
main;hd14gru.txt;c7ffdf5339c3b0794bb2d0cc8fb76e717672bc503fc1fd1c21ff1c7839dc5048;90123;GLMP-80D4FD1ADF;Heidelberg;Baden-Württemberg;Grüne;gru;2014.0;Kommunalwahlprogramm Gemeinde;Gemeinde;Hauptkorpus: kommunales Wahlprogramm der Gemeinde;manifestos/hd14gru.txt
main;hd14gal.txt;8ce15d8d5c46af263bab230b8edf34c11b987a1a78be6119e1511b84837b0dbc;25122;GLMP-1D25A572AF;Heidelberg;Baden-Württemberg;Grüne Alternative Liste;gal;2014.0;Kommunalwahlprogramm Gemeinde;Gemeinde;Hauptkorpus: kommunales Wahlprogramm der Gemeinde;manifestos/hd14gal.txt
main;hd14pir.txt;5e9ea2bdc905503b463f9708d8b2d0cafe59b73a3552a702db8663f5da76122b;16718;GLMP-00608D2348;Heidelberg;Baden-Württemberg;Piraten;pir;2014.0;Kommunalwahlprogramm Gemeinde;Gemeinde;Hauptkorpus: kommunales Wahlprogramm der Gemeinde;manifestos/hd14pir.txt
main;hd14spd.txt;7b605a2101adf8c0b8503bddfd936d060c7ce65b1802dd543255114647c9a47e;78079;GLMP-F1D15A13B8;Heidelberg;Baden-Württemberg;SPD;spd;2014.0;Kommunalwahlprogramm Gemeinde;Gemeinde;Hauptkorpus: kommunales Wahlprogramm der Gemeinde;manifestos/hd14spd.txt
main;hn14cdu.txt;072755aca9f2257e2ad36ade5bbb6820f5ec5b960b5b3cf3c76db52e3334161f;52786;GLMP-F4F885AA5C;Heilbronn;Baden-Württemberg;CDU;cdu;2014.0;Kommunalwahlprogramm Gemeinde;Gemeinde;Hauptkorpus: kommunales Wahlprogramm der Gemeinde;manifestos/hn14cdu.txt
main;hn14lin.txt;cd34079580e62e2b5cfe99495f8d8e46bfa84eff4b1f2fb83ce5d98891fd330c;31454;GLMP-16B951D171;Heilbronn;Baden-Württemberg;Die Linke;lin;2014.0;Kommunalwahlprogramm Gemeinde;Gemeinde;Hauptkorpus: kommunales Wahlprogramm der Gemeinde;manifestos/hn14lin.txt
main;hn14fdp.txt;187bcc28e4fa04f542743f34fe427a28baffdbe686d20939bcfd5488608abc1c;30053;GLMP-7053E730A1;Heilbronn;Baden-Württemberg;FDP;fdp;2014.0;Kommunalwahlprogramm Gemeinde;Gemeinde;Hauptkorpus: kommunales Wahlprogramm der Gemeinde;manifestos/hn14fdp.txt
main;hn14gru.txt;c5062119eb2cd4bed419ebbf95a1c50a9083ba80894d4a4b6c344a4943dc4114;35331;GLMP-3E37F5854F;Heilbronn;Baden-Württemberg;Grüne;gru;2014.0;Kommunalwahlprogramm Gemeinde;Gemeinde;Hauptkorpus: kommunales Wahlprogramm der Gemeinde;manifestos/hn14gru.txt
main;hn14spd.txt;cce09d0199df494686e04869b9d542f94bd75a283a3516dfea19204e8959278f;99823;GLMP-EC59EF0EA8;Heilbronn;Baden-Württemberg;SPD;spd;2014.0;Kommunalwahlprogramm Gemeinde;Gemeinde;Hauptkorpus: kommunales Wahlprogramm der Gemeinde;manifestos/hn14spd.txt
main;in14bgi.txt;4a4c5396486f14b63506a0823aa874cc275ebcde3e0e41f6c08fc9dc1ce561c1;24288;GLMP-0B671417B9;Ingolstadt;Bayern;Bürgergemeinschaft Ingolstadt;bgi;2014.0;Kommunalwahlprogramm Gemeinde;Gemeinde;Hauptkorpus: kommunales Wahlprogramm der Gemeinde;manifestos/in14bgi.txt
main;in14csu.txt;f5fe026068237258e0a8828ea79e4d0e630d801a4d8125f67eb3c63cc5a869a1;19463;GLMP-1D8E440927;Ingolstadt;Bayern;CSU;csu;2014.0;Kommunalwahlprogramm Gemeinde;Gemeinde;Hauptkorpus: kommunales Wahlprogramm der Gemeinde;manifestos/in14csu.txt
main;in14lin.txt;74fa14ae9c175bc861b9fb78bf1e0b74666eceb997924b9d719aa7efbf096862;20970;GLMP-955BA0432C;Ingolstadt;Bayern;Die Linke;lin;2014.0;Kommunalwahlprogramm Gemeinde;Gemeinde;Hauptkorpus: kommunales Wahlprogramm der Gemeinde;manifestos/in14lin.txt
main;in14fdp.txt;a50271a17db19e7b69d4016cf7685594c304a5fd4f1e1837ca0acf7eed53fb2e;5947;GLMP-CFE8D015A1;Ingolstadt;Bayern;FDP;fdp;2014.0;Kommunalwahlprogramm Gemeinde;Gemeinde;Hauptkorpus: kommunales Wahlprogramm der Gemeinde;manifestos/in14fdp.txt
main;in14fwg.txt;663ee1cacf669f04d37cafa3d206e0a2eab9582da2c77d9cb39a5ae911b56ae9;1364;GLMP-2F3E22A103;Ingolstadt;Bayern;Freie Wähler;fwg;2014.0;Kommunalwahlprogramm Gemeinde;Gemeinde;Hauptkorpus: kommunales Wahlprogramm der Gemeinde;manifestos/in14fwg.txt
main;in14gru.txt;a5ea88aea3a598ba460d5d47977aaee1c3777fd40c7ec64dc05dfd0c41b47aa2;52889;GLMP-86BC3E2CBB;Ingolstadt;Bayern;Grüne;gru;2014.0;Kommunalwahlprogramm Gemeinde;Gemeinde;Hauptkorpus: kommunales Wahlprogramm der Gemeinde;manifestos/in14gru.txt
main;je14bfj.txt;27f468df53d5150abc5a932b19a65b01ac8c87fc4748565d47001d1d74358ace;5562;GLMP-8FE3120EB8;Jena;Thüringen;Bürger für Jena;bfj;2014.0;Kommunalwahlprogramm Gemeinde;Gemeinde;Hauptkorpus: kommunales Wahlprogramm der Gemeinde;manifestos/je14bfj.txt
main;je14cdu.txt;b1c588441fec2a49ce2804dde65b8d15579e0c77f46da1675c07be465bc8965f;25339;GLMP-3EE8CD4634;Jena;Thüringen;CDU;cdu;2014.0;Kommunalwahlprogramm Gemeinde;Gemeinde;Hauptkorpus: kommunales Wahlprogramm der Gemeinde;manifestos/je14cdu.txt
main;je14gut.txt;c5fff2db3a840145ed7ad01f4f3d5466273590b317a95cb60b54e9a45ee0dc3d;19402;GLMP-A13850AF29;Jena;Thüringen;Die Guten;gut;2014.0;Kommunalwahlprogramm Gemeinde;Gemeinde;Hauptkorpus: kommunales Wahlprogramm der Gemeinde;manifestos/je14gut.txt
main;je14lin.txt;bbd6a038ba0cf7f4467a3bf826503c09a1e55288f81b6e7711e80188ce35c8c5;21639;GLMP-C94CEA3078;Jena;Thüringen;Die Linke;lin;2014.0;Kommunalwahlprogramm Gemeinde;Gemeinde;Hauptkorpus: kommunales Wahlprogramm der Gemeinde;manifestos/je14lin.txt
main;je14fdp.txt;b5e34690d463c813d9ced403ce4797752317595ed7f5281ded694a0ec90c9711;59682;GLMP-C641CA8FDF;Jena;Thüringen;FDP;fdp;2014.0;Kommunalwahlprogramm Gemeinde;Gemeinde;Hauptkorpus: kommunales Wahlprogramm der Gemeinde;manifestos/je14fdp.txt
main;je14gru.txt;fc45844069371d1cc7a81d5c3118bc66c92b07d0193caf2d026fc3dae1a8ac66;94756;GLMP-8D15D08020;Jena;Thüringen;Grüne;gru;2014.0;Kommunalwahlprogramm Gemeinde;Gemeinde;Hauptkorpus: kommunales Wahlprogramm der Gemeinde;manifestos/je14gru.txt
main;je14pir.txt;2e5bba4761f000c03e575b82188673a7d6d670725c16d22f3dcbf6b7e9adbae1;51126;GLMP-95A1C65D44;Jena;Thüringen;Piraten;pir;2014.0;Kommunalwahlprogramm Gemeinde;Gemeinde;Hauptkorpus: kommunales Wahlprogramm der Gemeinde;manifestos/je14pir.txt
main;je14spd.txt;842540149a64bfde23f3aabba5d333a9fb9d2f93e687de6a8a12bc8278ba0ebe;59721;GLMP-53422C76FF;Jena;Thüringen;SPD;spd;2014.0;Kommunalwahlprogramm Gemeinde;Gemeinde;Hauptkorpus: kommunales Wahlprogramm der Gemeinde;manifestos/je14spd.txt
main;ks14afd.txt;eedbd32cd23c2772e3f365fcd3950a5aea5d21b1e9761d58e3c91ce23160874c;25217;GLMP-D96E6930C4;Karlsruhe;Baden-Württemberg;Alternative für Deutschland;afd;2014.0;Kommunalwahlprogramm Gemeinde;Gemeinde;Hauptkorpus: kommunales Wahlprogramm der Gemeinde;manifestos/ks14afd.txt
main;ks14cdu.txt;4bbb45f3326dce1549bec2dd25877b1fc7fc9b51a6f0f650686ade5b2150b66d;24736;GLMP-A0F143D466;Karlsruhe;Baden-Württemberg;CDU;cdu;2014.0;Kommunalwahlprogramm Gemeinde;Gemeinde;Hauptkorpus: kommunales Wahlprogramm der Gemeinde;manifestos/ks14cdu.txt
main;ks14lin.txt;095b2f803961ccb51d4bcc61c9608cf517efa2bd2ff02651660152c9f3f43385;5724;GLMP-85A5875AE8;Karlsruhe;Baden-Württemberg;Die Linke;lin;2014.0;Kommunalwahlprogramm Gemeinde;Gemeinde;Hauptkorpus: kommunales Wahlprogramm der Gemeinde;manifestos/ks14lin.txt
main;ks14par.txt;c33246c96ff33228a3a9801efb41e3862bcfad8263fafce49a5eee0468573ddf;2522;GLMP-309CC75DFA;Karlsruhe;Baden-Württemberg;Die Partei;par;2014.0;Kommunalwahlprogramm Gemeinde;Gemeinde;Hauptkorpus: kommunales Wahlprogramm der Gemeinde;manifestos/ks14par.txt
main;ks14fdp.txt;57fa3c781b1145619bcf6141d4c56a6e77ea4c08949c30296f694247dc752a4c;51987;GLMP-7BA7AABF44;Karlsruhe;Baden-Württemberg;FDP;fdp;2014.0;Kommunalwahlprogramm Gemeinde;Gemeinde;Hauptkorpus: kommunales Wahlprogramm der Gemeinde;manifestos/ks14fdp.txt
main;ks14fwg.txt;71d64ac1d86fa4124ee4c2c9582eea59ee0f5a96806b30430a25d1617fa714df;32653;GLMP-2005B618AA;Karlsruhe;Baden-Württemberg;Freie Wähler;fwg;2014.0;Kommunalwahlprogramm Gemeinde;Gemeinde;Hauptkorpus: kommunales Wahlprogramm der Gemeinde;manifestos/ks14fwg.txt
main;ks14gfk.txt;18802d455055b65c69b0d77c2a6ebfdc53068b93256a7c5f19cd56c24df607e3;6074;GLMP-BEA5F7369B;Karlsruhe;Baden-Württemberg;Gemeinsam für Karlsruhe;gfk;2014.0;Kommunalwahlprogramm Gemeinde;Gemeinde;Hauptkorpus: kommunales Wahlprogramm der Gemeinde;manifestos/ks14gfk.txt
main;ks14gru.txt;8940b1c3f15915ba3ef5867bb2dade64145180c9bae0b1c0d3911e3a97173fc7;233398;GLMP-DA04484BFF;Karlsruhe;Baden-Württemberg;Grüne;gru;2014.0;Kommunalwahlprogramm Gemeinde;Gemeinde;Hauptkorpus: kommunales Wahlprogramm der Gemeinde;manifestos/ks14gru.txt
main;ks14kal.txt;d62fa581c59f8eb719c60342f866faf0390460348820c878f0a7a70c0363baea;92231;GLMP-3802E11059;Karlsruhe;Baden-Württemberg;Karlsruher Liste;kal;2014.0;Kommunalwahlprogramm Gemeinde;Gemeinde;Hauptkorpus: kommunales Wahlprogramm der Gemeinde;manifestos/ks14kal.txt
main;ks14pir.txt;e8e4c859198ef337a9fb29b4bbfe42b2923ed7501e7dfe2798968c85b42c1188;22892;GLMP-82538ADCAD;Karlsruhe;Baden-Württemberg;Piraten;pir;2014.0;Kommunalwahlprogramm Gemeinde;Gemeinde;Hauptkorpus: kommunales Wahlprogramm der Gemeinde;manifestos/ks14pir.txt
main;ks14spd.txt;0b5765c2119f1758c1eaffec243e21967ef2ce04d98ed24d6cd534efa6c0c220;31773;GLMP-093A42CC0E;Karlsruhe;Baden-Württemberg;SPD;spd;2014.0;Kommunalwahlprogramm Gemeinde;Gemeinde;Hauptkorpus: kommunales Wahlprogramm der Gemeinde;manifestos/ks14spd.txt
main;kb14afd.txt;8907c1dc413c23e34d946e3c983c8cff4a6a79bc0869c747e701674fb7d2776b;7586;GLMP-71FB57A406;Koblenz;Rheinland-Pfalz;Alternative für Deutschland;afd;2014.0;Kommunalwahlprogramm Gemeinde;Gemeinde;Hauptkorpus: kommunales Wahlprogramm der Gemeinde;manifestos/kb14afd.txt
main;kb14biz.txt;e65b218c4bfebc1cd724cfb025dec878b2ce43a138ab1d0d6a60f6a25ec02df4;38267;GLMP-662107E16D;Koblenz;Rheinland-Pfalz;Bürgerinitiative für Koblenz;biz;2014.0;Kommunalwahlprogramm Gemeinde;Gemeinde;Hauptkorpus: kommunales Wahlprogramm der Gemeinde;manifestos/kb14biz.txt
main;kb14cdu.txt;16f0685fa1acdbca6d09e5c0e65be8a6e9f3705acd31f93ea05558c67af5a89a;1696;GLMP-62CFA9AE25;Koblenz;Rheinland-Pfalz;CDU;cdu;2014.0;Kommunalwahlprogramm Gemeinde;Gemeinde;Hauptkorpus: kommunales Wahlprogramm der Gemeinde;manifestos/kb14cdu.txt
main;kb14lin.txt;9b1a96ee97f46d71b7d21f138b8299fe18b24f287a1972be018ce422bc6016e2;6373;GLMP-AE92219431;Koblenz;Rheinland-Pfalz;Die Linke;lin;2014.0;Kommunalwahlprogramm Gemeinde;Gemeinde;Hauptkorpus: kommunales Wahlprogramm der Gemeinde;manifestos/kb14lin.txt
main;kb14fbg.txt;efcbe0d23b9ba8a61e34ff033bdea7d41a2d80751109ee1353a6b3c828daae13;5454;GLMP-75607FF7FC;Koblenz;Rheinland-Pfalz;Freie Bürgergruppe Koblenz;fbg;2014.0;Kommunalwahlprogramm Gemeinde;Gemeinde;Hauptkorpus: kommunales Wahlprogramm der Gemeinde;manifestos/kb14fbg.txt
main;kb14gru.txt;0f877e03b95b71060d2fda1dc7c8bfa971610957862cd22fee966f7d40784ce9;66838;GLMP-3B86B63E15;Koblenz;Rheinland-Pfalz;Grüne;gru;2014.0;Kommunalwahlprogramm Gemeinde;Gemeinde;Hauptkorpus: kommunales Wahlprogramm der Gemeinde;manifestos/kb14gru.txt
main;kb14spd.txt;deeaaf802543e2c25d5d5760b8e98be46b4120ebe0a734cb12b71e7a681ebb19;12780;GLMP-E03F69AA58;Koblenz;Rheinland-Pfalz;SPD;spd;2014.0;Kommunalwahlprogramm Gemeinde;Gemeinde;Hauptkorpus: kommunales Wahlprogramm der Gemeinde;manifestos/kb14spd.txt
main;ko14afd.txt;45efe8e20d6f8433d54b5e65eb4641a84a429dbf285aae10465925dd17db7ad5;38550;GLMP-33C0989C9E;Koeln;Nordrhein-Westfalen;Alternative für Deutschland;afd;2014.0;Kommunalwahlprogramm Gemeinde;Gemeinde;Hauptkorpus: kommunales Wahlprogramm der Gemeinde;manifestos/ko14afd.txt
main;ko14cdu.txt;2af7eba641aef4944a3f36ca29f6f68fbd93790eccfdbc84f3dbf30c31b8a19b;211487;GLMP-4803A50E0A;Koeln;Nordrhein-Westfalen;CDU;cdu;2014.0;Kommunalwahlprogramm Gemeinde;Gemeinde;Hauptkorpus: kommunales Wahlprogramm der Gemeinde;manifestos/ko14cdu.txt
main;ko14dfr.txt;9a3e2a91a80e56b9dfe7f03f523d123738ebf1dd468ed0025df00e2db693e50f;31442;GLMP-321A09B64A;Koeln;Nordrhein-Westfalen;Deine Freunde;dfr;2014.0;Kommunalwahlprogramm Gemeinde;Gemeinde;Hauptkorpus: kommunales Wahlprogramm der Gemeinde;manifestos/ko14dfr.txt
main;ko14lin.txt;2183c4ab86a99e80fff912b4773a877842a128076e471b238f40939edd4a09a1;223904;GLMP-186FB4FCBB;Koeln;Nordrhein-Westfalen;Die Linke;lin;2014.0;Kommunalwahlprogramm Gemeinde;Gemeinde;Hauptkorpus: kommunales Wahlprogramm der Gemeinde;manifestos/ko14lin.txt
main;ko14fdp.txt;5a8051b0329223808cd57c9e6120d7dd00cf865d0c93eddfeaccd7488acf7753;160201;GLMP-3B60D4D134;Koeln;Nordrhein-Westfalen;FDP;fdp;2014.0;Kommunalwahlprogramm Gemeinde;Gemeinde;Hauptkorpus: kommunales Wahlprogramm der Gemeinde;manifestos/ko14fdp.txt
main;ko14fwg.txt;a6ff51b19c93732770fded9a027677a5478eb7b8c0401fae387993ac186bcd60;25402;GLMP-D9FC08BC0D;Koeln;Nordrhein-Westfalen;Freie Wähler;fwg;2014.0;Kommunalwahlprogramm Gemeinde;Gemeinde;Hauptkorpus: kommunales Wahlprogramm der Gemeinde;manifestos/ko14fwg.txt
main;ko14gru.txt;45629ae6fc75174d7787576fe5d512fe17dec11ee8a9b01eae4ead60fce410da;212831;GLMP-0BE923A4FC;Koeln;Nordrhein-Westfalen;Grüne;gru;2014.0;Kommunalwahlprogramm Gemeinde;Gemeinde;Hauptkorpus: kommunales Wahlprogramm der Gemeinde;manifestos/ko14gru.txt
main;ko14pir.txt;543ead3bbfb0654bc46d586c0ab7a3e80047d14fe32703b5f4471ceec7a7d852;60878;GLMP-FE80EDFA1D;Koeln;Nordrhein-Westfalen;Piraten;pir;2014.0;Kommunalwahlprogramm Gemeinde;Gemeinde;Hauptkorpus: kommunales Wahlprogramm der Gemeinde;manifestos/ko14pir.txt
main;ko14spd.txt;4fef75989374057691d79b749e55e6b2cc82d42739575a24790ecbba50e438d3;186753;GLMP-AC547F7637;Koeln;Nordrhein-Westfalen;SPD;spd;2014.0;Kommunalwahlprogramm Gemeinde;Gemeinde;Hauptkorpus: kommunales Wahlprogramm der Gemeinde;manifestos/ko14spd.txt
main;kr14afd.txt;a1eff7dca97294b1f66a8946c25c35d453d69fa71057a5b550653849aa686c3a;9813;GLMP-8EC7DEBDB4;Krefeld;Nordrhein-Westfalen;Alternative für Deutschland;afd;2014.0;Kommunalwahlprogramm Gemeinde;Gemeinde;Hauptkorpus: kommunales Wahlprogramm der Gemeinde;manifestos/kr14afd.txt
main;kr14cdu.txt;67e88b315435e53c4889cb33c9a3f21b9bde214ab722a568c63327f3f22f6550;65411;GLMP-7765C91433;Krefeld;Nordrhein-Westfalen;CDU;cdu;2014.0;Kommunalwahlprogramm Gemeinde;Gemeinde;Hauptkorpus: kommunales Wahlprogramm der Gemeinde;manifestos/kr14cdu.txt
main;kr14lin.txt;87e2f933726b750bc0b37b03aa6c448686a04fff2783eaa3144dddbd38b253b1;190922;GLMP-27410EC48C;Krefeld;Nordrhein-Westfalen;Die Linke;lin;2014.0;Kommunalwahlprogramm Gemeinde;Gemeinde;Hauptkorpus: kommunales Wahlprogramm der Gemeinde;manifestos/kr14lin.txt
main;kr14par.txt;1bbdf0691ad9fe47df3250e0b6702b7d2e5577f00b6a80a19dc244946e792be2;2735;GLMP-DE7732F01B;Krefeld;Nordrhein-Westfalen;Die Partei;par;2014.0;Kommunalwahlprogramm Gemeinde;Gemeinde;Hauptkorpus: kommunales Wahlprogramm der Gemeinde;manifestos/kr14par.txt
main;kr14fdp.txt;462254a1ba2d266389b90cceeafffbdfa42981fa7425fe0aa1592a00dd9dc281;86587;GLMP-E8332D28BD;Krefeld;Nordrhein-Westfalen;FDP;fdp;2014.0;Kommunalwahlprogramm Gemeinde;Gemeinde;Hauptkorpus: kommunales Wahlprogramm der Gemeinde;manifestos/kr14fdp.txt
main;kr14gru.txt;e6d251f8a0fc396d0d8da8516340f6938d34a3d551c93c36fb724130f9c996aa;119118;GLMP-70898CEA8E;Krefeld;Nordrhein-Westfalen;Grüne;gru;2014.0;Kommunalwahlprogramm Gemeinde;Gemeinde;Hauptkorpus: kommunales Wahlprogramm der Gemeinde;manifestos/kr14gru.txt
main;kr14spd.txt;dffb8c90a8d02dad359f5f77073021247fab71a4d4c6335fa70db60c7dfa75f8;13216;GLMP-3F856DB2D4;Krefeld;Nordrhein-Westfalen;SPD;spd;2014.0;Kommunalwahlprogramm Gemeinde;Gemeinde;Hauptkorpus: kommunales Wahlprogramm der Gemeinde;manifestos/kr14spd.txt
main;kr14uwg.txt;9ec47d1ace090a676cbcb8cacf0837a4a0163b3424b6459888aadb02fb26ac76;29622;GLMP-F3F020A16B;Krefeld;Nordrhein-Westfalen;Unabhängige Wählergemeinschaft (UWG);uwg;2014.0;Kommunalwahlprogramm Gemeinde;Gemeinde;Hauptkorpus: kommunales Wahlprogramm der Gemeinde;manifestos/kr14uwg.txt
main;lp14cdu.txt;84430d94be32c78e407fb3a44690273ab50a1e7faf50e568c64f90f9cd0fa3f4;39430;GLMP-3C4225F24B;Leipzig;Sachsen;CDU;cdu;2014.0;Kommunalwahlprogramm Gemeinde;Gemeinde;Hauptkorpus: kommunales Wahlprogramm der Gemeinde;manifestos/lp14cdu.txt
main;lp14lin.txt;d86f7314651ac293e505af53d69ceaf81661b167e80eb11958ea3c695effe61a;85892;GLMP-A593C2A8F3;Leipzig;Sachsen;Die Linke;lin;2014.0;Kommunalwahlprogramm Gemeinde;Gemeinde;Hauptkorpus: kommunales Wahlprogramm der Gemeinde;manifestos/lp14lin.txt
main;lp14fdp.txt;e154135eea0f41e3d3325bd27c5de0ba45819f6b623526eaa2b011398473f1d2;20261;GLMP-495518959E;Leipzig;Sachsen;FDP;fdp;2014.0;Kommunalwahlprogramm Gemeinde;Gemeinde;Hauptkorpus: kommunales Wahlprogramm der Gemeinde;manifestos/lp14fdp.txt
main;lp14gru.txt;829d68722efce066479cf56cb45c4fa518862bc93ab65e6f6f2961d6b58643f6;151803;GLMP-05AED50235;Leipzig;Sachsen;Grüne;gru;2014.0;Kommunalwahlprogramm Gemeinde;Gemeinde;Hauptkorpus: kommunales Wahlprogramm der Gemeinde;manifestos/lp14gru.txt
main;lp14pir.txt;15d26f093440328ac95b4b64dddc18f346dbc45c5c3b8f64c1f54c9d63d12904;18218;GLMP-1145B3254B;Leipzig;Sachsen;Piraten;pir;2014.0;Kommunalwahlprogramm Gemeinde;Gemeinde;Hauptkorpus: kommunales Wahlprogramm der Gemeinde;manifestos/lp14pir.txt
main;lp14spd.txt;02e3731ef20b9ab924870be19ec5b1f9c47b739ba82c17f5c1f3bc6456dae385;92460;GLMP-99F9290AC4;Leipzig;Sachsen;SPD;spd;2014.0;Kommunalwahlprogramm Gemeinde;Gemeinde;Hauptkorpus: kommunales Wahlprogramm der Gemeinde;manifestos/lp14spd.txt
main;le14cdu.txt;c59bda231f11d6a2cae917c93b2e1349aad873e0033866d191b49e5df0adabc9;29301;GLMP-2FC6EA6557;Leverkusen;Nordrhein-Westfalen;CDU;cdu;2014.0;Kommunalwahlprogramm Gemeinde;Gemeinde;Hauptkorpus: kommunales Wahlprogramm der Gemeinde;manifestos/le14cdu.txt
main;le14lin.txt;b4be8ed99a1435d8777cc090afd0944e4d2d714749ce36d77c0565d939f5dfb4;13234;GLMP-25F7BE378B;Leverkusen;Nordrhein-Westfalen;Die Linke;lin;2014.0;Kommunalwahlprogramm Gemeinde;Gemeinde;Hauptkorpus: kommunales Wahlprogramm der Gemeinde;manifestos/le14lin.txt
main;le14fdp.txt;c350ca9b8ad9b887fc6cfc9d905bd65e40f3ab5979b1dbb40a23096933cf3fc7;47514;GLMP-25C712D115;Leverkusen;Nordrhein-Westfalen;FDP;fdp;2014.0;Kommunalwahlprogramm Gemeinde;Gemeinde;Hauptkorpus: kommunales Wahlprogramm der Gemeinde;manifestos/le14fdp.txt
main;le14fwg.txt;1d87ae67373475da303cc93f857e266b5558ea2a5b1e9cc2bf70f6fe49cc95a9;15239;GLMP-FFB3B8DF2D;Leverkusen;Nordrhein-Westfalen;Freie Wähler;fwg;2014.0;Kommunalwahlprogramm Gemeinde;Gemeinde;Hauptkorpus: kommunales Wahlprogramm der Gemeinde;manifestos/le14fwg.txt
main;le14gru.txt;a793602c570c8c8e880a9f464f4e0e829e8984118e33255b01212be78895b742;43402;GLMP-076B7731AA;Leverkusen;Nordrhein-Westfalen;Grüne;gru;2014.0;Kommunalwahlprogramm Gemeinde;Gemeinde;Hauptkorpus: kommunales Wahlprogramm der Gemeinde;manifestos/le14gru.txt
main;le14lev.txt;b4a6b8c10896af12d642f1a266efbe7d5e9b7cd4e6a324d45650ff7c808f0c70;30939;GLMP-1B0F27CF43;Leverkusen;Nordrhein-Westfalen;LEV Partei;lev;2014.0;Kommunalwahlprogramm Gemeinde;Gemeinde;Hauptkorpus: kommunales Wahlprogramm der Gemeinde;manifestos/le14lev.txt
main;le14poo.txt;7edd5e68fd82ea048e4b089bfc2d8959281fbbd662f73fe2a7822dcb02b775af;16622;GLMP-20AAEB0663;Leverkusen;Nordrhein-Westfalen;Opladen Plus;poo;2014.0;Kommunalwahlprogramm Gemeinde;Gemeinde;Hauptkorpus: kommunales Wahlprogramm der Gemeinde;manifestos/le14poo.txt
main;le14pir.txt;1595263316dcada4a375aeed50c0eb42d3b2a27c886a2387c87ac432a5e895b1;83703;GLMP-75854E2E3A;Leverkusen;Nordrhein-Westfalen;Piraten;pir;2014.0;Kommunalwahlprogramm Gemeinde;Gemeinde;Hauptkorpus: kommunales Wahlprogramm der Gemeinde;manifestos/le14pir.txt
main;le14spd.txt;65bdf9fcb83d9545c589b6d4b1fa09d0e565266a271db83bec2c894dd6e62b6e;35184;GLMP-3B8E4AED6E;Leverkusen;Nordrhein-Westfalen;SPD;spd;2014.0;Kommunalwahlprogramm Gemeinde;Gemeinde;Hauptkorpus: kommunales Wahlprogramm der Gemeinde;manifestos/le14spd.txt
main;lu14cdu.txt;03c37ec10a4036ac1cfa28e6b77cceb244e0e87b0a11f6d7129304313974031b;26536;GLMP-1CF15E813C;Ludwigshafen am Rhein;Rheinland-Pfalz;CDU;cdu;2014.0;Kommunalwahlprogramm Gemeinde;Gemeinde;Hauptkorpus: kommunales Wahlprogramm der Gemeinde;manifestos/lu14cdu.txt
main;lu14fdp.txt;171134a8557a0d4a25c9922720cffdc0ca8a1a9fdfdaa14bcc66ff641923abaf;28266;GLMP-63FD320693;Ludwigshafen am Rhein;Rheinland-Pfalz;FDP;fdp;2014.0;Kommunalwahlprogramm Gemeinde;Gemeinde;Hauptkorpus: kommunales Wahlprogramm der Gemeinde;manifestos/lu14fdp.txt
main;lu14gru.txt;973199081166c96b9425e3b3ac05408d528f857418f1b32e454cce57d3b609ab;48225;GLMP-8C1416BDFE;Ludwigshafen am Rhein;Rheinland-Pfalz;Grüne;gru;2014.0;Kommunalwahlprogramm Gemeinde;Gemeinde;Hauptkorpus: kommunales Wahlprogramm der Gemeinde;manifestos/lu14gru.txt
main;lu14pir.txt;086876bd4f94d8a3552f738588a0cbf5b8267646da71875ebc16256da90c5c05;19166;GLMP-8A2524A1B1;Ludwigshafen am Rhein;Rheinland-Pfalz;Piraten;pir;2014.0;Kommunalwahlprogramm Gemeinde;Gemeinde;Hauptkorpus: kommunales Wahlprogramm der Gemeinde;manifestos/lu14pir.txt
main;lu14spd.txt;6f6f01602bb90806c1117a93d4ccbde18e4f42dce58a2a3c336e265b525418e8;58831;GLMP-A5021FA1A8;Ludwigshafen am Rhein;Rheinland-Pfalz;SPD;spd;2014.0;Kommunalwahlprogramm Gemeinde;Gemeinde;Hauptkorpus: kommunales Wahlprogramm der Gemeinde;manifestos/lu14spd.txt
main;mb14fut.txt;d106f0009e1d83e104838c961d63130312bab7b3f7afa335a4308f78fc4e979d;18079;GLMP-612F794F26;Magdeburg;Sachsen-Anhalt;???;fut;2014.0;Kommunalwahlprogramm Gemeinde;Gemeinde;Hauptkorpus: kommunales Wahlprogramm der Gemeinde;manifestos/mb14fut.txt
main;mb14bfm.txt;2a3f624dbb8a177f3c4380737e1236c39d9e1404c015d87d61bcca2b8da167d5;37504;GLMP-89041F17C4;Magdeburg;Sachsen-Anhalt;Bund für Magedeburg - Freie Wähler;bfm;2014.0;Kommunalwahlprogramm Gemeinde;Gemeinde;Hauptkorpus: kommunales Wahlprogramm der Gemeinde;manifestos/mb14bfm.txt
main;mb14cdu.txt;1170a7ac2d2d93731f2aa3f877d3fb6bd0241287a32b0c0f58a575be5e1e5607;65306;GLMP-8184A264E7;Magdeburg;Sachsen-Anhalt;CDU;cdu;2014.0;Kommunalwahlprogramm Gemeinde;Gemeinde;Hauptkorpus: kommunales Wahlprogramm der Gemeinde;manifestos/mb14cdu.txt
main;mb14lin.txt;370da95009d8589d10330762ee79281e4022b824f032caff305f94cb35000b01;57109;GLMP-3B72E60883;Magdeburg;Sachsen-Anhalt;Die Linke;lin;2014.0;Kommunalwahlprogramm Gemeinde;Gemeinde;Hauptkorpus: kommunales Wahlprogramm der Gemeinde;manifestos/mb14lin.txt
main;mb14fdp.txt;51dcc9062d3c3573f6b5dee2160cb5db53fe401c3c1728d295051a28f322b0fa;60375;GLMP-66B1D870A2;Magdeburg;Sachsen-Anhalt;FDP;fdp;2014.0;Kommunalwahlprogramm Gemeinde;Gemeinde;Hauptkorpus: kommunales Wahlprogramm der Gemeinde;manifestos/mb14fdp.txt
main;mb14gru.txt;34df3a6b36a23c57d28a88bb8366a1f78a9f2669db48786f731f87866c2e829e;50565;GLMP-4879FA7709;Magdeburg;Sachsen-Anhalt;Grüne;gru;2014.0;Kommunalwahlprogramm Gemeinde;Gemeinde;Hauptkorpus: kommunales Wahlprogramm der Gemeinde;manifestos/mb14gru.txt
main;mb14spd.txt;3f20142a2c26ec68d84bac1cb2ed2eab37dd787830d3d918e7659f4e4edace89;85360;GLMP-2FA97785BA;Magdeburg;Sachsen-Anhalt;SPD;spd;2014.0;Kommunalwahlprogramm Gemeinde;Gemeinde;Hauptkorpus: kommunales Wahlprogramm der Gemeinde;manifestos/mb14spd.txt
main;mz14afd.txt;a7a5ca3337f13ca42f97c3e685786aadb73b4c07f8ec0c4869af8940604fe428;15218;GLMP-4F744B09DD;Mainz;Rheinland-Pfalz;Alternative für Deutschland;afd;2014.0;Kommunalwahlprogramm Gemeinde;Gemeinde;Hauptkorpus: kommunales Wahlprogramm der Gemeinde;manifestos/mz14afd.txt
main;mz14cdu.txt;f8f22c6b75e285b01ae74e50e67061ae10b87dd66d22718fb4c1997b5f610263;78110;GLMP-43433A81E5;Mainz;Rheinland-Pfalz;CDU;cdu;2014.0;Kommunalwahlprogramm Gemeinde;Gemeinde;Hauptkorpus: kommunales Wahlprogramm der Gemeinde;manifestos/mz14cdu.txt
main;mz14lin.txt;7b172baf6c560a2ea5f275808b7601d0a7376cfb108331865789ee2408818058;49032;GLMP-A0A1A6262B;Mainz;Rheinland-Pfalz;Die Linke;lin;2014.0;Kommunalwahlprogramm Gemeinde;Gemeinde;Hauptkorpus: kommunales Wahlprogramm der Gemeinde;manifestos/mz14lin.txt
main;mz14fdp.txt;20cced51f08d54b2e0486095d1ea76fdce3462cc163bfe72f78dcf54c9367bbf;77819;GLMP-AC173CDF8B;Mainz;Rheinland-Pfalz;FDP;fdp;2014.0;Kommunalwahlprogramm Gemeinde;Gemeinde;Hauptkorpus: kommunales Wahlprogramm der Gemeinde;manifestos/mz14fdp.txt
main;mz14fwg.txt;b1de393ba00a029388caf1544a3b90d3ec18895b2a476d7221b4de006bfefe51;5020;GLMP-D28DC77230;Mainz;Rheinland-Pfalz;Freie Wähler;fwg;2014.0;Kommunalwahlprogramm Gemeinde;Gemeinde;Hauptkorpus: kommunales Wahlprogramm der Gemeinde;manifestos/mz14fwg.txt
main;mz14gru.txt;1df9b223e40aa8fb4a32010cc8607b3bf09d40d5a00717e1105aa51b742a2c29;147385;GLMP-44783E536F;Mainz;Rheinland-Pfalz;Grüne;gru;2014.0;Kommunalwahlprogramm Gemeinde;Gemeinde;Hauptkorpus: kommunales Wahlprogramm der Gemeinde;manifestos/mz14gru.txt
main;mz14pir.txt;3be68d3e63c714eed7b3d64187ed57e2648025b758e14248f1be74d245b710db;50096;GLMP-DBF203AD1F;Mainz;Rheinland-Pfalz;Piraten;pir;2014.0;Kommunalwahlprogramm Gemeinde;Gemeinde;Hauptkorpus: kommunales Wahlprogramm der Gemeinde;manifestos/mz14pir.txt
main;mz14pro.txt;2a73860d4a99b70f832b541fe704b69c7bd3ab5e4c20df0f3883b1c050e0a964;11462;GLMP-160E415108;Mainz;Rheinland-Pfalz;Pro Mainz;pro;2014.0;Kommunalwahlprogramm Gemeinde;Gemeinde;Hauptkorpus: kommunales Wahlprogramm der Gemeinde;manifestos/mz14pro.txt
main;mz14spd.txt;f6f57f4c53bbafbccab0992e4dfbba4db1c733f64c93dc0b78a83764a572489a;73450;GLMP-F13DDB3B2C;Mainz;Rheinland-Pfalz;SPD;spd;2014.0;Kommunalwahlprogramm Gemeinde;Gemeinde;Hauptkorpus: kommunales Wahlprogramm der Gemeinde;manifestos/mz14spd.txt
main;mz14odp.txt;6b0bcdb3d556050f3313843a4f56014d87bcccd49aee63820ac2c1a300c3c36b;39449;GLMP-8916EA0019;Mainz;Rheinland-Pfalz;Ökologisch-Demokratische Partei (ÖDP);odp;2014.0;Kommunalwahlprogramm Gemeinde;Gemeinde;Hauptkorpus: kommunales Wahlprogramm der Gemeinde;manifestos/mz14odp.txt
main;ma14afd.txt;2087bdf2da8b316ba9b94f55907ee6733f1189c96fb85409f3a2128dc9842ca9;21656;GLMP-2FC0E278D7;Mannheim;Baden-Württemberg;Alternative für Deutschland;afd;2014.0;Kommunalwahlprogramm Gemeinde;Gemeinde;Hauptkorpus: kommunales Wahlprogramm der Gemeinde;manifestos/ma14afd.txt
main;ma14cdu.txt;13de7f1f6bb9f23c55d9d48b165a420973197ed3b8a925a1bec9a85da50ab3cb;27642;GLMP-568F3DAD89;Mannheim;Baden-Württemberg;CDU;cdu;2014.0;Kommunalwahlprogramm Gemeinde;Gemeinde;Hauptkorpus: kommunales Wahlprogramm der Gemeinde;manifestos/ma14cdu.txt
main;ma14lin.txt;241c8c69f87c3b5894fff56cae2c588c16550d2953302a886b3681ab5a43de69;69002;GLMP-FD01773F08;Mannheim;Baden-Württemberg;Die Linke;lin;2014.0;Kommunalwahlprogramm Gemeinde;Gemeinde;Hauptkorpus: kommunales Wahlprogramm der Gemeinde;manifestos/ma14lin.txt
main;ma14fdp.txt;929753ed01b16a21f37f73ab15d23978d79f0913420de19773201c40a2ede1f8;98382;GLMP-CBD82E6FA9;Mannheim;Baden-Württemberg;FDP;fdp;2014.0;Kommunalwahlprogramm Gemeinde;Gemeinde;Hauptkorpus: kommunales Wahlprogramm der Gemeinde;manifestos/ma14fdp.txt
main;ma14fwg.txt;594e8a884567ebfb1e097cc17c8969e215c41436be12a21c1c041e591a015f87;15574;GLMP-F73771CCD7;Mannheim;Baden-Württemberg;Freie Wähler;fwg;2014.0;Kommunalwahlprogramm Gemeinde;Gemeinde;Hauptkorpus: kommunales Wahlprogramm der Gemeinde;manifestos/ma14fwg.txt
main;ma14gru.txt;360336ca2be3ba17e9800f888f36ac872140d13bb94eb44e40751dac1f195ea3;131767;GLMP-31F81F8091;Mannheim;Baden-Württemberg;Grüne;gru;2014.0;Kommunalwahlprogramm Gemeinde;Gemeinde;Hauptkorpus: kommunales Wahlprogramm der Gemeinde;manifestos/ma14gru.txt
main;ma14spd.txt;01a770a4b059bdd9bbc6b3923e0316bf3a44cbdd9b1161b5cae521719261eb57;60029;GLMP-B23AA586E6;Mannheim;Baden-Württemberg;SPD;spd;2014.0;Kommunalwahlprogramm Gemeinde;Gemeinde;Hauptkorpus: kommunales Wahlprogramm der Gemeinde;manifestos/ma14spd.txt
main;mg14afd.txt;2a3ba9947897b9b9e5414fe137a4564e6f24e654c9a1bb4be7e96bca91abb093;2901;GLMP-555EA727DD;Moenchengladbach;Nordrhein-Westfalen;Alternative für Deutschland;afd;2014.0;Kommunalwahlprogramm Gemeinde;Gemeinde;Hauptkorpus: kommunales Wahlprogramm der Gemeinde;manifestos/mg14afd.txt
main;mg14cdu.txt;280044db839a61c579ece359e7895a3507cd7b88240ae613505eed800ab9a87e;28311;GLMP-CE59718ADD;Moenchengladbach;Nordrhein-Westfalen;CDU;cdu;2014.0;Kommunalwahlprogramm Gemeinde;Gemeinde;Hauptkorpus: kommunales Wahlprogramm der Gemeinde;manifestos/mg14cdu.txt
main;mg14lin.txt;27cabe78b16f85971586dc0d67937a3ec25229283ea024eaafd0e3d18782bd93;59124;GLMP-7242C802E7;Moenchengladbach;Nordrhein-Westfalen;Die Linke;lin;2014.0;Kommunalwahlprogramm Gemeinde;Gemeinde;Hauptkorpus: kommunales Wahlprogramm der Gemeinde;manifestos/mg14lin.txt
main;mg14fdp.txt;ed3d14b7291b16295e4f804b2a63f54712dfd294097351cefb895d7877c18b97;12156;GLMP-ECAEEDD560;Moenchengladbach;Nordrhein-Westfalen;FDP;fdp;2014.0;Kommunalwahlprogramm Gemeinde;Gemeinde;Hauptkorpus: kommunales Wahlprogramm der Gemeinde;manifestos/mg14fdp.txt
main;mg14fwg.txt;22c9163320086cf533ca5874f31e062a681128de7d262abb74a67fdbc8629c31;35979;GLMP-0364C012A6;Moenchengladbach;Nordrhein-Westfalen;Freie Wähler;fwg;2014.0;Kommunalwahlprogramm Gemeinde;Gemeinde;Hauptkorpus: kommunales Wahlprogramm der Gemeinde;manifestos/mg14fwg.txt
main;mg14gru.txt;32fb0d3292e515a22b67cc78c1bedabffbf16410487a2cf77ae1d4d076ae6ece;105629;GLMP-08B8656E3E;Moenchengladbach;Nordrhein-Westfalen;Grüne;gru;2014.0;Kommunalwahlprogramm Gemeinde;Gemeinde;Hauptkorpus: kommunales Wahlprogramm der Gemeinde;manifestos/mg14gru.txt
main;mg14pir.txt;7ddbe56144765b852b0462adb5811eb8662427053cffe848e1ac66409a9fcdb1;18882;GLMP-E5377CDE34;Moenchengladbach;Nordrhein-Westfalen;Piraten;pir;2014.0;Kommunalwahlprogramm Gemeinde;Gemeinde;Hauptkorpus: kommunales Wahlprogramm der Gemeinde;manifestos/mg14pir.txt
main;mg14spd.txt;2a0d6b7f9ada76e06aa4cb2433fdf1e08622e4171402750aa9d425c456a95f71;48474;GLMP-2A541AA815;Moenchengladbach;Nordrhein-Westfalen;SPD;spd;2014.0;Kommunalwahlprogramm Gemeinde;Gemeinde;Hauptkorpus: kommunales Wahlprogramm der Gemeinde;manifestos/mg14spd.txt
main;mo14lin.txt;242c276df13d2e794fb49fa0a11d7f166e3b7f04b7eb559747b198f6903ec2b6;20234;GLMP-5140699472;Moers;Nordrhein-Westfalen;Die Linke;lin;2014.0;Kommunalwahlprogramm Gemeinde;Gemeinde;Hauptkorpus: kommunales Wahlprogramm der Gemeinde;manifestos/mo14lin.txt
main;mo14fdp.txt;e80096ec95b578185744bc182786e32dd4c90c156f8e42eaaf3ddc1afc54acd8;28037;GLMP-F075463425;Moers;Nordrhein-Westfalen;FDP;fdp;2014.0;Kommunalwahlprogramm Gemeinde;Gemeinde;Hauptkorpus: kommunales Wahlprogramm der Gemeinde;manifestos/mo14fdp.txt
main;mo14fbg.txt;c47312b3c8f3c893d3948d8e53258b5b1c9b6b557d75f1dfc99e4574612437e2;25850;GLMP-5FB996924F;Moers;Nordrhein-Westfalen;Freie Bürger-Gemeinschaft Moers;fbg;2014.0;Kommunalwahlprogramm Gemeinde;Gemeinde;Hauptkorpus: kommunales Wahlprogramm der Gemeinde;manifestos/mo14fbg.txt
main;mo14gru.txt;03f28497bafbcb003d9320184ad18a807a89233f6b251e0d6b6899dd8ecfe002;11825;GLMP-7233FB76E3;Moers;Nordrhein-Westfalen;Grüne;gru;2014.0;Kommunalwahlprogramm Gemeinde;Gemeinde;Hauptkorpus: kommunales Wahlprogramm der Gemeinde;manifestos/mo14gru.txt
main;mo14spd.txt;5059ffb5d15c9824ab72a187d94fbebe4190574249dffef4eb85237ffac04bd8;39409;GLMP-5052AE5686;Moers;Nordrhein-Westfalen;SPD;spd;2014.0;Kommunalwahlprogramm Gemeinde;Gemeinde;Hauptkorpus: kommunales Wahlprogramm der Gemeinde;manifestos/mo14spd.txt
main;mh14afd.txt;c6731ba3f697d2be869456d85c8af57b1305b3fcec20127517c2b0719ef7c122;6280;GLMP-8BB3B82C7B;Muelheim an der Ruhr;Nordrhein-Westfalen;Alternative für Deutschland;afd;2014.0;Kommunalwahlprogramm Gemeinde;Gemeinde;Hauptkorpus: kommunales Wahlprogramm der Gemeinde;manifestos/mh14afd.txt
main;mh14bub.txt;4ad26b9796c1acb2900cadf6e5391d6180014e0f7ee499e624df0319795b161e;36184;GLMP-71FA2D889F;Muelheim an der Ruhr;Nordrhein-Westfalen;Bündnis für Bildung;bub;2014.0;Kommunalwahlprogramm Gemeinde;Gemeinde;Hauptkorpus: kommunales Wahlprogramm der Gemeinde;manifestos/mh14bub.txt
main;mh14bfb.txt;b453911db28bd421b7cd8457cb9569d8274c895f4fc6447f1c2cdd1ab76dbe0d;17552;GLMP-F9DD534E0C;Muelheim an der Ruhr;Nordrhein-Westfalen;Bündnis für Bürger;bfb;2014.0;Kommunalwahlprogramm Gemeinde;Gemeinde;Hauptkorpus: kommunales Wahlprogramm der Gemeinde;manifestos/mh14bfb.txt
main;mh14cdu.txt;ffa373a8d86e855033735ecd8df6b1361b1f49d203bf47d69b3492aa0182b266;52234;GLMP-A4459ACA6B;Muelheim an der Ruhr;Nordrhein-Westfalen;CDU;cdu;2014.0;Kommunalwahlprogramm Gemeinde;Gemeinde;Hauptkorpus: kommunales Wahlprogramm der Gemeinde;manifestos/mh14cdu.txt
main;mh14lin.txt;31fe17ba76a3a83ed7b90643d331c2e028e8684268c02c161585acccfc74162f;166630;GLMP-7355D51853;Muelheim an der Ruhr;Nordrhein-Westfalen;Die Linke;lin;2014.0;Kommunalwahlprogramm Gemeinde;Gemeinde;Hauptkorpus: kommunales Wahlprogramm der Gemeinde;manifestos/mh14lin.txt
main;mh14fdp.txt;aa4e9d75ec267664f6b05ec171ee07cd84789cc9178cff9a17dbde8d208ed3ff;22941;GLMP-968F414F5F;Muelheim an der Ruhr;Nordrhein-Westfalen;FDP;fdp;2014.0;Kommunalwahlprogramm Gemeinde;Gemeinde;Hauptkorpus: kommunales Wahlprogramm der Gemeinde;manifestos/mh14fdp.txt
main;mh14gru.txt;8f60d6729833a93f48d829aabbf5969cea6cce57b7b2258d2a31f9cb6688dbf5;91931;GLMP-432FE3CCA2;Muelheim an der Ruhr;Nordrhein-Westfalen;Grüne;gru;2014.0;Kommunalwahlprogramm Gemeinde;Gemeinde;Hauptkorpus: kommunales Wahlprogramm der Gemeinde;manifestos/mh14gru.txt
main;mh14mbi.txt;8d6da9f08b7718711b77b333fad01549ee49757eb239dd5ca2d08981eefeb555;55682;GLMP-824192B00F;Muelheim an der Ruhr;Nordrhein-Westfalen;Mülheimer Bürger Initiative;mbi;2014.0;Kommunalwahlprogramm Gemeinde;Gemeinde;Hauptkorpus: kommunales Wahlprogramm der Gemeinde;manifestos/mh14mbi.txt
main;mh14pir.txt;967c9558b00e4ae83180282c9772785967496ef744c601081536d548a831ec73;51569;GLMP-20A7792578;Muelheim an der Ruhr;Nordrhein-Westfalen;Piraten;pir;2014.0;Kommunalwahlprogramm Gemeinde;Gemeinde;Hauptkorpus: kommunales Wahlprogramm der Gemeinde;manifestos/mh14pir.txt
main;mh14spd.txt;c103524788add3bb5e8e7b5d3a943475ff3e88d30a96e4523a5ebf0437227723;112522;GLMP-CFD102C90A;Muelheim an der Ruhr;Nordrhein-Westfalen;SPD;spd;2014.0;Kommunalwahlprogramm Gemeinde;Gemeinde;Hauptkorpus: kommunales Wahlprogramm der Gemeinde;manifestos/mh14spd.txt
main;mh14wam.txt;2c409612e99fef154843ce5857a369515ea1da53f9d20125ba933a5ebaefa911;19639;GLMP-F65630D8FB;Muelheim an der Ruhr;Nordrhein-Westfalen;Wir aus Mülheim;wam;2014.0;Kommunalwahlprogramm Gemeinde;Gemeinde;Hauptkorpus: kommunales Wahlprogramm der Gemeinde;manifestos/mh14wam.txt
main;mu14afd.txt;6876bc76e88b7c394a6d76dee8b398277b02c56ec12d4d65465d84257f3f9779;31395;GLMP-B7484AD1C0;Muenchen;Bayern;Alternative für Deutschland;afd;2014.0;Kommunalwahlprogramm Gemeinde;Gemeinde;Hauptkorpus: kommunales Wahlprogramm der Gemeinde;manifestos/mu14afd.txt
main;mu14csu.txt;a163b0aa75035b6b1136969416a1174ae3e6425d27c054ad30483f175915f80d;82429;GLMP-34856D3FDC;Muenchen;Bayern;CSU;csu;2014.0;Kommunalwahlprogramm Gemeinde;Gemeinde;Hauptkorpus: kommunales Wahlprogramm der Gemeinde;manifestos/mu14csu.txt
main;mu14lin.txt;7624c87b50e9a2550fcdf68b5bcc6dc8668071dfea915b0b5bd41522b415fc89;216996;GLMP-27E50B8236;Muenchen;Bayern;Die Linke;lin;2014.0;Kommunalwahlprogramm Gemeinde;Gemeinde;Hauptkorpus: kommunales Wahlprogramm der Gemeinde;manifestos/mu14lin.txt
main;mu14fdp.txt;1d329a0c387cad90a30a50dbaea56a9503f41034b7cac28175f724f753f380d4;121225;GLMP-DF58A35A18;Muenchen;Bayern;FDP;fdp;2014.0;Kommunalwahlprogramm Gemeinde;Gemeinde;Hauptkorpus: kommunales Wahlprogramm der Gemeinde;manifestos/mu14fdp.txt
main;mu14fwg.txt;b3349c6eccd3767f89107c7bcaafb42907708bc1badd214f6303f1f0b6496142;28772;GLMP-796DE955A9;Muenchen;Bayern;Freie Wähler;fwg;2014.0;Kommunalwahlprogramm Gemeinde;Gemeinde;Hauptkorpus: kommunales Wahlprogramm der Gemeinde;manifestos/mu14fwg.txt
main;mu14gru.txt;e1e695700a456035464bfebcb07b0a7a30227dbbb89b710f020cd7d4379fb48c;208938;GLMP-E21C077C09;Muenchen;Bayern;Grüne;gru;2014.0;Kommunalwahlprogramm Gemeinde;Gemeinde;Hauptkorpus: kommunales Wahlprogramm der Gemeinde;manifestos/mu14gru.txt
main;mu14pir.txt;e5e6a0a5ba88513f11661773d5126ad689e85dd6be9e326571b246b914fb5ee9;25641;GLMP-BA51E38068;Muenchen;Bayern;Piraten;pir;2014.0;Kommunalwahlprogramm Gemeinde;Gemeinde;Hauptkorpus: kommunales Wahlprogramm der Gemeinde;manifestos/mu14pir.txt
main;mu14spd.txt;5d0c1ce6161e1d27b5332eb4e49b98aa1cb4be3a9d186d885529863d98812164;82812;GLMP-9E1E863C7E;Muenchen;Bayern;SPD;spd;2014.0;Kommunalwahlprogramm Gemeinde;Gemeinde;Hauptkorpus: kommunales Wahlprogramm der Gemeinde;manifestos/mu14spd.txt
main;ms14afd.txt;e7a7785e4c9ab6e8006952bb477623f68c6a8e91ea95f4cc94fb2f8130853d17;63698;GLMP-CDD8C18E4B;Muenster;Nordrhein-Westfalen;Alternative für Deutschland;afd;2014.0;Kommunalwahlprogramm Gemeinde;Gemeinde;Hauptkorpus: kommunales Wahlprogramm der Gemeinde;manifestos/ms14afd.txt
main;ms14cdu.txt;19b81bd26ef9ec0b043017c7050c5cb492bb0371a016dc5b62397857779085b7;95803;GLMP-1FE4BB9750;Muenster;Nordrhein-Westfalen;CDU;cdu;2014.0;Kommunalwahlprogramm Gemeinde;Gemeinde;Hauptkorpus: kommunales Wahlprogramm der Gemeinde;manifestos/ms14cdu.txt
main;ms14lin.txt;d0f8d300fabee64e9cb3653a64426470bed9fa4c2b1129e3a4ab647a3c71df83;87409;GLMP-8179B20B7F;Muenster;Nordrhein-Westfalen;Die Linke;lin;2014.0;Kommunalwahlprogramm Gemeinde;Gemeinde;Hauptkorpus: kommunales Wahlprogramm der Gemeinde;manifestos/ms14lin.txt
main;ms14fdp.txt;737477f9f3347a75a97fb33552b0070bfba481b4b6f41d01f4a94ddef734824f;60025;GLMP-EE8AEF2F96;Muenster;Nordrhein-Westfalen;FDP;fdp;2014.0;Kommunalwahlprogramm Gemeinde;Gemeinde;Hauptkorpus: kommunales Wahlprogramm der Gemeinde;manifestos/ms14fdp.txt
main;ms14gru.txt;5136cb632c5d7ed8f009d696299216e6dbf2d009d523f0658da3096a5923b626;178865;GLMP-4559248EE3;Muenster;Nordrhein-Westfalen;Grüne;gru;2014.0;Kommunalwahlprogramm Gemeinde;Gemeinde;Hauptkorpus: kommunales Wahlprogramm der Gemeinde;manifestos/ms14gru.txt
main;ms14pir.txt;def6d4f387d5d242f6f914fd84bf887e7d7ad2ea0ecf96b5655ed978c99d6699;78844;GLMP-5D08F306A8;Muenster;Nordrhein-Westfalen;Piraten;pir;2014.0;Kommunalwahlprogramm Gemeinde;Gemeinde;Hauptkorpus: kommunales Wahlprogramm der Gemeinde;manifestos/ms14pir.txt
main;ms14spd.txt;a5426037ad5f1d60be93d8e465c9757cc257e3b651ff4c2d8ff833b604d077a6;126299;GLMP-4316593874;Muenster;Nordrhein-Westfalen;SPD;spd;2014.0;Kommunalwahlprogramm Gemeinde;Gemeinde;Hauptkorpus: kommunales Wahlprogramm der Gemeinde;manifestos/ms14spd.txt
main;ms14uwg.txt;591aaa2563684dad417dc5f9b2b01248727337e78e035e0d682f055500edbc59;36383;GLMP-8FF40EBEAB;Muenster;Nordrhein-Westfalen;Unabhängige Wählergemeinschaft (UWG);uwg;2014.0;Kommunalwahlprogramm Gemeinde;Gemeinde;Hauptkorpus: kommunales Wahlprogramm der Gemeinde;manifestos/ms14uwg.txt
main;ms14odp.txt;399b4f56580e982a8b59668701f3203f893a0822e0e46727e06f5debbddbb879;31746;GLMP-6CCB9CFD2F;Muenster;Nordrhein-Westfalen;Ökologisch-Demokratische Partei (ÖDP);odp;2014.0;Kommunalwahlprogramm Gemeinde;Gemeinde;Hauptkorpus: kommunales Wahlprogramm der Gemeinde;manifestos/ms14odp.txt
main;ne14cdu.txt;23d76cde16e93b38a9959b348a33e35da2c90b25c9d6867b956e3e7de013e713;63402;GLMP-BC2C935882;Neuss;Nordrhein-Westfalen;CDU;cdu;2014.0;Kommunalwahlprogramm Gemeinde;Gemeinde;Hauptkorpus: kommunales Wahlprogramm der Gemeinde;manifestos/ne14cdu.txt
main;ne14lin.txt;8da3c747a3cd23dba04384f926f0e11bc7d16d8c85a7ccfbe9c890dd35da7141;30037;GLMP-100A45E1F5;Neuss;Nordrhein-Westfalen;Die Linke;lin;2014.0;Kommunalwahlprogramm Gemeinde;Gemeinde;Hauptkorpus: kommunales Wahlprogramm der Gemeinde;manifestos/ne14lin.txt
main;ne14fdp.txt;0d2835baeda254ba91beedc843afdd52a2f8c8c1a95369def8683f3145d46451;58077;GLMP-FC85150484;Neuss;Nordrhein-Westfalen;FDP;fdp;2014.0;Kommunalwahlprogramm Gemeinde;Gemeinde;Hauptkorpus: kommunales Wahlprogramm der Gemeinde;manifestos/ne14fdp.txt
main;ne14gru.txt;e46d6ab86210d759173b51d6a0645a0d1239193bf0b2ea0a7f8a26c2e8f15b5e;22322;GLMP-139096CE83;Neuss;Nordrhein-Westfalen;Grüne;gru;2014.0;Kommunalwahlprogramm Gemeinde;Gemeinde;Hauptkorpus: kommunales Wahlprogramm der Gemeinde;manifestos/ne14gru.txt
main;ne14spd.txt;6c7d228dca0f693fce2e328d901fbcb7dd53d2865332057a1a548290c415b9ce;125161;GLMP-599AE40B4E;Neuss;Nordrhein-Westfalen;SPD;spd;2014.0;Kommunalwahlprogramm Gemeinde;Gemeinde;Hauptkorpus: kommunales Wahlprogramm der Gemeinde;manifestos/ne14spd.txt
main;nu14bia.txt;cb38ec3d167053c8b213f85f74513b5dc3dbb767e024d773140d3ffb2c92ce6b;13619;GLMP-3F6DAE0573;Nuernberg;Bayern;Bürgerinitiative Ausländerstopp;bia;2014.0;Kommunalwahlprogramm Gemeinde;Gemeinde;Hauptkorpus: kommunales Wahlprogramm der Gemeinde;manifestos/nu14bia.txt
main;nu14csu.txt;1f683e78c1eb7169269c6a4d1d44125dc2a601c5d2fc9fde2a80d112f30c55a3;35455;GLMP-C3DFD395FE;Nuernberg;Bayern;CSU;csu;2014.0;Kommunalwahlprogramm Gemeinde;Gemeinde;Hauptkorpus: kommunales Wahlprogramm der Gemeinde;manifestos/nu14csu.txt
main;nu14gut.txt;cc26d7188bffe6c44b88da3fca517fd0f9ea513f2ecc0b6265c097ff0a241cff;511;GLMP-508D7DC019;Nuernberg;Bayern;Die Guten;gut;2014.0;Kommunalwahlprogramm Gemeinde;Gemeinde;Hauptkorpus: kommunales Wahlprogramm der Gemeinde;manifestos/nu14gut.txt
main;nu14fdp.txt;4203655d1079db905a1d00c4aba4007711a479d05b457d390e219cc0222d3602;21501;GLMP-7FF254DE58;Nuernberg;Bayern;FDP;fdp;2014.0;Kommunalwahlprogramm Gemeinde;Gemeinde;Hauptkorpus: kommunales Wahlprogramm der Gemeinde;manifestos/nu14fdp.txt
main;nu14fwg.txt;377acd8c5edd66fd9b8ed69c7d501d89ed014c73c869103640ffde656efa338d;4028;GLMP-DE69AAC562;Nuernberg;Bayern;Freie Wähler;fwg;2014.0;Kommunalwahlprogramm Gemeinde;Gemeinde;Hauptkorpus: kommunales Wahlprogramm der Gemeinde;manifestos/nu14fwg.txt
main;nu14gru.txt;7380fd5019ebfcfa1ae4fcad28706d3eb81afaf8e983915d070dc6ba01fe47de;101964;GLMP-AC6CBC6F66;Nuernberg;Bayern;Grüne;gru;2014.0;Kommunalwahlprogramm Gemeinde;Gemeinde;Hauptkorpus: kommunales Wahlprogramm der Gemeinde;manifestos/nu14gru.txt
main;nu14pir.txt;b2a0f3154a2b781511d9109aae27f756181e34656f066b9434be73f0dac79b44;58255;GLMP-789E6C85B3;Nuernberg;Bayern;Piraten;pir;2014.0;Kommunalwahlprogramm Gemeinde;Gemeinde;Hauptkorpus: kommunales Wahlprogramm der Gemeinde;manifestos/nu14pir.txt
main;nu14spd.txt;eaefaa9241c51e33ce417b5ffe07c8c49f8032a4d04205a3608ca8ee22f59e31;85083;GLMP-C34584A5DF;Nuernberg;Bayern;SPD;spd;2014.0;Kommunalwahlprogramm Gemeinde;Gemeinde;Hauptkorpus: kommunales Wahlprogramm der Gemeinde;manifestos/nu14spd.txt
main;nu14odp.txt;10832a6f2539c6bc56eedefbeb8e292836691723f206833e694c719a2b9fa301;55571;GLMP-364567B0E0;Nuernberg;Bayern;Ökologisch-Demokratische Partei (ÖDP);odp;2014.0;Kommunalwahlprogramm Gemeinde;Gemeinde;Hauptkorpus: kommunales Wahlprogramm der Gemeinde;manifestos/nu14odp.txt
main;ob14bob.txt;5aa1f00af0919ac915d256cb22bc992695b51321ac41fbcb2a79c89616a451fa;125761;GLMP-A9DD5DD193;Oberhausen;Nordrhein-Westfalen;Bündnis Oberhausen Bürger;bob;2014.0;Kommunalwahlprogramm Gemeinde;Gemeinde;Hauptkorpus: kommunales Wahlprogramm der Gemeinde;manifestos/ob14bob.txt
main;ob14cdu.txt;32bc0fcfd3b0d0264826f00ea83670b3b527963d3ea43c39624b794a84f23360;65592;GLMP-C300DD9597;Oberhausen;Nordrhein-Westfalen;CDU;cdu;2014.0;Kommunalwahlprogramm Gemeinde;Gemeinde;Hauptkorpus: kommunales Wahlprogramm der Gemeinde;manifestos/ob14cdu.txt
main;ob14lin.txt;4af070901f16590818f68b1a8e7e0716004e8cb292f7a7447c3c824d3607a6d8;65166;GLMP-6F46F8D7CB;Oberhausen;Nordrhein-Westfalen;Die Linke;lin;2014.0;Kommunalwahlprogramm Gemeinde;Gemeinde;Hauptkorpus: kommunales Wahlprogramm der Gemeinde;manifestos/ob14lin.txt
main;ob14fdp.txt;dfa620ededd00957352b53081176ff7e7b39886589ac31e7926c6373e3acd86a;16299;GLMP-FC0117A7A8;Oberhausen;Nordrhein-Westfalen;FDP;fdp;2014.0;Kommunalwahlprogramm Gemeinde;Gemeinde;Hauptkorpus: kommunales Wahlprogramm der Gemeinde;manifestos/ob14fdp.txt
main;ob14gru.txt;1346df0e7aa8dfd403dca853599219cd52aab698ae4af950007dbdf0be45ada3;93783;GLMP-9F78331D52;Oberhausen;Nordrhein-Westfalen;Grüne;gru;2014.0;Kommunalwahlprogramm Gemeinde;Gemeinde;Hauptkorpus: kommunales Wahlprogramm der Gemeinde;manifestos/ob14gru.txt
main;ob14spd.txt;017d8715f7826679b1af45fa29b34dfb215abc4b0c85e92a6aa16e584f57a102;89840;GLMP-C967BF2DAB;Oberhausen;Nordrhein-Westfalen;SPD;spd;2014.0;Kommunalwahlprogramm Gemeinde;Gemeinde;Hauptkorpus: kommunales Wahlprogramm der Gemeinde;manifestos/ob14spd.txt
main;pb14afd.txt;218fbe984b6243bdcea3580cc27aca137d6632601b4bc80eb9253a4f02ce3f93;25890;GLMP-864B1B78EC;Paderborn;Nordrhein-Westfalen;Alternative für Deutschland;afd;2014.0;Kommunalwahlprogramm Gemeinde;Gemeinde;Hauptkorpus: kommunales Wahlprogramm der Gemeinde;manifestos/pb14afd.txt
main;pb14dip.txt;5266854a5a57c5026ff47bdc1a44bb4c010da8d721f6d7ac0e5db85e3f2fa4f3;18890;GLMP-4D425C456E;Paderborn;Nordrhein-Westfalen;Demokratische Initiative Parderborn;dip;2014.0;Kommunalwahlprogramm Gemeinde;Gemeinde;Hauptkorpus: kommunales Wahlprogramm der Gemeinde;manifestos/pb14dip.txt
main;pb14fdp.txt;5a71442ef3f8fac17601209933f01c50a6ff81888f723fb6c14fb774579ff5b2;25722;GLMP-B81DCCA6D8;Paderborn;Nordrhein-Westfalen;FDP;fdp;2014.0;Kommunalwahlprogramm Gemeinde;Gemeinde;Hauptkorpus: kommunales Wahlprogramm der Gemeinde;manifestos/pb14fdp.txt
main;pb14fbi.txt;4996ac043881c314503bdcfc4f55ef3ab3330e20aeab519c337f7b2a3e631d11;2946;GLMP-AF190988AF;Paderborn;Nordrhein-Westfalen;Freie Bürger Initiative;fbi;2014.0;Kommunalwahlprogramm Gemeinde;Gemeinde;Hauptkorpus: kommunales Wahlprogramm der Gemeinde;manifestos/pb14fbi.txt
main;pb14spd.txt;e4c3c7e5baea8f270093d70ed69f7912b58479ff752c04bb9ea2c015222c542b;49891;GLMP-17CEF4452D;Paderborn;Nordrhein-Westfalen;SPD;spd;2014.0;Kommunalwahlprogramm Gemeinde;Gemeinde;Hauptkorpus: kommunales Wahlprogramm der Gemeinde;manifestos/pb14spd.txt
main;pf14cdu.txt;d84e752795902493daed3c5b4f9a89312a1cc7f0b1c1aaee6f790364e820ea6c;15955;GLMP-7E95A57AB2;Pforzheim;Baden-Württemberg;CDU;cdu;2014.0;Kommunalwahlprogramm Gemeinde;Gemeinde;Hauptkorpus: kommunales Wahlprogramm der Gemeinde;manifestos/pf14cdu.txt
main;pf14fdp.txt;889470969b31c9ba09699587acda69021072082ab5df0d89a56fbcf07557b27c;33454;GLMP-6E04A33B7A;Pforzheim;Baden-Württemberg;FDP;fdp;2014.0;Kommunalwahlprogramm Gemeinde;Gemeinde;Hauptkorpus: kommunales Wahlprogramm der Gemeinde;manifestos/pf14fdp.txt
main;pf14gru.txt;66000fa7511a6266617749b0f3acd875ea431bbf2d47d5797073b0449d2680bb;7674;GLMP-1B53BB7F02;Pforzheim;Baden-Württemberg;Grüne;gru;2014.0;Kommunalwahlprogramm Gemeinde;Gemeinde;Hauptkorpus: kommunales Wahlprogramm der Gemeinde;manifestos/pf14gru.txt
main;pf14lbb.txt;2f2369b0af8d497f7e442d16593dd7faaebd66fc7880b305acceaca6e787cd5f;1450;GLMP-780CB5024A;Pforzheim;Baden-Württemberg;Liste Bürgerbeteiligunghaushalt Pforzheim;lbb;2014.0;Kommunalwahlprogramm Gemeinde;Gemeinde;Hauptkorpus: kommunales Wahlprogramm der Gemeinde;manifestos/pf14lbb.txt
main;pf14lis.txt;07c6326faaf0a38e222bf41af04ba242c30c77083cb1d75b9388242d7b655cbb;993;GLMP-CAAA0297AF;Pforzheim;Baden-Württemberg;Liste Eltern Pforzheim;lis;2014.0;Kommunalwahlprogramm Gemeinde;Gemeinde;Hauptkorpus: kommunales Wahlprogramm der Gemeinde;manifestos/pf14lis.txt
main;pf14spd.txt;d7dd937ff39b9bea273225291a55cc54f72016008f2c4055df9cc8ad6cf3907e;24318;GLMP-968B69F907;Pforzheim;Baden-Württemberg;SPD;spd;2014.0;Kommunalwahlprogramm Gemeinde;Gemeinde;Hauptkorpus: kommunales Wahlprogramm der Gemeinde;manifestos/pf14spd.txt
main;pf14uab.txt;10eff68b15b89bdbbab0a07c8c353657cdc348fd5303283dc5b7feb37b52a3c7;1732;GLMP-04176BDD4B;Pforzheim;Baden-Württemberg;Unabhängige Bürger für Pforzheim;uab;2014.0;Kommunalwahlprogramm Gemeinde;Gemeinde;Hauptkorpus: kommunales Wahlprogramm der Gemeinde;manifestos/pf14uab.txt
main;pf14wip.txt;b3cd2da97e093e93277f207d597314f2cb9ecdc01284b559bc92818f238e8090;9433;GLMP-A8074C70FA;Pforzheim;Baden-Württemberg;Wir sind Pforzheim;wip;2014.0;Kommunalwahlprogramm Gemeinde;Gemeinde;Hauptkorpus: kommunales Wahlprogramm der Gemeinde;manifestos/pf14wip.txt
main;po14bbp.txt;c5e38d3a69d59bf707e3faa11a68a2b1f92eab45b2db89f1656547db1f6de935;14663;GLMP-132EFD6CBA;Potsdam;Brandenburg;Bürgerbündnis Potsdam;bbp;2014.0;Kommunalwahlprogramm Gemeinde;Gemeinde;Hauptkorpus: kommunales Wahlprogramm der Gemeinde;manifestos/po14bbp.txt
main;po14cdu.txt;23d04fe40bc14d1a5744d2b9036c4026f74000f73eff0e63df7766145a0d977c;36130;GLMP-76043F92C3;Potsdam;Brandenburg;CDU;cdu;2014.0;Kommunalwahlprogramm Gemeinde;Gemeinde;Hauptkorpus: kommunales Wahlprogramm der Gemeinde;manifestos/po14cdu.txt
main;po14lin.txt;8e4ece65fdaad5cb2a05abc95b3eddb0c321991fd8ed193c9e69127ceff11c1c;82695;GLMP-7976AD979A;Potsdam;Brandenburg;Die Linke;lin;2014.0;Kommunalwahlprogramm Gemeinde;Gemeinde;Hauptkorpus: kommunales Wahlprogramm der Gemeinde;manifestos/po14lin.txt
main;po14dia.txt;5536383fe45b0743a048b82850649184c6505d934a2641abef5ae4e4a1444ba6;67829;GLMP-55E96CF4F1;Potsdam;Brandenburg;Die aNDERE;dia;2014.0;Kommunalwahlprogramm Gemeinde;Gemeinde;Hauptkorpus: kommunales Wahlprogramm der Gemeinde;manifestos/po14dia.txt
main;po14fdp.txt;b865e82075ea033cd7fff21ab623bb38e3efb92e4082d26a6b8c7172c8f0bca4;24586;GLMP-28F22563FF;Potsdam;Brandenburg;FDP;fdp;2014.0;Kommunalwahlprogramm Gemeinde;Gemeinde;Hauptkorpus: kommunales Wahlprogramm der Gemeinde;manifestos/po14fdp.txt
main;po14fwg.txt;8942d9b897a5954d6f42efec838e24f479be03475fa3209c75d8cf864352a390;14636;GLMP-A6939D32B4;Potsdam;Brandenburg;Freie Wähler;fwg;2014.0;Kommunalwahlprogramm Gemeinde;Gemeinde;Hauptkorpus: kommunales Wahlprogramm der Gemeinde;manifestos/po14fwg.txt
main;po14gru.txt;4716aacd0a917440347d96d0208a9cbaf44a59524d64c0cefc4cea81273e215c;100398;GLMP-B531861841;Potsdam;Brandenburg;Grüne;gru;2014.0;Kommunalwahlprogramm Gemeinde;Gemeinde;Hauptkorpus: kommunales Wahlprogramm der Gemeinde;manifestos/po14gru.txt
main;po14pot.txt;69c15f2485597e25784bb2b79d453997958ba7bf6f9a339421777ac7bd850003;9017;GLMP-6E4181ECB8;Potsdam;Brandenburg;Potsdamer Demokraten;pot;2014.0;Kommunalwahlprogramm Gemeinde;Gemeinde;Hauptkorpus: kommunales Wahlprogramm der Gemeinde;manifestos/po14pot.txt
main;po14spd.txt;2c3fed8a00a8ad4e2f300b1d9ae653af150d8d003f18b56768fc4dba283edb69;56545;GLMP-2072170D6B;Potsdam;Brandenburg;SPD;spd;2014.0;Kommunalwahlprogramm Gemeinde;Gemeinde;Hauptkorpus: kommunales Wahlprogramm der Gemeinde;manifestos/po14spd.txt
main;re14cdu.txt;e226bba8884f4323cd0cc081675d40bcee1a292c7b89e25eecec7126d6360a24;39920;GLMP-FBFED59996;Recklinghausen;Nordrhein-Westfalen;CDU;cdu;2014.0;Kommunalwahlprogramm Gemeinde;Gemeinde;Hauptkorpus: kommunales Wahlprogramm der Gemeinde;manifestos/re14cdu.txt
main;re14fdp.txt;db9890df0050472a17c3fa42319ed46cda279cde78af1910f55e2fd8a191db62;31507;GLMP-CD6ACF845E;Recklinghausen;Nordrhein-Westfalen;FDP;fdp;2014.0;Kommunalwahlprogramm Gemeinde;Gemeinde;Hauptkorpus: kommunales Wahlprogramm der Gemeinde;manifestos/re14fdp.txt
main;re14gru.txt;b81c376ddb62b9a15c3de8008abb26fa15fe5cc032909cc89eba686c1f397bf0;93990;GLMP-87C0798D32;Recklinghausen;Nordrhein-Westfalen;Grüne;gru;2014.0;Kommunalwahlprogramm Gemeinde;Gemeinde;Hauptkorpus: kommunales Wahlprogramm der Gemeinde;manifestos/re14gru.txt
main;re14spd.txt;be1a8cc2024add1ef83d80ce285e0d1e631514a2b1c57a3aa48800cb7aab9fc2;38977;GLMP-D85937B1B7;Recklinghausen;Nordrhein-Westfalen;SPD;spd;2014.0;Kommunalwahlprogramm Gemeinde;Gemeinde;Hauptkorpus: kommunales Wahlprogramm der Gemeinde;manifestos/re14spd.txt
main;rg14csu.txt;2ef5a62831eec68875f4341a2d3a7638e109359ddb94c09d9757266d3ace4f0d;42562;GLMP-5DAF54A259;Regensburg;Bayern;CSU;csu;2014.0;Kommunalwahlprogramm Gemeinde;Gemeinde;Hauptkorpus: kommunales Wahlprogramm der Gemeinde;manifestos/rg14csu.txt
main;rg14csb.txt;d11c835488f20f9d66d419aa18ac950e62eab1cebd972939d4558992cc384fb1;6221;GLMP-9A09602D5E;Regensburg;Bayern;Christiliche-Soziale Bürger;csb;2014.0;Kommunalwahlprogramm Gemeinde;Gemeinde;Hauptkorpus: kommunales Wahlprogramm der Gemeinde;manifestos/rg14csb.txt
main;rg14lin.txt;337cacda35136361749d25f39f16ec3c72be4cedff8e2cf9051aa8de83ad6ea5;69353;GLMP-E6BE05F6F8;Regensburg;Bayern;Die Linke;lin;2014.0;Kommunalwahlprogramm Gemeinde;Gemeinde;Hauptkorpus: kommunales Wahlprogramm der Gemeinde;manifestos/rg14lin.txt
main;rg14fdp.txt;88047ac3896399b1293992a45e210a60eebf96f7224c9ad808daf7d95cce5637;7835;GLMP-3984C576B5;Regensburg;Bayern;FDP;fdp;2014.0;Kommunalwahlprogramm Gemeinde;Gemeinde;Hauptkorpus: kommunales Wahlprogramm der Gemeinde;manifestos/rg14fdp.txt
main;rg14fwg.txt;ef27e1ce322673af28d6b195d6de9bdf0dcd69d3a78d0111ef19099003e36abb;24048;GLMP-A87559E0C4;Regensburg;Bayern;Freie Wähler;fwg;2014.0;Kommunalwahlprogramm Gemeinde;Gemeinde;Hauptkorpus: kommunales Wahlprogramm der Gemeinde;manifestos/rg14fwg.txt
main;rg14gru.txt;f17c27e5a034ffbe53c8475c4badd352b39c2d0ff319dbe914fb2b9b96176b0f;56772;GLMP-B418DE9A90;Regensburg;Bayern;Grüne;gru;2014.0;Kommunalwahlprogramm Gemeinde;Gemeinde;Hauptkorpus: kommunales Wahlprogramm der Gemeinde;manifestos/rg14gru.txt
main;rg14pir.txt;742a61bf55778444e87c395be761d1e0d5e01c07c86ff1be33c1a032f3f2fbe5;14078;GLMP-51E0B04D15;Regensburg;Bayern;Piraten;pir;2014.0;Kommunalwahlprogramm Gemeinde;Gemeinde;Hauptkorpus: kommunales Wahlprogramm der Gemeinde;manifestos/rg14pir.txt
main;rg14spd.txt;aa0b70eec538638530d59cd430b154cc0532e01f89eb2e68a05df604ccb6dff5;59587;GLMP-93545F1FD0;Regensburg;Bayern;SPD;spd;2014.0;Kommunalwahlprogramm Gemeinde;Gemeinde;Hauptkorpus: kommunales Wahlprogramm der Gemeinde;manifestos/rg14spd.txt
main;rg14odp.txt;3b013b19b0abf46c83c6d7c5a11b544fc39ca7e99d571e3c6c26538dc305f237;34689;GLMP-C68E63F943;Regensburg;Bayern;Ökologisch-Demokratische Partei (ÖDP);odp;2014.0;Kommunalwahlprogramm Gemeinde;Gemeinde;Hauptkorpus: kommunales Wahlprogramm der Gemeinde;manifestos/rg14odp.txt
main;rs14cdu.txt;96e0687254cce102e16b204ec109a6769d393edc132d87ca028b143fb1d205c5;44895;GLMP-FBDDD58062;Remscheid;Nordrhein-Westfalen;CDU;cdu;2014.0;Kommunalwahlprogramm Gemeinde;Gemeinde;Hauptkorpus: kommunales Wahlprogramm der Gemeinde;manifestos/rs14cdu.txt
main;rs14fdp.txt;81281f4417c272740c6474299f77b3fb38c7d3800d6721104c1b07d248d8f056;39131;GLMP-0FF4CD87BC;Remscheid;Nordrhein-Westfalen;FDP;fdp;2014.0;Kommunalwahlprogramm Gemeinde;Gemeinde;Hauptkorpus: kommunales Wahlprogramm der Gemeinde;manifestos/rs14fdp.txt
main;rs14gru.txt;be739475696f496c87c9752e2afc0e3e6ec495d08ecda3c267015c607e22e7b6;119729;GLMP-3410835278;Remscheid;Nordrhein-Westfalen;Grüne;gru;2014.0;Kommunalwahlprogramm Gemeinde;Gemeinde;Hauptkorpus: kommunales Wahlprogramm der Gemeinde;manifestos/rs14gru.txt
main;rs14spd.txt;3f281ed7daaced6e8d24c53fe0fc37b159c4d19902b8e6052905ba5ab6650c78;44180;GLMP-69E895EA57;Remscheid;Nordrhein-Westfalen;SPD;spd;2014.0;Kommunalwahlprogramm Gemeinde;Gemeinde;Hauptkorpus: kommunales Wahlprogramm der Gemeinde;manifestos/rs14spd.txt
main;rs14wir.txt;453bcf5d1ac1394b65ea4542a82262f6c9203b27a5b28bba039c84b7fdb55f70;21870;GLMP-8A1F269F32;Remscheid;Nordrhein-Westfalen;Wählergemeinschaft in Remscheid (W.i.R.);wir;2014.0;Kommunalwahlprogramm Gemeinde;Gemeinde;Hauptkorpus: kommunales Wahlprogramm der Gemeinde;manifestos/rs14wir.txt
main;rt14lin.txt;213bfaf98a681dedcb6bdcebd18469dadd872cbbeaee895b496bfab2db17de93;14031;GLMP-783BF0D8ED;Reutlingen;Baden-Württemberg;Die Linke;lin;2014.0;Kommunalwahlprogramm Gemeinde;Gemeinde;Hauptkorpus: kommunales Wahlprogramm der Gemeinde;manifestos/rt14lin.txt
main;rt14fdp.txt;d682ab1949ad86b112b2cf71e37d4768d195f5d0fd6df116d8447f1ef16b1956;8826;GLMP-94211A366D;Reutlingen;Baden-Württemberg;FDP;fdp;2014.0;Kommunalwahlprogramm Gemeinde;Gemeinde;Hauptkorpus: kommunales Wahlprogramm der Gemeinde;manifestos/rt14fdp.txt
main;rt14fwg.txt;cdbd73da8a79d17935a0977d11f256ac8ffc760adce3bda70b1db81e359694b2;9133;GLMP-2B44345281;Reutlingen;Baden-Württemberg;Freie Wähler;fwg;2014.0;Kommunalwahlprogramm Gemeinde;Gemeinde;Hauptkorpus: kommunales Wahlprogramm der Gemeinde;manifestos/rt14fwg.txt
main;rt14spd.txt;603b500013154470409f26bd37acc59709d76cbc9ab2dc4409c9e1c962d8794a;73889;GLMP-B15251A3E2;Reutlingen;Baden-Württemberg;SPD;spd;2014.0;Kommunalwahlprogramm Gemeinde;Gemeinde;Hauptkorpus: kommunales Wahlprogramm der Gemeinde;manifestos/rt14spd.txt
main;ro14bru.txt;e3bcbdac46b425328bb657b1c0e8d18d24daa276d1e05c97217fc57b042f5e91;48625;GLMP-28E43DC802;Rostock;Mecklenburg-Vorpommern;Aufbruch 09;bru;2014.0;Kommunalwahlprogramm Gemeinde;Gemeinde;Hauptkorpus: kommunales Wahlprogramm der Gemeinde;manifestos/ro14bru.txt
main;ro14cdu.txt;22046683cb20983757d39b122ec27cf06bddbe275a38917e572a92f335ff995c;6531;GLMP-BE209F9A78;Rostock;Mecklenburg-Vorpommern;CDU;cdu;2014.0;Kommunalwahlprogramm Gemeinde;Gemeinde;Hauptkorpus: kommunales Wahlprogramm der Gemeinde;manifestos/ro14cdu.txt
main;ro14lin.txt;3eea1e810155e89cb3188756defb6111ed2f1c364cc0286aa6d9d5885f8706dd;14550;GLMP-83279E1B53;Rostock;Mecklenburg-Vorpommern;Die Linke;lin;2014.0;Kommunalwahlprogramm Gemeinde;Gemeinde;Hauptkorpus: kommunales Wahlprogramm der Gemeinde;manifestos/ro14lin.txt
main;ro14gru.txt;a440359a8f630dcc391dad8a3852e0d8b8611236499f5b71b6f29514fa0bad89;96510;GLMP-DFE315019D;Rostock;Mecklenburg-Vorpommern;Grüne;gru;2014.0;Kommunalwahlprogramm Gemeinde;Gemeinde;Hauptkorpus: kommunales Wahlprogramm der Gemeinde;manifestos/ro14gru.txt
main;ro14rob.txt;35697f180269a37f7bff419387952f4aaa40f8f072b593305a3e52e52f6bd475;9232;GLMP-468F540624;Rostock;Mecklenburg-Vorpommern;Rostocker Bund;rob;2014.0;Kommunalwahlprogramm Gemeinde;Gemeinde;Hauptkorpus: kommunales Wahlprogramm der Gemeinde;manifestos/ro14rob.txt
main;ro14spd.txt;73f2d99e9b2dc5a1389a1b652744f022cc73220dbdf80554acfe2f0bb9986bd0;26788;GLMP-D7B5CC0B55;Rostock;Mecklenburg-Vorpommern;SPD;spd;2014.0;Kommunalwahlprogramm Gemeinde;Gemeinde;Hauptkorpus: kommunales Wahlprogramm der Gemeinde;manifestos/ro14spd.txt
main;sb14cdu.txt;cf8fd51bf640897e3fdc257c7fafd905067caa6ae62443a21397f58fb275fb12;29345;GLMP-7797E65693;Saarbruecken;Saarland;CDU;cdu;2014.0;Kommunalwahlprogramm Gemeinde;Gemeinde;Hauptkorpus: kommunales Wahlprogramm der Gemeinde;manifestos/sb14cdu.txt
main;sb14fdp.txt;0113e1b77b9abe1214f411dcacbc6e1f329e92cc1addfaa09f2e55203701edeb;53039;GLMP-D793615D9D;Saarbruecken;Saarland;FDP;fdp;2014.0;Kommunalwahlprogramm Gemeinde;Gemeinde;Hauptkorpus: kommunales Wahlprogramm der Gemeinde;manifestos/sb14fdp.txt
main;sb14fwg.txt;c204830441d056fd541831043f9e4b18232f9e2d5705ce81c9d485fef6695240;18644;GLMP-82B3A54CE5;Saarbruecken;Saarland;Freie Wähler;fwg;2014.0;Kommunalwahlprogramm Gemeinde;Gemeinde;Hauptkorpus: kommunales Wahlprogramm der Gemeinde;manifestos/sb14fwg.txt
main;sb14gru.txt;3fb8fc40152645ab08682cf5ec208ebd9adf430c3bc68b91ac42756aad5c170f;69995;GLMP-B5F6FB89AE;Saarbruecken;Saarland;Grüne;gru;2014.0;Kommunalwahlprogramm Gemeinde;Gemeinde;Hauptkorpus: kommunales Wahlprogramm der Gemeinde;manifestos/sb14gru.txt
main;sb14pir.txt;73b4ff5c451b9bbcf754e547080b693c0a9304b485a4ac24350c6e54d3b9502d;16428;GLMP-DE4032489F;Saarbruecken;Saarland;Piraten;pir;2014.0;Kommunalwahlprogramm Gemeinde;Gemeinde;Hauptkorpus: kommunales Wahlprogramm der Gemeinde;manifestos/sb14pir.txt
main;sb14spd.txt;7887f1f834ffc21340ed15c4b7bb6380d5082116e8cc3092698b6ad9c48f2082;75370;GLMP-9CB482F85C;Saarbruecken;Saarland;SPD;spd;2014.0;Kommunalwahlprogramm Gemeinde;Gemeinde;Hauptkorpus: kommunales Wahlprogramm der Gemeinde;manifestos/sb14spd.txt
main;sb14sfa.txt;68469e338c351d4f9d0194f7284bf2507eadd17f5e5bb4668be856669082e6c4;5588;GLMP-68F29B3CBD;Saarbruecken;Saarland;Saarland für Alle;sfa;2014.0;Kommunalwahlprogramm Gemeinde;Gemeinde;Hauptkorpus: kommunales Wahlprogramm der Gemeinde;manifestos/sb14sfa.txt
main;si14afd.txt;827d7c52b9c5cb33ea973a38e702435c4dc091b12c0da58a5b4ab4fbd6eaed3e;4616;GLMP-2B6C5F830E;Siegen;Nordrhein-Westfalen;Alternative für Deutschland;afd;2014.0;Kommunalwahlprogramm Gemeinde;Gemeinde;Hauptkorpus: kommunales Wahlprogramm der Gemeinde;manifestos/si14afd.txt
main;si14cdu.txt;75e5ec377548427105bc094a444f832bcfea76535944c22571490d7419013584;48456;GLMP-BFD18048B8;Siegen;Nordrhein-Westfalen;CDU;cdu;2014.0;Kommunalwahlprogramm Gemeinde;Gemeinde;Hauptkorpus: kommunales Wahlprogramm der Gemeinde;manifestos/si14cdu.txt
main;si14lin.txt;97f58380b9d841815fa527042bba8a61d798ec9cc85a5243dd70990cb7dda2b4;37559;GLMP-6711E530C0;Siegen;Nordrhein-Westfalen;Die Linke;lin;2014.0;Kommunalwahlprogramm Gemeinde;Gemeinde;Hauptkorpus: kommunales Wahlprogramm der Gemeinde;manifestos/si14lin.txt
main;si14fdp.txt;bf530bdb6abf308cc42b482aa1fdd4d6bd36f5b3cf9c042552b011e5f4b32e7f;5973;GLMP-77E7A71B5E;Siegen;Nordrhein-Westfalen;FDP;fdp;2014.0;Kommunalwahlprogramm Gemeinde;Gemeinde;Hauptkorpus: kommunales Wahlprogramm der Gemeinde;manifestos/si14fdp.txt
main;si14gru.txt;bcad20277b306393ce19c683ce91ba891e0b09627a5683d8bf6d92591ad07e1a;71625;GLMP-9D69DB7453;Siegen;Nordrhein-Westfalen;Grüne;gru;2014.0;Kommunalwahlprogramm Gemeinde;Gemeinde;Hauptkorpus: kommunales Wahlprogramm der Gemeinde;manifestos/si14gru.txt
main;si14spd.txt;4dcc896d228739d451f0a14e8a5f1ff7aed653853ddb96f4f959f431787cff7f;10410;GLMP-A839BC5B7A;Siegen;Nordrhein-Westfalen;SPD;spd;2014.0;Kommunalwahlprogramm Gemeinde;Gemeinde;Hauptkorpus: kommunales Wahlprogramm der Gemeinde;manifestos/si14spd.txt
main;si14uwg.txt;491ac074c81e03747dd6dea4617a484ada291026305ffc2fb1b18c8e956687c4;14143;GLMP-426E138529;Siegen;Nordrhein-Westfalen;Unabhängige Wählergemeinschaft (UWG);uwg;2014.0;Kommunalwahlprogramm Gemeinde;Gemeinde;Hauptkorpus: kommunales Wahlprogramm der Gemeinde;manifestos/si14uwg.txt
main;sg14afd.txt;08a9ded944b23effd964d89775083b3761af3856b6805ba2bdae91dafe7420ea;29206;GLMP-DAC9A3317F;Solingen;Nordrhein-Westfalen;Alternative für Deutschland;afd;2014.0;Kommunalwahlprogramm Gemeinde;Gemeinde;Hauptkorpus: kommunales Wahlprogramm der Gemeinde;manifestos/sg14afd.txt
main;sg14cdu.txt;143640acfdafe90fe3f68b94b0169083ca2ab386b9ada57278d3c93f029b61aa;48495;GLMP-ABD2F97087;Solingen;Nordrhein-Westfalen;CDU;cdu;2014.0;Kommunalwahlprogramm Gemeinde;Gemeinde;Hauptkorpus: kommunales Wahlprogramm der Gemeinde;manifestos/sg14cdu.txt
main;sg14lin.txt;c140eef2b85abe5557b2d7b5449ac285cce0ada600812d4d85379dee5f28f1aa;72835;GLMP-04A4D728D4;Solingen;Nordrhein-Westfalen;Die Linke;lin;2014.0;Kommunalwahlprogramm Gemeinde;Gemeinde;Hauptkorpus: kommunales Wahlprogramm der Gemeinde;manifestos/sg14lin.txt
main;sg14fdp.txt;53a48d60f01657f91f044b819eff525b4c096d48ffdc30e129847da851afd500;46526;GLMP-8AA53B25B4;Solingen;Nordrhein-Westfalen;FDP;fdp;2014.0;Kommunalwahlprogramm Gemeinde;Gemeinde;Hauptkorpus: kommunales Wahlprogramm der Gemeinde;manifestos/sg14fdp.txt
main;sg14fbu.txt;c800d8e3d8972807c011d1849319e3a77edfe39a030f4d2b9dc1ee7bddc512ef;20311;GLMP-B47EF9DB77;Solingen;Nordrhein-Westfalen;Freie Bürger Union;fbu;2014.0;Kommunalwahlprogramm Gemeinde;Gemeinde;Hauptkorpus: kommunales Wahlprogramm der Gemeinde;manifestos/sg14fbu.txt
main;sg14gru.txt;7c62674d45fc33998f1c8411fea5cac3ae87c8ac39fe086f57eeff32bba6c618;219002;GLMP-7FF3792580;Solingen;Nordrhein-Westfalen;Grüne;gru;2014.0;Kommunalwahlprogramm Gemeinde;Gemeinde;Hauptkorpus: kommunales Wahlprogramm der Gemeinde;manifestos/sg14gru.txt
main;sg14pir.txt;b7963a2b114630b9121a9d90ec5279b33b8579f5d1f060f7f8054085d61b35fc;59714;GLMP-69A499B153;Solingen;Nordrhein-Westfalen;Piraten;pir;2014.0;Kommunalwahlprogramm Gemeinde;Gemeinde;Hauptkorpus: kommunales Wahlprogramm der Gemeinde;manifestos/sg14pir.txt
main;sg14spd.txt;74801ecd2474fe57ad5ec743bcf362e67561816106e08769d2279f9cdb8eba60;120491;GLMP-395A989FF3;Solingen;Nordrhein-Westfalen;SPD;spd;2014.0;Kommunalwahlprogramm Gemeinde;Gemeinde;Hauptkorpus: kommunales Wahlprogramm der Gemeinde;manifestos/sg14spd.txt
main;st14afd.txt;6a658cad81090f71c6b0872770a81d5c7feb3e5bc3c5d9ba5c2df42147097b96;37853;GLMP-1BC30C9234;Stuttgart;Baden-Württemberg;Alternative für Deutschland;afd;2014.0;Kommunalwahlprogramm Gemeinde;Gemeinde;Hauptkorpus: kommunales Wahlprogramm der Gemeinde;manifestos/st14afd.txt
main;st14cdu.txt;eef9653f3cee187a73adbc422beeda7a7905777366498e2b721b287618f35430;4534;GLMP-6AE6B5F167;Stuttgart;Baden-Württemberg;CDU;cdu;2014.0;Kommunalwahlprogramm Gemeinde;Gemeinde;Hauptkorpus: kommunales Wahlprogramm der Gemeinde;manifestos/st14cdu.txt
main;st14lin.txt;43e94e25166b707c2e73d3a35f8ae609bccafbe31fa567037abb7d14106432a7;58247;GLMP-14AB9A0184;Stuttgart;Baden-Württemberg;Die Linke;lin;2014.0;Kommunalwahlprogramm Gemeinde;Gemeinde;Hauptkorpus: kommunales Wahlprogramm der Gemeinde;manifestos/st14lin.txt
main;st14rep.txt;dc1189549b5e3bbe7f3083b30c96f272b201cf1d87b177b130a58fcb5b71e76f;3683;GLMP-FE4579957F;Stuttgart;Baden-Württemberg;Die Republikaner;rep;2014.0;Kommunalwahlprogramm Gemeinde;Gemeinde;Hauptkorpus: kommunales Wahlprogramm der Gemeinde;manifestos/st14rep.txt
main;st14fdp.txt;28d0c9f292fc770cc0893456d0a0d26b34eaa0190a7eb6ab8364eacaaebc320e;36003;GLMP-B43E82A654;Stuttgart;Baden-Württemberg;FDP;fdp;2014.0;Kommunalwahlprogramm Gemeinde;Gemeinde;Hauptkorpus: kommunales Wahlprogramm der Gemeinde;manifestos/st14fdp.txt
main;st14gru.txt;24b7ac7a14979f56742b70db9de7d5c478a7eb24578d7074df54da3549abf832;124777;GLMP-4B21687DBE;Stuttgart;Baden-Württemberg;Grüne;gru;2014.0;Kommunalwahlprogramm Gemeinde;Gemeinde;Hauptkorpus: kommunales Wahlprogramm der Gemeinde;manifestos/st14gru.txt
main;st14pir.txt;16fe91fcff84d1c3257f87614224618fb826fa5cc733be9913876869d197ac44;85733;GLMP-2F6FD5A8E2;Stuttgart;Baden-Württemberg;Piraten;pir;2014.0;Kommunalwahlprogramm Gemeinde;Gemeinde;Hauptkorpus: kommunales Wahlprogramm der Gemeinde;manifestos/st14pir.txt
main;st14spd.txt;f1eda263bcbae227553c3de8f8c856293c35d05809f45e74f769ad67ba69044f;83229;GLMP-0DA4BF0B99;Stuttgart;Baden-Württemberg;SPD;spd;2014.0;Kommunalwahlprogramm Gemeinde;Gemeinde;Hauptkorpus: kommunales Wahlprogramm der Gemeinde;manifestos/st14spd.txt
main;st14sos.txt;db6147a5c97f32c30944395047ad9a492c93621ea4eff4c8d3c01371879864e4;159385;GLMP-6486C8A488;Stuttgart;Baden-Württemberg;SÖS (Stuttgart Ökologisch Sozial);sos;2014.0;Kommunalwahlprogramm Gemeinde;Gemeinde;Hauptkorpus: kommunales Wahlprogramm der Gemeinde;manifestos/st14sos.txt
main;tr14cdu.txt;f630d8e1e469478cb0c3f3cc9a6b2e8f9dba556ce95beaadd76438bb04db8273;20962;GLMP-1DD6EFA30C;Trier;Rheinland-Pfalz;CDU;cdu;2014.0;Kommunalwahlprogramm Gemeinde;Gemeinde;Hauptkorpus: kommunales Wahlprogramm der Gemeinde;manifestos/tr14cdu.txt
main;tr14lin.txt;674547db50bdeb11342272149e05cf73dd30e41da3c7d37eb44b71162a8f0551;82785;GLMP-9202F89A38;Trier;Rheinland-Pfalz;Die Linke;lin;2014.0;Kommunalwahlprogramm Gemeinde;Gemeinde;Hauptkorpus: kommunales Wahlprogramm der Gemeinde;manifestos/tr14lin.txt
main;tr14fdp.txt;975fdd834be24b4e0e4a0ef6ad99ed5a897a6bfbfa6ed1a9bca464e8ce12e821;42620;GLMP-A1E1C6582A;Trier;Rheinland-Pfalz;FDP;fdp;2014.0;Kommunalwahlprogramm Gemeinde;Gemeinde;Hauptkorpus: kommunales Wahlprogramm der Gemeinde;manifestos/tr14fdp.txt
main;tr14fwg.txt;b722bcc75541be3d6d5fe14736dccf8f95840eea3a5205ccff6d06aff095713c;22284;GLMP-07C68701DB;Trier;Rheinland-Pfalz;Freie Wähler;fwg;2014.0;Kommunalwahlprogramm Gemeinde;Gemeinde;Hauptkorpus: kommunales Wahlprogramm der Gemeinde;manifestos/tr14fwg.txt
main;tr14gru.txt;ac83b89be33626c6fea7c37360afbea719ac65293899e86f3e4187e3a2dadbb3;94219;GLMP-CCC98BF81D;Trier;Rheinland-Pfalz;Grüne;gru;2014.0;Kommunalwahlprogramm Gemeinde;Gemeinde;Hauptkorpus: kommunales Wahlprogramm der Gemeinde;manifestos/tr14gru.txt
main;tr14pir.txt;fbb739b70e6cf5eb3c2b38a8b37e73cb2a7181fc6d81a91b05cd743bef0c8199;58048;GLMP-3394D49BE7;Trier;Rheinland-Pfalz;Piraten;pir;2014.0;Kommunalwahlprogramm Gemeinde;Gemeinde;Hauptkorpus: kommunales Wahlprogramm der Gemeinde;manifestos/tr14pir.txt
main;tr14spd.txt;e3a23daf8a8941476bf5af83fe783610bd3bf90e884620dfc6c554f62c396db5;25501;GLMP-4F3737CF86;Trier;Rheinland-Pfalz;SPD;spd;2014.0;Kommunalwahlprogramm Gemeinde;Gemeinde;Hauptkorpus: kommunales Wahlprogramm der Gemeinde;manifestos/tr14spd.txt
main;ul14cdu.txt;aed8b1c22ba0a953360ef9120df486114e9a32d104551bd86bb92ecc49ad7f41;13935;GLMP-9B93F26F39;Ulm;Baden-Württemberg;CDU;cdu;2014.0;Kommunalwahlprogramm Gemeinde;Gemeinde;Hauptkorpus: kommunales Wahlprogramm der Gemeinde;manifestos/ul14cdu.txt
main;ul14fdp.txt;fd08cf9039d23e6b76aca0fdbc54ab771e2ccf3cd0de4ef00923687ed2641b65;23255;GLMP-DCFFA28BAD;Ulm;Baden-Württemberg;FDP;fdp;2014.0;Kommunalwahlprogramm Gemeinde;Gemeinde;Hauptkorpus: kommunales Wahlprogramm der Gemeinde;manifestos/ul14fdp.txt
main;ul14gru.txt;bbe78022b42ffa66449c5ea07000abd62df29ea91830497e52805b097ff55b76;32878;GLMP-16D82CF13F;Ulm;Baden-Württemberg;Grüne;gru;2014.0;Kommunalwahlprogramm Gemeinde;Gemeinde;Hauptkorpus: kommunales Wahlprogramm der Gemeinde;manifestos/ul14gru.txt
main;ul14spd.txt;c140eeab4dab79b1e617333c37515a8402e1333bca9c4d2f413207b0ae2d4a36;27761;GLMP-637F007659;Ulm;Baden-Württemberg;SPD;spd;2014.0;Kommunalwahlprogramm Gemeinde;Gemeinde;Hauptkorpus: kommunales Wahlprogramm der Gemeinde;manifestos/ul14spd.txt
main;wz14buf.txt;b172c252f1d190bb2ef8377cfcb81aeb4615ee9cb5ecb9678fda773e84beb08b;7896;GLMP-E6C277B3DB;Wuerzburg;Bayern;Bürgerforum Würzburg;buf;2014.0;Kommunalwahlprogramm Gemeinde;Gemeinde;Hauptkorpus: kommunales Wahlprogramm der Gemeinde;manifestos/wz14buf.txt
main;wz14csu.txt;80681ce97ee832a193717d79073df5037de91c9757a404c5ce0894875f2e5eea;23193;GLMP-D31DE3C43A;Wuerzburg;Bayern;CSU;csu;2014.0;Kommunalwahlprogramm Gemeinde;Gemeinde;Hauptkorpus: kommunales Wahlprogramm der Gemeinde;manifestos/wz14csu.txt
main;wz14lin.txt;75f02723623cc0cc3708dc57eb3513209dae482305e7523b377faa36d13c1258;58947;GLMP-49F406116B;Wuerzburg;Bayern;Die Linke;lin;2014.0;Kommunalwahlprogramm Gemeinde;Gemeinde;Hauptkorpus: kommunales Wahlprogramm der Gemeinde;manifestos/wz14lin.txt
main;wz14fdp.txt;341edb8993cd210093e7242795053208069cf0378895b9c6e0029b5b720d65c9;25232;GLMP-BBBF79EE0E;Wuerzburg;Bayern;FDP;fdp;2014.0;Kommunalwahlprogramm Gemeinde;Gemeinde;Hauptkorpus: kommunales Wahlprogramm der Gemeinde;manifestos/wz14fdp.txt
main;wz14fwg.txt;413b240eb0cac06973884d02f61db8b0e40f62938f32746e978c4c2bf88fb99f;4158;GLMP-DA9CBDEF06;Wuerzburg;Bayern;Freie Wähler;fwg;2014.0;Kommunalwahlprogramm Gemeinde;Gemeinde;Hauptkorpus: kommunales Wahlprogramm der Gemeinde;manifestos/wz14fwg.txt
main;wz14gru.txt;1ffff66be413a46fb02e82c15c9b1c59dce6bb4a0962f7b0b43400c3f7aba400;255018;GLMP-16F69E3CC5;Wuerzburg;Bayern;Grüne;gru;2014.0;Kommunalwahlprogramm Gemeinde;Gemeinde;Hauptkorpus: kommunales Wahlprogramm der Gemeinde;manifestos/wz14gru.txt
main;wz14spd.txt;a14c8333118e55a6bcd6abd3e100fadde1462010f8dabada084455bcbc634249;41413;GLMP-D0B7C45648;Wuerzburg;Bayern;SPD;spd;2014.0;Kommunalwahlprogramm Gemeinde;Gemeinde;Hauptkorpus: kommunales Wahlprogramm der Gemeinde;manifestos/wz14spd.txt
main;wz14wzl.txt;56c3af354cf15094c1f0efc5432e2144115b5d8801a3b2d624d90e229a7454a9;14609;GLMP-8945E808BB;Wuerzburg;Bayern;Würzburger Liste;wzl;2014.0;Kommunalwahlprogramm Gemeinde;Gemeinde;Hauptkorpus: kommunales Wahlprogramm der Gemeinde;manifestos/wz14wzl.txt
main;wz14zfw.txt;98f193a65d01517b43c82486a8a4d885d3f99cf3fd538469cdaf8b61196f07ac;11733;GLMP-D4E3E96358;Wuerzburg;Bayern;Zukunft für Würzburg;zfw;2014.0;Kommunalwahlprogramm Gemeinde;Gemeinde;Hauptkorpus: kommunales Wahlprogramm der Gemeinde;manifestos/wz14zfw.txt
main;wz14odp.txt;0712141163d79b3aa02640bf12a5119ef7dc25968644633a9485d099acdc9100;15200;GLMP-C6B8BFAA14;Wuerzburg;Bayern;Ökologisch-Demokratische Partei (ÖDP);odp;2014.0;Kommunalwahlprogramm Gemeinde;Gemeinde;Hauptkorpus: kommunales Wahlprogramm der Gemeinde;manifestos/wz14odp.txt
main;wu14cdu.txt;bb8e2f6a108fed58833c43f47cc09759d4b2e499dc8d2186852c2ed9c8e57105;35889;GLMP-03A32C7F12;Wuppertal;Nordrhein-Westfalen;CDU;cdu;2014.0;Kommunalwahlprogramm Gemeinde;Gemeinde;Hauptkorpus: kommunales Wahlprogramm der Gemeinde;manifestos/wu14cdu.txt
main;wu14fdp.txt;5be6371f1f5919aa02b4958c07c0a75d3412365b6b3d0fcae3ae3e3d3ad038b0;49182;GLMP-14FE1C631E;Wuppertal;Nordrhein-Westfalen;FDP;fdp;2014.0;Kommunalwahlprogramm Gemeinde;Gemeinde;Hauptkorpus: kommunales Wahlprogramm der Gemeinde;manifestos/wu14fdp.txt
main;wu14gru.txt;aef2bba0acb804be34ccb1a28d6abaf87edd284b41c259242837d1b71c1a08dd;113588;GLMP-AFE28563E6;Wuppertal;Nordrhein-Westfalen;Grüne;gru;2014.0;Kommunalwahlprogramm Gemeinde;Gemeinde;Hauptkorpus: kommunales Wahlprogramm der Gemeinde;manifestos/wu14gru.txt
main;wu14pir.txt;41a128c2cba44913c3cd68a1e92bb3be2c438d2aabe1b6438982bbb30d579774;44783;GLMP-7AD818BBF9;Wuppertal;Nordrhein-Westfalen;Piraten;pir;2014.0;Kommunalwahlprogramm Gemeinde;Gemeinde;Hauptkorpus: kommunales Wahlprogramm der Gemeinde;manifestos/wu14pir.txt
main;wu14spd.txt;0bb2ccf601a2aa68f90f13dabef51e4416cc248ffaa3dcf0247cd174802ec338;76607;GLMP-6163B131BC;Wuppertal;Nordrhein-Westfalen;SPD;spd;2014.0;Kommunalwahlprogramm Gemeinde;Gemeinde;Hauptkorpus: kommunales Wahlprogramm der Gemeinde;manifestos/wu14spd.txt
main;wu14wfw.txt;063dddd2067e81a95ccbfe07d52b80ca33bba8b468bb2157654cd3f057c0a3ca;20669;GLMP-EAA407527F;Wuppertal;Nordrhein-Westfalen;Wählergemeinschaft für Wuppertal;wfw;2014.0;Kommunalwahlprogramm Gemeinde;Gemeinde;Hauptkorpus: kommunales Wahlprogramm der Gemeinde;manifestos/wu14wfw.txt
main;br15afd.txt;e99db0af575df0c8fb8e5ce4b38fab82daef57eb6baaddb9834f6f10d10a747c;113889;GLMP-D962F75AF1;Bremen;Bremen;Alternative für Deutschland;afd;2015.0;Kommunalwahlprogramm Gemeinde;Gemeinde;Hauptkorpus: kommunales Wahlprogramm der Gemeinde;manifestos/br15afd.txt
main;br15biw.txt;29013afcc91e66caa1db2047137f6b0bf3eb38c351b8654753d30c153650f364;87934;GLMP-8FFA21ED33;Bremen;Bremen;Bürger in Wut;biw;2015.0;Kommunalwahlprogramm Gemeinde;Gemeinde;Hauptkorpus: kommunales Wahlprogramm der Gemeinde;manifestos/br15biw.txt
main;br15cdu.txt;fbd0914747040192054be394b5496e628a4cbfb7ccb6970d3f2cc6ed8f712d80;185160;GLMP-ECFD3AFFFD;Bremen;Bremen;CDU;cdu;2015.0;Kommunalwahlprogramm Gemeinde;Gemeinde;Hauptkorpus: kommunales Wahlprogramm der Gemeinde;manifestos/br15cdu.txt
main;br15lin.txt;ba62429baa611dc6472ad508b7c4d12ff062bd3df5baccd1d2cdfc7fdfc2462d;285015;GLMP-32A314BFD3;Bremen;Bremen;Die Linke;lin;2015.0;Kommunalwahlprogramm Gemeinde;Gemeinde;Hauptkorpus: kommunales Wahlprogramm der Gemeinde;manifestos/br15lin.txt
main;br15fdp.txt;c8851be7062841c257947cbdfb1b3a05bf49f50305eadb5e6302e2290c9e055e;112263;GLMP-50984DE469;Bremen;Bremen;FDP;fdp;2015.0;Kommunalwahlprogramm Gemeinde;Gemeinde;Hauptkorpus: kommunales Wahlprogramm der Gemeinde;manifestos/br15fdp.txt
main;br15gru.txt;277c948dece165903b97f9a94482ab4d1caa5df851dbbab135435dc59c287d3a;205977;GLMP-79F28161D6;Bremen;Bremen;Grüne;gru;2015.0;Kommunalwahlprogramm Gemeinde;Gemeinde;Hauptkorpus: kommunales Wahlprogramm der Gemeinde;manifestos/br15gru.txt
main;br15nli.txt;fc5834c2d72402017d1d08d5d289802ec84a570fdef930e4743afa5c7d3e66cc;15104;GLMP-12EF492CBF;Bremen;Bremen;Neue Liberale;nli;2015.0;Kommunalwahlprogramm Gemeinde;Gemeinde;Hauptkorpus: kommunales Wahlprogramm der Gemeinde;manifestos/br15nli.txt
main;br15pir.txt;5498bee8d3f3a8b9fb927972335ef28baf587765d23160d61bdf4b74e5766541;107608;GLMP-EF2C8D361A;Bremen;Bremen;Piraten;pir;2015.0;Kommunalwahlprogramm Gemeinde;Gemeinde;Hauptkorpus: kommunales Wahlprogramm der Gemeinde;manifestos/br15pir.txt
main;br15spd.txt;19257f193ec7673a2077c3ee773b7c7140360235a57b5d1b84ea82e0b279b78f;210077;GLMP-912C1CE176;Bremen;Bremen;SPD;spd;2015.0;Kommunalwahlprogramm Gemeinde;Gemeinde;Hauptkorpus: kommunales Wahlprogramm der Gemeinde;manifestos/br15spd.txt
main;br15tsp.txt;ca8ca4a7f1ed4cf88031ef6ea4f3a90b9997f2e53f55c2ed2f74a20f6caa4692;62329;GLMP-6B0596A12C;Bremen;Bremen;Tierschutzpartei;tsp;2015.0;Kommunalwahlprogramm Gemeinde;Gemeinde;Hauptkorpus: kommunales Wahlprogramm der Gemeinde;manifestos/br15tsp.txt
main;bh15afd.txt;343fd247943801f89e78f0d4674e4af9675b092f58415f776d7c84aec46c6188;6708;GLMP-7602826FE9;Bremerhaven;Bremen;Alternative für Deutschland;afd;2015.0;Kommunalwahlprogramm Gemeinde;Gemeinde;Hauptkorpus: kommunales Wahlprogramm der Gemeinde;manifestos/bh15afd.txt
main;bh15cdu.txt;919151c6a2fa2a9b49b506ffecfb5b141618d82ab2ae52460e909ef9d544ce21;31542;GLMP-8C1248554F;Bremerhaven;Bremen;CDU;cdu;2015.0;Kommunalwahlprogramm Gemeinde;Gemeinde;Hauptkorpus: kommunales Wahlprogramm der Gemeinde;manifestos/bh15cdu.txt
main;bh15lin.txt;cd6578c46d743048f223aa0c40aec3ac888bbda552c8ab39d7167f9452dd9b9c;70031;GLMP-EF0D1D11FB;Bremerhaven;Bremen;Die Linke;lin;2015.0;Kommunalwahlprogramm Gemeinde;Gemeinde;Hauptkorpus: kommunales Wahlprogramm der Gemeinde;manifestos/bh15lin.txt
main;bh15par.txt;7f48591034038b139d42f0d3f53ee46e9cacbbe70a3fb13b9ff4ba270fcfbdf6;5621;GLMP-3CF62BEEB6;Bremerhaven;Bremen;Die Partei;par;2015.0;Kommunalwahlprogramm Gemeinde;Gemeinde;Hauptkorpus: kommunales Wahlprogramm der Gemeinde;manifestos/bh15par.txt
main;bh15gru.txt;698ea466de92e48a3e8ef917b9aa1f4211889b11d2fafe7142f1cbf0be3155e9;105397;GLMP-AEE7EEC32F;Bremerhaven;Bremen;Grüne;gru;2015.0;Kommunalwahlprogramm Gemeinde;Gemeinde;Hauptkorpus: kommunales Wahlprogramm der Gemeinde;manifestos/bh15gru.txt
main;bh15pir.txt;31e478d4f698d6f00a1b017a980945fd599b0f0381daba55dad7f69c13dd9612;14049;GLMP-DA4B5221AD;Bremerhaven;Bremen;Piraten;pir;2015.0;Kommunalwahlprogramm Gemeinde;Gemeinde;Hauptkorpus: kommunales Wahlprogramm der Gemeinde;manifestos/bh15pir.txt
main;bh15spd.txt;2f833cce0ddd12d1d063039346b5e236fe894500171fd0453f9e21b15c19f626;94329;GLMP-49583EB4CD;Bremerhaven;Bremen;SPD;spd;2015.0;Kommunalwahlprogramm Gemeinde;Gemeinde;Hauptkorpus: kommunales Wahlprogramm der Gemeinde;manifestos/bh15spd.txt
main;bs16afd.txt;b88cae4070a5f3dc2acf85b57cff288876471d48d747bad1c1786dbb7e0fcea6;17483;GLMP-52392FA07C;Braunschweig;Niedersachsen;Alternative für Deutschland;afd;2016.0;Kommunalwahlprogramm Gemeinde;Gemeinde;Hauptkorpus: kommunales Wahlprogramm der Gemeinde;manifestos/bs16afd.txt
main;bs16cdu.txt;010d25adf076a8f38e8544ccb7fe1354a91c40bb0624c38c9c8ccc30962b7723;27096;GLMP-CF432716A8;Braunschweig;Niedersachsen;CDU;cdu;2016.0;Kommunalwahlprogramm Gemeinde;Gemeinde;Hauptkorpus: kommunales Wahlprogramm der Gemeinde;manifestos/bs16cdu.txt
main;bs16lin.txt;0315c60eba61936e0a5313bcdedf5671e2c0a1ad90b659d695aa039f0beb0623;114352;GLMP-A569D89C28;Braunschweig;Niedersachsen;Die Linke;lin;2016.0;Kommunalwahlprogramm Gemeinde;Gemeinde;Hauptkorpus: kommunales Wahlprogramm der Gemeinde;manifestos/bs16lin.txt
main;bs16fdp.txt;b174af18bf50d445fcbdd5c8fdf2c00847ab3d2aad04f5ed46cf969760fb478e;26807;GLMP-FA42D187EA;Braunschweig;Niedersachsen;FDP;fdp;2016.0;Kommunalwahlprogramm Gemeinde;Gemeinde;Hauptkorpus: kommunales Wahlprogramm der Gemeinde;manifestos/bs16fdp.txt
main;bs16gru.txt;c12a4e507e09a9e388b5c7afb0f4c3e51ca8258d4d1dc3ff120d2b2b5cdde358;126478;GLMP-55832982D5;Braunschweig;Niedersachsen;Grüne;gru;2016.0;Kommunalwahlprogramm Gemeinde;Gemeinde;Hauptkorpus: kommunales Wahlprogramm der Gemeinde;manifestos/bs16gru.txt
main;bs16spd.txt;9d0564ab0a0294e807cb8d659c768dbdf1e46d6821ba335fcff0073878bb4a8c;36272;GLMP-61C0ACA6A4;Braunschweig;Niedersachsen;SPD;spd;2016.0;Kommunalwahlprogramm Gemeinde;Gemeinde;Hauptkorpus: kommunales Wahlprogramm der Gemeinde;manifestos/bs16spd.txt
main;da16afd.txt;ffc5126efca17cf608aca7a20a4ef8185bb14a24725c00d9bd16f4ba5b61650f;18680;GLMP-46C85F5526;Darmstadt;Hessen;Alternative für Deutschland;afd;2016.0;Kommunalwahlprogramm Gemeinde;Gemeinde;Hauptkorpus: kommunales Wahlprogramm der Gemeinde;manifestos/da16afd.txt
main;da16cdu.txt;202d17412c969bbc7de3f81a48482344955234b4cc9186a76d92cee75e02679b;85092;GLMP-E97459B682;Darmstadt;Hessen;CDU;cdu;2016.0;Kommunalwahlprogramm Gemeinde;Gemeinde;Hauptkorpus: kommunales Wahlprogramm der Gemeinde;manifestos/da16cdu.txt
main;da16lin.txt;f1f02a4d39b7d20b1300e6b00660aafbb0c9f948ad58a4718010a0507017756e;169657;GLMP-B7DAC1EE50;Darmstadt;Hessen;Die Linke;lin;2016.0;Kommunalwahlprogramm Gemeinde;Gemeinde;Hauptkorpus: kommunales Wahlprogramm der Gemeinde;manifestos/da16lin.txt
main;da16fdp.txt;40eb55e2d621c80378a21eba63ade27af01024ef5d8370ba57d04bba8a617d08;80287;GLMP-9042637390;Darmstadt;Hessen;FDP;fdp;2016.0;Kommunalwahlprogramm Gemeinde;Gemeinde;Hauptkorpus: kommunales Wahlprogramm der Gemeinde;manifestos/da16fdp.txt
main;da16gru.txt;17ed0212d92a11c097b88eb8dfaf344869734d7c7ce344b764e059c21f479fdc;354880;GLMP-664D4A69D7;Darmstadt;Hessen;Grüne;gru;2016.0;Kommunalwahlprogramm Gemeinde;Gemeinde;Hauptkorpus: kommunales Wahlprogramm der Gemeinde;manifestos/da16gru.txt
main;da16pir.txt;75a47587fdaa4274a5343607ec1c61a9b20c708ef8bce359206f02805283c181;35631;GLMP-347952C1A0;Darmstadt;Hessen;Piraten;pir;2016.0;Kommunalwahlprogramm Gemeinde;Gemeinde;Hauptkorpus: kommunales Wahlprogramm der Gemeinde;manifestos/da16pir.txt
main;da16spd.txt;c634d6b7fe4fc4abcf5f9a682cf6447fba4e549203c474852393e5eb3a064e10;111371;GLMP-85A235F5E3;Darmstadt;Hessen;SPD;spd;2016.0;Kommunalwahlprogramm Gemeinde;Gemeinde;Hauptkorpus: kommunales Wahlprogramm der Gemeinde;manifestos/da16spd.txt
main;da16uwi.txt;42271b4e8217547bf9e10f2bdd2952ab5f91f36f826ed8fab83179d283ee1c14;7443;GLMP-9FCE117FDA;Darmstadt;Hessen;UWIGA (nabhängige Wählergemeinschaft hervor gegangen aus  IG Abwasser);uwi;2016.0;Kommunalwahlprogramm Gemeinde;Gemeinde;Hauptkorpus: kommunales Wahlprogramm der Gemeinde;manifestos/da16uwi.txt
main;da16uff.txt;66c57ee6a27a38fc463ee6b27816d1306dc8f6a81bb31a46ef4d5d3184e7b175;18506;GLMP-1DCCC18CDF;Darmstadt;Hessen;Uffbasse;uff;2016.0;Kommunalwahlprogramm Gemeinde;Gemeinde;Hauptkorpus: kommunales Wahlprogramm der Gemeinde;manifestos/da16uff.txt
main;dl16cdu.txt;32b0d2c5d4c5359c1a520685042ca97c1b4218640f21800acfdaef558d353a69;22366;GLMP-292FBE7ACC;Delmenhorst;Niedersachsen;CDU;cdu;2016.0;Kommunalwahlprogramm Gemeinde;Gemeinde;Hauptkorpus: kommunales Wahlprogramm der Gemeinde;manifestos/dl16cdu.txt
main;dl16lin.txt;75495843fa5c2753992d13bff6175bbdd1ef376c3564bbd101cdabf70175429c;48092;GLMP-ED788DCA65;Delmenhorst;Niedersachsen;Die Linke;lin;2016.0;Kommunalwahlprogramm Gemeinde;Gemeinde;Hauptkorpus: kommunales Wahlprogramm der Gemeinde;manifestos/dl16lin.txt
main;dl16fdp.txt;0034ef81a29c817ef54ca8c4d18975f9dff76112f75c6c3757ab8e5ad95079dc;32415;GLMP-74E476FCA9;Delmenhorst;Niedersachsen;FDP;fdp;2016.0;Kommunalwahlprogramm Gemeinde;Gemeinde;Hauptkorpus: kommunales Wahlprogramm der Gemeinde;manifestos/dl16fdp.txt
main;dl16gru.txt;59f73601767ec3c6428cdbe50c2e42dd30934d7b6a3b1d648a56dc4dbebf47d5;22286;GLMP-D63DC53795;Delmenhorst;Niedersachsen;Grüne;gru;2016.0;Kommunalwahlprogramm Gemeinde;Gemeinde;Hauptkorpus: kommunales Wahlprogramm der Gemeinde;manifestos/dl16gru.txt
main;dl16spd.txt;5bd3733039387a7f2b314d4e4d4328cc1f31b3725993fa2e8d7bba3e44e52087;47871;GLMP-69E3B8CD7A;Delmenhorst;Niedersachsen;SPD;spd;2016.0;Kommunalwahlprogramm Gemeinde;Gemeinde;Hauptkorpus: kommunales Wahlprogramm der Gemeinde;manifestos/dl16spd.txt
main;em16afd.txt;624d48d129539c8f8e584506b0540287929d30135fac1521b21bf374f550cb2f;7734;GLMP-66A59B41B9;Emden;Niedersachsen;Alternative für Deutschland;afd;2016.0;Kommunalwahlprogramm Gemeinde;Gemeinde;Hauptkorpus: kommunales Wahlprogramm der Gemeinde;manifestos/em16afd.txt
main;em16cdu.txt;f7fbbb7ac326750744ebb2792ecdd42bbb2da4328a360a1491f12b4ff0757e0f;4398;GLMP-95CD179760;Emden;Niedersachsen;CDU;cdu;2016.0;Kommunalwahlprogramm Gemeinde;Gemeinde;Hauptkorpus: kommunales Wahlprogramm der Gemeinde;manifestos/em16cdu.txt
main;em16fdp.txt;8e3db6c2c4df7a1b2299d69c1feab7ea0f7e01bd3e775e2aaea39da3e253a9df;26631;GLMP-8C398ACB1F;Emden;Niedersachsen;FDP;fdp;2016.0;Kommunalwahlprogramm Gemeinde;Gemeinde;Hauptkorpus: kommunales Wahlprogramm der Gemeinde;manifestos/em16fdp.txt
main;em16gru.txt;45267dc398bd78ca1ebbf4faddc36300199eb6d33249eae01b23d8f9bfbc4ec0;58842;GLMP-6708C8367B;Emden;Niedersachsen;Grüne;gru;2016.0;Kommunalwahlprogramm Gemeinde;Gemeinde;Hauptkorpus: kommunales Wahlprogramm der Gemeinde;manifestos/em16gru.txt
main;em16spd.txt;e3cadb2b6c2d2d2ae73bce530a7a01a09a4817ba6bc248b080d12d014d3ada4f;10032;GLMP-4B92FD80A3;Emden;Niedersachsen;SPD;spd;2016.0;Kommunalwahlprogramm Gemeinde;Gemeinde;Hauptkorpus: kommunales Wahlprogramm der Gemeinde;manifestos/em16spd.txt
main;ff16afd.txt;c365886ea9ca36ec6c3be00f7064293166c1cf7e80e9929445c3830669a39ba6;95654;GLMP-DE3210F3BF;Frankfurt am Main;Hessen;Alternative für Deutschland;afd;2016.0;Kommunalwahlprogramm Gemeinde;Gemeinde;Hauptkorpus: kommunales Wahlprogramm der Gemeinde;manifestos/ff16afd.txt
main;ff16bff.txt;bb69265a260f26652a4ece508b470c829cff5bbbc376baffac37d1dcdb3fc262;41614;GLMP-37BB04B77C;Frankfurt am Main;Hessen;Bürger für Frankfurt;bff;2016.0;Kommunalwahlprogramm Gemeinde;Gemeinde;Hauptkorpus: kommunales Wahlprogramm der Gemeinde;manifestos/ff16bff.txt
main;ff16cdu.txt;6599f95cf3de63b6a90fcc4acee6e34343da45d42d67f574a26992c52223c711;201414;GLMP-5253DC6496;Frankfurt am Main;Hessen;CDU;cdu;2016.0;Kommunalwahlprogramm Gemeinde;Gemeinde;Hauptkorpus: kommunales Wahlprogramm der Gemeinde;manifestos/ff16cdu.txt
main;ff16lin.txt;1500befd57a2effef96bad8637e911c000dab6e18b1a33d10a03bc29196f89fe;98165;GLMP-A197071F18;Frankfurt am Main;Hessen;Die Linke;lin;2016.0;Kommunalwahlprogramm Gemeinde;Gemeinde;Hauptkorpus: kommunales Wahlprogramm der Gemeinde;manifestos/ff16lin.txt
main;ff16fdp.txt;cbf0c15dba2b8efecec106f7a1e5616baf430bbb3be9e2f753a5fa952a86407e;66648;GLMP-560C2435CF;Frankfurt am Main;Hessen;FDP;fdp;2016.0;Kommunalwahlprogramm Gemeinde;Gemeinde;Hauptkorpus: kommunales Wahlprogramm der Gemeinde;manifestos/ff16fdp.txt
main;ff16gru.txt;7e421eb9d194400b4f971c6b077947a8623c62ad6f14562fac5e106c3533ae42;270812;GLMP-F0FC0D0ECE;Frankfurt am Main;Hessen;Grüne;gru;2016.0;Kommunalwahlprogramm Gemeinde;Gemeinde;Hauptkorpus: kommunales Wahlprogramm der Gemeinde;manifestos/ff16gru.txt
main;ff16pir.txt;0d79d1fddc1ceddd1fe74e7519c78b0570f3c9823d37baa32f2986946abff01f;6347;GLMP-DD72A1E68C;Frankfurt am Main;Hessen;Piraten;pir;2016.0;Kommunalwahlprogramm Gemeinde;Gemeinde;Hauptkorpus: kommunales Wahlprogramm der Gemeinde;manifestos/ff16pir.txt
main;ff16spd.txt;6ce741558e6165d28a3e885478489e9b36267153786ead19e72e9452f4a46b2a;64618;GLMP-42E42461CD;Frankfurt am Main;Hessen;SPD;spd;2016.0;Kommunalwahlprogramm Gemeinde;Gemeinde;Hauptkorpus: kommunales Wahlprogramm der Gemeinde;manifestos/ff16spd.txt
main;go16afd.txt;fc6bea1027731826546b7cc4fe0fa7f44f766c6e5345d9501b007b5778788257;9609;GLMP-A72BBA3FF3;Goettingen;Niedersachsen;Alternative für Deutschland;afd;2016.0;Kommunalwahlprogramm Gemeinde;Gemeinde;Hauptkorpus: kommunales Wahlprogramm der Gemeinde;manifestos/go16afd.txt
main;go16cdu.txt;5fe40a8968e80678bfb5901f4f387e8076a072f55db3439b4f773f8b2f124442;34366;GLMP-38CF22DB59;Goettingen;Niedersachsen;CDU;cdu;2016.0;Kommunalwahlprogramm Gemeinde;Gemeinde;Hauptkorpus: kommunales Wahlprogramm der Gemeinde;manifestos/go16cdu.txt
main;go16lin.txt;fe7e88f4419a817deb7581e8dbcc4df84936b438755137e438b901a87d6b8a18;104889;GLMP-CCC8B8CCA2;Goettingen;Niedersachsen;Die Linke;lin;2016.0;Kommunalwahlprogramm Gemeinde;Gemeinde;Hauptkorpus: kommunales Wahlprogramm der Gemeinde;manifestos/go16lin.txt
main;go16fdp.txt;82e50d0f14348988bad2b254f9fac8bbbdc7dbe5ac82903f77584a03a4e7ecb5;17779;GLMP-AC4E32C78A;Goettingen;Niedersachsen;FDP;fdp;2016.0;Kommunalwahlprogramm Gemeinde;Gemeinde;Hauptkorpus: kommunales Wahlprogramm der Gemeinde;manifestos/go16fdp.txt
main;go16gru.txt;3a3dd1f8f43e65c6e42b8249d38bc3f9798bab00147cc8c43532ce6c408aebb5;59102;GLMP-32A10BFEF4;Goettingen;Niedersachsen;Grüne;gru;2016.0;Kommunalwahlprogramm Gemeinde;Gemeinde;Hauptkorpus: kommunales Wahlprogramm der Gemeinde;manifestos/go16gru.txt
main;go16spd.txt;915e06e9f88d7ad5e18c8604fc86ea588db1bfc637447012fcffe690b31d3dbb;107626;GLMP-B489404305;Goettingen;Niedersachsen;SPD;spd;2016.0;Kommunalwahlprogramm Gemeinde;Gemeinde;Hauptkorpus: kommunales Wahlprogramm der Gemeinde;manifestos/go16spd.txt
main;hv16afd.txt;bfa0f39c52cd6d92ba3b816bd4ad56ce17eba14d62937979a0d78611463960f9;113870;GLMP-B46750012A;Hannover;Niedersachsen;Alternative für Deutschland;afd;2016.0;Kommunalwahlprogramm Gemeinde;Gemeinde;Hauptkorpus: kommunales Wahlprogramm der Gemeinde;manifestos/hv16afd.txt
main;hv16cdu.txt;db00f2cfca2bd9d3532c52d9dc8da76dcb4f8e014e203d71ba1396b570e7b3e0;108500;GLMP-0A7E4149D0;Hannover;Niedersachsen;CDU;cdu;2016.0;Kommunalwahlprogramm Gemeinde;Gemeinde;Hauptkorpus: kommunales Wahlprogramm der Gemeinde;manifestos/hv16cdu.txt
main;hv16lin.txt;2b222fd1efdedd300063bf1a65b14355ef6847111e30e6c01a5e2cf56ab94efb;128600;GLMP-00057547CE;Hannover;Niedersachsen;Die Linke;lin;2016.0;Kommunalwahlprogramm Gemeinde;Gemeinde;Hauptkorpus: kommunales Wahlprogramm der Gemeinde;manifestos/hv16lin.txt
main;hv16fdp.txt;5759532515870047003de6e03e69de6260f587bafcfa5209cab038749678ddef;47910;GLMP-4B03C131A3;Hannover;Niedersachsen;FDP;fdp;2016.0;Kommunalwahlprogramm Gemeinde;Gemeinde;Hauptkorpus: kommunales Wahlprogramm der Gemeinde;manifestos/hv16fdp.txt
main;hv16gru.txt;3c3276dafda9b51b4ae47906700763c918a68fc4750ca43652f9991ceb10ef01;210178;GLMP-DEEEA58391;Hannover;Niedersachsen;Grüne;gru;2016.0;Kommunalwahlprogramm Gemeinde;Gemeinde;Hauptkorpus: kommunales Wahlprogramm der Gemeinde;manifestos/hv16gru.txt
main;hv16spd.txt;b3b1f2db65d1d7adae366e59f18300656523fb0c1b6f085200166d4ace270759;103469;GLMP-8A1B5336E7;Hannover;Niedersachsen;SPD;spd;2016.0;Kommunalwahlprogramm Gemeinde;Gemeinde;Hauptkorpus: kommunales Wahlprogramm der Gemeinde;manifestos/hv16spd.txt
main;ka16afd.txt;62648190be779704cb91f5750faf798adf393f49c80b895c4fac6ff753209db4;44616;GLMP-9CCC441379;Kassel;Hessen;Alternative für Deutschland;afd;2016.0;Kommunalwahlprogramm Gemeinde;Gemeinde;Hauptkorpus: kommunales Wahlprogramm der Gemeinde;manifestos/ka16afd.txt
main;ka16cdu.txt;558cea877d389054c84c5de4c71817c6b150b5adc7b446aa76111df20fe79c19;39504;GLMP-F8BABB2697;Kassel;Hessen;CDU;cdu;2016.0;Kommunalwahlprogramm Gemeinde;Gemeinde;Hauptkorpus: kommunales Wahlprogramm der Gemeinde;manifestos/ka16cdu.txt
main;ka16lin.txt;85c916442d183f7d3e9829c610cbc56004ec36d31e85796ac12abef9bede9fb0;119607;GLMP-ACC69B54FF;Kassel;Hessen;Die Linke;lin;2016.0;Kommunalwahlprogramm Gemeinde;Gemeinde;Hauptkorpus: kommunales Wahlprogramm der Gemeinde;manifestos/ka16lin.txt
main;ka16fdp.txt;efa44b55ba595eb8a8a52132a98c32373a2ad9261c86e7cf43ab317308c514b1;40583;GLMP-1F16C4541B;Kassel;Hessen;FDP;fdp;2016.0;Kommunalwahlprogramm Gemeinde;Gemeinde;Hauptkorpus: kommunales Wahlprogramm der Gemeinde;manifestos/ka16fdp.txt
main;ka16fwg.txt;900ed0b767796d54889473adb790e22996a30bfca16edd4cf2bf42c0d32c3fde;7376;GLMP-0A6E20A838;Kassel;Hessen;Freie Wähler;fwg;2016.0;Kommunalwahlprogramm Gemeinde;Gemeinde;Hauptkorpus: kommunales Wahlprogramm der Gemeinde;manifestos/ka16fwg.txt
main;ka16gru.txt;64b307c437b41bba4692a1dffc34ac1ea0e358e3a555cb42e4df6105b33face7;116158;GLMP-1259B644CC;Kassel;Hessen;Grüne;gru;2016.0;Kommunalwahlprogramm Gemeinde;Gemeinde;Hauptkorpus: kommunales Wahlprogramm der Gemeinde;manifestos/ka16gru.txt
main;ka16pir.txt;dab20ccb71183be68f58ee08706926dd3e0272714e46805d7e15943f48d8fa51;41966;GLMP-2F84356BFC;Kassel;Hessen;Piraten;pir;2016.0;Kommunalwahlprogramm Gemeinde;Gemeinde;Hauptkorpus: kommunales Wahlprogramm der Gemeinde;manifestos/ka16pir.txt
main;ka16spd.txt;49ee404d3e78cb2de9f49fe95dd2496e7195c275a0111bf453b5a4e4bb0d438f;41014;GLMP-D520BDCAED;Kassel;Hessen;SPD;spd;2016.0;Kommunalwahlprogramm Gemeinde;Gemeinde;Hauptkorpus: kommunales Wahlprogramm der Gemeinde;manifestos/ka16spd.txt
main;of16afd.txt;7d11f4a0df2341320a87897575b30a7ea238df8ac462b7c8b42b0667023e47c0;7411;GLMP-F9B54DDA7F;Offenbach am Main;Hessen;Alternative für Deutschland;afd;2016.0;Kommunalwahlprogramm Gemeinde;Gemeinde;Hauptkorpus: kommunales Wahlprogramm der Gemeinde;manifestos/of16afd.txt
main;of16cdu.txt;60bbf935bdb878c79d27653a9ddfca7cd7a0f42b62bacf4d13c5a552e03d0fb7;90789;GLMP-3A4B86D663;Offenbach am Main;Hessen;CDU;cdu;2016.0;Kommunalwahlprogramm Gemeinde;Gemeinde;Hauptkorpus: kommunales Wahlprogramm der Gemeinde;manifestos/of16cdu.txt
main;of16lin.txt;d9673e80593571ea9b6487695895ef704f4c89b12fa9593d7cf9847e6c76cb85;45891;GLMP-C50FC15596;Offenbach am Main;Hessen;Die Linke;lin;2016.0;Kommunalwahlprogramm Gemeinde;Gemeinde;Hauptkorpus: kommunales Wahlprogramm der Gemeinde;manifestos/of16lin.txt
main;of16fdp.txt;a055004039c6ed4eebe51802b1f069a33176440470b19e00fec56da3c30eec7e;183691;GLMP-9907B9DD1C;Offenbach am Main;Hessen;FDP;fdp;2016.0;Kommunalwahlprogramm Gemeinde;Gemeinde;Hauptkorpus: kommunales Wahlprogramm der Gemeinde;manifestos/of16fdp.txt
main;of16fno.txt;27ca33c4461834d44b30e76b1d95ca0e355dfa5d4b6098f37f0fb9cabea22fba;7329;GLMP-77FF3CFB8B;Offenbach am Main;Hessen;Forum Neues Offenbach;fno;2016.0;Kommunalwahlprogramm Gemeinde;Gemeinde;Hauptkorpus: kommunales Wahlprogramm der Gemeinde;manifestos/of16fno.txt
main;of16fwg.txt;95259387f6290174476d334deb7f597ad5345b1538a97fe1ab2bf4ff921dcbb1;41234;GLMP-29D5A218A4;Offenbach am Main;Hessen;Freie Wähler;fwg;2016.0;Kommunalwahlprogramm Gemeinde;Gemeinde;Hauptkorpus: kommunales Wahlprogramm der Gemeinde;manifestos/of16fwg.txt
main;of16gru.txt;6c927f14c4f84a4c4dd8f93c656bb76f1d423236c12f6e15569fb8dcc702d481;99317;GLMP-ABC2053542;Offenbach am Main;Hessen;Grüne;gru;2016.0;Kommunalwahlprogramm Gemeinde;Gemeinde;Hauptkorpus: kommunales Wahlprogramm der Gemeinde;manifestos/of16gru.txt
main;of16pir.txt;65e1b6e109f9109a2afd779263ec7d8287bcbea2989d26addf039cb0433b371d;32744;GLMP-A20627E8C0;Offenbach am Main;Hessen;Piraten;pir;2016.0;Kommunalwahlprogramm Gemeinde;Gemeinde;Hauptkorpus: kommunales Wahlprogramm der Gemeinde;manifestos/of16pir.txt
main;of16spd.txt;788dfa2538790ac0f8dff6762ee28f9146911de5595b302ca6d460112e69b4c7;63992;GLMP-85FB1E8520;Offenbach am Main;Hessen;SPD;spd;2016.0;Kommunalwahlprogramm Gemeinde;Gemeinde;Hauptkorpus: kommunales Wahlprogramm der Gemeinde;manifestos/of16spd.txt
main;ol16afd.txt;4c2b3bf154a66bd6d1f67bc6bac478f813b8ea587f4b68bad3e0e4b05675f74f;51303;GLMP-FE901CBDEC;Oldenburg;Niedersachsen;Alternative für Deutschland;afd;2016.0;Kommunalwahlprogramm Gemeinde;Gemeinde;Hauptkorpus: kommunales Wahlprogramm der Gemeinde;manifestos/ol16afd.txt
main;ol16cdu.txt;f9b4a0a0e3c2f934816ef91761e3b449cbdd970c73efabbcfed51b1968c8cd6b;80408;GLMP-44C1B7B57E;Oldenburg;Niedersachsen;CDU;cdu;2016.0;Kommunalwahlprogramm Gemeinde;Gemeinde;Hauptkorpus: kommunales Wahlprogramm der Gemeinde;manifestos/ol16cdu.txt
main;ol16lin.txt;1b3147b6544022d7402b9e7813d384a3e5c91214131e5bc5ae048f5643c09416;105105;GLMP-EEF144627A;Oldenburg;Niedersachsen;Die Linke;lin;2016.0;Kommunalwahlprogramm Gemeinde;Gemeinde;Hauptkorpus: kommunales Wahlprogramm der Gemeinde;manifestos/ol16lin.txt
main;ol16fdp.txt;003f5f65e2461a06c36ad0a0f6134ecbf8fb0f5de03263270382d52b16e20248;4840;GLMP-2930D0C284;Oldenburg;Niedersachsen;FDP;fdp;2016.0;Kommunalwahlprogramm Gemeinde;Gemeinde;Hauptkorpus: kommunales Wahlprogramm der Gemeinde;manifestos/ol16fdp.txt
main;ol16gru.txt;6b71e7d702c1e7fb8b07fad781302130dbabcc8a20416f31ddb96e939448dc96;112779;GLMP-2F41E3883F;Oldenburg;Niedersachsen;Grüne;gru;2016.0;Kommunalwahlprogramm Gemeinde;Gemeinde;Hauptkorpus: kommunales Wahlprogramm der Gemeinde;manifestos/ol16gru.txt
main;ol16spd.txt;60d8060c34bf6c7a3aa6321580df2669ca7600c363c20d7b2008c51b05e73a8f;92490;GLMP-02F7EBB4E9;Oldenburg;Niedersachsen;SPD;spd;2016.0;Kommunalwahlprogramm Gemeinde;Gemeinde;Hauptkorpus: kommunales Wahlprogramm der Gemeinde;manifestos/ol16spd.txt
main;os16cdu.txt;1754e9bf00c1f68a52f4b841427d06ee7df6e5b9bb14ef90afe53cb784356c6a;74620;GLMP-2F244B45E8;Osnabrueck;Niedersachsen;CDU;cdu;2016.0;Kommunalwahlprogramm Gemeinde;Gemeinde;Hauptkorpus: kommunales Wahlprogramm der Gemeinde;manifestos/os16cdu.txt
main;os16lin.txt;a583227b75ce9f09cdf5482270bc4251345729089115dfcb06ef0f9a5c1582ee;9285;GLMP-65F5AE15B8;Osnabrueck;Niedersachsen;Die Linke;lin;2016.0;Kommunalwahlprogramm Gemeinde;Gemeinde;Hauptkorpus: kommunales Wahlprogramm der Gemeinde;manifestos/os16lin.txt
main;os16fdp.txt;845063c184e37561c5080c75cbc3bb22036510839df84b15db2c43a20d70915c;74747;GLMP-E811D177E9;Osnabrueck;Niedersachsen;FDP;fdp;2016.0;Kommunalwahlprogramm Gemeinde;Gemeinde;Hauptkorpus: kommunales Wahlprogramm der Gemeinde;manifestos/os16fdp.txt
main;os16gru.txt;43110c42ad3caf0f297aebe91da0aca6422cbf28422d986ff4b3292203b4b0ef;114787;GLMP-FD0E77F9B4;Osnabrueck;Niedersachsen;Grüne;gru;2016.0;Kommunalwahlprogramm Gemeinde;Gemeinde;Hauptkorpus: kommunales Wahlprogramm der Gemeinde;manifestos/os16gru.txt
main;os16spd.txt;a9f59b27f6ace33f6ed0db8a6b21f546a967a10a8b9ed7b813ca41a3f5b16476;61644;GLMP-DDD4CC6E7C;Osnabrueck;Niedersachsen;SPD;spd;2016.0;Kommunalwahlprogramm Gemeinde;Gemeinde;Hauptkorpus: kommunales Wahlprogramm der Gemeinde;manifestos/os16spd.txt
main;sa16afd.txt;95626c37f3df02a055451d3065a99416f04a88ddfb82b2e2e6fb99652ec4cad9;19368;GLMP-7D2BA9F318;Salzgitter;Niedersachsen;Alternative für Deutschland;afd;2016.0;Kommunalwahlprogramm Gemeinde;Gemeinde;Hauptkorpus: kommunales Wahlprogramm der Gemeinde;manifestos/sa16afd.txt
main;sa16cdu.txt;4938f18fbe181ce5b6561444625dceea746ad57262c494c22ca944ecb630d278;5722;GLMP-3AFBCCC874;Salzgitter;Niedersachsen;CDU;cdu;2016.0;Kommunalwahlprogramm Gemeinde;Gemeinde;Hauptkorpus: kommunales Wahlprogramm der Gemeinde;manifestos/sa16cdu.txt
main;sa16lin.txt;cd1197048c901779d8fed45c275b797952aa2735ca69934f52777a3d3d2954d7;29011;GLMP-94F456C231;Salzgitter;Niedersachsen;Die Linke;lin;2016.0;Kommunalwahlprogramm Gemeinde;Gemeinde;Hauptkorpus: kommunales Wahlprogramm der Gemeinde;manifestos/sa16lin.txt
main;sa16fdp.txt;ce2563f017ff98d994aea2c58404b5ceab069475f4e6b43c6d2f03d2cb2c0692;9757;GLMP-E7C197A3FD;Salzgitter;Niedersachsen;FDP;fdp;2016.0;Kommunalwahlprogramm Gemeinde;Gemeinde;Hauptkorpus: kommunales Wahlprogramm der Gemeinde;manifestos/sa16fdp.txt
main;sa16gru.txt;cc3d0141af402d167af13a8b30c0deb82d51e30b07745963b8836ed20c8d05d1;56057;GLMP-3B93D6DFFE;Salzgitter;Niedersachsen;Grüne;gru;2016.0;Kommunalwahlprogramm Gemeinde;Gemeinde;Hauptkorpus: kommunales Wahlprogramm der Gemeinde;manifestos/sa16gru.txt
main;sa16spd.txt;e17df861d10468fb9f5de7e56288eafdf56494f7c89a10ae87a013793de34dca;14459;GLMP-21770920C7;Salzgitter;Niedersachsen;SPD;spd;2016.0;Kommunalwahlprogramm Gemeinde;Gemeinde;Hauptkorpus: kommunales Wahlprogramm der Gemeinde;manifestos/sa16spd.txt
main;wi16afd.txt;807b8c9a93708658c4c43d8d864f69349afed7dc7dfed47a6c43d6e005dbc02a;20138;GLMP-4E4D221B3C;Wiesbaden;Hessen;Alternative für Deutschland;afd;2016.0;Kommunalwahlprogramm Gemeinde;Gemeinde;Hauptkorpus: kommunales Wahlprogramm der Gemeinde;manifestos/wi16afd.txt
main;wi16blw.txt;e5ab69b3c8eceb5e85d828146d43d34ba4c79f1427e041e6ce01ac4e150a3c0d;9018;GLMP-7DC59071B2;Wiesbaden;Hessen;Bürgerliste Wiesbaden;blw;2016.0;Kommunalwahlprogramm Gemeinde;Gemeinde;Hauptkorpus: kommunales Wahlprogramm der Gemeinde;manifestos/wi16blw.txt
main;wi16cdu.txt;0d7bf1e105ec51584202d13f0b4779731e220a5f9acedb82f384bb8e8cf7b78c;243647;GLMP-AC5F557789;Wiesbaden;Hessen;CDU;cdu;2016.0;Kommunalwahlprogramm Gemeinde;Gemeinde;Hauptkorpus: kommunales Wahlprogramm der Gemeinde;manifestos/wi16cdu.txt
main;wi16lin.txt;2e24141292033adccdc5d6590f556adaf770ab57627b8338edfdfc79b720ae19;88555;GLMP-C2CA6A1275;Wiesbaden;Hessen;Die Linke;lin;2016.0;Kommunalwahlprogramm Gemeinde;Gemeinde;Hauptkorpus: kommunales Wahlprogramm der Gemeinde;manifestos/wi16lin.txt
main;wi16fdp.txt;eb52c80b4a7c3ef2057083690d446b4825c018b42b490624653b653eb0ddbe27;173611;GLMP-8CD4BF6124;Wiesbaden;Hessen;FDP;fdp;2016.0;Kommunalwahlprogramm Gemeinde;Gemeinde;Hauptkorpus: kommunales Wahlprogramm der Gemeinde;manifestos/wi16fdp.txt
main;wi16fwg.txt;11dcc41e24ae595bbfa9285148434402affbb26481a3488841764933d8f2656b;3020;GLMP-69F4958CF6;Wiesbaden;Hessen;Freie Wähler;fwg;2016.0;Kommunalwahlprogramm Gemeinde;Gemeinde;Hauptkorpus: kommunales Wahlprogramm der Gemeinde;manifestos/wi16fwg.txt
main;wi16gru.txt;13bf99681558262f297760fc177c46e37c385c2460857007f6ed9909d66b2fa1;368882;GLMP-2C8ED7492E;Wiesbaden;Hessen;Grüne;gru;2016.0;Kommunalwahlprogramm Gemeinde;Gemeinde;Hauptkorpus: kommunales Wahlprogramm der Gemeinde;manifestos/wi16gru.txt
main;wi16pir.txt;feea39a1d49b98a50ae3d76e78d7b1e188ea45461df0a2321eb12959dcc9f770;5141;GLMP-3CF8FE60A0;Wiesbaden;Hessen;Piraten;pir;2016.0;Kommunalwahlprogramm Gemeinde;Gemeinde;Hauptkorpus: kommunales Wahlprogramm der Gemeinde;manifestos/wi16pir.txt
main;wi16spd.txt;3d7e010283f0ef9cf157bac05468dd5d9ab428858a73e71aae494b90bf2c78bb;197290;GLMP-AB38641334;Wiesbaden;Hessen;SPD;spd;2016.0;Kommunalwahlprogramm Gemeinde;Gemeinde;Hauptkorpus: kommunales Wahlprogramm der Gemeinde;manifestos/wi16spd.txt
main;wv16afd.txt;ecaac10cd07876f0aafe3d23e27fbbc1632ab3e19ee282a54c9bb34a0fe3518e;8184;GLMP-1F4224CC20;Wilhelmshaven;Niedersachsen;Alternative für Deutschland;afd;2016.0;Kommunalwahlprogramm Gemeinde;Gemeinde;Hauptkorpus: kommunales Wahlprogramm der Gemeinde;manifestos/wv16afd.txt
main;wv16cdu.txt;29ca6eaf17ea5d541d0a885a4e917c7f347b7cc0bba0738d687bf8c92ecf68e9;63976;GLMP-D26891BEDE;Wilhelmshaven;Niedersachsen;CDU;cdu;2016.0;Kommunalwahlprogramm Gemeinde;Gemeinde;Hauptkorpus: kommunales Wahlprogramm der Gemeinde;manifestos/wv16cdu.txt
main;wv16lin.txt;771746df08ad2d1a2bf94f234c47550b105c7fed16db6b72000c3bb5ee377511;15007;GLMP-514033E42B;Wilhelmshaven;Niedersachsen;Die Linke;lin;2016.0;Kommunalwahlprogramm Gemeinde;Gemeinde;Hauptkorpus: kommunales Wahlprogramm der Gemeinde;manifestos/wv16lin.txt
main;wv16fdp.txt;69425103ed0d56b756c7990405828f1a14b4de26dfd9678baadac39b91cb0120;33362;GLMP-F50B2A2A3E;Wilhelmshaven;Niedersachsen;FDP;fdp;2016.0;Kommunalwahlprogramm Gemeinde;Gemeinde;Hauptkorpus: kommunales Wahlprogramm der Gemeinde;manifestos/wv16fdp.txt
main;wv16gru.txt;1dc0f7d606061b16c8e19b8792bedaac5e3f8cdbda62b44874ece0937d5e42f9;19220;GLMP-49835CB7B0;Wilhelmshaven;Niedersachsen;Grüne;gru;2016.0;Kommunalwahlprogramm Gemeinde;Gemeinde;Hauptkorpus: kommunales Wahlprogramm der Gemeinde;manifestos/wv16gru.txt
main;wv16spd.txt;e0c08761b1b2cfd7684d3172b2daa51764e9b718fad906afd2a8ee69a2b9360b;15163;GLMP-F6B7C6947A;Wilhelmshaven;Niedersachsen;SPD;spd;2016.0;Kommunalwahlprogramm Gemeinde;Gemeinde;Hauptkorpus: kommunales Wahlprogramm der Gemeinde;manifestos/wv16spd.txt
main;wo16afd.txt;b52422ae9da798b16663c9f428d8913e4228e44d482af8ce0fe4294c63d44806;28550;GLMP-A0489297A8;Wolfsburg;Niedersachsen;Alternative für Deutschland;afd;2016.0;Kommunalwahlprogramm Gemeinde;Gemeinde;Hauptkorpus: kommunales Wahlprogramm der Gemeinde;manifestos/wo16afd.txt
main;wo16cdu.txt;7466dc33b89add438c1c9ac7f9042d8a22e1232337adfa1d5e77c80dc781ff70;15802;GLMP-C8882B5628;Wolfsburg;Niedersachsen;CDU;cdu;2016.0;Kommunalwahlprogramm Gemeinde;Gemeinde;Hauptkorpus: kommunales Wahlprogramm der Gemeinde;manifestos/wo16cdu.txt
main;wo16lin.txt;3dc7e47af7fe0af304fdfc02b2b90f8d0e932fe71f0e6b26129e35a5ca82cdb9;41540;GLMP-B83F30B85C;Wolfsburg;Niedersachsen;Die Linke;lin;2016.0;Kommunalwahlprogramm Gemeinde;Gemeinde;Hauptkorpus: kommunales Wahlprogramm der Gemeinde;manifestos/wo16lin.txt
main;wo16fdp.txt;e50641586712b7d22599d69536cae23756fa65be55fb640a632e6ad26a051ea5;13159;GLMP-3F38D82F07;Wolfsburg;Niedersachsen;FDP;fdp;2016.0;Kommunalwahlprogramm Gemeinde;Gemeinde;Hauptkorpus: kommunales Wahlprogramm der Gemeinde;manifestos/wo16fdp.txt
main;wo16gru.txt;c118ce894ca1adc37a9bddbb984016da320cc9f9b965fa85e66eb9a1bb6e0773;25106;GLMP-78A4D7612B;Wolfsburg;Niedersachsen;Grüne;gru;2016.0;Kommunalwahlprogramm Gemeinde;Gemeinde;Hauptkorpus: kommunales Wahlprogramm der Gemeinde;manifestos/wo16gru.txt
main;wo16spd.txt;b252f96997c268b7fbe97868f843639e3f2d7f70f008316cf7ba9b8a72be14a0;22314;GLMP-91297B55AA;Wolfsburg;Niedersachsen;SPD;spd;2016.0;Kommunalwahlprogramm Gemeinde;Gemeinde;Hauptkorpus: kommunales Wahlprogramm der Gemeinde;manifestos/wo16spd.txt
main;ki18afd.txt;3a64caa465b6953dc1c504028499326a0fe3741b5806571081ead9d32cd5ce8c;5763;GLMP-A8C401AE5C;Kiel;Schleswig-Holstein;Alternative für Deutschland;afd;2018.0;Kommunalwahlprogramm Gemeinde;Gemeinde;Hauptkorpus: kommunales Wahlprogramm der Gemeinde;manifestos/ki18afd.txt
main;ki18cdu.txt;86af53c135c2aeb270ff545a66c96b1bb5dd0123fae4fc0b43cc8acf93dd9d6a;44548;GLMP-D0D552BACD;Kiel;Schleswig-Holstein;CDU;cdu;2018.0;Kommunalwahlprogramm Gemeinde;Gemeinde;Hauptkorpus: kommunales Wahlprogramm der Gemeinde;manifestos/ki18cdu.txt
main;ki18lin.txt;48580d3cc0eb0c496f24d72f36b629cf8773506b46c112b1b67d538c10e1cfb2;113435;GLMP-B7FB12D98F;Kiel;Schleswig-Holstein;Die Linke;lin;2018.0;Kommunalwahlprogramm Gemeinde;Gemeinde;Hauptkorpus: kommunales Wahlprogramm der Gemeinde;manifestos/ki18lin.txt
main;ki18par.txt;e3e13450e2b4e94d9a05271b51afa1bced2fe6d6f46aa9b1563669498a8a5f4b;10550;GLMP-C8165FB16C;Kiel;Schleswig-Holstein;Die Partei;par;2018.0;Kommunalwahlprogramm Gemeinde;Gemeinde;Hauptkorpus: kommunales Wahlprogramm der Gemeinde;manifestos/ki18par.txt
main;ki18fdp.txt;778f88428483fe9dada3a2397891187f9c7c00d0e3555ac72f4f7d718fd9a89a;40651;GLMP-D58FA1646E;Kiel;Schleswig-Holstein;FDP;fdp;2018.0;Kommunalwahlprogramm Gemeinde;Gemeinde;Hauptkorpus: kommunales Wahlprogramm der Gemeinde;manifestos/ki18fdp.txt
main;ki18gru.txt;490b24c8601547c16f890a3fc109ddf6345462781f23741a4b36670ae16c3dc0;202343;GLMP-9A3AB4A33D;Kiel;Schleswig-Holstein;Grüne;gru;2018.0;Kommunalwahlprogramm Gemeinde;Gemeinde;Hauptkorpus: kommunales Wahlprogramm der Gemeinde;manifestos/ki18gru.txt
main;ki18pir.txt;0228a68c58eb506b1dcfd95059cc835de082a7cd0855a433c72eb802f01acdfc;17790;GLMP-B0B9954064;Kiel;Schleswig-Holstein;Piraten;pir;2018.0;Kommunalwahlprogramm Gemeinde;Gemeinde;Hauptkorpus: kommunales Wahlprogramm der Gemeinde;manifestos/ki18pir.txt
main;ki18spd.txt;cfa96cd44ba9e2da74bf13bc717d8e26e2c3ba432ce639db6de79f44a23576cb;90924;GLMP-B418325B87;Kiel;Schleswig-Holstein;SPD;spd;2018.0;Kommunalwahlprogramm Gemeinde;Gemeinde;Hauptkorpus: kommunales Wahlprogramm der Gemeinde;manifestos/ki18spd.txt
main;ki18ssw.txt;9aebb06d73d9bd66bea143ef5078924f1143ab7e5d51dffc86afaa08ec8d5053;10639;GLMP-1EF0D4A78D;Kiel;Schleswig-Holstein;Südschleswigsche Wählerverband;ssw;2018.0;Kommunalwahlprogramm Gemeinde;Gemeinde;Hauptkorpus: kommunales Wahlprogramm der Gemeinde;manifestos/ki18ssw.txt
main;lb18afd.txt;ffaf8459db9079bb709787fd21d99d60ec53e64ee4bc79cd0cb9029c7bae77ef;20281;GLMP-B06019194B;Luebeck;Schleswig-Holstein;Alternative für Deutschland;afd;2018.0;Kommunalwahlprogramm Gemeinde;Gemeinde;Hauptkorpus: kommunales Wahlprogramm der Gemeinde;manifestos/lb18afd.txt
main;lb18bfl.txt;60b18399313f68fe7d19629f28a45fd4d1383df2c2db300bce49b53a31bae5ec;13135;GLMP-99590B0594;Luebeck;Schleswig-Holstein;Bürger für Lübeck;bfl;2018.0;Kommunalwahlprogramm Gemeinde;Gemeinde;Hauptkorpus: kommunales Wahlprogramm der Gemeinde;manifestos/lb18bfl.txt
main;lb18cdu.txt;ec53e1bce280cb6fdcecec0d9225c93e4389e36aeb76900ac7c516cce56c3daf;47899;GLMP-2B8619EB95;Luebeck;Schleswig-Holstein;CDU;cdu;2018.0;Kommunalwahlprogramm Gemeinde;Gemeinde;Hauptkorpus: kommunales Wahlprogramm der Gemeinde;manifestos/lb18cdu.txt
main;lb18dkp.txt;0361e30b5b86fd7641f9ab1fe2335101b360d88de15ddb70b324e53eee8923f2;53858;GLMP-4DBA9C9F2A;Luebeck;Schleswig-Holstein;Deutsche Kommunistische Partei;dkp;2018.0;Kommunalwahlprogramm Gemeinde;Gemeinde;Hauptkorpus: kommunales Wahlprogramm der Gemeinde;manifestos/lb18dkp.txt
main;lb18lin.txt;bf0f618d6f3386ab15cb59d790e39ea001720ff9693f12a793c9e5ce6f9245a1;64732;GLMP-CA00543849;Luebeck;Schleswig-Holstein;Die Linke;lin;2018.0;Kommunalwahlprogramm Gemeinde;Gemeinde;Hauptkorpus: kommunales Wahlprogramm der Gemeinde;manifestos/lb18lin.txt
main;lb18par.txt;78c27fd5bb8deee4eed3f7b94ca8d792415ea91e45406dfb93e6f5b08f42e2d5;3476;GLMP-D4F7CDAD48;Luebeck;Schleswig-Holstein;Die Partei;par;2018.0;Kommunalwahlprogramm Gemeinde;Gemeinde;Hauptkorpus: kommunales Wahlprogramm der Gemeinde;manifestos/lb18par.txt
main;lb18dua.txt;b7921f8f2c52bbb92b4ed0f78b565d059fa24641a0243c0179d16e8950158253;59285;GLMP-4D03585909;Luebeck;Schleswig-Holstein;Die Unabhängigen (Lübeck);dua;2018.0;Kommunalwahlprogramm Gemeinde;Gemeinde;Hauptkorpus: kommunales Wahlprogramm der Gemeinde;manifestos/lb18dua.txt
main;lb18fdp.txt;f877be5deb21c2b0ace2a0d9ea39a7200f193d521e04273f9018a51404003753;67970;GLMP-260E641D0E;Luebeck;Schleswig-Holstein;FDP;fdp;2018.0;Kommunalwahlprogramm Gemeinde;Gemeinde;Hauptkorpus: kommunales Wahlprogramm der Gemeinde;manifestos/lb18fdp.txt
main;lb18fwg.txt;2a23d1f00ac64f361e6a6ddcac1f2fe0c753e3db586d9bfb682c71e4faca9474;23889;GLMP-5D413744D7;Luebeck;Schleswig-Holstein;Freie Wähler;fwg;2018.0;Kommunalwahlprogramm Gemeinde;Gemeinde;Hauptkorpus: kommunales Wahlprogramm der Gemeinde;manifestos/lb18fwg.txt
main;lb18gra.txt;434dd0f274bced713b388582de86837e92679ff4c276cfc715c59d84b144fd0f;111684;GLMP-83A304EC8A;Luebeck;Schleswig-Holstein;Grün Alternativ Links (Lübeck);gra;2018.0;Kommunalwahlprogramm Gemeinde;Gemeinde;Hauptkorpus: kommunales Wahlprogramm der Gemeinde;manifestos/lb18gra.txt
main;lb18gru.txt;738fbd40fa942ee42f6e885423cfd14b8a680d853a5768f0ede47ffa45bbc4c6;25735;GLMP-AA97DF571C;Luebeck;Schleswig-Holstein;Grüne;gru;2018.0;Kommunalwahlprogramm Gemeinde;Gemeinde;Hauptkorpus: kommunales Wahlprogramm der Gemeinde;manifestos/lb18gru.txt
main;lb18gal.txt;434dd0f274bced713b388582de86837e92679ff4c276cfc715c59d84b144fd0f;111684;GLMP-B6B9580C65;Luebeck;Schleswig-Holstein;Grüne Alternative Liste;gal;2018.0;Kommunalwahlprogramm Gemeinde;Gemeinde;Hauptkorpus: kommunales Wahlprogramm der Gemeinde;manifestos/lb18gal.txt
main;lb18spd.txt;73be699de7ef39c473511d41e350e971f86c9d4b822ed2912e908a520ad3d9bd;24881;GLMP-7580D6B441;Luebeck;Schleswig-Holstein;SPD;spd;2018.0;Kommunalwahlprogramm Gemeinde;Gemeinde;Hauptkorpus: kommunales Wahlprogramm der Gemeinde;manifestos/lb18spd.txt
main;bh19afd.txt;d2e3aa06decfd050d929254c468a9afe4ebe6277e968989284a2c56450e76939;56003;GLMP-18D99D3540;Bremerhaven;Bremen;Alternative für Deutschland;afd;2019.0;Kommunalwahlprogramm Gemeinde;Gemeinde;Hauptkorpus: kommunales Wahlprogramm der Gemeinde;manifestos/bh19afd.txt
main;bh19bge.txt;1bb94f545d1a3cdf1b62f563a476d4292f1454023a09a35097172e2fb8d2ca65;3011;GLMP-A615DC6C58;Bremerhaven;Bremen;Bündnis Grundeinkommen;bge;2019.0;Kommunalwahlprogramm Gemeinde;Gemeinde;Hauptkorpus: kommunales Wahlprogramm der Gemeinde;manifestos/bh19bge.txt
main;bh19biw.txt;4e30dd3b58544a30b874fa2039ebae865a3348eb0b05799ba5a058b2b8ec72a9;55572;GLMP-CACDEE9912;Bremerhaven;Bremen;Bürger in Wut;biw;2019.0;Kommunalwahlprogramm Gemeinde;Gemeinde;Hauptkorpus: kommunales Wahlprogramm der Gemeinde;manifestos/bh19biw.txt
main;bh19dih.txt;76bb41eee369e6472981decd6a45d3074c553769a02e2c5d4f9e9265e7156ed7;53619;GLMP-12D6A12289;Bremerhaven;Bremen;Die Humanisten;dih;2019.0;Kommunalwahlprogramm Gemeinde;Gemeinde;Hauptkorpus: kommunales Wahlprogramm der Gemeinde;manifestos/bh19dih.txt
main;bh19lin.txt;d8c449a2fed9f8a4d709554f874c3ac28f2c24adab62229ee613e22706375fcb;341545;GLMP-9E3CA8B5BA;Bremerhaven;Bremen;Die Linke;lin;2019.0;Kommunalwahlprogramm Gemeinde;Gemeinde;Hauptkorpus: kommunales Wahlprogramm der Gemeinde;manifestos/bh19lin.txt
main;bh19rec.txt;ae640a13640f36ac0586d15c04654a2d905a03e91111c3686c6e53b533952d0c;41030;GLMP-342A16782E;Bremerhaven;Bremen;Die Rechte;rec;2019.0;Kommunalwahlprogramm Gemeinde;Gemeinde;Hauptkorpus: kommunales Wahlprogramm der Gemeinde;manifestos/bh19rec.txt
main;bh19fdp.txt;c1fcaa631b381db68cb693d922ce3c85c90c3e836050d04113f8ecaba51a4c1f;204463;GLMP-5D390B3FE9;Bremerhaven;Bremen;FDP;fdp;2019.0;Kommunalwahlprogramm Gemeinde;Gemeinde;Hauptkorpus: kommunales Wahlprogramm der Gemeinde;manifestos/bh19fdp.txt
main;bh19fwg.txt;4d301713d785004a5a2587ff90d26a2be308e7b5c8ea6e92b5668090f4da15bd;45119;GLMP-74D38D7DC7;Bremerhaven;Bremen;Freie Wähler;fwg;2019.0;Kommunalwahlprogramm Gemeinde;Gemeinde;Hauptkorpus: kommunales Wahlprogramm der Gemeinde;manifestos/bh19fwg.txt
main;bh19gru.txt;a688d905fe2d57ecf78c1f85c4b5e87e158079b17d6a9e6892ba22e11d14e606;151171;GLMP-E297C534AC;Bremerhaven;Bremen;Grüne;gru;2019.0;Kommunalwahlprogramm Gemeinde;Gemeinde;Hauptkorpus: kommunales Wahlprogramm der Gemeinde;manifestos/bh19gru.txt
main;bh19pir.txt;2a397c0f2cca304d876976caddae10f897045b6ead0afbd8ef3cd5dd43d7c25d;33486;GLMP-E2E7523536;Bremerhaven;Bremen;Piraten;pir;2019.0;Kommunalwahlprogramm Gemeinde;Gemeinde;Hauptkorpus: kommunales Wahlprogramm der Gemeinde;manifestos/bh19pir.txt
main;bh19spd.txt;cd242d6474d21cf23593026d8bf8f50d31674a32c644e670f8c014b33d21090d;148017;GLMP-B1F0106887;Bremerhaven;Bremen;SPD;spd;2019.0;Kommunalwahlprogramm Gemeinde;Gemeinde;Hauptkorpus: kommunales Wahlprogramm der Gemeinde;manifestos/bh19spd.txt
main;bh19veg.txt;d0e5f61088978184caf0e0d7706996bd327248aaf13a04a9fca19b736787a203;95724;GLMP-3545948259;Bremerhaven;Bremen;V-Partei³;veg;2019.0;Kommunalwahlprogramm Gemeinde;Gemeinde;Hauptkorpus: kommunales Wahlprogramm der Gemeinde;manifestos/bh19veg.txt
main;ch19afd.txt;1b881fd3c0c11161f42c6b4c44b1331037dd1b3d2980f28c9ddc62b105d87726;6855;GLMP-9520A3D210;Chemnitz;Sachsen;Alternative für Deutschland;afd;2019.0;Kommunalwahlprogramm Gemeinde;Gemeinde;Hauptkorpus: kommunales Wahlprogramm der Gemeinde;manifestos/ch19afd.txt
main;ch19cdu.txt;18fe354a08505df9497a10b72a3627632cddbc499423114ca45ad7a33d5fb8c7;25412;GLMP-C7538676D9;Chemnitz;Sachsen;CDU;cdu;2019.0;Kommunalwahlprogramm Gemeinde;Gemeinde;Hauptkorpus: kommunales Wahlprogramm der Gemeinde;manifestos/ch19cdu.txt
main;ch19cfa.txt;a28182421dbcf5d57810aad16b6b0a8147b3eda0ee53ead1d3a56f7aa7395a7d;1959;GLMP-9E5CCF7ACC;Chemnitz;Sachsen;Chemnitz für Alle;cfa;2019.0;Kommunalwahlprogramm Gemeinde;Gemeinde;Hauptkorpus: kommunales Wahlprogramm der Gemeinde;manifestos/ch19cfa.txt
main;ch19lin.txt;cd697418073faab8b641d8cc5686bf8b24d6070d5c91d0ae55aebab5026d936c;53662;GLMP-E9A42741CA;Chemnitz;Sachsen;Die Linke;lin;2019.0;Kommunalwahlprogramm Gemeinde;Gemeinde;Hauptkorpus: kommunales Wahlprogramm der Gemeinde;manifestos/ch19lin.txt
main;ch19par.txt;211ec634e6f5f206b66fc2698737f5850e8c570e0738716fb5e0e1fe115d313a;65026;GLMP-B22FEB0E7F;Chemnitz;Sachsen;Die Partei;par;2019.0;Kommunalwahlprogramm Gemeinde;Gemeinde;Hauptkorpus: kommunales Wahlprogramm der Gemeinde;manifestos/ch19par.txt
main;ch19fdp.txt;f1ea72d92ac5fd415662828d66207bf0c8d124090cdae5e6241439cbf32b650c;52566;GLMP-CBB67F3CC9;Chemnitz;Sachsen;FDP;fdp;2019.0;Kommunalwahlprogramm Gemeinde;Gemeinde;Hauptkorpus: kommunales Wahlprogramm der Gemeinde;manifestos/ch19fdp.txt
main;ch19gru.txt;1c4a3bc525baf09de7f0b784adc244ba1a0b54116655c3772635a919cc7efa7f;54664;GLMP-F9F949AE89;Chemnitz;Sachsen;Grüne;gru;2019.0;Kommunalwahlprogramm Gemeinde;Gemeinde;Hauptkorpus: kommunales Wahlprogramm der Gemeinde;manifestos/ch19gru.txt
main;ch19prc.txt;470b0d86a875873aa7e3ccededc7e24d8b35e4a270f38fdc92001a3c7bf28e16;13334;GLMP-1A81A09B3D;Chemnitz;Sachsen;Pro Chemnitz;prc;2019.0;Kommunalwahlprogramm Gemeinde;Gemeinde;Hauptkorpus: kommunales Wahlprogramm der Gemeinde;manifestos/ch19prc.txt
main;ch19spd.txt;f20e922aac8f9f618cd28f3d215c30de0e3bd8e793b57829f7065f5eb464dbe6;37021;GLMP-9C7C0AD6FA;Chemnitz;Sachsen;SPD;spd;2019.0;Kommunalwahlprogramm Gemeinde;Gemeinde;Hauptkorpus: kommunales Wahlprogramm der Gemeinde;manifestos/ch19spd.txt
main;ch19vos.txt;dd9c2df8f74e194d89c7b1c8acc2733c6d017c998573b54f7f917d77e552b1f8;3844;GLMP-B9A7890F73;Chemnitz;Sachsen;VOSI (Wählervereinigung Volksslidarität Chemnitz);vos;2019.0;Kommunalwahlprogramm Gemeinde;Gemeinde;Hauptkorpus: kommunales Wahlprogramm der Gemeinde;manifestos/ch19vos.txt
main;co19aub.txt;db56bb2d68bcd1d1af902d6de5e2e3a699262c1205ec260496d90cb1e78fa4a9;15526;GLMP-BE33DE8617;Cottbus;Brandenburg;Aktive unabhängige Bürger (Cottbus);aub;2019.0;Kommunalwahlprogramm Gemeinde;Gemeinde;Hauptkorpus: kommunales Wahlprogramm der Gemeinde;manifestos/co19aub.txt
main;co19afd.txt;51962ec79d92cebbdb91639c89d593636b7876f58781699123d9c160b401df14;24464;GLMP-FA49AF1699;Cottbus;Brandenburg;Alternative für Deutschland;afd;2019.0;Kommunalwahlprogramm Gemeinde;Gemeinde;Hauptkorpus: kommunales Wahlprogramm der Gemeinde;manifestos/co19afd.txt
main;co19cdu.txt;a59d1a4f6fecd4d7f911ade7f5b84a6686abffc92b0162bcc6a6d61af15b549e;27218;GLMP-78696274E4;Cottbus;Brandenburg;CDU;cdu;2019.0;Kommunalwahlprogramm Gemeinde;Gemeinde;Hauptkorpus: kommunales Wahlprogramm der Gemeinde;manifestos/co19cdu.txt
main;co19lin.txt;97800aff461ceceb48dbd1428177f652c8c8c70456d9ad23e771f8283316bf00;19198;GLMP-56F89AB76B;Cottbus;Brandenburg;Die Linke;lin;2019.0;Kommunalwahlprogramm Gemeinde;Gemeinde;Hauptkorpus: kommunales Wahlprogramm der Gemeinde;manifestos/co19lin.txt
main;co19fdp.txt;2f79771cbc1ca9890124cbc06a51740401d19c946cf959a2b179321500ce7a0f;5040;GLMP-72FF9BCEFF;Cottbus;Brandenburg;FDP;fdp;2019.0;Kommunalwahlprogramm Gemeinde;Gemeinde;Hauptkorpus: kommunales Wahlprogramm der Gemeinde;manifestos/co19fdp.txt
main;co19gru.txt;babca9b63e32284b4071e9e47243add94ccc70a40a96804a92fcf83afd31c8e1;29592;GLMP-0233F3CB9B;Cottbus;Brandenburg;Grüne;gru;2019.0;Kommunalwahlprogramm Gemeinde;Gemeinde;Hauptkorpus: kommunales Wahlprogramm der Gemeinde;manifestos/co19gru.txt
main;co19spd.txt;ec56f0b2c9d638697e0afe10eb2c05ce9f953900a0ddfa743bd943a077cdc721;19139;GLMP-EB11265CEE;Cottbus;Brandenburg;SPD;spd;2019.0;Kommunalwahlprogramm Gemeinde;Gemeinde;Hauptkorpus: kommunales Wahlprogramm der Gemeinde;manifestos/co19spd.txt
main;co19uco.txt;356c270bcb7fa3b71753e7c971202ed0e6051422b2f42d9e7afa52c5d60fb1de;19950;GLMP-A2C5A7E33B;Cottbus;Brandenburg;Unser Cotbus!;uco;2019.0;Kommunalwahlprogramm Gemeinde;Gemeinde;Hauptkorpus: kommunales Wahlprogramm der Gemeinde;manifestos/co19uco.txt
main;dr19afd.txt;55257a464a1c7c3093a9ec3aff4d4c7106dff0d072e71cd7267b1fde4fa1cbec;59370;GLMP-0DF5E0D644;Dresden;Sachsen;Alternative für Deutschland;afd;2019.0;Kommunalwahlprogramm Gemeinde;Gemeinde;Hauptkorpus: kommunales Wahlprogramm der Gemeinde;manifestos/dr19afd.txt
main;dr19cdu.txt;81d41956fa9b31da7e612cdd17d36c4f2fe553c8c62e11d8ae094bb4b6bdfa7d;20711;GLMP-638658D115;Dresden;Sachsen;CDU;cdu;2019.0;Kommunalwahlprogramm Gemeinde;Gemeinde;Hauptkorpus: kommunales Wahlprogramm der Gemeinde;manifestos/dr19cdu.txt
main;dr19lin.txt;11b5c5e58b639e2b0ab194b0045906bd2bb92511f23c5953804415259633f6e3;34269;GLMP-6C0E374240;Dresden;Sachsen;Die Linke;lin;2019.0;Kommunalwahlprogramm Gemeinde;Gemeinde;Hauptkorpus: kommunales Wahlprogramm der Gemeinde;manifestos/dr19lin.txt
main;dr19par.txt;0160ee1fb4c40d50ef334c4511c1a5095f233a77ed6389745461bb868443b38c;1712;GLMP-AED008472E;Dresden;Sachsen;Die Partei;par;2019.0;Kommunalwahlprogramm Gemeinde;Gemeinde;Hauptkorpus: kommunales Wahlprogramm der Gemeinde;manifestos/dr19par.txt
main;dr19fdp.txt;9b28bcefac07dd43e396f061be575fefa8dffd79426cf864e9ea7adb40f02c74;64612;GLMP-C07166476A;Dresden;Sachsen;FDP;fdp;2019.0;Kommunalwahlprogramm Gemeinde;Gemeinde;Hauptkorpus: kommunales Wahlprogramm der Gemeinde;manifestos/dr19fdp.txt
main;dr19fwg.txt;3b4bc36882a056ef2d9ca344c0c6913f44d71672243e86ff46b45c8999d9115b;5893;GLMP-B21A99FF43;Dresden;Sachsen;Freie Wähler;fwg;2019.0;Kommunalwahlprogramm Gemeinde;Gemeinde;Hauptkorpus: kommunales Wahlprogramm der Gemeinde;manifestos/dr19fwg.txt
main;dr19gru.txt;337c5db194c04ec1baccd9cd6a7f3fb4e2c30cd91735c76cc255b8d9ed5d2284;153775;GLMP-3C57B6BD03;Dresden;Sachsen;Grüne;gru;2019.0;Kommunalwahlprogramm Gemeinde;Gemeinde;Hauptkorpus: kommunales Wahlprogramm der Gemeinde;manifestos/dr19gru.txt
main;dr19pir.txt;925c6d328c7870b2c252919029b160bb95a313ff7ab17ee07750738f63e16192;54992;GLMP-6C3E83CCAB;Dresden;Sachsen;Piraten;pir;2019.0;Kommunalwahlprogramm Gemeinde;Gemeinde;Hauptkorpus: kommunales Wahlprogramm der Gemeinde;manifestos/dr19pir.txt
main;dr19spd.txt;f92a5d53f4488182f5bcc35f82ec42890fd916e322268bc4ed6e414a3cc675de;98930;GLMP-B57E0ED770;Dresden;Sachsen;SPD;spd;2019.0;Kommunalwahlprogramm Gemeinde;Gemeinde;Hauptkorpus: kommunales Wahlprogramm der Gemeinde;manifestos/dr19spd.txt
main;ef19dri.txt;f555b5d348684a21a3147b2034d9f066f3f382e67968ef45ba5e33aa1ff95254;19948;GLMP-5966AB857F;Erfurt;Thüringen;Der Dritte Weg;dri;2019.0;Kommunalwahlprogramm Gemeinde;Gemeinde;Hauptkorpus: kommunales Wahlprogramm der Gemeinde;manifestos/ef19dri.txt
main;ef19lin.txt;3d43746114badb5c0bcaa953771ce4c1fe2c330abb555b7510beff498be76aa1;45990;GLMP-16D462729D;Erfurt;Thüringen;Die Linke;lin;2019.0;Kommunalwahlprogramm Gemeinde;Gemeinde;Hauptkorpus: kommunales Wahlprogramm der Gemeinde;manifestos/ef19lin.txt
main;ef19gru.txt;d0fb0123b09e11ddd7c3fb3becb612971c6cb3d358c6c8fe3a557a7a8040f97f;102149;GLMP-9F29B5FB6E;Erfurt;Thüringen;Grüne;gru;2019.0;Kommunalwahlprogramm Gemeinde;Gemeinde;Hauptkorpus: kommunales Wahlprogramm der Gemeinde;manifestos/ef19gru.txt
main;ef19mws.txt;cb53d753ba569f4afba83862a683abb1da7de8e77d3c5fd8105e8320591d3716;24056;GLMP-AD7863B71B;Erfurt;Thüringen;Mehrwertstadt Erfurt;mws;2019.0;Kommunalwahlprogramm Gemeinde;Gemeinde;Hauptkorpus: kommunales Wahlprogramm der Gemeinde;manifestos/ef19mws.txt
main;ef19pir.txt;29eff1c86a097169f4b1c48f6dbf1caf32e68e0ae90084d3cfa5d21f69deb01b;17129;GLMP-69F2F47962;Erfurt;Thüringen;Piraten;pir;2019.0;Kommunalwahlprogramm Gemeinde;Gemeinde;Hauptkorpus: kommunales Wahlprogramm der Gemeinde;manifestos/ef19pir.txt
main;ef19spd.txt;66541801936405243a2491e66103a8c78d01041d5304959200c7fcb1c481ddf4;22621;GLMP-BD36664D08;Erfurt;Thüringen;SPD;spd;2019.0;Kommunalwahlprogramm Gemeinde;Gemeinde;Hauptkorpus: kommunales Wahlprogramm der Gemeinde;manifestos/ef19spd.txt
main;fr19cdu.txt;c2f307171992b594bb0d4d479db15448ac28e5a20026a39e59eecb6e2a9f4690;7156;GLMP-69B8F759D2;Freiburg im Breisgau;Baden-Württemberg;CDU;cdu;2019.0;Kommunalwahlprogramm Gemeinde;Gemeinde;Hauptkorpus: kommunales Wahlprogramm der Gemeinde;manifestos/fr19cdu.txt
main;fr19par.txt;a65cad447977d6a2266a284ca3870705f9fb06d25e4a9e99d77258756be6f664;8416;GLMP-C659D76DF2;Freiburg im Breisgau;Baden-Württemberg;Die Partei;par;2019.0;Kommunalwahlprogramm Gemeinde;Gemeinde;Hauptkorpus: kommunales Wahlprogramm der Gemeinde;manifestos/fr19par.txt
main;fr19fdp.txt;ab165ddb3867fac8295172a1ccc508176095ea81a3ac08e6a2114f3e1612dc28;70295;GLMP-1C912C9D48;Freiburg im Breisgau;Baden-Württemberg;FDP;fdp;2019.0;Kommunalwahlprogramm Gemeinde;Gemeinde;Hauptkorpus: kommunales Wahlprogramm der Gemeinde;manifestos/fr19fdp.txt
main;fr19frl.txt;c596388a827a4a555e18dc05e2b27e000f13c7b481a6bcb769f1aefcbb311350;95887;GLMP-BD2C3910EE;Freiburg im Breisgau;Baden-Württemberg;Freiburg Lebenswert;frl;2019.0;Kommunalwahlprogramm Gemeinde;Gemeinde;Hauptkorpus: kommunales Wahlprogramm der Gemeinde;manifestos/fr19frl.txt
main;fr19juf.txt;4143e6531a4a43f9352043c352ab403a5fd728b69d47a6ded95bc0dc230b0675;62950;GLMP-1DA3457CD3;Freiburg im Breisgau;Baden-Württemberg;Junges Freiburg;juf;2019.0;Kommunalwahlprogramm Gemeinde;Gemeinde;Hauptkorpus: kommunales Wahlprogramm der Gemeinde;manifestos/fr19juf.txt
main;fr19klf.txt;1668f4c08c3d21fdff2757e8117db8d07634ff8f96097ebfad0fcb9d15c8f1c4;26278;GLMP-93A4A6A58F;Freiburg im Breisgau;Baden-Württemberg;Kulturliste Freiburg;klf;2019.0;Kommunalwahlprogramm Gemeinde;Gemeinde;Hauptkorpus: kommunales Wahlprogramm der Gemeinde;manifestos/fr19klf.txt
main;fr19spd.txt;884a755cfd4e6fe1113811bca921af1c1f87344c18c911f895f90f10fc114dd1;89972;GLMP-08A39A1BAF;Freiburg im Breisgau;Baden-Württemberg;SPD;spd;2019.0;Kommunalwahlprogramm Gemeinde;Gemeinde;Hauptkorpus: kommunales Wahlprogramm der Gemeinde;manifestos/fr19spd.txt
main;fr19uff.txt;15e4d89275b078919e4265f6b83ee6cf084dc7f530605e7e32762704c9ec4577;6534;GLMP-5E9BC5D283;Freiburg im Breisgau;Baden-Württemberg;Unabhängige Frauen Freiburg;uff;2019.0;Kommunalwahlprogramm Gemeinde;Gemeinde;Hauptkorpus: kommunales Wahlprogramm der Gemeinde;manifestos/fr19uff.txt
main;hl19lin.txt;14ee7ac071990f09254b69261554f0d1a2aea4fc63b093a2eb78e38e474b8491;8525;GLMP-DFD4D52811;Halle (Saale);Sachsen-Anhalt;Die Linke;lin;2019.0;Kommunalwahlprogramm Gemeinde;Gemeinde;Hauptkorpus: kommunales Wahlprogramm der Gemeinde;manifestos/hl19lin.txt
main;hl19par.txt;efcbcd002c1744a166d313b7da48a2298e1baf01bf7ca1d0f43c50672e449976;4727;GLMP-594B65B127;Halle (Saale);Sachsen-Anhalt;Die Partei;par;2019.0;Kommunalwahlprogramm Gemeinde;Gemeinde;Hauptkorpus: kommunales Wahlprogramm der Gemeinde;manifestos/hl19par.txt
main;hl19fdp.txt;16507804783d179abc28ffcaa78e9ffa5730a6713a628b9243ca085123179ddf;35405;GLMP-4FE4EF09CB;Halle (Saale);Sachsen-Anhalt;FDP;fdp;2019.0;Kommunalwahlprogramm Gemeinde;Gemeinde;Hauptkorpus: kommunales Wahlprogramm der Gemeinde;manifestos/hl19fdp.txt
main;hl19fwg.txt;8ecdaa1db19e26cc1c72ec3c3d5a9ba4385cca40212035bf1a24832a6b7a97a6;35874;GLMP-FC76353001;Halle (Saale);Sachsen-Anhalt;Freie Wähler;fwg;2019.0;Kommunalwahlprogramm Gemeinde;Gemeinde;Hauptkorpus: kommunales Wahlprogramm der Gemeinde;manifestos/hl19fwg.txt
main;hl19gru.txt;34e72caa0e8c32d5e0fa74c1626c38d8ba6688c85ca5c0ce0891b8771426765e;86035;GLMP-0959DF2B9A;Halle (Saale);Sachsen-Anhalt;Grüne;gru;2019.0;Kommunalwahlprogramm Gemeinde;Gemeinde;Hauptkorpus: kommunales Wahlprogramm der Gemeinde;manifestos/hl19gru.txt
main;hl19hsh.txt;3fb201036090f6b5f3c471933e3ff56d45c4ddadcca826599be43c47d8d72cfc;16593;GLMP-74E626D5C6;Halle (Saale);Sachsen-Anhalt;Hauptsache Halle;hsh;2019.0;Kommunalwahlprogramm Gemeinde;Gemeinde;Hauptkorpus: kommunales Wahlprogramm der Gemeinde;manifestos/hl19hsh.txt
main;hl19spd.txt;62a2fcca9a6abb807fc78218f00a0e335309f88d14c0f9600db03cdbc2b35028;70585;GLMP-0E0300965F;Halle (Saale);Sachsen-Anhalt;SPD;spd;2019.0;Kommunalwahlprogramm Gemeinde;Gemeinde;Hauptkorpus: kommunales Wahlprogramm der Gemeinde;manifestos/hl19spd.txt
main;hd19afd.txt;953562da6f496be5f0fa8e1401c8f77a3fac4b84ec7e4d94cc0c784a9c74d790;49213;GLMP-7CCF6003F4;Heidelberg;Baden-Württemberg;Alternative für Deutschland;afd;2019.0;Kommunalwahlprogramm Gemeinde;Gemeinde;Hauptkorpus: kommunales Wahlprogramm der Gemeinde;manifestos/hd19afd.txt
main;hd19bul.txt;6b8214ef42160d31a47bb07569eae9a1c8961420c4b508f6d3882f64673ad5f7;45365;GLMP-03EBD28C20;Heidelberg;Baden-Württemberg;Bunte Linke Heidelberg;bul;2019.0;Kommunalwahlprogramm Gemeinde;Gemeinde;Hauptkorpus: kommunales Wahlprogramm der Gemeinde;manifestos/hd19bul.txt
main;hd19cdu.txt;aa165fd77dc9ab7e483723e99d2d50a30797fe3f4b1b7a146196b0a1a4dab84e;73211;GLMP-71ECBDE5A1;Heidelberg;Baden-Württemberg;CDU;cdu;2019.0;Kommunalwahlprogramm Gemeinde;Gemeinde;Hauptkorpus: kommunales Wahlprogramm der Gemeinde;manifestos/hd19cdu.txt
main;hd19dhd.txt;466d446d2901a913a2998d784c730997609b0620f9d20566b7e02bd27539c128;6566;GLMP-082B88C9A9;Heidelberg;Baden-Württemberg;Die Heidelberger;dhd;2019.0;Kommunalwahlprogramm Gemeinde;Gemeinde;Hauptkorpus: kommunales Wahlprogramm der Gemeinde;manifestos/hd19dhd.txt
main;hd19lin.txt;a9c6de0ad4ffdb01f7b09fbc4c6b3a3dcd13c9b5fe2d9c775cce1c5c1c27ff61;25849;GLMP-FB79BAF3F3;Heidelberg;Baden-Württemberg;Die Linke;lin;2019.0;Kommunalwahlprogramm Gemeinde;Gemeinde;Hauptkorpus: kommunales Wahlprogramm der Gemeinde;manifestos/hd19lin.txt
main;hd19par.txt;2f3d5dee7660ca07adbcfcf91ba29b28e641192c493233fdb76d9688270bffd3;2862;GLMP-AA286F686E;Heidelberg;Baden-Württemberg;Die Partei;par;2019.0;Kommunalwahlprogramm Gemeinde;Gemeinde;Hauptkorpus: kommunales Wahlprogramm der Gemeinde;manifestos/hd19par.txt
main;hd19fdp.txt;8554083812517dda7de992e946753eda3b8e71a0bb06a546f25ad30dc3e718f3;42605;GLMP-B58605CD9D;Heidelberg;Baden-Württemberg;FDP;fdp;2019.0;Kommunalwahlprogramm Gemeinde;Gemeinde;Hauptkorpus: kommunales Wahlprogramm der Gemeinde;manifestos/hd19fdp.txt
main;hd19fwg.txt;ae2d156178d596e2fdb294e072079b865cc2688c66f4322b5989ee8a48f327ca;4395;GLMP-CE9072A6E1;Heidelberg;Baden-Württemberg;Freie Wähler;fwg;2019.0;Kommunalwahlprogramm Gemeinde;Gemeinde;Hauptkorpus: kommunales Wahlprogramm der Gemeinde;manifestos/hd19fwg.txt
main;hd19gru.txt;72625380cbf2208bbbb30e0007c8ff8d4aca3be01f52ab638520e784177809f5;12397;GLMP-7F8CB8DAAF;Heidelberg;Baden-Württemberg;Grüne;gru;2019.0;Kommunalwahlprogramm Gemeinde;Gemeinde;Hauptkorpus: kommunales Wahlprogramm der Gemeinde;manifestos/hd19gru.txt
main;hd19gal.txt;fdee47cf168680f66ab91dc88b7ab6e02f9ba209a6a546398104bd4f5e294982;8849;GLMP-FF6A8DAF12;Heidelberg;Baden-Württemberg;Grüne Alternative Liste;gal;2019.0;Kommunalwahlprogramm Gemeinde;Gemeinde;Hauptkorpus: kommunales Wahlprogramm der Gemeinde;manifestos/hd19gal.txt
main;hd19hib.txt;f0c5d9ca1817c89ee63adeeaf0e488462ae7a65bcc29f26e9391eedae1df796c;31679;GLMP-1593E5A1F6;Heidelberg;Baden-Württemberg;Heidelberg in Bewegung;hib;2019.0;Kommunalwahlprogramm Gemeinde;Gemeinde;Hauptkorpus: kommunales Wahlprogramm der Gemeinde;manifestos/hd19hib.txt
main;hd19spd.txt;a36adfa24a0ce731cfb5aa050c5017c931f2e07349c93661205fe96f24f3b2b9;17274;GLMP-6E1ABE1BC4;Heidelberg;Baden-Württemberg;SPD;spd;2019.0;Kommunalwahlprogramm Gemeinde;Gemeinde;Hauptkorpus: kommunales Wahlprogramm der Gemeinde;manifestos/hd19spd.txt
main;hn19afd.txt;2472ed90842733689514e9c7a4752e24d3283875594aed59fa29d2d5039228cc;32405;GLMP-8C19F6BCE9;Heilbronn;Baden-Württemberg;Alternative für Deutschland;afd;2019.0;Kommunalwahlprogramm Gemeinde;Gemeinde;Hauptkorpus: kommunales Wahlprogramm der Gemeinde;manifestos/hn19afd.txt
main;hn19cdu.txt;f6edd34e18ba7cc4a456dfe430970df66e2beb54eec5a060f5c977a4f20dde69;45883;GLMP-517D7B09F7;Heilbronn;Baden-Württemberg;CDU;cdu;2019.0;Kommunalwahlprogramm Gemeinde;Gemeinde;Hauptkorpus: kommunales Wahlprogramm der Gemeinde;manifestos/hn19cdu.txt
main;hn19lin.txt;9f700243d24a07a4003e065c1e3c2d2f06f8d8f5b004915ed11aaa8c15328d91;31413;GLMP-4095BD0267;Heilbronn;Baden-Württemberg;Die Linke;lin;2019.0;Kommunalwahlprogramm Gemeinde;Gemeinde;Hauptkorpus: kommunales Wahlprogramm der Gemeinde;manifestos/hn19lin.txt
main;hn19fdp.txt;176ad4fa201e3ae599f42189dc26233c56f09883b7bd19a33c269160765e0fe5;55865;GLMP-F4B58629BE;Heilbronn;Baden-Württemberg;FDP;fdp;2019.0;Kommunalwahlprogramm Gemeinde;Gemeinde;Hauptkorpus: kommunales Wahlprogramm der Gemeinde;manifestos/hn19fdp.txt
main;hn19fwv.txt;8fa9ce597226f912ae8970aebff3221248ee3fbf861559427ec604171f63b116;1077;GLMP-04C1BF3B69;Heilbronn;Baden-Württemberg;Freie Wählervereinigung (Heilbronn);fwv;2019.0;Kommunalwahlprogramm Gemeinde;Gemeinde;Hauptkorpus: kommunales Wahlprogramm der Gemeinde;manifestos/hn19fwv.txt
main;hn19gru.txt;5b12289d2d60498a18cf19bd9040a454debb327a03f7b030d9594086be73e5fe;56741;GLMP-1ACDE2658B;Heilbronn;Baden-Württemberg;Grüne;gru;2019.0;Kommunalwahlprogramm Gemeinde;Gemeinde;Hauptkorpus: kommunales Wahlprogramm der Gemeinde;manifestos/hn19gru.txt
main;hn19phb.txt;9fb6722859ad8054aaa8b0b2433ab50a8b80506cbf344aaab5857314d7b10543;13350;GLMP-FDED324340;Heilbronn;Baden-Württemberg;Pro Heilbronn;phb;2019.0;Kommunalwahlprogramm Gemeinde;Gemeinde;Hauptkorpus: kommunales Wahlprogramm der Gemeinde;manifestos/hn19phb.txt
main;hn19spd.txt;8c0017b04a0dcbdef3a71c3dc7f8886b255be81ba54eaef34cbed8d6236764da;99714;GLMP-A942B2A415;Heilbronn;Baden-Württemberg;SPD;spd;2019.0;Kommunalwahlprogramm Gemeinde;Gemeinde;Hauptkorpus: kommunales Wahlprogramm der Gemeinde;manifestos/hn19spd.txt
main;je19bfj.txt;37bab5f4bdee075a43a24f7eefa4802a04fdc32b514dc0ddf9003dd102a460d2;5568;GLMP-732695693B;Jena;Thüringen;Bürger für Jena;bfj;2019.0;Kommunalwahlprogramm Gemeinde;Gemeinde;Hauptkorpus: kommunales Wahlprogramm der Gemeinde;manifestos/je19bfj.txt
main;je19cdu.txt;cf01e609c37b168938f75e883ccc23beb6a9be2be7755e65e008392c5bd21f86;28765;GLMP-32EFBB6503;Jena;Thüringen;CDU;cdu;2019.0;Kommunalwahlprogramm Gemeinde;Gemeinde;Hauptkorpus: kommunales Wahlprogramm der Gemeinde;manifestos/je19cdu.txt
main;je19gut.txt;61a211c1aab0c5412a416e8a181c7002b605f8f38fbd41fdb4fc49d5ccddd71c;49215;GLMP-016EB7644B;Jena;Thüringen;Die Guten;gut;2019.0;Kommunalwahlprogramm Gemeinde;Gemeinde;Hauptkorpus: kommunales Wahlprogramm der Gemeinde;manifestos/je19gut.txt
main;je19lin.txt;b09def97cc0bdfcf97016aa4670be87812563226af59f121a3bf945de9e71c6e;30379;GLMP-C328A3B97F;Jena;Thüringen;Die Linke;lin;2019.0;Kommunalwahlprogramm Gemeinde;Gemeinde;Hauptkorpus: kommunales Wahlprogramm der Gemeinde;manifestos/je19lin.txt
main;je19fdp.txt;b275f8230aab2abb7c8864d15ff6f306779ff2f3931c97a8b62ac4eb4dd6792f;87472;GLMP-3C73E2EBAA;Jena;Thüringen;FDP;fdp;2019.0;Kommunalwahlprogramm Gemeinde;Gemeinde;Hauptkorpus: kommunales Wahlprogramm der Gemeinde;manifestos/je19fdp.txt
main;je19gru.txt;a2b498bbfc78fdf1d92a40d8db0f55af80897af620ca59bc4e30a370af03a4a3;123962;GLMP-711C3B9E0A;Jena;Thüringen;Grüne;gru;2019.0;Kommunalwahlprogramm Gemeinde;Gemeinde;Hauptkorpus: kommunales Wahlprogramm der Gemeinde;manifestos/je19gru.txt
main;je19spd.txt;020e87bd9886a8aa1723d37cd57503d85de1b37250531f86d42448862eea78bf;54688;GLMP-3BE5DA04C8;Jena;Thüringen;SPD;spd;2019.0;Kommunalwahlprogramm Gemeinde;Gemeinde;Hauptkorpus: kommunales Wahlprogramm der Gemeinde;manifestos/je19spd.txt
main;ks19afd.txt;f6e8b9e70a6a51a21460a007711b3bd653a618b91da6354e0646cdc66e7a82ac;6186;GLMP-7B5CE1AD26;Karlsruhe;Baden-Württemberg;Alternative für Deutschland;afd;2019.0;Kommunalwahlprogramm Gemeinde;Gemeinde;Hauptkorpus: kommunales Wahlprogramm der Gemeinde;manifestos/ks19afd.txt
main;ks19cdu.txt;15c9146f9bec6e2534d789260062cb1d109b3c238fd4490176a6f82b565565eb;9815;GLMP-445C6744B2;Karlsruhe;Baden-Württemberg;CDU;cdu;2019.0;Kommunalwahlprogramm Gemeinde;Gemeinde;Hauptkorpus: kommunales Wahlprogramm der Gemeinde;manifestos/ks19cdu.txt
main;ks19lin.txt;f8f3ddd680c0341bf3de44937a4b7f141c685bf2a78e315f4ce5c75a4613aa76;146153;GLMP-656742AD54;Karlsruhe;Baden-Württemberg;Die Linke;lin;2019.0;Kommunalwahlprogramm Gemeinde;Gemeinde;Hauptkorpus: kommunales Wahlprogramm der Gemeinde;manifestos/ks19lin.txt
main;ks19par.txt;2bf2b05c4a1c40ee6a48bed8f5d770b3a9c664580008c7d2aa71c3123eca8011;4541;GLMP-B6BAC5E1D1;Karlsruhe;Baden-Württemberg;Die Partei;par;2019.0;Kommunalwahlprogramm Gemeinde;Gemeinde;Hauptkorpus: kommunales Wahlprogramm der Gemeinde;manifestos/ks19par.txt
main;ks19fdp.txt;643f62ddd2358b5aefd0f37a442c11e5c0514ce9ab79a5bed36099fdb3dd7d01;34514;GLMP-B65E0F6685;Karlsruhe;Baden-Württemberg;FDP;fdp;2019.0;Kommunalwahlprogramm Gemeinde;Gemeinde;Hauptkorpus: kommunales Wahlprogramm der Gemeinde;manifestos/ks19fdp.txt
main;ks19fwg.txt;418410a75a940bb49421593d6ad21f8ad262337ea1250e218e3824f8fe6f12ee;16235;GLMP-E5CF18F962;Karlsruhe;Baden-Württemberg;Freie Wähler;fwg;2019.0;Kommunalwahlprogramm Gemeinde;Gemeinde;Hauptkorpus: kommunales Wahlprogramm der Gemeinde;manifestos/ks19fwg.txt
main;ks19fkr.txt;86be9b875255f61a4dd008e92387c7d2c393b94f19433a0a5d863198b31e5868;3538;GLMP-B37A68ED72;Karlsruhe;Baden-Württemberg;Für Karlsruhe;fkr;2019.0;Kommunalwahlprogramm Gemeinde;Gemeinde;Hauptkorpus: kommunales Wahlprogramm der Gemeinde;manifestos/ks19fkr.txt
main;ks19gru.txt;f2c3b1bb346e6714db60156531e0b0656c40734a12f31fcaaeeda4caedb17ba1;18725;GLMP-F580C2E74A;Karlsruhe;Baden-Württemberg;Grüne;gru;2019.0;Kommunalwahlprogramm Gemeinde;Gemeinde;Hauptkorpus: kommunales Wahlprogramm der Gemeinde;manifestos/ks19gru.txt
main;ks19kal.txt;395f1b666b3ee96e792a12a331ef92b292bf4fd59a8c12aec33a2c4633958ce9;2751;GLMP-3B5E60AAF0;Karlsruhe;Baden-Württemberg;Karlsruher Liste;kal;2019.0;Kommunalwahlprogramm Gemeinde;Gemeinde;Hauptkorpus: kommunales Wahlprogramm der Gemeinde;manifestos/ks19kal.txt
main;ks19spd.txt;e0d69678bd35585cc2615f484b3f00448cbf7afef27f4501080641ffcf259398;4556;GLMP-BCC08C3B81;Karlsruhe;Baden-Württemberg;SPD;spd;2019.0;Kommunalwahlprogramm Gemeinde;Gemeinde;Hauptkorpus: kommunales Wahlprogramm der Gemeinde;manifestos/ks19spd.txt
main;kb19afd.txt;31c6946cb9c76a395651f744a45128851fcbae5922c782ab94484f6a241d5cc0;2876;GLMP-DDE2E84606;Koblenz;Rheinland-Pfalz;Alternative für Deutschland;afd;2019.0;Kommunalwahlprogramm Gemeinde;Gemeinde;Hauptkorpus: kommunales Wahlprogramm der Gemeinde;manifestos/kb19afd.txt
main;kb19cdu.txt;0a494827339b57d4acf542d36ffd8f10780422e5742e51dd0990b9f1f632df21;22629;GLMP-5D0A1DE8B0;Koblenz;Rheinland-Pfalz;CDU;cdu;2019.0;Kommunalwahlprogramm Gemeinde;Gemeinde;Hauptkorpus: kommunales Wahlprogramm der Gemeinde;manifestos/kb19cdu.txt
main;kb19lin.txt;28b4b06d82967f355dee6d5234036aa200357f49a08bf34580469c839cdcd16b;53470;GLMP-AF37AAEC86;Koblenz;Rheinland-Pfalz;Die Linke;lin;2019.0;Kommunalwahlprogramm Gemeinde;Gemeinde;Hauptkorpus: kommunales Wahlprogramm der Gemeinde;manifestos/kb19lin.txt
main;kb19fdp.txt;10bdbdc0c5bcfdfb4731a9e3b4be0949d2d4ef4245c84b52b1befffc5e3dc21b;5057;GLMP-85515B15E5;Koblenz;Rheinland-Pfalz;FDP;fdp;2019.0;Kommunalwahlprogramm Gemeinde;Gemeinde;Hauptkorpus: kommunales Wahlprogramm der Gemeinde;manifestos/kb19fdp.txt
main;kb19fwg.txt;ebe929622074a8eefe01186334abf709e7abf3fa8dbfef8a663f555a1d8aba15;28805;GLMP-13FCFBBB08;Koblenz;Rheinland-Pfalz;Freie Wähler;fwg;2019.0;Kommunalwahlprogramm Gemeinde;Gemeinde;Hauptkorpus: kommunales Wahlprogramm der Gemeinde;manifestos/kb19fwg.txt
main;kb19gru.txt;5ae3f0ddea6f3f72480b5cc1183fb7fec1809d6d8de02d8bd9e315c9a539317e;3895;GLMP-B9390A4341;Koblenz;Rheinland-Pfalz;Grüne;gru;2019.0;Kommunalwahlprogramm Gemeinde;Gemeinde;Hauptkorpus: kommunales Wahlprogramm der Gemeinde;manifestos/kb19gru.txt
main;kb19spd.txt;b31ab102ecc2d5d9af72ef3fa438694c702f7e88893a60d2868f8aeeef64f1ec;21871;GLMP-927AE35958;Koblenz;Rheinland-Pfalz;SPD;spd;2019.0;Kommunalwahlprogramm Gemeinde;Gemeinde;Hauptkorpus: kommunales Wahlprogramm der Gemeinde;manifestos/kb19spd.txt
main;kb19wgs.txt;4211c4ba098e6672f7680fa439dab131bd7154b8c422798b59f19659571e1ac1;1207;GLMP-D32041837D;Koblenz;Rheinland-Pfalz;Wählergruppe Schupp (Koblenz);wgs;2019.0;Kommunalwahlprogramm Gemeinde;Gemeinde;Hauptkorpus: kommunales Wahlprogramm der Gemeinde;manifestos/kb19wgs.txt
main;lp19afd.txt;f39bfc9a5830de5705aca6e4ef6d849860bf46202716c27a0bce38b97ad69507;46969;GLMP-284D59F56A;Leipzig;Sachsen;Alternative für Deutschland;afd;2019.0;Kommunalwahlprogramm Gemeinde;Gemeinde;Hauptkorpus: kommunales Wahlprogramm der Gemeinde;manifestos/lp19afd.txt
main;lp19cdu.txt;9bbfa41ed64ab7e9edee4e8021d92f1fd7f0ab00d280ba218978030fa93c503c;19609;GLMP-BC54143F3B;Leipzig;Sachsen;CDU;cdu;2019.0;Kommunalwahlprogramm Gemeinde;Gemeinde;Hauptkorpus: kommunales Wahlprogramm der Gemeinde;manifestos/lp19cdu.txt
main;lp19lin.txt;d98a6af56b5ac01b92124abf24d9fbcd5acf395bb08b0815ac40d7d3b893edec;103591;GLMP-3F6ECDA709;Leipzig;Sachsen;Die Linke;lin;2019.0;Kommunalwahlprogramm Gemeinde;Gemeinde;Hauptkorpus: kommunales Wahlprogramm der Gemeinde;manifestos/lp19lin.txt
main;lp19par.txt;572c53b78dbd2518b4529ed5b66a7d4f37f2942209a7a7d62095a91a1f517cc7;1709;GLMP-465EC99837;Leipzig;Sachsen;Die Partei;par;2019.0;Kommunalwahlprogramm Gemeinde;Gemeinde;Hauptkorpus: kommunales Wahlprogramm der Gemeinde;manifestos/lp19par.txt
main;lp19fdp.txt;45f1a8c03b14ab18a0c1b964fb70b8eca96e91a5da61df50da07f4ef301dce5a;28647;GLMP-48A2B142EF;Leipzig;Sachsen;FDP;fdp;2019.0;Kommunalwahlprogramm Gemeinde;Gemeinde;Hauptkorpus: kommunales Wahlprogramm der Gemeinde;manifestos/lp19fdp.txt
main;lp19gru.txt;34d53e6841bd03d261ada2f5a4b23359227fb60f797fc9a13589ed60dc5f5a53;145170;GLMP-602C55B105;Leipzig;Sachsen;Grüne;gru;2019.0;Kommunalwahlprogramm Gemeinde;Gemeinde;Hauptkorpus: kommunales Wahlprogramm der Gemeinde;manifestos/lp19gru.txt
main;lp19lfg.txt;718b728962c88af113b6e92ab0e77339016dd3ae3018d78d6a9f03f8aa6a33c8;1357;GLMP-FF7807F956;Leipzig;Sachsen;Leipziger für Grundeinkommen;lfg;2019.0;Kommunalwahlprogramm Gemeinde;Gemeinde;Hauptkorpus: kommunales Wahlprogramm der Gemeinde;manifestos/lp19lfg.txt
main;lp19pir.txt;a24022f0e668d168638125fae182dac2880b0aad4ac2cc652287d90631b0d8e8;17568;GLMP-B8FD18156D;Leipzig;Sachsen;Piraten;pir;2019.0;Kommunalwahlprogramm Gemeinde;Gemeinde;Hauptkorpus: kommunales Wahlprogramm der Gemeinde;manifestos/lp19pir.txt
main;lp19spd.txt;98bb384eecea60383268dbf06287e9ad0eec7f5370d1efce632e066f5a8d5a60;119788;GLMP-F41A9367FE;Leipzig;Sachsen;SPD;spd;2019.0;Kommunalwahlprogramm Gemeinde;Gemeinde;Hauptkorpus: kommunales Wahlprogramm der Gemeinde;manifestos/lp19spd.txt
main;lp19wvl.txt;aab53bdcfc0915751aa1cd29104cd292ff4cf7fcd8213c84294e73158b29256a;10114;GLMP-4D2A012A9E;Leipzig;Sachsen;Wählervereinigung Leipzig;wvl;2019.0;Kommunalwahlprogramm Gemeinde;Gemeinde;Hauptkorpus: kommunales Wahlprogramm der Gemeinde;manifestos/lp19wvl.txt
main;lu19afd.txt;a5a3d725db05f4f5a1e90054e2869cb1d0993ba8489437dbf67ce19f7fbf4656;1857;GLMP-D77E8422F4;Ludwigshafen am Rhein;Rheinland-Pfalz;Alternative für Deutschland;afd;2019.0;Kommunalwahlprogramm Gemeinde;Gemeinde;Hauptkorpus: kommunales Wahlprogramm der Gemeinde;manifestos/lu19afd.txt
main;lu19cdu.txt;82506f5cce3436e3a186552c6fd2a5bfb9f9015c2b3c816326525df732ac37c9;33239;GLMP-E09295257D;Ludwigshafen am Rhein;Rheinland-Pfalz;CDU;cdu;2019.0;Kommunalwahlprogramm Gemeinde;Gemeinde;Hauptkorpus: kommunales Wahlprogramm der Gemeinde;manifestos/lu19cdu.txt
main;lu19fdp.txt;e0d30ec1bcc7705d4bfc782ede3a270b209eaba73f35f132f03b6784b78771f1;5989;GLMP-07CB607FAA;Ludwigshafen am Rhein;Rheinland-Pfalz;FDP;fdp;2019.0;Kommunalwahlprogramm Gemeinde;Gemeinde;Hauptkorpus: kommunales Wahlprogramm der Gemeinde;manifestos/lu19fdp.txt
main;lu19fwg.txt;9b300acaf0d8e89f0d78d86970ea9563f6f4bc10c92ab94b5414a3f550383ac1;6713;GLMP-DE0DE446AD;Ludwigshafen am Rhein;Rheinland-Pfalz;Freie Wähler;fwg;2019.0;Kommunalwahlprogramm Gemeinde;Gemeinde;Hauptkorpus: kommunales Wahlprogramm der Gemeinde;manifestos/lu19fwg.txt
main;lu19gru.txt;c500bbc6645da6826a97b8b26705b5a35162b766331ea3670a3941c9ef24ef88;67553;GLMP-911A79ACDE;Ludwigshafen am Rhein;Rheinland-Pfalz;Grüne;gru;2019.0;Kommunalwahlprogramm Gemeinde;Gemeinde;Hauptkorpus: kommunales Wahlprogramm der Gemeinde;manifestos/lu19gru.txt
main;lu19pir.txt;bc76eddb62a0421b72f258e4853c613973198146b94624381199154271fa7145;24968;GLMP-48659ED211;Ludwigshafen am Rhein;Rheinland-Pfalz;Piraten;pir;2019.0;Kommunalwahlprogramm Gemeinde;Gemeinde;Hauptkorpus: kommunales Wahlprogramm der Gemeinde;manifestos/lu19pir.txt
main;lu19spd.txt;5c01d6d0c061c5324c26e9648b1a67c291d9221bdcf04d289ea6c934b7706737;97572;GLMP-B18769A14A;Ludwigshafen am Rhein;Rheinland-Pfalz;SPD;spd;2019.0;Kommunalwahlprogramm Gemeinde;Gemeinde;Hauptkorpus: kommunales Wahlprogramm der Gemeinde;manifestos/lu19spd.txt
main;mb19afd.txt;1d2bd87b5a78b07d5f9859511f37570928b1d67d4f8f604a7503785155db2574;59668;GLMP-075954E5B2;Magdeburg;Sachsen-Anhalt;Alternative für Deutschland;afd;2019.0;Kommunalwahlprogramm Gemeinde;Gemeinde;Hauptkorpus: kommunales Wahlprogramm der Gemeinde;manifestos/mb19afd.txt
main;mb19cdu.txt;880d80d604dcf02570a90b755a5e7837ffe59e0bb88211024470909f8443b9ce;55730;GLMP-B87F84AF27;Magdeburg;Sachsen-Anhalt;CDU;cdu;2019.0;Kommunalwahlprogramm Gemeinde;Gemeinde;Hauptkorpus: kommunales Wahlprogramm der Gemeinde;manifestos/mb19cdu.txt
main;mb19lin.txt;dd82641c9daee1e034b0383454d02a939a1c7ac37a705421626d2f754e3660ce;49307;GLMP-B59D71EB42;Magdeburg;Sachsen-Anhalt;Die Linke;lin;2019.0;Kommunalwahlprogramm Gemeinde;Gemeinde;Hauptkorpus: kommunales Wahlprogramm der Gemeinde;manifestos/mb19lin.txt
main;mb19gar.txt;8890bb5663027840629b9249883e184c2b5af00b06f7d40c2bb3afea33fd80ec;4707;GLMP-CB48AF0D31;Magdeburg;Sachsen-Anhalt;Gartenpartei (Magdeburg);gar;2019.0;Kommunalwahlprogramm Gemeinde;Gemeinde;Hauptkorpus: kommunales Wahlprogramm der Gemeinde;manifestos/mb19gar.txt
main;mb19tsa.txt;d54bf2e8affd99392284f0e0f41de5231def5cfc9f930847ea5e7107afa23795;52402;GLMP-87C2C35944;Magdeburg;Sachsen-Anhalt;Tierschutzallianz;tsa;2019.0;Kommunalwahlprogramm Gemeinde;Gemeinde;Hauptkorpus: kommunales Wahlprogramm der Gemeinde;manifestos/mb19tsa.txt
main;mb19tsp.txt;fbad3df4c3a843df9ba88405bb3d2cb23eceb62e2887178607b2b9feaeb04008;132193;GLMP-44E01D5BC2;Magdeburg;Sachsen-Anhalt;Tierschutzpartei;tsp;2019.0;Kommunalwahlprogramm Gemeinde;Gemeinde;Hauptkorpus: kommunales Wahlprogramm der Gemeinde;manifestos/mb19tsp.txt
main;mb19ftr.txt;7e13b12014a3063449492468fde487114736417e53c1d63ccae702ac89492a5f;4485;GLMP-9973C1BA7E;Magdeburg;Sachsen-Anhalt;future! (Magdeburg);ftr;2019.0;Kommunalwahlprogramm Gemeinde;Gemeinde;Hauptkorpus: kommunales Wahlprogramm der Gemeinde;manifestos/mb19ftr.txt
main;mz19afd.txt;bcbae1a1fabfdef60a09ae6c752ddf4b6687ae1b5da0dadcddc89f5002ac5ee4;4365;GLMP-8339E28397;Mainz;Rheinland-Pfalz;Alternative für Deutschland;afd;2019.0;Kommunalwahlprogramm Gemeinde;Gemeinde;Hauptkorpus: kommunales Wahlprogramm der Gemeinde;manifestos/mz19afd.txt
main;mz19big.txt;83b8d70d52876c3fff238a68527443227b67353ebf79517f0fa54c2c345cb3c9;1365;GLMP-EBF463D7B7;Mainz;Rheinland-Pfalz;Bündnis für Innovation & Gerechtigkeit;big;2019.0;Kommunalwahlprogramm Gemeinde;Gemeinde;Hauptkorpus: kommunales Wahlprogramm der Gemeinde;manifestos/mz19big.txt
main;mz19cdu.txt;081921f796adcc5336741d5fb837f56990c7c03bb9015dcefdde29afeaa3f317;52683;GLMP-8D751FD5D5;Mainz;Rheinland-Pfalz;CDU;cdu;2019.0;Kommunalwahlprogramm Gemeinde;Gemeinde;Hauptkorpus: kommunales Wahlprogramm der Gemeinde;manifestos/mz19cdu.txt
main;mz19lin.txt;159759325f8aaff8933132daa9b06716181f922e0a0328426ce860817fd66c69;122903;GLMP-CED76D8B8D;Mainz;Rheinland-Pfalz;Die Linke;lin;2019.0;Kommunalwahlprogramm Gemeinde;Gemeinde;Hauptkorpus: kommunales Wahlprogramm der Gemeinde;manifestos/mz19lin.txt
main;mz19par.txt;e30b950e03c1eb8394695e4821fceb122dd7ac9b5753f766c0592c603c36f9bd;1166;GLMP-1DC17FCE86;Mainz;Rheinland-Pfalz;Die Partei;par;2019.0;Kommunalwahlprogramm Gemeinde;Gemeinde;Hauptkorpus: kommunales Wahlprogramm der Gemeinde;manifestos/mz19par.txt
main;mz19fdp.txt;430b3c323e3c62e94c4d358d4d06de0bba6a5875fd83a9af5e451d14e22cc93d;105165;GLMP-CE1ECA249E;Mainz;Rheinland-Pfalz;FDP;fdp;2019.0;Kommunalwahlprogramm Gemeinde;Gemeinde;Hauptkorpus: kommunales Wahlprogramm der Gemeinde;manifestos/mz19fdp.txt
main;mz19fwg.txt;78d51e424b78305df0d3d54a0bd9230750333fcad3d03deb583e878a30ef6566;8329;GLMP-6E65B06593;Mainz;Rheinland-Pfalz;Freie Wähler;fwg;2019.0;Kommunalwahlprogramm Gemeinde;Gemeinde;Hauptkorpus: kommunales Wahlprogramm der Gemeinde;manifestos/mz19fwg.txt
main;mz19gru.txt;b59954c65d27081aa74548aaf2d594b9f7b415eb1050118b59dd650fd411adf2;135632;GLMP-31DE556EB2;Mainz;Rheinland-Pfalz;Grüne;gru;2019.0;Kommunalwahlprogramm Gemeinde;Gemeinde;Hauptkorpus: kommunales Wahlprogramm der Gemeinde;manifestos/mz19gru.txt
main;mz19pir.txt;5d1064e0a0eaef3212a01d07a78b32483e9e6dbf52ce504d8ad3a41dcd564e24;6697;GLMP-D4C2638F0C;Mainz;Rheinland-Pfalz;Piraten;pir;2019.0;Kommunalwahlprogramm Gemeinde;Gemeinde;Hauptkorpus: kommunales Wahlprogramm der Gemeinde;manifestos/mz19pir.txt
main;mz19spd.txt;42d8ca9a17666317c34023b5a274c79a1db8b032a62a77af75e59fa86cdb762b;64284;GLMP-F1B204DE81;Mainz;Rheinland-Pfalz;SPD;spd;2019.0;Kommunalwahlprogramm Gemeinde;Gemeinde;Hauptkorpus: kommunales Wahlprogramm der Gemeinde;manifestos/mz19spd.txt
main;mz19vlt.txt;70fc2120c2ff1be4c8ae927a5217586690828f8e0681df07a2e3b80335b7a1c7;8163;GLMP-497808019F;Mainz;Rheinland-Pfalz;Volt;vlt;2019.0;Kommunalwahlprogramm Gemeinde;Gemeinde;Hauptkorpus: kommunales Wahlprogramm der Gemeinde;manifestos/mz19vlt.txt
main;mz19odp.txt;ee3ee71ce9be5db8f4b89febb8e8b89008464bc7eb25603e4021b556d3df4fa3;36396;GLMP-57B1F603FF;Mainz;Rheinland-Pfalz;Ökologisch-Demokratische Partei (ÖDP);odp;2019.0;Kommunalwahlprogramm Gemeinde;Gemeinde;Hauptkorpus: kommunales Wahlprogramm der Gemeinde;manifestos/mz19odp.txt
main;ma19lin.txt;87c8240ca91ec73c7117ed8d0cdd0d13f9b930c386da1ba7f105c5030af40026;116967;GLMP-84FB874747;Mannheim;Baden-Württemberg;Die Linke;lin;2019.0;Kommunalwahlprogramm Gemeinde;Gemeinde;Hauptkorpus: kommunales Wahlprogramm der Gemeinde;manifestos/ma19lin.txt
main;ma19par.txt;cc84ec52ffe2b7bde2c6a7ce55b8cdfd37379a603859df27efa8593b9e83821e;1790;GLMP-704BA2061C;Mannheim;Baden-Württemberg;Die Partei;par;2019.0;Kommunalwahlprogramm Gemeinde;Gemeinde;Hauptkorpus: kommunales Wahlprogramm der Gemeinde;manifestos/ma19par.txt
main;ma19fdp.txt;3dc5c2494e3f2123f6964e2f4397c82c05ecc7634d6f22a1484e2e413e1454ef;111458;GLMP-ACF6788C94;Mannheim;Baden-Württemberg;FDP;fdp;2019.0;Kommunalwahlprogramm Gemeinde;Gemeinde;Hauptkorpus: kommunales Wahlprogramm der Gemeinde;manifestos/ma19fdp.txt
main;ma19mal.txt;56dbf5d92583252456171f51651ec481a4bb06f860f07974f25b8e92390d3195;7980;GLMP-AE0170CFE8;Mannheim;Baden-Württemberg;Freie Wähler – Mannheimer Liste (ML);mal;2019.0;Kommunalwahlprogramm Gemeinde;Gemeinde;Hauptkorpus: kommunales Wahlprogramm der Gemeinde;manifestos/ma19mal.txt
main;ma19gru.txt;93a2fc8afc2ff247b4b3967a8f6d70bb70c1bdd94b5dc8de8dfef641cbe9ce27;166583;GLMP-AE360AD9D7;Mannheim;Baden-Württemberg;Grüne;gru;2019.0;Kommunalwahlprogramm Gemeinde;Gemeinde;Hauptkorpus: kommunales Wahlprogramm der Gemeinde;manifestos/ma19gru.txt
main;ma19tsp.txt;1fbf1b88ff9edb300cdc3c506885f605189c428db3c59d84fc08102a597f631e;2980;GLMP-816BFCD450;Mannheim;Baden-Württemberg;Tierschutzpartei;tsp;2019.0;Kommunalwahlprogramm Gemeinde;Gemeinde;Hauptkorpus: kommunales Wahlprogramm der Gemeinde;manifestos/ma19tsp.txt
main;pf19cdu.txt;34893f4baffacb49c2b6bac7552b1be76a6f5211ff9ff95bc7110a509f49b46d;13449;GLMP-59A9341B56;Pforzheim;Baden-Württemberg;CDU;cdu;2019.0;Kommunalwahlprogramm Gemeinde;Gemeinde;Hauptkorpus: kommunales Wahlprogramm der Gemeinde;manifestos/pf19cdu.txt
main;pf19lin.txt;8d510da9581a60cdfbc28cbfae23e2cc93954d879d752bb0c5dadfeff21af3fa;5865;GLMP-E2782153F8;Pforzheim;Baden-Württemberg;Die Linke;lin;2019.0;Kommunalwahlprogramm Gemeinde;Gemeinde;Hauptkorpus: kommunales Wahlprogramm der Gemeinde;manifestos/pf19lin.txt
main;pf19eid.txt;816a20c4a3fcc04460b13f56580f04ed1e26b291f2740376861d536376393069;953;GLMP-F0F3D3521E;Pforzheim;Baden-Württemberg;Eltern in Deutschland (Pforzheim);eid;2019.0;Kommunalwahlprogramm Gemeinde;Gemeinde;Hauptkorpus: kommunales Wahlprogramm der Gemeinde;manifestos/pf19eid.txt
main;pf19fwg.txt;f7851961b3be8e1acd37b579d0a30bf6ec3fa3317ea38e8e04c772e1699ba4c3;4349;GLMP-087958132A;Pforzheim;Baden-Württemberg;Freie Wähler;fwg;2019.0;Kommunalwahlprogramm Gemeinde;Gemeinde;Hauptkorpus: kommunales Wahlprogramm der Gemeinde;manifestos/pf19fwg.txt
main;pf19gru.txt;8e8ceedafc1b119316900854f3e30c28d7b78a422f83bf17850240bced9f8026;3351;GLMP-F5528B5C89;Pforzheim;Baden-Württemberg;Grüne;gru;2019.0;Kommunalwahlprogramm Gemeinde;Gemeinde;Hauptkorpus: kommunales Wahlprogramm der Gemeinde;manifestos/pf19gru.txt
main;pf19spd.txt;6cc9154d3c6d5770ba7f564331f5630ddf461266ccb436f17c36d5e707a7a7d0;2759;GLMP-49B21411CA;Pforzheim;Baden-Württemberg;SPD;spd;2019.0;Kommunalwahlprogramm Gemeinde;Gemeinde;Hauptkorpus: kommunales Wahlprogramm der Gemeinde;manifestos/pf19spd.txt
main;pf19uab.txt;112d64f15eb0ac2008ded572d046c5028f0ba583065a24c6fbec0454e18d82f1;2531;GLMP-064C822BBC;Pforzheim;Baden-Württemberg;Unabhängige Bürger für Pforzheim;uab;2019.0;Kommunalwahlprogramm Gemeinde;Gemeinde;Hauptkorpus: kommunales Wahlprogramm der Gemeinde;manifestos/pf19uab.txt
main;po19afd.txt;5570acb80c4ceb3495d4d7daa13e5c166c3e9ed6e902694fa70aab4d914c00df;54771;GLMP-D3514F4F25;Potsdam;Brandenburg;Alternative für Deutschland;afd;2019.0;Kommunalwahlprogramm Gemeinde;Gemeinde;Hauptkorpus: kommunales Wahlprogramm der Gemeinde;manifestos/po19afd.txt
main;po19bbp.txt;efa32523907a9b82422759bfc0d15ac708da4f743a044f9108b938742c01fc93;8817;GLMP-49EE36BD11;Potsdam;Brandenburg;Bürgerbündnis Potsdam;bbp;2019.0;Kommunalwahlprogramm Gemeinde;Gemeinde;Hauptkorpus: kommunales Wahlprogramm der Gemeinde;manifestos/po19bbp.txt
main;po19cdu.txt;916e8548018c60e4399e8e504ff782e80573fd0e68e0bbe5ec8f4bf0078a6b30;16005;GLMP-49BEAD546E;Potsdam;Brandenburg;CDU;cdu;2019.0;Kommunalwahlprogramm Gemeinde;Gemeinde;Hauptkorpus: kommunales Wahlprogramm der Gemeinde;manifestos/po19cdu.txt
main;po19lin.txt;864bc4d3b5e3c0fb2841ea7239c4b9e72fb275c433d15c27247a35aa2d79b3ad;86761;GLMP-9DA82CF007;Potsdam;Brandenburg;Die Linke;lin;2019.0;Kommunalwahlprogramm Gemeinde;Gemeinde;Hauptkorpus: kommunales Wahlprogramm der Gemeinde;manifestos/po19lin.txt
main;po19dia.txt;9aae5f1922abd4571a3c3ffb2960816cc53724ba6f0d52579ba8b3926cfa8ac7;65825;GLMP-375DB7E6F4;Potsdam;Brandenburg;Die aNDERE;dia;2019.0;Kommunalwahlprogramm Gemeinde;Gemeinde;Hauptkorpus: kommunales Wahlprogramm der Gemeinde;manifestos/po19dia.txt
main;po19fdp.txt;d44163875d9a6f75766db7374c363c7249f01f10043c22a2749d3e7668b00a47;11290;GLMP-12AB13A7B7;Potsdam;Brandenburg;FDP;fdp;2019.0;Kommunalwahlprogramm Gemeinde;Gemeinde;Hauptkorpus: kommunales Wahlprogramm der Gemeinde;manifestos/po19fdp.txt
main;po19fwg.txt;9e75ae9e1395e2c9459b9f95f5cb3ff233551de0574e2a31e6a02602da39f223;14629;GLMP-755B7B72EB;Potsdam;Brandenburg;Freie Wähler;fwg;2019.0;Kommunalwahlprogramm Gemeinde;Gemeinde;Hauptkorpus: kommunales Wahlprogramm der Gemeinde;manifestos/po19fwg.txt
main;po19gru.txt;e16c13f7dbadc436248733406a0e46fb0c8a534daa36e180014d4467fe5b7758;114899;GLMP-FE5480E396;Potsdam;Brandenburg;Grüne;gru;2019.0;Kommunalwahlprogramm Gemeinde;Gemeinde;Hauptkorpus: kommunales Wahlprogramm der Gemeinde;manifestos/po19gru.txt
main;po19ich.txt;e4d06d200b9fa88d637aed4afaf1ec1e4ea661188bfb57dc88bfb46cebd46b91;2697;GLMP-C51B878223;Potsdam;Brandenburg;Ich;ich;2019.0;Kommunalwahlprogramm Gemeinde;Gemeinde;Hauptkorpus: kommunales Wahlprogramm der Gemeinde;manifestos/po19ich.txt
main;po19spd.txt;761b532a11716addb495295a34736635d6bf6b8a722568b1487b3a1acc74be4a;43848;GLMP-627875EA26;Potsdam;Brandenburg;SPD;spd;2019.0;Kommunalwahlprogramm Gemeinde;Gemeinde;Hauptkorpus: kommunales Wahlprogramm der Gemeinde;manifestos/po19spd.txt
main;rt19afd.txt;1da0df5d8e54f9989d4c91d7d01403d7c267cacb88da040667c4947dbc404ba2;5188;GLMP-7064AF53B6;Reutlingen;Baden-Württemberg;Alternative für Deutschland;afd;2019.0;Kommunalwahlprogramm Gemeinde;Gemeinde;Hauptkorpus: kommunales Wahlprogramm der Gemeinde;manifestos/rt19afd.txt
main;rt19cdu.txt;60c613e0491c1db269e4fcb98bc0dcc25ff810eb3d65e9de112bcb77cf7caded;10192;GLMP-66C619218D;Reutlingen;Baden-Württemberg;CDU;cdu;2019.0;Kommunalwahlprogramm Gemeinde;Gemeinde;Hauptkorpus: kommunales Wahlprogramm der Gemeinde;manifestos/rt19cdu.txt
main;rt19guu.txt;20ef26b7b12df7f72ca10d8bcb4d84502ca0ee08241ef376e967a984666d402a;15147;GLMP-3ED6D11E1C;Reutlingen;Baden-Württemberg;Die Grünen und Unabhängigen;guu;2019.0;Kommunalwahlprogramm Gemeinde;Gemeinde;Hauptkorpus: kommunales Wahlprogramm der Gemeinde;manifestos/rt19guu.txt
main;rt19lin.txt;ba809b6502230570af6a2b8c3f661f0a50a6efdf48eb989c9931ae276815eff9;20568;GLMP-2526161D4C;Reutlingen;Baden-Württemberg;Die Linke;lin;2019.0;Kommunalwahlprogramm Gemeinde;Gemeinde;Hauptkorpus: kommunales Wahlprogramm der Gemeinde;manifestos/rt19lin.txt
main;rt19fwg.txt;cb74889eeec621474aad54db9a229b5f8e0a47b54805e70a61aa0caf9870b7e3;4271;GLMP-14CFDA6EED;Reutlingen;Baden-Württemberg;Freie Wähler;fwg;2019.0;Kommunalwahlprogramm Gemeinde;Gemeinde;Hauptkorpus: kommunales Wahlprogramm der Gemeinde;manifestos/rt19fwg.txt
main;rt19spd.txt;649e22a8f4db8e62bf28c6cecf67781d5cec2e671b54a989b0ba364debb813de;8260;GLMP-98F9681A00;Reutlingen;Baden-Württemberg;SPD;spd;2019.0;Kommunalwahlprogramm Gemeinde;Gemeinde;Hauptkorpus: kommunales Wahlprogramm der Gemeinde;manifestos/rt19spd.txt
main;rt19wir.txt;c76805857b873d649ee35609b7d9e2d944ed34c49de59343a36e5bdc883a1a0e;4119;GLMP-BE05945176;Reutlingen;Baden-Württemberg;WIR;wir;2019.0;Kommunalwahlprogramm Gemeinde;Gemeinde;Hauptkorpus: kommunales Wahlprogramm der Gemeinde;manifestos/rt19wir.txt
main;ro19afd.txt;45413f8b624b83d5f38706c53296638f43609a3d80902acd781627a5f4cbf7f1;11551;GLMP-8AE12303C7;Rostock;Mecklenburg-Vorpommern;Alternative für Deutschland;afd;2019.0;Kommunalwahlprogramm Gemeinde;Gemeinde;Hauptkorpus: kommunales Wahlprogramm der Gemeinde;manifestos/ro19afd.txt
main;ro19cdu.txt;b330ec460e21b4e3065ec4717775166efec2a932955847a98c83a7c1e6d25870;36740;GLMP-25AEBE0AF4;Rostock;Mecklenburg-Vorpommern;CDU;cdu;2019.0;Kommunalwahlprogramm Gemeinde;Gemeinde;Hauptkorpus: kommunales Wahlprogramm der Gemeinde;manifestos/ro19cdu.txt
main;ro19lin.txt;41c7fd5f0b7cb2e24e78efb5568ee91be1c12d5456bcf76f0f177e3c66d7dffe;7436;GLMP-3D5D26EDB8;Rostock;Mecklenburg-Vorpommern;Die Linke;lin;2019.0;Kommunalwahlprogramm Gemeinde;Gemeinde;Hauptkorpus: kommunales Wahlprogramm der Gemeinde;manifestos/ro19lin.txt
main;ro19fdp.txt;9feb1ca4af0ef99bc93e441911a3d88af45173df7a71a2351fd10e5544c1351f;91075;GLMP-7B99B9283B;Rostock;Mecklenburg-Vorpommern;FDP;fdp;2019.0;Kommunalwahlprogramm Gemeinde;Gemeinde;Hauptkorpus: kommunales Wahlprogramm der Gemeinde;manifestos/ro19fdp.txt
main;ro19fwg.txt;a26ca92fb2d117473a495a41854a090e33d38df6ce07f924682c1f21b149e092;728;GLMP-F9A8D0D75F;Rostock;Mecklenburg-Vorpommern;Freie Wähler;fwg;2019.0;Kommunalwahlprogramm Gemeinde;Gemeinde;Hauptkorpus: kommunales Wahlprogramm der Gemeinde;manifestos/ro19fwg.txt
main;ro19gru.txt;dc0cc8e4b5da9a72b4e1135ead427e053f58ad8026667a87d20413c6233168d1;118212;GLMP-FE989A6B8D;Rostock;Mecklenburg-Vorpommern;Grüne;gru;2019.0;Kommunalwahlprogramm Gemeinde;Gemeinde;Hauptkorpus: kommunales Wahlprogramm der Gemeinde;manifestos/ro19gru.txt
main;ro19rob.txt;150a2d468c2fcd7149172c3f881a63edc9f683260428a8faeaf56bf8ddae4220;9992;GLMP-CA15A660D4;Rostock;Mecklenburg-Vorpommern;Rostocker Bund;rob;2019.0;Kommunalwahlprogramm Gemeinde;Gemeinde;Hauptkorpus: kommunales Wahlprogramm der Gemeinde;manifestos/ro19rob.txt
main;ro19spd.txt;31545cc7f5dc31a0323ab072e22c356f31f973d9842f918e2ca66c43084e9732;4829;GLMP-2C476205BF;Rostock;Mecklenburg-Vorpommern;SPD;spd;2019.0;Kommunalwahlprogramm Gemeinde;Gemeinde;Hauptkorpus: kommunales Wahlprogramm der Gemeinde;manifestos/ro19spd.txt
main;ro19ufr.txt;137c41dfa93f76edd1bd485ab817d4eb4d7e742a5450e3be5138a17a12340d9f;19778;GLMP-5084205E54;Rostock;Mecklenburg-Vorpommern;Unabhängige Bürger für Rostock;ufr;2019.0;Kommunalwahlprogramm Gemeinde;Gemeinde;Hauptkorpus: kommunales Wahlprogramm der Gemeinde;manifestos/ro19ufr.txt
main;sb19cdu.txt;6139dd283c330573fdd7bc6a16fbd03f299d5ab8c5d9c6b69e2e69b4778b76a1;72552;GLMP-CAAD175BB7;Saarbruecken;Saarland;CDU;cdu;2019.0;Kommunalwahlprogramm Gemeinde;Gemeinde;Hauptkorpus: kommunales Wahlprogramm der Gemeinde;manifestos/sb19cdu.txt
main;sb19lin.txt;2e8484f3600ea02d72b7ffd9b0b90c3eebb216093f12f84652c371281d9df150;27866;GLMP-2B09664535;Saarbruecken;Saarland;Die Linke;lin;2019.0;Kommunalwahlprogramm Gemeinde;Gemeinde;Hauptkorpus: kommunales Wahlprogramm der Gemeinde;manifestos/sb19lin.txt
main;sb19fdp.txt;b789cae28a86534180f7347f4e5d8f85b7a9c9d6958b2729bede1fca950a26ae;58882;GLMP-31921EBCA3;Saarbruecken;Saarland;FDP;fdp;2019.0;Kommunalwahlprogramm Gemeinde;Gemeinde;Hauptkorpus: kommunales Wahlprogramm der Gemeinde;manifestos/sb19fdp.txt
main;sb19gru.txt;4745c021c6350d9046f42795fbb80afa4defdb5cb67ae44df37e7fb423274cab;49318;GLMP-A18AEBA623;Saarbruecken;Saarland;Grüne;gru;2019.0;Kommunalwahlprogramm Gemeinde;Gemeinde;Hauptkorpus: kommunales Wahlprogramm der Gemeinde;manifestos/sb19gru.txt
main;sb19spd.txt;af87d3b745bf0fbaff491fbf79569d2ab7bd3fa3402a784f96656d335d34dc31;153081;GLMP-399ABB7C0F;Saarbruecken;Saarland;SPD;spd;2019.0;Kommunalwahlprogramm Gemeinde;Gemeinde;Hauptkorpus: kommunales Wahlprogramm der Gemeinde;manifestos/sb19spd.txt
main;st19afd.txt;6269e6238781de092ac0c261969b1a57b551b006507d82c18a7b46025006476a;57479;GLMP-3B9066B694;Stuttgart;Baden-Württemberg;Alternative für Deutschland;afd;2019.0;Kommunalwahlprogramm Gemeinde;Gemeinde;Hauptkorpus: kommunales Wahlprogramm der Gemeinde;manifestos/st19afd.txt
main;st19bzs.txt;af4f2c59129ff2658c547df637a92a3d817b4a82e21b25bcb0b1981b8e466099;21534;GLMP-731E80DCA2;Stuttgart;Baden-Württemberg;Bündnis Zukunft Stuttgart23;bzs;2019.0;Kommunalwahlprogramm Gemeinde;Gemeinde;Hauptkorpus: kommunales Wahlprogramm der Gemeinde;manifestos/st19bzs.txt
main;st19cdu.txt;c9a4b8c4cee84222eef8e8f848d23653435a6de981835b20ecd7b37eaed0bd21;42952;GLMP-B729242C88;Stuttgart;Baden-Württemberg;CDU;cdu;2019.0;Kommunalwahlprogramm Gemeinde;Gemeinde;Hauptkorpus: kommunales Wahlprogramm der Gemeinde;manifestos/st19cdu.txt
main;st19dib.txt;b465410f593254509d69a92357d381992c3de3e5aa614217cdc3b068a3b83d12;595;GLMP-12B74F702B;Stuttgart;Baden-Württemberg;Demokratie in Bewegung (Stuttgart);dib;2019.0;Kommunalwahlprogramm Gemeinde;Gemeinde;Hauptkorpus: kommunales Wahlprogramm der Gemeinde;manifestos/st19dib.txt
main;st19lin.txt;245087f91f31f8cd3cf9e960f65ecdc422da4e66d036151eb9240274aaeaf796;77219;GLMP-1899C0BF9B;Stuttgart;Baden-Württemberg;Die Linke;lin;2019.0;Kommunalwahlprogramm Gemeinde;Gemeinde;Hauptkorpus: kommunales Wahlprogramm der Gemeinde;manifestos/st19lin.txt
main;st19par.txt;5578bbc9522641a1aa0be8110b69205c57766117ce83b8a6f2ef0e9f3148759a;474;GLMP-0002A12C2A;Stuttgart;Baden-Württemberg;Die Partei;par;2019.0;Kommunalwahlprogramm Gemeinde;Gemeinde;Hauptkorpus: kommunales Wahlprogramm der Gemeinde;manifestos/st19par.txt
main;st19fdp.txt;53ea15409a8a5a7083d7f16b3c722234657669d1a737189bd207261bc74f030a;37620;GLMP-BF51E9AE29;Stuttgart;Baden-Württemberg;FDP;fdp;2019.0;Kommunalwahlprogramm Gemeinde;Gemeinde;Hauptkorpus: kommunales Wahlprogramm der Gemeinde;manifestos/st19fdp.txt
main;st19fli.txt;9125150c122717bf2d8aba35840d4cfac52662df881b03be4385a86d664d4445;1980;GLMP-2E1018B144;Stuttgart;Baden-Württemberg;Feministische Liste (Stuttgart);fli;2019.0;Kommunalwahlprogramm Gemeinde;Gemeinde;Hauptkorpus: kommunales Wahlprogramm der Gemeinde;manifestos/st19fli.txt
main;st19fwg.txt;bd3bf26d427844081858ae4890d38e883b6d3a78da0d0b1a3ef4863dd2a3385a;12629;GLMP-14170E0615;Stuttgart;Baden-Württemberg;Freie Wähler;fwg;2019.0;Kommunalwahlprogramm Gemeinde;Gemeinde;Hauptkorpus: kommunales Wahlprogramm der Gemeinde;manifestos/st19fwg.txt
main;st19gru.txt;e13195af1429556dd23b2cb13f737bd4d1b7c45c231f90e0258d64010bbbd7eb;25367;GLMP-937DDB5F52;Stuttgart;Baden-Württemberg;Grüne;gru;2019.0;Kommunalwahlprogramm Gemeinde;Gemeinde;Hauptkorpus: kommunales Wahlprogramm der Gemeinde;manifestos/st19gru.txt
main;st19jli.txt;b97565800d0c266d2cde26942b853cf9eeb1efb834335b6fbf2d0c8e4d2d835d;5650;GLMP-0142E48F34;Stuttgart;Baden-Württemberg;Junge Liste (Stuttgart);jli;2019.0;Kommunalwahlprogramm Gemeinde;Gemeinde;Hauptkorpus: kommunales Wahlprogramm der Gemeinde;manifestos/st19jli.txt
main;st19kfv.txt;a8737c89451ce21e309c9ae53bd3c47afb1e5714ee5a838c58ecc7728bec7a79;8383;GLMP-CF423B45ED;Stuttgart;Baden-Württemberg;Kein Fahrverbot (Stuttgart);kfv;2019.0;Kommunalwahlprogramm Gemeinde;Gemeinde;Hauptkorpus: kommunales Wahlprogramm der Gemeinde;manifestos/st19kfv.txt
main;st19pir.txt;3f95c49f08eba802918ab81a57e6bef3fd0640cdf24358defa3d84f884b4a8f4;75533;GLMP-EDF27619B7;Stuttgart;Baden-Württemberg;Piraten;pir;2019.0;Kommunalwahlprogramm Gemeinde;Gemeinde;Hauptkorpus: kommunales Wahlprogramm der Gemeinde;manifestos/st19pir.txt
main;st19spd.txt;15defc3e2a5f14106a3f931a715e934a1e07dad6f0c1facd85bb13d81f6545ac;128964;GLMP-08D4AF6905;Stuttgart;Baden-Württemberg;SPD;spd;2019.0;Kommunalwahlprogramm Gemeinde;Gemeinde;Hauptkorpus: kommunales Wahlprogramm der Gemeinde;manifestos/st19spd.txt
main;st19sub.txt;7f29f55786642417b57940f6979f8ac1f55cdebaa1196e1b137306d6fda12ee0;6357;GLMP-D860AFFC7F;Stuttgart;Baden-Württemberg;Schertlens unabhängige Bürger (Stuttgart);sub;2019.0;Kommunalwahlprogramm Gemeinde;Gemeinde;Hauptkorpus: kommunales Wahlprogramm der Gemeinde;manifestos/st19sub.txt
main;st19stl.txt;ee3c5fca40b6995532e11214ff04cb0dbbbe47486fc61957bfe70a58d4982a46;12549;GLMP-C79F99456F;Stuttgart;Baden-Württemberg;Stadtliste;stl;2019.0;Kommunalwahlprogramm Gemeinde;Gemeinde;Hauptkorpus: kommunales Wahlprogramm der Gemeinde;manifestos/st19stl.txt
main;st19sos.txt;a51668d6e59859588d5504a97b60d616fb13ee24cb6d4efc9f33ad31b80d8067;166785;GLMP-0E71650FCC;Stuttgart;Baden-Württemberg;SÖS (Stuttgart Ökologisch Sozial);sos;2019.0;Kommunalwahlprogramm Gemeinde;Gemeinde;Hauptkorpus: kommunales Wahlprogramm der Gemeinde;manifestos/st19sos.txt
main;st19tsp.txt;54f17a8f1845872c804dadd7cbe718cc28ccd1920d774845e522c75ea5e649f8;3206;GLMP-48EB6294B3;Stuttgart;Baden-Württemberg;Tierschutzpartei;tsp;2019.0;Kommunalwahlprogramm Gemeinde;Gemeinde;Hauptkorpus: kommunales Wahlprogramm der Gemeinde;manifestos/st19tsp.txt
main;st19odp.txt;94c9a2e7add99896f096b2b2d5b1a593e1750f866f36b31240b56cf55f4e8723;67603;GLMP-3E8CBD6E6B;Stuttgart;Baden-Württemberg;Ökologisch-Demokratische Partei (ÖDP);odp;2019.0;Kommunalwahlprogramm Gemeinde;Gemeinde;Hauptkorpus: kommunales Wahlprogramm der Gemeinde;manifestos/st19odp.txt
main;tr19afd.txt;4f36f3b3493c22a0354045f4d0fc8fcb903882b150bc160b26c327a9e0754804;29340;GLMP-364B94CB69;Trier;Rheinland-Pfalz;Alternative für Deutschland;afd;2019.0;Kommunalwahlprogramm Gemeinde;Gemeinde;Hauptkorpus: kommunales Wahlprogramm der Gemeinde;manifestos/tr19afd.txt
main;tr19cdu.txt;4ee195f4395eee0762d6b0e3f5f249da7245062fd39c282ec1b454d944b4f1e1;25309;GLMP-DEC510554F;Trier;Rheinland-Pfalz;CDU;cdu;2019.0;Kommunalwahlprogramm Gemeinde;Gemeinde;Hauptkorpus: kommunales Wahlprogramm der Gemeinde;manifestos/tr19cdu.txt
main;tr19lin.txt;1c74668057491b4a9d2e19642066b2e311b714afff8d1b2ac99800968c2ea636;84605;GLMP-2D1CA7E5B4;Trier;Rheinland-Pfalz;Die Linke;lin;2019.0;Kommunalwahlprogramm Gemeinde;Gemeinde;Hauptkorpus: kommunales Wahlprogramm der Gemeinde;manifestos/tr19lin.txt
main;tr19par.txt;29d0a1714476fb711ec8af00773c5f6ab60b25956d8076f1f5749e0b53e2508c;3714;GLMP-17EDF0F9E8;Trier;Rheinland-Pfalz;Die Partei;par;2019.0;Kommunalwahlprogramm Gemeinde;Gemeinde;Hauptkorpus: kommunales Wahlprogramm der Gemeinde;manifestos/tr19par.txt
main;tr19fdp.txt;26dc3cd0e87b3528dbc2cc10629869d8fbf2b86b078134baca1d6117189fc951;46068;GLMP-6EBBAF50B7;Trier;Rheinland-Pfalz;FDP;fdp;2019.0;Kommunalwahlprogramm Gemeinde;Gemeinde;Hauptkorpus: kommunales Wahlprogramm der Gemeinde;manifestos/tr19fdp.txt
main;tr19gru.txt;d74fcc36e7182ba330a3833f78c805e28226f3e8a3d7c025048ad5a639893aae;150635;GLMP-D2BA73BD32;Trier;Rheinland-Pfalz;Grüne;gru;2019.0;Kommunalwahlprogramm Gemeinde;Gemeinde;Hauptkorpus: kommunales Wahlprogramm der Gemeinde;manifestos/tr19gru.txt
main;tr19spd.txt;88f2d31581b24d5b8e9fde7b9427c3956c32482610ecdd811f25d3e624e24ebc;15408;GLMP-C4F3177292;Trier;Rheinland-Pfalz;SPD;spd;2019.0;Kommunalwahlprogramm Gemeinde;Gemeinde;Hauptkorpus: kommunales Wahlprogramm der Gemeinde;manifestos/tr19spd.txt
main;ul19blo.txt;e1ea19785e4f9b8626ba51f80377431d222f047d7ca89772407d3ebd9db19117;30357;GLMP-E66C66BA94;Ulm;Baden-Württemberg;Bündnis lebenswerte Ortschaften;blo;2019.0;Kommunalwahlprogramm Gemeinde;Gemeinde;Hauptkorpus: kommunales Wahlprogramm der Gemeinde;manifestos/ul19blo.txt
main;ul19cdu.txt;44614eb93936aef0a3af1b67a036e10f68ecc7cc3601e03798ecb171e65f3b3a;12758;GLMP-0E369CE0F6;Ulm;Baden-Württemberg;CDU;cdu;2019.0;Kommunalwahlprogramm Gemeinde;Gemeinde;Hauptkorpus: kommunales Wahlprogramm der Gemeinde;manifestos/ul19cdu.txt
main;ul19lin.txt;4d190a1ac683a5c208b9d0d84ab3a7bd0ba700665adaee79a04b34ac1e92bbc1;31429;GLMP-B79B1183E7;Ulm;Baden-Württemberg;Die Linke;lin;2019.0;Kommunalwahlprogramm Gemeinde;Gemeinde;Hauptkorpus: kommunales Wahlprogramm der Gemeinde;manifestos/ul19lin.txt
main;ul19fdp.txt;9cdf876a437ffd914f07a0ed6dc2f9a4b6360eba8973eafc06c04acdb9979cd8;20997;GLMP-0566A1AC0B;Ulm;Baden-Württemberg;FDP;fdp;2019.0;Kommunalwahlprogramm Gemeinde;Gemeinde;Hauptkorpus: kommunales Wahlprogramm der Gemeinde;manifestos/ul19fdp.txt
main;ul19gru.txt;a13c4020c4d044747ec3f5958c5fab9708f88ed69381a191dbfb835729db385d;37719;GLMP-6936D9AC77;Ulm;Baden-Württemberg;Grüne;gru;2019.0;Kommunalwahlprogramm Gemeinde;Gemeinde;Hauptkorpus: kommunales Wahlprogramm der Gemeinde;manifestos/ul19gru.txt
main;ul19pir.txt;c536b390ba2207cc3a633cb9934db9b1cf3601d921a4ad1921f6d2f351e34e67;11380;GLMP-AD635BA022;Ulm;Baden-Württemberg;Piraten;pir;2019.0;Kommunalwahlprogramm Gemeinde;Gemeinde;Hauptkorpus: kommunales Wahlprogramm der Gemeinde;manifestos/ul19pir.txt
main;ul19spd.txt;d2a95a24aefee8e87237f96fb6f2f4f30bb0f0fed760b202d0d659bdd64694ef;32248;GLMP-5BDF715985;Ulm;Baden-Württemberg;SPD;spd;2019.0;Kommunalwahlprogramm Gemeinde;Gemeinde;Hauptkorpus: kommunales Wahlprogramm der Gemeinde;manifestos/ul19spd.txt
main;ul19ufa.txt;b4b93501b96f29bb74eb6e9cec50923e1936ffcf97f17d923717b1061fedbc34;3407;GLMP-A16ED733B8;Ulm;Baden-Württemberg;Ulm für Alle;ufa;2019.0;Kommunalwahlprogramm Gemeinde;Gemeinde;Hauptkorpus: kommunales Wahlprogramm der Gemeinde;manifestos/ul19ufa.txt
main;ul19uws.txt;2e8c2a54e296c03d487190321e234e1e9f158e769013fcb3002291d353620d2c;989;GLMP-3D1A4926B9;Ulm;Baden-Württemberg;Unabhängige Wählervereinigung Söflingen;uws;2019.0;Kommunalwahlprogramm Gemeinde;Gemeinde;Hauptkorpus: kommunales Wahlprogramm der Gemeinde;manifestos/ul19uws.txt
main;ac20afd.txt;c1e9dff78dd7ceba59684d4b57ebe302ed01b5ff4d3f1203e12ea898ea85e251;14314;GLMP-802067E89B;Aachen;Nordrhein-Westfalen;Alternative für Deutschland;afd;2020.0;Kommunalwahlprogramm Gemeinde;Gemeinde;Hauptkorpus: kommunales Wahlprogramm der Gemeinde;manifestos/ac20afd.txt
main;ac20cdu.txt;f3fd8bfda544d7faf8e7d45d742faf40882f7b8f5b0d23eba3cae4b6220d174b;63798;GLMP-2ABD8A29F0;Aachen;Nordrhein-Westfalen;CDU;cdu;2020.0;Kommunalwahlprogramm Gemeinde;Gemeinde;Hauptkorpus: kommunales Wahlprogramm der Gemeinde;manifestos/ac20cdu.txt
main;ac20lin.txt;e1986fb715b708f24bb42b5283af67cecfe1ce5c9072a59e2f6ca7c11c00fda9;49126;GLMP-185C0EA23F;Aachen;Nordrhein-Westfalen;Die Linke;lin;2020.0;Kommunalwahlprogramm Gemeinde;Gemeinde;Hauptkorpus: kommunales Wahlprogramm der Gemeinde;manifestos/ac20lin.txt
main;ac20fdp.txt;a119c1237f50848e602850727258229063d3e1a2c4d63a0c57ce8e2c2482e0c2;44414;GLMP-3B0A2745FC;Aachen;Nordrhein-Westfalen;FDP;fdp;2020.0;Kommunalwahlprogramm Gemeinde;Gemeinde;Hauptkorpus: kommunales Wahlprogramm der Gemeinde;manifestos/ac20fdp.txt
main;ac20gru.txt;197005b019e19b4089c25671ac904b719ee7f269aa0295572eca69e35621e84c;262134;GLMP-86F66F52E7;Aachen;Nordrhein-Westfalen;Grüne;gru;2020.0;Kommunalwahlprogramm Gemeinde;Gemeinde;Hauptkorpus: kommunales Wahlprogramm der Gemeinde;manifestos/ac20gru.txt
main;ac20pir.txt;da1312c57acfb5c580fb82575ccccb0ec855c8d001fa5959ceae9f6d41bef1a9;39474;GLMP-ACD55733B2;Aachen;Nordrhein-Westfalen;Piraten;pir;2020.0;Kommunalwahlprogramm Gemeinde;Gemeinde;Hauptkorpus: kommunales Wahlprogramm der Gemeinde;manifestos/ac20pir.txt
main;ac20spd.txt;75eb969afcfd6d6595028368f46911883bf04bb47c4ad5ea448c4ecb9c2a1f61;91440;GLMP-4890084C23;Aachen;Nordrhein-Westfalen;SPD;spd;2020.0;Kommunalwahlprogramm Gemeinde;Gemeinde;Hauptkorpus: kommunales Wahlprogramm der Gemeinde;manifestos/ac20spd.txt
main;ac20vlt.txt;7e46f878bd8b5453ee6d46af6211545b85ad87fb9890ea8b2489be07d49c9017;69295;GLMP-12265E25EF;Aachen;Nordrhein-Westfalen;Volt;vlt;2020.0;Kommunalwahlprogramm Gemeinde;Gemeinde;Hauptkorpus: kommunales Wahlprogramm der Gemeinde;manifestos/ac20vlt.txt
main;ac20odp.txt;5ea393f650d8bb86ca669d4a6deeb07d96ede2dca96ba989657006de2cf33469;12836;GLMP-5EA2715AF4;Aachen;Nordrhein-Westfalen;Ökologisch-Demokratische Partei (ÖDP);odp;2020.0;Kommunalwahlprogramm Gemeinde;Gemeinde;Hauptkorpus: kommunales Wahlprogramm der Gemeinde;manifestos/ac20odp.txt
main;au20afd.txt;99e32ae69c4f982a94a96bca651577dc4319969eb3b83391975e5b8d059b6747;65722;GLMP-CDB1D0A249;Augsburg;Bayern;Alternative für Deutschland;afd;2020.0;Kommunalwahlprogramm Gemeinde;Gemeinde;Hauptkorpus: kommunales Wahlprogramm der Gemeinde;manifestos/au20afd.txt
main;au20aib.txt;060efe05727a8f3a10ed03dce3a75326e008d231845e352dd8a9d448426d1b22;37966;GLMP-70F9646DD4;Augsburg;Bayern;Augsburg in Bürgerhand;aib;2020.0;Kommunalwahlprogramm Gemeinde;Gemeinde;Hauptkorpus: kommunales Wahlprogramm der Gemeinde;manifestos/au20aib.txt
main;au20csu.txt;b93640271801d72ac557224a93bec09c0d8a91807da026b9c30118834286b24e;99123;GLMP-E27E206148;Augsburg;Bayern;CSU;csu;2020.0;Kommunalwahlprogramm Gemeinde;Gemeinde;Hauptkorpus: kommunales Wahlprogramm der Gemeinde;manifestos/au20csu.txt
main;au20dib.txt;28d27de1e23c1bc76f2693adfb70b84fa796b11352644b4d896e00237e49b8b3;29298;GLMP-1BE1C67627;Augsburg;Bayern;Demokratie in Bewegung (Stuttgart);dib;2020.0;Kommunalwahlprogramm Gemeinde;Gemeinde;Hauptkorpus: kommunales Wahlprogramm der Gemeinde;manifestos/au20dib.txt
main;au20lin.txt;0d9539b07c8ce16d6427e6e2fa75aaa410592df840968e46613c993f32970ee2;52288;GLMP-66E2BD127C;Augsburg;Bayern;Die Linke;lin;2020.0;Kommunalwahlprogramm Gemeinde;Gemeinde;Hauptkorpus: kommunales Wahlprogramm der Gemeinde;manifestos/au20lin.txt
main;au20par.txt;5e353c26e63cea29f1d6d83e399f1f2ebfb2cdc5f5cdc69df1bad5ed0491ecac;4349;GLMP-E76E7719B1;Augsburg;Bayern;Die Partei;par;2020.0;Kommunalwahlprogramm Gemeinde;Gemeinde;Hauptkorpus: kommunales Wahlprogramm der Gemeinde;manifestos/au20par.txt
main;au20fdp.txt;64b970417a21386b03635a3669b1da304e0f412e7b6544e254120aeb24ce1ae0;67959;GLMP-327EE8F264;Augsburg;Bayern;FDP;fdp;2020.0;Kommunalwahlprogramm Gemeinde;Gemeinde;Hauptkorpus: kommunales Wahlprogramm der Gemeinde;manifestos/au20fdp.txt
main;au20fwg.txt;ee7e5e437642049d40bdfee9f98e2ad6e28ce0e4d9666d6116f260559e3695c3;11007;GLMP-DA323C71BC;Augsburg;Bayern;Freie Wähler;fwg;2020.0;Kommunalwahlprogramm Gemeinde;Gemeinde;Hauptkorpus: kommunales Wahlprogramm der Gemeinde;manifestos/au20fwg.txt
main;au20aux.txt;b15ac4b55331e4b58fecf4f2d39f1f9cf851b6e1649f1c41313f3a4c55dae1b2;4255;GLMP-00785E688F;Augsburg;Bayern;Generation Aux;aux;2020.0;Kommunalwahlprogramm Gemeinde;Gemeinde;Hauptkorpus: kommunales Wahlprogramm der Gemeinde;manifestos/au20aux.txt
main;au20gru.txt;51d5cec1f41dfb1ccaa43fe67ddf249fdd3e568a16705f4ca4ba1a6108a9a617;215961;GLMP-719D5ABAC1;Augsburg;Bayern;Grüne;gru;2020.0;Kommunalwahlprogramm Gemeinde;Gemeinde;Hauptkorpus: kommunales Wahlprogramm der Gemeinde;manifestos/au20gru.txt
main;au20pro.txt;f06edbb4d5ab5f6fc3d985502da34ba8c5b56d881cf90d680890b225d7db39b3;19673;GLMP-24DC938A90;Augsburg;Bayern;Pro Augsburg;pro;2020.0;Kommunalwahlprogramm Gemeinde;Gemeinde;Hauptkorpus: kommunales Wahlprogramm der Gemeinde;manifestos/au20pro.txt
main;au20spd.txt;b350640cd5b35879abffcea73b2a31ca4dddc8e536ab0a66f550b0831a7294a5;90184;GLMP-5951113F2F;Augsburg;Bayern;SPD;spd;2020.0;Kommunalwahlprogramm Gemeinde;Gemeinde;Hauptkorpus: kommunales Wahlprogramm der Gemeinde;manifestos/au20spd.txt
main;au20vvv.txt;8d4311ab9fb7320135edaa9575b7884bac735c976a15c5cd7bfe17cf50c52b03;53115;GLMP-0FE5131EA9;Augsburg;Bayern;V³-Partei;vvv;2020.0;Kommunalwahlprogramm Gemeinde;Gemeinde;Hauptkorpus: kommunales Wahlprogramm der Gemeinde;manifestos/au20vvv.txt
main;au20wsa.txt;a6c1cb5eb412fd71e0e6bf859ab9b519d124f3e47ac320790da31960dee4b2a8;7781;GLMP-79C0ABDCBC;Augsburg;Bayern;Wir sind Augsburg;wsa;2020.0;Kommunalwahlprogramm Gemeinde;Gemeinde;Hauptkorpus: kommunales Wahlprogramm der Gemeinde;manifestos/au20wsa.txt
main;au20odp.txt;94ee991e2c350defdc283bc20b8d63452b1523801032a37a94c09a391f10ecf1;11363;GLMP-BB3CD2C13E;Augsburg;Bayern;Ökologisch-Demokratische Partei (ÖDP);odp;2020.0;Kommunalwahlprogramm Gemeinde;Gemeinde;Hauptkorpus: kommunales Wahlprogramm der Gemeinde;manifestos/au20odp.txt
main;bg20bgl.txt;375da7b084ec221e52aa718c5950082867bbbc8f5da2c619c36fd62848131b15;12493;GLMP-85ECF256DD;Bergisch Gladbach;Nordrhein-Westfalen;Bürger Partei GL (Bergisch Gladbach);bgl;2020.0;Kommunalwahlprogramm Gemeinde;Gemeinde;Hauptkorpus: kommunales Wahlprogramm der Gemeinde;manifestos/bg20bgl.txt
main;bg20cdu.txt;1457d52292f661dafe2e3b1f849e3d8f3bf247044b87c31b137603e9b1a8f6d0;50132;GLMP-A462ACAE13;Bergisch Gladbach;Nordrhein-Westfalen;CDU;cdu;2020.0;Kommunalwahlprogramm Gemeinde;Gemeinde;Hauptkorpus: kommunales Wahlprogramm der Gemeinde;manifestos/bg20cdu.txt
main;bg20fdp.txt;7f73d230dc5d33f0b0805fc21c1017172f66f269c76d9192887e32cd74672ce7;36335;GLMP-E5D3EAEB4C;Bergisch Gladbach;Nordrhein-Westfalen;FDP;fdp;2020.0;Kommunalwahlprogramm Gemeinde;Gemeinde;Hauptkorpus: kommunales Wahlprogramm der Gemeinde;manifestos/bg20fdp.txt
main;bg20gru.txt;98a7d0cde528ff17933b6841bd1099cbd4d9422bd770d002e7f39fcd218e74a9;69475;GLMP-4E70A6A75E;Bergisch Gladbach;Nordrhein-Westfalen;Grüne;gru;2020.0;Kommunalwahlprogramm Gemeinde;Gemeinde;Hauptkorpus: kommunales Wahlprogramm der Gemeinde;manifestos/bg20gru.txt
main;bg20spd.txt;d0ea326b69973aef79c282f1cef9b22e3182ddb9b101bd62f943ee2e0aae6844;17975;GLMP-885C7170AE;Bergisch Gladbach;Nordrhein-Westfalen;SPD;spd;2020.0;Kommunalwahlprogramm Gemeinde;Gemeinde;Hauptkorpus: kommunales Wahlprogramm der Gemeinde;manifestos/bg20spd.txt
main;bi20afd.txt;13bb751d99fcd14eba4e45fc53768031ac341e52af5c85f69aa01d5719f3fb58;60247;GLMP-431BD4812B;Bielefeld;Nordrhein-Westfalen;Alternative für Deutschland;afd;2020.0;Kommunalwahlprogramm Gemeinde;Gemeinde;Hauptkorpus: kommunales Wahlprogramm der Gemeinde;manifestos/bi20afd.txt
main;bi20big.txt;f978cb43d4e4837a2f30c097136a586b657681840b0c1948e8dfedfb448f0aa5;35406;GLMP-4D121EA31E;Bielefeld;Nordrhein-Westfalen;Bündnis für Innovation & Gerechtigkeit;big;2020.0;Kommunalwahlprogramm Gemeinde;Gemeinde;Hauptkorpus: kommunales Wahlprogramm der Gemeinde;manifestos/bi20big.txt
main;bi20bfb.txt;9f18bac7ed24178d1b1de0c613ee38313143afd9a968aee2e3079615486008cf;3836;GLMP-222DF45EE0;Bielefeld;Nordrhein-Westfalen;Bürgergemeinschaft für Bielefeld;bfb;2020.0;Kommunalwahlprogramm Gemeinde;Gemeinde;Hauptkorpus: kommunales Wahlprogramm der Gemeinde;manifestos/bi20bfb.txt
main;bi20wgb.txt;eb7495f7f9a1078b4b85417a3901cd86cdbd5180a4f68de0d22751b83d10b6d7;99673;GLMP-1D6F58E720;Bielefeld;Nordrhein-Westfalen;Bürgernähe - Initiativen für Bielefeld;wgb;2020.0;Kommunalwahlprogramm Gemeinde;Gemeinde;Hauptkorpus: kommunales Wahlprogramm der Gemeinde;manifestos/bi20wgb.txt
main;bi20cdu.txt;a513706bd530705d7480db7ecfc4178633ccb070519e2588ba96f45900e128a8;83528;GLMP-7B8C90D9AC;Bielefeld;Nordrhein-Westfalen;CDU;cdu;2020.0;Kommunalwahlprogramm Gemeinde;Gemeinde;Hauptkorpus: kommunales Wahlprogramm der Gemeinde;manifestos/bi20cdu.txt
main;bi20lin.txt;b3b73dcde6cdc8b23eee6dc6c27fb011fb74c56d02d59bac33f5333aaa17719b;91241;GLMP-61DDD6EAC4;Bielefeld;Nordrhein-Westfalen;Die Linke;lin;2020.0;Kommunalwahlprogramm Gemeinde;Gemeinde;Hauptkorpus: kommunales Wahlprogramm der Gemeinde;manifestos/bi20lin.txt
main;bi20par.txt;f8097f1cbdae8ccb88a0a0753d48a1d5c26c5d8f14f2c52dbc4e7d5e75fe21bb;3385;GLMP-DCCE53A6B7;Bielefeld;Nordrhein-Westfalen;Die Partei;par;2020.0;Kommunalwahlprogramm Gemeinde;Gemeinde;Hauptkorpus: kommunales Wahlprogramm der Gemeinde;manifestos/bi20par.txt
main;bi20fdp.txt;ee52f1ce754e1e9d34c0f3a91f27f96f721c0a2c4a60d873ef3f42bd81aec535;182141;GLMP-CDEE20D022;Bielefeld;Nordrhein-Westfalen;FDP;fdp;2020.0;Kommunalwahlprogramm Gemeinde;Gemeinde;Hauptkorpus: kommunales Wahlprogramm der Gemeinde;manifestos/bi20fdp.txt
main;bi20gru.txt;1bebcecaf31618e224153aa15b788dfb91d967d45c766f64e7fc387cc6c30b5d;95079;GLMP-5AEE0F1EEE;Bielefeld;Nordrhein-Westfalen;Grüne;gru;2020.0;Kommunalwahlprogramm Gemeinde;Gemeinde;Hauptkorpus: kommunales Wahlprogramm der Gemeinde;manifestos/bi20gru.txt
main;bi20spd.txt;3cf2d382d9b4f2831cf74d51391fd79dc2ee2d3000b87bdab48daabd7cd86353;71623;GLMP-AB8DA2591F;Bielefeld;Nordrhein-Westfalen;SPD;spd;2020.0;Kommunalwahlprogramm Gemeinde;Gemeinde;Hauptkorpus: kommunales Wahlprogramm der Gemeinde;manifestos/bi20spd.txt
main;bo20afd.txt;b5fc015c99912b47ffc55b7b89204e6afbd6157deeef3dfd2d996e7ba136b9ef;86839;GLMP-37957BB73B;Bochum;Nordrhein-Westfalen;Alternative für Deutschland;afd;2020.0;Kommunalwahlprogramm Gemeinde;Gemeinde;Hauptkorpus: kommunales Wahlprogramm der Gemeinde;manifestos/bo20afd.txt
main;bo20lin.txt;b54cd08195e727e0c11a70a872a563c24159b60cc5165ccc80d0e6982cf80a71;208558;GLMP-ED43AE76FB;Bochum;Nordrhein-Westfalen;Die Linke;lin;2020.0;Kommunalwahlprogramm Gemeinde;Gemeinde;Hauptkorpus: kommunales Wahlprogramm der Gemeinde;manifestos/bo20lin.txt
main;bo20par.txt;0d5970bc4dd741d3d634c61cdb1799977952b66d752543d6bb04b74af431b0c3;6666;GLMP-95C670B103;Bochum;Nordrhein-Westfalen;Die Partei;par;2020.0;Kommunalwahlprogramm Gemeinde;Gemeinde;Hauptkorpus: kommunales Wahlprogramm der Gemeinde;manifestos/bo20par.txt
main;bo20fdp.txt;f491c242272e0d30cf367a45429b6d55fae20e562b928cabb4839a9d4a215115;67530;GLMP-9BE8ED4215;Bochum;Nordrhein-Westfalen;FDP;fdp;2020.0;Kommunalwahlprogramm Gemeinde;Gemeinde;Hauptkorpus: kommunales Wahlprogramm der Gemeinde;manifestos/bo20fdp.txt
main;bo20gru.txt;cd8212a1c2bed6e7ba4a125812f35b82596ae9f581f01482ee8455c03e417b50;150396;GLMP-CB8AB59884;Bochum;Nordrhein-Westfalen;Grüne;gru;2020.0;Kommunalwahlprogramm Gemeinde;Gemeinde;Hauptkorpus: kommunales Wahlprogramm der Gemeinde;manifestos/bo20gru.txt
main;bo20npd.txt;26f528747f724e738980a104bcaa570e0526b4a35668cac6bf9e304500bbbf78;1165;GLMP-88F1F74B2E;Bochum;Nordrhein-Westfalen;NPD;npd;2020.0;Kommunalwahlprogramm Gemeinde;Gemeinde;Hauptkorpus: kommunales Wahlprogramm der Gemeinde;manifestos/bo20npd.txt
main;bo20spd.txt;d9d865c9ded86fcb776b9fc85b07e80f7d0f362dbc8c7de2da74c35d3e4610f0;67678;GLMP-D703552302;Bochum;Nordrhein-Westfalen;SPD;spd;2020.0;Kommunalwahlprogramm Gemeinde;Gemeinde;Hauptkorpus: kommunales Wahlprogramm der Gemeinde;manifestos/bo20spd.txt
main;bo20sol.txt;4c0f83325695d92e4bdc687d021a901de9db775b4a5df41e4ef707d8564aa7fc;39605;GLMP-8A66269AA0;Bochum;Nordrhein-Westfalen;Soziale Liste Bochum;sol;2020.0;Kommunalwahlprogramm Gemeinde;Gemeinde;Hauptkorpus: kommunales Wahlprogramm der Gemeinde;manifestos/bo20sol.txt
main;bo20uwg.txt;4f0c40e43ce1e041201d888aef06cff6bb655b157bb5a3885ad6d72f99259d40;37202;GLMP-90C029EE0D;Bochum;Nordrhein-Westfalen;Unabhängige Wählergemeinschaft (UWG);uwg;2020.0;Kommunalwahlprogramm Gemeinde;Gemeinde;Hauptkorpus: kommunales Wahlprogramm der Gemeinde;manifestos/bo20uwg.txt
main;bn20afd.txt;81450ec45b5a4b62294317b4fb21f280691d0e6b4fd398d8bd144c528fb53f16;62363;GLMP-097834C16A;Bonn;Nordrhein-Westfalen;Alternative für Deutschland;afd;2020.0;Kommunalwahlprogramm Gemeinde;Gemeinde;Hauptkorpus: kommunales Wahlprogramm der Gemeinde;manifestos/bn20afd.txt
main;bn20big.txt;a2ed27a8d0606a38963958eeb13382ec4ef8226f21c668252b781e914f7f74d2;16702;GLMP-A7A0C6121C;Bonn;Nordrhein-Westfalen;Bündnis für Innovation & Gerechtigkeit;big;2020.0;Kommunalwahlprogramm Gemeinde;Gemeinde;Hauptkorpus: kommunales Wahlprogramm der Gemeinde;manifestos/bn20big.txt
main;bn20bbb.txt;709843ffc376796fdd6d987592b2008d5a959610010b0bc80c50ebdd3d73dbbc;45242;GLMP-94CE758705;Bonn;Nordrhein-Westfalen;Bürger Bund Bonn;bbb;2020.0;Kommunalwahlprogramm Gemeinde;Gemeinde;Hauptkorpus: kommunales Wahlprogramm der Gemeinde;manifestos/bn20bbb.txt
main;bn20cdu.txt;075e5075b987c25e563067a0b64ae4545f4b055f6aad9476e7cb1cda92eb9ea5;36769;GLMP-6465FA710F;Bonn;Nordrhein-Westfalen;CDU;cdu;2020.0;Kommunalwahlprogramm Gemeinde;Gemeinde;Hauptkorpus: kommunales Wahlprogramm der Gemeinde;manifestos/bn20cdu.txt
main;bn20lin.txt;c426b62f86b567222ab6bd69aa528075dfe46da9c9594d52d023893f561860ca;118381;GLMP-8BDF8282BB;Bonn;Nordrhein-Westfalen;Die Linke;lin;2020.0;Kommunalwahlprogramm Gemeinde;Gemeinde;Hauptkorpus: kommunales Wahlprogramm der Gemeinde;manifestos/bn20lin.txt
main;bn20par.txt;c5d3bcef3e8485a287b256f1c59d582bdfb402df7db831aee1bd81f30ce19c34;1157;GLMP-380E6F948F;Bonn;Nordrhein-Westfalen;Die Partei;par;2020.0;Kommunalwahlprogramm Gemeinde;Gemeinde;Hauptkorpus: kommunales Wahlprogramm der Gemeinde;manifestos/bn20par.txt
main;bn20fdp.txt;1d088887acf85f5c14b256ce8ad49eb8f7d2a0cfe69083f5f578410de101a92c;138397;GLMP-3969F9EDEC;Bonn;Nordrhein-Westfalen;FDP;fdp;2020.0;Kommunalwahlprogramm Gemeinde;Gemeinde;Hauptkorpus: kommunales Wahlprogramm der Gemeinde;manifestos/bn20fdp.txt
main;bn20gru.txt;cdbb843eee6f320148a2c20d8813ab58efee31e921a0ec5802eda29599f60896;155944;GLMP-1CAE2EC593;Bonn;Nordrhein-Westfalen;Grüne;gru;2020.0;Kommunalwahlprogramm Gemeinde;Gemeinde;Hauptkorpus: kommunales Wahlprogramm der Gemeinde;manifestos/bn20gru.txt
main;bn20pir.txt;1262bfc9e729b105d528feabc37e94d6f6714e448c53450904d11d994cc7092e;49772;GLMP-B24F82EBD1;Bonn;Nordrhein-Westfalen;Piraten;pir;2020.0;Kommunalwahlprogramm Gemeinde;Gemeinde;Hauptkorpus: kommunales Wahlprogramm der Gemeinde;manifestos/bn20pir.txt
main;bn20spd.txt;a8cbd0bbf2c58259dbcbf944368a3f179e933ad913445ce3add12e38b8afd8c8;66285;GLMP-706036CA55;Bonn;Nordrhein-Westfalen;SPD;spd;2020.0;Kommunalwahlprogramm Gemeinde;Gemeinde;Hauptkorpus: kommunales Wahlprogramm der Gemeinde;manifestos/bn20spd.txt
main;bn20vlt.txt;21ff9596a8f9486378dc416977f5c0706b068592c77c1fcf08501648796a1976;73172;GLMP-8F105ADBAC;Bonn;Nordrhein-Westfalen;Volt;vlt;2020.0;Kommunalwahlprogramm Gemeinde;Gemeinde;Hauptkorpus: kommunales Wahlprogramm der Gemeinde;manifestos/bn20vlt.txt
main;bt20afd.txt;d7d5cad2440021e434ad864c20dfe4d1f189b35f0e3c06b9c651ace672108fad;24141;GLMP-F31CF747B6;Bottrop;Nordrhein-Westfalen;Alternative für Deutschland;afd;2020.0;Kommunalwahlprogramm Gemeinde;Gemeinde;Hauptkorpus: kommunales Wahlprogramm der Gemeinde;manifestos/bt20afd.txt
main;bt20lin.txt;97b8ea60e5cab3c8bbac19609205c7bbc0a13c1f1f89748e2c363d550ba86d25;78212;GLMP-F7F00C4C52;Bottrop;Nordrhein-Westfalen;Die Linke;lin;2020.0;Kommunalwahlprogramm Gemeinde;Gemeinde;Hauptkorpus: kommunales Wahlprogramm der Gemeinde;manifestos/bt20lin.txt
main;bt20fdp.txt;92d04e961203377b1c3b1566b8595e606444774c1f684ca7af56f482fa29d79b;70014;GLMP-AD48D22A9F;Bottrop;Nordrhein-Westfalen;FDP;fdp;2020.0;Kommunalwahlprogramm Gemeinde;Gemeinde;Hauptkorpus: kommunales Wahlprogramm der Gemeinde;manifestos/bt20fdp.txt
main;do20afd.txt;fa911eadf112df9cf7fa684728307467004dd9375b5c2eff162a945ada932c6f;32975;GLMP-608015710C;Dortmund;Nordrhein-Westfalen;Alternative für Deutschland;afd;2020.0;Kommunalwahlprogramm Gemeinde;Gemeinde;Hauptkorpus: kommunales Wahlprogramm der Gemeinde;manifestos/do20afd.txt
main;do20baj.txt;69e888c54c3409f9563965eb3df9960facd2a0be625f5dcf637967d574d59ea4;27522;GLMP-22BB3E0379;Dortmund;Nordrhein-Westfalen;Basisdemokratie jetzt in Dortmund;baj;2020.0;Kommunalwahlprogramm Gemeinde;Gemeinde;Hauptkorpus: kommunales Wahlprogramm der Gemeinde;manifestos/do20baj.txt
main;do20bvt.txt;56d79b686de22b08a82920b4f38d3517e80aff80628d2d0112f499400ac48b58;2971;GLMP-07BC14299C;Dortmund;Nordrhein-Westfalen;Bündnis für Vielfalt und Toleranz;bvt;2020.0;Kommunalwahlprogramm Gemeinde;Gemeinde;Hauptkorpus: kommunales Wahlprogramm der Gemeinde;manifestos/do20bvt.txt
main;do20cdu.txt;c78f84c2823c3504011e841f211be9db71d521b891f4ac212dc6521150c6929e;82871;GLMP-348C613E85;Dortmund;Nordrhein-Westfalen;CDU;cdu;2020.0;Kommunalwahlprogramm Gemeinde;Gemeinde;Hauptkorpus: kommunales Wahlprogramm der Gemeinde;manifestos/do20cdu.txt
main;do20dkp.txt;738f6bfcc5ac7d15f1e33766cf6f05c81f85d089e52458d95c81cc5268ce9084;1349;GLMP-286B5D8225;Dortmund;Nordrhein-Westfalen;Deutsche Kommunistische Partei;dkp;2020.0;Kommunalwahlprogramm Gemeinde;Gemeinde;Hauptkorpus: kommunales Wahlprogramm der Gemeinde;manifestos/do20dkp.txt
main;do20lin.txt;4dcbe363418389ea416a7744a51a16cb4d92f1dc398ff4a218b0803459197b3a;152279;GLMP-CC943EB1C7;Dortmund;Nordrhein-Westfalen;Die Linke;lin;2020.0;Kommunalwahlprogramm Gemeinde;Gemeinde;Hauptkorpus: kommunales Wahlprogramm der Gemeinde;manifestos/do20lin.txt
main;do20par.txt;6ad93157ac46aa4ca7b964bd943bf92b526599215b4603de30d85069ba4624b5;1149;GLMP-F39D0829CE;Dortmund;Nordrhein-Westfalen;Die Partei;par;2020.0;Kommunalwahlprogramm Gemeinde;Gemeinde;Hauptkorpus: kommunales Wahlprogramm der Gemeinde;manifestos/do20par.txt
main;do20rec.txt;bccfdc039d1c0e8051364b95ef9fd4d75d30bdefc7370143b572b061d5959ba4;53327;GLMP-B5F1352E91;Dortmund;Nordrhein-Westfalen;Die Rechte;rec;2020.0;Kommunalwahlprogramm Gemeinde;Gemeinde;Hauptkorpus: kommunales Wahlprogramm der Gemeinde;manifestos/do20rec.txt
main;do20dos.txt;ec7220888da02588ea1995d1b527f3d7c8753815d9d0a6f5143ce852caee2d2e;9969;GLMP-70F5777D6E;Dortmund;Nordrhein-Westfalen;Digital Ökologisch Sozial;dos;2020.0;Kommunalwahlprogramm Gemeinde;Gemeinde;Hauptkorpus: kommunales Wahlprogramm der Gemeinde;manifestos/do20dos.txt
main;do20fdp.txt;5f80bb49b2be2c72bcce9e8f6f2f34a453301e3e966b4fbd59c1abceac6b0568;77305;GLMP-23D0520EB0;Dortmund;Nordrhein-Westfalen;FDP;fdp;2020.0;Kommunalwahlprogramm Gemeinde;Gemeinde;Hauptkorpus: kommunales Wahlprogramm der Gemeinde;manifestos/do20fdp.txt
main;do20fbi.txt;f2e39cc16ab1f92eb6a3102bb6a73275ec6189846dca8970d023162b66bc71ea;2796;GLMP-9BB924CF5C;Dortmund;Nordrhein-Westfalen;Freie Bürger Initiative;fbi;2020.0;Kommunalwahlprogramm Gemeinde;Gemeinde;Hauptkorpus: kommunales Wahlprogramm der Gemeinde;manifestos/do20fbi.txt
main;do20gru.txt;51067eb4c10553c0793ba93d592e5405de71a668a1ec05ac87d2e04f9c44895f;298550;GLMP-6C4C7949E1;Dortmund;Nordrhein-Westfalen;Grüne;gru;2020.0;Kommunalwahlprogramm Gemeinde;Gemeinde;Hauptkorpus: kommunales Wahlprogramm der Gemeinde;manifestos/do20gru.txt
main;do20pir.txt;d0ea7f4c6a2dc93f7919a898ba3ca8b12b4953dafbe2618e0f3b25d524916083;28530;GLMP-09C9881A31;Dortmund;Nordrhein-Westfalen;Piraten;pir;2020.0;Kommunalwahlprogramm Gemeinde;Gemeinde;Hauptkorpus: kommunales Wahlprogramm der Gemeinde;manifestos/do20pir.txt
main;do20spd.txt;4ae910a3587819224feae38a02457ddaccccd82576115946f8cc26a55854f2e1;42291;GLMP-286BEA4EC0;Dortmund;Nordrhein-Westfalen;SPD;spd;2020.0;Kommunalwahlprogramm Gemeinde;Gemeinde;Hauptkorpus: kommunales Wahlprogramm der Gemeinde;manifestos/do20spd.txt
main;ds20afd.txt;a43a320941149eaac8425460d78d8ef9d457e960e85ffdce6028f6048a4a2731;5224;GLMP-4CD0ED1589;Duesseldorf;Nordrhein-Westfalen;Alternative für Deutschland;afd;2020.0;Kommunalwahlprogramm Gemeinde;Gemeinde;Hauptkorpus: kommunales Wahlprogramm der Gemeinde;manifestos/ds20afd.txt
main;ds20bli.txt;3df689bddb008619f7f0a0e94e776b800b32cd154f6e99747fafa3815d29d0cb;23724;GLMP-EA7C1A0FBD;Duesseldorf;Nordrhein-Westfalen;Bürgerliste Freie Wähler;bli;2020.0;Kommunalwahlprogramm Gemeinde;Gemeinde;Hauptkorpus: kommunales Wahlprogramm der Gemeinde;manifestos/ds20bli.txt
main;ds20cdu.txt;b0319b7438298eab100476378561e39f380dc0646a429a858924eaf8528c645a;149987;GLMP-D6C95F5C64;Duesseldorf;Nordrhein-Westfalen;CDU;cdu;2020.0;Kommunalwahlprogramm Gemeinde;Gemeinde;Hauptkorpus: kommunales Wahlprogramm der Gemeinde;manifestos/ds20cdu.txt
main;ds20lin.txt;3da02b1bdfed1687dfc61e66cf2564bc80ded48e47ea606459f51aa287a53625;69381;GLMP-01EF203A68;Duesseldorf;Nordrhein-Westfalen;Die Linke;lin;2020.0;Kommunalwahlprogramm Gemeinde;Gemeinde;Hauptkorpus: kommunales Wahlprogramm der Gemeinde;manifestos/ds20lin.txt
main;ds20par.txt;e23ea7749cd26bceecb5a6328dee740763a9aa957007430b212a49429048e666;5247;GLMP-A091B4F64A;Duesseldorf;Nordrhein-Westfalen;Die Partei;par;2020.0;Kommunalwahlprogramm Gemeinde;Gemeinde;Hauptkorpus: kommunales Wahlprogramm der Gemeinde;manifestos/ds20par.txt
main;ds20rep.txt;59c0d00528144643edb60c8b7ca4df842a4b727d6e6986f2e6d37b9a64a0596b;7468;GLMP-A1242FE529;Duesseldorf;Nordrhein-Westfalen;Die Republikaner;rep;2020.0;Kommunalwahlprogramm Gemeinde;Gemeinde;Hauptkorpus: kommunales Wahlprogramm der Gemeinde;manifestos/ds20rep.txt
main;ds20fdp.txt;369467f0c884092311cb20be1b89bdd18167f2b3cb13b407d72421d435eb397d;170287;GLMP-6A6AB74318;Duesseldorf;Nordrhein-Westfalen;FDP;fdp;2020.0;Kommunalwahlprogramm Gemeinde;Gemeinde;Hauptkorpus: kommunales Wahlprogramm der Gemeinde;manifestos/ds20fdp.txt
main;ds20fwg.txt;687c61d731b2a63f4ebba51dda4bc130f960ee37b368122f07f015e2bb4f007e;4086;GLMP-AF980CD4F0;Duesseldorf;Nordrhein-Westfalen;Freie Wähler;fwg;2020.0;Kommunalwahlprogramm Gemeinde;Gemeinde;Hauptkorpus: kommunales Wahlprogramm der Gemeinde;manifestos/ds20fwg.txt
main;ds20gru.txt;8eafc0135cab52a8e31c221a64fbd6bab5d663f6119ea6db79d905934f92e531;283490;GLMP-0693C542DF;Duesseldorf;Nordrhein-Westfalen;Grüne;gru;2020.0;Kommunalwahlprogramm Gemeinde;Gemeinde;Hauptkorpus: kommunales Wahlprogramm der Gemeinde;manifestos/ds20gru.txt
main;ds20kld.txt;708b75617b260e3338454cdbf2cf830199fc936f3ec2bb9d114231e8876bbb8e;20962;GLMP-7DCB99F72F;Duesseldorf;Nordrhein-Westfalen;Klima Liste (Düsseldorf);kld;2020.0;Kommunalwahlprogramm Gemeinde;Gemeinde;Hauptkorpus: kommunales Wahlprogramm der Gemeinde;manifestos/ds20kld.txt
main;ds20pir.txt;4911e80343f8a15c729cd9c2e7241f371166052be6b6dfea57c09fda5d42a768;45153;GLMP-374FC59876;Duesseldorf;Nordrhein-Westfalen;Piraten;pir;2020.0;Kommunalwahlprogramm Gemeinde;Gemeinde;Hauptkorpus: kommunales Wahlprogramm der Gemeinde;manifestos/ds20pir.txt
main;ds20spd.txt;bbe2f18a8d6591ced28002a0f4ba7ea1991bc846719f5c9069bcaaeb81bcd057;212760;GLMP-652C8B8665;Duesseldorf;Nordrhein-Westfalen;SPD;spd;2020.0;Kommunalwahlprogramm Gemeinde;Gemeinde;Hauptkorpus: kommunales Wahlprogramm der Gemeinde;manifestos/ds20spd.txt
main;ds20tsp.txt;4359d6dc5624fd2fa4e42be2a231e584d5374112417d3aea5d8f271d3297f7e6;14655;GLMP-71390452DE;Duesseldorf;Nordrhein-Westfalen;Tierschutzpartei;tsp;2020.0;Kommunalwahlprogramm Gemeinde;Gemeinde;Hauptkorpus: kommunales Wahlprogramm der Gemeinde;manifestos/ds20tsp.txt
main;ds20vlt.txt;9f602b97706301068f73f45df113042f04bf23c51a0d0a191941d6d6da453747;102532;GLMP-339932E164;Duesseldorf;Nordrhein-Westfalen;Volt;vlt;2020.0;Kommunalwahlprogramm Gemeinde;Gemeinde;Hauptkorpus: kommunales Wahlprogramm der Gemeinde;manifestos/ds20vlt.txt
main;du20afd.txt;531f928bb6532a8f4f2192902da4f4476f54edea8ffb218d9b1512a9e14d61ce;31849;GLMP-30413BB43F;Duisburg;Nordrhein-Westfalen;Alternative für Deutschland;afd;2020.0;Kommunalwahlprogramm Gemeinde;Gemeinde;Hauptkorpus: kommunales Wahlprogramm der Gemeinde;manifestos/du20afd.txt
main;du20aud.txt;76d2cbe836d0c2e94f496baa5d9b95b7354f5b23b5c2b56fa7c0ba037eb54007;2349;GLMP-11BD51AF56;Duisburg;Nordrhein-Westfalen;Aufbruch Duisburg;aud;2020.0;Kommunalwahlprogramm Gemeinde;Gemeinde;Hauptkorpus: kommunales Wahlprogramm der Gemeinde;manifestos/du20aud.txt
main;du20bdd.txt;d6a4245b632e7a9e776c0f7820f2155f1dcf9f9679210c9749f67c8482c0e4e7;31863;GLMP-E6519BB35A;Duisburg;Nordrhein-Westfalen;BIG-DERGAH Wahlbündnis Duisburg;bdd;2020.0;Kommunalwahlprogramm Gemeinde;Gemeinde;Hauptkorpus: kommunales Wahlprogramm der Gemeinde;manifestos/du20bdd.txt
main;du20bul.txt;a2e0abb82c88377eda7dc585969e837f78c83665fd099fbedc986983abf4e610;6691;GLMP-C11DE6F2C9;Duisburg;Nordrhein-Westfalen;Bürgerliche Liberale;bul;2020.0;Kommunalwahlprogramm Gemeinde;Gemeinde;Hauptkorpus: kommunales Wahlprogramm der Gemeinde;manifestos/du20bul.txt
main;du20cdu.txt;cbc155a0f10bb980943c58597d7d6f1a790274df43a92e8a778a75f7dc080b2b;38007;GLMP-7828EF6C6B;Duisburg;Nordrhein-Westfalen;CDU;cdu;2020.0;Kommunalwahlprogramm Gemeinde;Gemeinde;Hauptkorpus: kommunales Wahlprogramm der Gemeinde;manifestos/du20cdu.txt
main;du20lin.txt;1249fcf485002d2a1c2262da0f7607d54ee51e971f013473855292bfc3a94e1d;173898;GLMP-0785730C44;Duisburg;Nordrhein-Westfalen;Die Linke;lin;2020.0;Kommunalwahlprogramm Gemeinde;Gemeinde;Hauptkorpus: kommunales Wahlprogramm der Gemeinde;manifestos/du20lin.txt
main;du20par.txt;29d3028cb0bacb305233b79ab7eec97c8ab7dec4aa277d838dae5e4062630d35;2824;GLMP-AD91EE354E;Duisburg;Nordrhein-Westfalen;Die Partei;par;2020.0;Kommunalwahlprogramm Gemeinde;Gemeinde;Hauptkorpus: kommunales Wahlprogramm der Gemeinde;manifestos/du20par.txt
main;du20fdp.txt;d8d666b56a131ab9e6a9c3f72bd595becff7b3d4a7fad9dfc1f1e97158d801c2;47022;GLMP-003FACFE77;Duisburg;Nordrhein-Westfalen;FDP;fdp;2020.0;Kommunalwahlprogramm Gemeinde;Gemeinde;Hauptkorpus: kommunales Wahlprogramm der Gemeinde;manifestos/du20fdp.txt
main;du20gru.txt;db14dfa89aa9209c592ac868ffc9186cda95a4d973998c93de5fc145e46d2994;88822;GLMP-3596C9D547;Duisburg;Nordrhein-Westfalen;Grüne;gru;2020.0;Kommunalwahlprogramm Gemeinde;Gemeinde;Hauptkorpus: kommunales Wahlprogramm der Gemeinde;manifestos/du20gru.txt
main;du20jud.txt;ec8beea8ac64a460d2af22caeb2b37a62020a074031a3f21fbf88050aecab06c;46602;GLMP-937D4248F1;Duisburg;Nordrhein-Westfalen;Junges Duisburg;jud;2020.0;Kommunalwahlprogramm Gemeinde;Gemeinde;Hauptkorpus: kommunales Wahlprogramm der Gemeinde;manifestos/du20jud.txt
main;du20spd.txt;8991c92f66607f102db93473ee41174903ac21e42cb8384bf9dbb6af42b92484;52779;GLMP-E1BA66C5C1;Duisburg;Nordrhein-Westfalen;SPD;spd;2020.0;Kommunalwahlprogramm Gemeinde;Gemeinde;Hauptkorpus: kommunales Wahlprogramm der Gemeinde;manifestos/du20spd.txt
main;du20sgu.txt;13242e88584dcbf23270f50f30aa352aef86d8f991278af369596b427a2e73d7;2613;GLMP-FAB0EB821B;Duisburg;Nordrhein-Westfalen;Sozial, Gerecht, Unabhängig;sgu;2020.0;Kommunalwahlprogramm Gemeinde;Gemeinde;Hauptkorpus: kommunales Wahlprogramm der Gemeinde;manifestos/du20sgu.txt
main;es20afd.txt;1c71d7c9ba8975bf83ec7fbc476190070fd2f920fb66dc8812b01a591e17f532;61888;GLMP-8D75B20B6B;Essen;Nordrhein-Westfalen;Alternative für Deutschland;afd;2020.0;Kommunalwahlprogramm Gemeinde;Gemeinde;Hauptkorpus: kommunales Wahlprogramm der Gemeinde;manifestos/es20afd.txt
main;es20cdu.txt;c74b428594ea203f943a8b9d3efdb1764fb66f1504adc017baf6bbe97d037e16;87616;GLMP-1E509DF678;Essen;Nordrhein-Westfalen;CDU;cdu;2020.0;Kommunalwahlprogramm Gemeinde;Gemeinde;Hauptkorpus: kommunales Wahlprogramm der Gemeinde;manifestos/es20cdu.txt
main;es20dkp.txt;94cfce41888317f506753f952523974098caa2e4aa32f18dc34964b7cbdf7a75;32468;GLMP-9C4FCA8DB2;Essen;Nordrhein-Westfalen;Deutsche Kommunistische Partei;dkp;2020.0;Kommunalwahlprogramm Gemeinde;Gemeinde;Hauptkorpus: kommunales Wahlprogramm der Gemeinde;manifestos/es20dkp.txt
main;es20lin.txt;47e6b58abff012c6f025447b3b11eabac5cfd48cb130003a23152d9a2af890d9;168467;GLMP-960435D770;Essen;Nordrhein-Westfalen;Die Linke;lin;2020.0;Kommunalwahlprogramm Gemeinde;Gemeinde;Hauptkorpus: kommunales Wahlprogramm der Gemeinde;manifestos/es20lin.txt
main;es20par.txt;198bc56603d67c24f6b6d3a18152b27fc1522939f15e8089534d283fa6d64e27;24438;GLMP-AD939F5400;Essen;Nordrhein-Westfalen;Die Partei;par;2020.0;Kommunalwahlprogramm Gemeinde;Gemeinde;Hauptkorpus: kommunales Wahlprogramm der Gemeinde;manifestos/es20par.txt
main;es20ebb.txt;ea7e7152e7854ba7ac0f8641ddf81c57edc3f0f732f7012d84f47e44bd015b63;44011;GLMP-51B120B01F;Essen;Nordrhein-Westfalen;Essener Bürger Bündnis;ebb;2020.0;Kommunalwahlprogramm Gemeinde;Gemeinde;Hauptkorpus: kommunales Wahlprogramm der Gemeinde;manifestos/es20ebb.txt
main;es20fdp.txt;6ef6a8b39c2feb09e7dd0828915eddbaa07ca1d64b6758a34562d214be5f295a;65585;GLMP-17D3BA05C8;Essen;Nordrhein-Westfalen;FDP;fdp;2020.0;Kommunalwahlprogramm Gemeinde;Gemeinde;Hauptkorpus: kommunales Wahlprogramm der Gemeinde;manifestos/es20fdp.txt
main;es20gru.txt;1a58d58cb6bcff995c8dcc06d0e3082313089a3d25daacd0764bf7d329e34156;145651;GLMP-8D1112126B;Essen;Nordrhein-Westfalen;Grüne;gru;2020.0;Kommunalwahlprogramm Gemeinde;Gemeinde;Hauptkorpus: kommunales Wahlprogramm der Gemeinde;manifestos/es20gru.txt
main;es20spd.txt;ef3b7d0a4154d59a5b7e19657cb40bb6d6ade76f37b1c056e5103a22423e1f29;87796;GLMP-E5077C9B32;Essen;Nordrhein-Westfalen;SPD;spd;2020.0;Kommunalwahlprogramm Gemeinde;Gemeinde;Hauptkorpus: kommunales Wahlprogramm der Gemeinde;manifestos/es20spd.txt
main;fu20afd.txt;1fce2f0027a52eb5e61587104ac143c555d28399e483147eb372c29d0646193c;2854;GLMP-B93126F6D4;Fuerth;Bayern;Alternative für Deutschland;afd;2020.0;Kommunalwahlprogramm Gemeinde;Gemeinde;Hauptkorpus: kommunales Wahlprogramm der Gemeinde;manifestos/fu20afd.txt
main;fu20csu.txt;31591f14a57d7ccc200c1b0b3d2eeef6e438176d76e0cd63eb09c98939962864;21460;GLMP-079C6D3212;Fuerth;Bayern;CSU;csu;2020.0;Kommunalwahlprogramm Gemeinde;Gemeinde;Hauptkorpus: kommunales Wahlprogramm der Gemeinde;manifestos/fu20csu.txt
main;fu20lin.txt;b91c878b94e3ec59f2d950e6d192d7b8cb21c52ddb28777968dd07f32e13f275;44281;GLMP-EC45FA6925;Fuerth;Bayern;Die Linke;lin;2020.0;Kommunalwahlprogramm Gemeinde;Gemeinde;Hauptkorpus: kommunales Wahlprogramm der Gemeinde;manifestos/fu20lin.txt
main;fu20fdp.txt;e7436709967e7283a4d26cf027fb75c12b977238ad144a3c1388072561076932;38607;GLMP-6E4C8F5900;Fuerth;Bayern;FDP;fdp;2020.0;Kommunalwahlprogramm Gemeinde;Gemeinde;Hauptkorpus: kommunales Wahlprogramm der Gemeinde;manifestos/fu20fdp.txt
main;fu20fwg.txt;966bade503963e5ffd33c1d99eafdb4eec57c5a12cb7baaab350e27587009cd0;4085;GLMP-669A3CF05C;Fuerth;Bayern;Freie Wähler;fwg;2020.0;Kommunalwahlprogramm Gemeinde;Gemeinde;Hauptkorpus: kommunales Wahlprogramm der Gemeinde;manifestos/fu20fwg.txt
main;fu20gru.txt;984576f4c78d24c0d393f52b04888b5eeefe141770489bfc547803048ebcfed5;83541;GLMP-CA9E26E7C4;Fuerth;Bayern;Grüne;gru;2020.0;Kommunalwahlprogramm Gemeinde;Gemeinde;Hauptkorpus: kommunales Wahlprogramm der Gemeinde;manifestos/fu20gru.txt
main;fu20spd.txt;163764a7c717de61684784d9427fe967aba2ef90f92f92ae0f6a8026e25bcf50;86454;GLMP-791867318F;Fuerth;Bayern;SPD;spd;2020.0;Kommunalwahlprogramm Gemeinde;Gemeinde;Hauptkorpus: kommunales Wahlprogramm der Gemeinde;manifestos/fu20spd.txt
main;ge20aug.txt;32a4af5dee43b41c7995e5f11cf605ae547c17598be7999d264d3d997afb5dfc;33070;GLMP-618BA2BBF4;Gelsenkirchen;Nordrhein-Westfalen;AUF Gelsenkirchen;aug;2020.0;Kommunalwahlprogramm Gemeinde;Gemeinde;Hauptkorpus: kommunales Wahlprogramm der Gemeinde;manifestos/ge20aug.txt
main;ge20afd.txt;1a6e8b467efa3f43467e66faecc8106d90c8f9682eccff441e352abba7dbb955;53779;GLMP-80A5E0DC97;Gelsenkirchen;Nordrhein-Westfalen;Alternative für Deutschland;afd;2020.0;Kommunalwahlprogramm Gemeinde;Gemeinde;Hauptkorpus: kommunales Wahlprogramm der Gemeinde;manifestos/ge20afd.txt
main;ge20cdu.txt;d943b758470bfa62e5957558c52d8889d9386afeca0799c38dc1ee95584bc330;34225;GLMP-140376C311;Gelsenkirchen;Nordrhein-Westfalen;CDU;cdu;2020.0;Kommunalwahlprogramm Gemeinde;Gemeinde;Hauptkorpus: kommunales Wahlprogramm der Gemeinde;manifestos/ge20cdu.txt
main;ge20lin.txt;c14f18988e8821ac130609aabe661000faedbb4a0e022c080c797f9f9e6f66bb;6641;GLMP-1ABD064512;Gelsenkirchen;Nordrhein-Westfalen;Die Linke;lin;2020.0;Kommunalwahlprogramm Gemeinde;Gemeinde;Hauptkorpus: kommunales Wahlprogramm der Gemeinde;manifestos/ge20lin.txt
main;ge20par.txt;4e7fc96b6cc53f6460609008b7567b5af995860edfea8c27a68f0d8bc97cf08f;4494;GLMP-404E93CBCD;Gelsenkirchen;Nordrhein-Westfalen;Die Partei;par;2020.0;Kommunalwahlprogramm Gemeinde;Gemeinde;Hauptkorpus: kommunales Wahlprogramm der Gemeinde;manifestos/ge20par.txt
main;ge20gru.txt;849ab5cb79b489373bb21b96977b538a5fbbb3834b8149e509da08a5f75e3493;65693;GLMP-BA90B204DD;Gelsenkirchen;Nordrhein-Westfalen;Grüne;gru;2020.0;Kommunalwahlprogramm Gemeinde;Gemeinde;Hauptkorpus: kommunales Wahlprogramm der Gemeinde;manifestos/ge20gru.txt
main;ge20spd.txt;9237c2a2db4d9eafc0660e8dff40d00488bdf707cff9cdb31abbe59802b0b5d6;122518;GLMP-5ECB5A46C0;Gelsenkirchen;Nordrhein-Westfalen;SPD;spd;2020.0;Kommunalwahlprogramm Gemeinde;Gemeinde;Hauptkorpus: kommunales Wahlprogramm der Gemeinde;manifestos/ge20spd.txt
main;ge20tsp.txt;23d1cd2c8bf7f6070e5c711aaab7132dec288bef2b9fc72a4dff210d86c4a86a;14819;GLMP-A2E2A18F76;Gelsenkirchen;Nordrhein-Westfalen;Tierschutzpartei;tsp;2020.0;Kommunalwahlprogramm Gemeinde;Gemeinde;Hauptkorpus: kommunales Wahlprogramm der Gemeinde;manifestos/ge20tsp.txt
main;ge20win.txt;0c743808e1eec6d81ae5f00fd4ac729952b86bc041049ace77bb51e569d13dc4;17618;GLMP-145FAA7081;Gelsenkirchen;Nordrhein-Westfalen;Wähler Initiative NRW;win;2020.0;Kommunalwahlprogramm Gemeinde;Gemeinde;Hauptkorpus: kommunales Wahlprogramm der Gemeinde;manifestos/ge20win.txt
main;gt20afd.txt;d1e203fac1743512e0d7e04704ee9593e38edb9c2331a36fd2452f1e8f0853d9;27268;GLMP-1F6F7C9F70;Gütersloh;Nordrhein-Westfalen;Alternative für Deutschland;afd;2020.0;Kommunalwahlprogramm Gemeinde;Gemeinde;Hauptkorpus: kommunales Wahlprogramm der Gemeinde;manifestos/gt20afd.txt
main;gt20bfg.txt;e933822df2105ebc2a271b71bbcd73355951cbc53a855f19cb3d6705d582024f;114711;GLMP-6CE60169D6;Gütersloh;Nordrhein-Westfalen;BfGT – Bürger für Gütersloh;bfg;2020.0;Kommunalwahlprogramm Gemeinde;Gemeinde;Hauptkorpus: kommunales Wahlprogramm der Gemeinde;manifestos/gt20bfg.txt
main;gt20cdu.txt;b6e62813b212d16317d099d53e38d6ee08f3a1977a984f2ccc233ffa6a0633e7;17843;GLMP-8E0F3450F5;Gütersloh;Nordrhein-Westfalen;CDU;cdu;2020.0;Kommunalwahlprogramm Gemeinde;Gemeinde;Hauptkorpus: kommunales Wahlprogramm der Gemeinde;manifestos/gt20cdu.txt
main;gt20lin.txt;fc2c2846becae139ec24634781751a91e31d7bb558c7da6310ac69acea8acec4;54387;GLMP-743D917979;Gütersloh;Nordrhein-Westfalen;Die Linke;lin;2020.0;Kommunalwahlprogramm Gemeinde;Gemeinde;Hauptkorpus: kommunales Wahlprogramm der Gemeinde;manifestos/gt20lin.txt
main;gt20fdp.txt;1fba0d2233df5ebd619656716de0980a3622be6f6db7ee468123144c35d524c9;23004;GLMP-35A500BACC;Gütersloh;Nordrhein-Westfalen;FDP;fdp;2020.0;Kommunalwahlprogramm Gemeinde;Gemeinde;Hauptkorpus: kommunales Wahlprogramm der Gemeinde;manifestos/gt20fdp.txt
main;gt20gru.txt;1fa31055b1659495f3256925991cf898a3c8fd84e398c4a0e030b6d5b9f372e1;106419;GLMP-62F07829DE;Gütersloh;Nordrhein-Westfalen;Grüne;gru;2020.0;Kommunalwahlprogramm Gemeinde;Gemeinde;Hauptkorpus: kommunales Wahlprogramm der Gemeinde;manifestos/gt20gru.txt
main;gt20spd.txt;0736601880b699a8e72eabde6c471654d6d8bce0b004f24cd01dbcf1fb71a5aa;150251;GLMP-B5ACDA52CB;Gütersloh;Nordrhein-Westfalen;SPD;spd;2020.0;Kommunalwahlprogramm Gemeinde;Gemeinde;Hauptkorpus: kommunales Wahlprogramm der Gemeinde;manifestos/gt20spd.txt
main;gt20uwg.txt;0b802d14720575cf966caca2e55c88ac3bd51d502f9bd296e78ff4e98a4442b8;39634;GLMP-CAD913254F;Gütersloh;Nordrhein-Westfalen;Unabhängige Wählergemeinschaft (UWG);uwg;2020.0;Kommunalwahlprogramm Gemeinde;Gemeinde;Hauptkorpus: kommunales Wahlprogramm der Gemeinde;manifestos/gt20uwg.txt
main;ha20cdu.txt;c808c9395eb25cf87cc257418ba0b9a18b68ffe24a3f0f130270d923182a20a2;37853;GLMP-522BE1B935;Hagen;Nordrhein-Westfalen;CDU;cdu;2020.0;Kommunalwahlprogramm Gemeinde;Gemeinde;Hauptkorpus: kommunales Wahlprogramm der Gemeinde;manifestos/ha20cdu.txt
main;ha20par.txt;df8990ef55963e3b5e40880bb0a8ebf2842a1e302e66c46ce8048722ce299fe3;24972;GLMP-FB41082B7D;Hagen;Nordrhein-Westfalen;Die Partei;par;2020.0;Kommunalwahlprogramm Gemeinde;Gemeinde;Hauptkorpus: kommunales Wahlprogramm der Gemeinde;manifestos/ha20par.txt
main;ha20fdp.txt;38e56c35bc372a05c3a36ff60345818e48b3fa69f43166639f4ddc17df990342;33549;GLMP-F9F7E981CC;Hagen;Nordrhein-Westfalen;FDP;fdp;2020.0;Kommunalwahlprogramm Gemeinde;Gemeinde;Hauptkorpus: kommunales Wahlprogramm der Gemeinde;manifestos/ha20fdp.txt
main;ha20gru.txt;f3ac8a4e3b2daedc08ca472d17824e88f53f6f624d052f9fdd7324b7094914ca;97198;GLMP-F2357056C6;Hagen;Nordrhein-Westfalen;Grüne;gru;2020.0;Kommunalwahlprogramm Gemeinde;Gemeinde;Hauptkorpus: kommunales Wahlprogramm der Gemeinde;manifestos/ha20gru.txt
main;ha20hak.txt;9cf13fea06ba4f59fccd6eef3a854c4c7120dd263e5e36f34a864caeeff0a884;3165;GLMP-4181896682;Hagen;Nordrhein-Westfalen;Hagen Aktiv;hak;2020.0;Kommunalwahlprogramm Gemeinde;Gemeinde;Hauptkorpus: kommunales Wahlprogramm der Gemeinde;manifestos/ha20hak.txt
main;ha20spd.txt;e9599042fef979e7fd109bf7f60accf2622748b04d6cc66dd673ea57677b3fbb;88700;GLMP-682ADCD289;Hagen;Nordrhein-Westfalen;SPD;spd;2020.0;Kommunalwahlprogramm Gemeinde;Gemeinde;Hauptkorpus: kommunales Wahlprogramm der Gemeinde;manifestos/ha20spd.txt
main;hm20afd.txt;486f02bf54005641b02ad71d074722d352f5cc0f00613014dafcc953f7f30745;97408;GLMP-0705965AFF;Hamm;Nordrhein-Westfalen;Alternative für Deutschland;afd;2020.0;Kommunalwahlprogramm Gemeinde;Gemeinde;Hauptkorpus: kommunales Wahlprogramm der Gemeinde;manifestos/hm20afd.txt
main;hm20cdu.txt;77515287d5daac06dae9b2ebe1ab66e5497927f6e2f0dd1dcbf9c8b33ae1c1a8;35638;GLMP-DB325098CC;Hamm;Nordrhein-Westfalen;CDU;cdu;2020.0;Kommunalwahlprogramm Gemeinde;Gemeinde;Hauptkorpus: kommunales Wahlprogramm der Gemeinde;manifestos/hm20cdu.txt
main;hm20lin.txt;b2c7671822424f8356baa227a1d660d9d849b79248e8291b2dc766a94ffbddac;34445;GLMP-06AB7C2C54;Hamm;Nordrhein-Westfalen;Die Linke;lin;2020.0;Kommunalwahlprogramm Gemeinde;Gemeinde;Hauptkorpus: kommunales Wahlprogramm der Gemeinde;manifestos/hm20lin.txt
main;hm20fdp.txt;909f561f240ff322ffa2f7f27e0a5036b4a9a3162cda58aa9f7865d97f53d053;37065;GLMP-FB9F3BEE97;Hamm;Nordrhein-Westfalen;FDP;fdp;2020.0;Kommunalwahlprogramm Gemeinde;Gemeinde;Hauptkorpus: kommunales Wahlprogramm der Gemeinde;manifestos/hm20fdp.txt
main;hm20gru.txt;747b5ed945880ca7a311f901271ff8c6eee196d126e9190b1d7379be8f7b0195;52908;GLMP-5F7BE758B6;Hamm;Nordrhein-Westfalen;Grüne;gru;2020.0;Kommunalwahlprogramm Gemeinde;Gemeinde;Hauptkorpus: kommunales Wahlprogramm der Gemeinde;manifestos/hm20gru.txt
main;hm20prh.txt;ee0c959619cfeebbaac260162b14e65abd3849fd627af773ad8c8d584cd28b85;32921;GLMP-DE9CD63D06;Hamm;Nordrhein-Westfalen;Pro Hamm;prh;2020.0;Kommunalwahlprogramm Gemeinde;Gemeinde;Hauptkorpus: kommunales Wahlprogramm der Gemeinde;manifestos/hm20prh.txt
main;hm20spd.txt;6d95863280c7b35cb660f0548f67ef3e8e9c47cd69e742f0639fe5cf0bb0f563;49915;GLMP-D27C830B33;Hamm;Nordrhein-Westfalen;SPD;spd;2020.0;Kommunalwahlprogramm Gemeinde;Gemeinde;Hauptkorpus: kommunales Wahlprogramm der Gemeinde;manifestos/hm20spd.txt
main;he20cdu.txt;6c7acd5fc167243c8a9e6cf5c445ba493206a9a17d1e150a93ba29542639b6da;86751;GLMP-89FD46FA0D;Herne;Nordrhein-Westfalen;CDU;cdu;2020.0;Kommunalwahlprogramm Gemeinde;Gemeinde;Hauptkorpus: kommunales Wahlprogramm der Gemeinde;manifestos/he20cdu.txt
main;he20lin.txt;f24fd1397f2eb0dee6c37c4889facbda1d092b73e127ab4d37dfa1c742618cf2;7683;GLMP-05AD649BB3;Herne;Nordrhein-Westfalen;Die Linke;lin;2020.0;Kommunalwahlprogramm Gemeinde;Gemeinde;Hauptkorpus: kommunales Wahlprogramm der Gemeinde;manifestos/he20lin.txt
main;he20fdp.txt;0993ebf01ac7570a6b41149f0674afc33401e4d553ec93b36376a0ed44b5469a;78719;GLMP-ECC0192341;Herne;Nordrhein-Westfalen;FDP;fdp;2020.0;Kommunalwahlprogramm Gemeinde;Gemeinde;Hauptkorpus: kommunales Wahlprogramm der Gemeinde;manifestos/he20fdp.txt
main;he20gru.txt;2855b9ed4746291fc2d0613c99ac5f347a84979e3d6ad0edc0827ddc870bb197;102506;GLMP-519831F639;Herne;Nordrhein-Westfalen;Grüne;gru;2020.0;Kommunalwahlprogramm Gemeinde;Gemeinde;Hauptkorpus: kommunales Wahlprogramm der Gemeinde;manifestos/he20gru.txt
main;he20pir.txt;8e793ca6ca6c2c82262b0eab25201b57be3bd92dc334a3f669aef535e79d2d7c;80892;GLMP-68CE770F10;Herne;Nordrhein-Westfalen;Piraten;pir;2020.0;Kommunalwahlprogramm Gemeinde;Gemeinde;Hauptkorpus: kommunales Wahlprogramm der Gemeinde;manifestos/he20pir.txt
main;he20spd.txt;33563030a1167faf4e765a2a141a62e178e4ccc71cbdd7e4e5d01bc84be8772c;43949;GLMP-19A24DE27A;Herne;Nordrhein-Westfalen;SPD;spd;2020.0;Kommunalwahlprogramm Gemeinde;Gemeinde;Hauptkorpus: kommunales Wahlprogramm der Gemeinde;manifestos/he20spd.txt
main;he20wwh.txt;daa1a3b8b5010367e83e94aa592f0ee71f06128d2580c60c359640134e7d380d;26053;GLMP-0FA6904CDC;Herne;Nordrhein-Westfalen;Wählergemeinschaft Wanne-Herne;wwh;2020.0;Kommunalwahlprogramm Gemeinde;Gemeinde;Hauptkorpus: kommunales Wahlprogramm der Gemeinde;manifestos/he20wwh.txt
main;in20afd.txt;ff573b21b5000e2d0659e0f7a9d6e9b0abf434ff635921e19114e5aaaed40ab0;1672;GLMP-E76DD4B8CF;Ingolstadt;Bayern;Alternative für Deutschland;afd;2020.0;Kommunalwahlprogramm Gemeinde;Gemeinde;Hauptkorpus: kommunales Wahlprogramm der Gemeinde;manifestos/in20afd.txt
main;in20bgi.txt;453b7f5a5fa657731528568e0496d82683ba20858d57cd16ed92038efcd1ac2d;52789;GLMP-394E40D9C6;Ingolstadt;Bayern;Bürgergemeinschaft Ingolstadt;bgi;2020.0;Kommunalwahlprogramm Gemeinde;Gemeinde;Hauptkorpus: kommunales Wahlprogramm der Gemeinde;manifestos/in20bgi.txt
main;in20csu.txt;157470aee4eb8b18241b75a5e1fdf438cc31c6d263eef37b3b827c1361325fa0;15676;GLMP-12EDE2F474;Ingolstadt;Bayern;CSU;csu;2020.0;Kommunalwahlprogramm Gemeinde;Gemeinde;Hauptkorpus: kommunales Wahlprogramm der Gemeinde;manifestos/in20csu.txt
main;in20lin.txt;376dc7cd5c649e04b749b23be8bc3ce3f166fe7012cbc8652e50012b3e786bd5;57772;GLMP-0AE74EB6BF;Ingolstadt;Bayern;Die Linke;lin;2020.0;Kommunalwahlprogramm Gemeinde;Gemeinde;Hauptkorpus: kommunales Wahlprogramm der Gemeinde;manifestos/in20lin.txt
main;in20fdp.txt;6503a8c91260b6427a715ea8c382b7049df8cc596cbc251961421a7be56d7c4f;22008;GLMP-036E8B8C97;Ingolstadt;Bayern;FDP;fdp;2020.0;Kommunalwahlprogramm Gemeinde;Gemeinde;Hauptkorpus: kommunales Wahlprogramm der Gemeinde;manifestos/in20fdp.txt
main;in20fwg.txt;cdeb11fdf323ab4507d2897f5dd11f8614f6808a8eca8f80c3fe66172bded374;3509;GLMP-ABAA9A3C6A;Ingolstadt;Bayern;Freie Wähler;fwg;2020.0;Kommunalwahlprogramm Gemeinde;Gemeinde;Hauptkorpus: kommunales Wahlprogramm der Gemeinde;manifestos/in20fwg.txt
main;in20gru.txt;ed1fc60c069a1553363ad195c8820ab3ff14490a00de6211f7b73328bbc2a91f;103136;GLMP-E0DA168B01;Ingolstadt;Bayern;Grüne;gru;2020.0;Kommunalwahlprogramm Gemeinde;Gemeinde;Hauptkorpus: kommunales Wahlprogramm der Gemeinde;manifestos/in20gru.txt
main;in20juu.txt;607142c075bb4edab10c598a2d17b228201928c74683fef60889ce3f13c2a5d9;10201;GLMP-FA25CE54BF;Ingolstadt;Bayern;Junge Union;juu;2020.0;Kommunalwahlprogramm Gemeinde;Gemeinde;Hauptkorpus: kommunales Wahlprogramm der Gemeinde;manifestos/in20juu.txt
main;in20spd.txt;ba1a0642837cad390dd798b883fd4710e9544153313cf068fe289dc853cd5ea3;64751;GLMP-8D754444D0;Ingolstadt;Bayern;SPD;spd;2020.0;Kommunalwahlprogramm Gemeinde;Gemeinde;Hauptkorpus: kommunales Wahlprogramm der Gemeinde;manifestos/in20spd.txt
main;in20udi.txt;0fbe98a7db3fd41024aeb262021f5fd3f9babe9c2cee6f540ad45063b98fe4d3;7149;GLMP-09A6A88DFF;Ingolstadt;Bayern;Unabhängige Demokraten Ingolstadts;udi;2020.0;Kommunalwahlprogramm Gemeinde;Gemeinde;Hauptkorpus: kommunales Wahlprogramm der Gemeinde;manifestos/in20udi.txt
main;in20odp.txt;c49cde72987669445c916a16a87d9a92f07393552134dc8b2fb9efcd167c212d;63275;GLMP-7D40000FBE;Ingolstadt;Bayern;Ökologisch-Demokratische Partei (ÖDP);odp;2020.0;Kommunalwahlprogramm Gemeinde;Gemeinde;Hauptkorpus: kommunales Wahlprogramm der Gemeinde;manifestos/in20odp.txt
main;ko20afd.txt;f5e48e311f18006bfab55eca531198c7402865a35c6e2b5a5793662c015463df;37865;GLMP-BD221909B2;Koeln;Nordrhein-Westfalen;Alternative für Deutschland;afd;2020.0;Kommunalwahlprogramm Gemeinde;Gemeinde;Hauptkorpus: kommunales Wahlprogramm der Gemeinde;manifestos/ko20afd.txt
main;ko20cdu.txt;eeb87cd384d5816ce15ccbc0e2322e1d275ec52acd7fb412e4208c0ffbbaf7e5;236549;GLMP-5A8FD49EC2;Koeln;Nordrhein-Westfalen;CDU;cdu;2020.0;Kommunalwahlprogramm Gemeinde;Gemeinde;Hauptkorpus: kommunales Wahlprogramm der Gemeinde;manifestos/ko20cdu.txt
main;ko20gut.txt;b18d14eca370c1e6c82fc2ab7a78d99ccd26e0c5986783726149c2514dfa8e2e;5115;GLMP-344ECCA749;Koeln;Nordrhein-Westfalen;Die Guten;gut;2020.0;Kommunalwahlprogramm Gemeinde;Gemeinde;Hauptkorpus: kommunales Wahlprogramm der Gemeinde;manifestos/ko20gut.txt
main;ko20lin.txt;2abd432cf17973b3e45b3dd83f09c8eb5c8d9340ebc7e8f45eb4276118157600;75470;GLMP-2B0A2AAA5B;Koeln;Nordrhein-Westfalen;Die Linke;lin;2020.0;Kommunalwahlprogramm Gemeinde;Gemeinde;Hauptkorpus: kommunales Wahlprogramm der Gemeinde;manifestos/ko20lin.txt
main;ko20par.txt;796210165cf226d4db1c3a5f93c2937ea7b784f41f14119d17571b8fe0fabd00;5516;GLMP-AA41379AAE;Koeln;Nordrhein-Westfalen;Die Partei;par;2020.0;Kommunalwahlprogramm Gemeinde;Gemeinde;Hauptkorpus: kommunales Wahlprogramm der Gemeinde;manifestos/ko20par.txt
main;ko20fdp.txt;312b94f3ab50743615dad623d1983d84e63f09a8bc7029c1b4c0c39201e6187a;246482;GLMP-647F4C3F55;Koeln;Nordrhein-Westfalen;FDP;fdp;2020.0;Kommunalwahlprogramm Gemeinde;Gemeinde;Hauptkorpus: kommunales Wahlprogramm der Gemeinde;manifestos/ko20fdp.txt
main;ko20fwg.txt;7d3a72e3cf7dbb6951b251c03272f4777298afec286cd7c88939a7f3d4fe28b2;18115;GLMP-111053B495;Koeln;Nordrhein-Westfalen;Freie Wähler;fwg;2020.0;Kommunalwahlprogramm Gemeinde;Gemeinde;Hauptkorpus: kommunales Wahlprogramm der Gemeinde;manifestos/ko20fwg.txt
main;ko20gru.txt;1d08ae527c58aee0f604a801ae5eda1e86427220e5f26d3eb879185efd250ad9;193298;GLMP-17DFA8212B;Koeln;Nordrhein-Westfalen;Grüne;gru;2020.0;Kommunalwahlprogramm Gemeinde;Gemeinde;Hauptkorpus: kommunales Wahlprogramm der Gemeinde;manifestos/ko20gru.txt
main;ko20kli.txt;d90d05dd88b70689e0ec372c235ee0c563f01274cf0e2ca9d7a358d404fc570f;19224;GLMP-CD10E93638;Koeln;Nordrhein-Westfalen;Klima Freunde Köln;kli;2020.0;Kommunalwahlprogramm Gemeinde;Gemeinde;Hauptkorpus: kommunales Wahlprogramm der Gemeinde;manifestos/ko20kli.txt
main;ko20spd.txt;73fb8a2938244e318f2243d2a22088b738c71b4bae220365b503ed80aa671d9e;108551;GLMP-00AC8F3318;Koeln;Nordrhein-Westfalen;SPD;spd;2020.0;Kommunalwahlprogramm Gemeinde;Gemeinde;Hauptkorpus: kommunales Wahlprogramm der Gemeinde;manifestos/ko20spd.txt
main;ko20vlt.txt;c598a2de61b605437daa396a404f0079c4adbefefa9c37fb549be13414601213;21029;GLMP-0D7C8D79B9;Koeln;Nordrhein-Westfalen;Volt;vlt;2020.0;Kommunalwahlprogramm Gemeinde;Gemeinde;Hauptkorpus: kommunales Wahlprogramm der Gemeinde;manifestos/ko20vlt.txt
main;ko20odp.txt;dc6329fd5d3049b10ff6f0037d5c007b3ca8937fa5185ed2a3413e0281c1ee40;5996;GLMP-5527917335;Koeln;Nordrhein-Westfalen;Ökologisch-Demokratische Partei (ÖDP);odp;2020.0;Kommunalwahlprogramm Gemeinde;Gemeinde;Hauptkorpus: kommunales Wahlprogramm der Gemeinde;manifestos/ko20odp.txt
main;kr20afd.txt;5c32886a57cfcfbe3f7077db5a9ecca40bb388027c074c4633cce87594ebc04e;22898;GLMP-2555E5CAFC;Krefeld;Nordrhein-Westfalen;Alternative für Deutschland;afd;2020.0;Kommunalwahlprogramm Gemeinde;Gemeinde;Hauptkorpus: kommunales Wahlprogramm der Gemeinde;manifestos/kr20afd.txt
main;kr20bob.txt;34a58ca53c509065fc13c8b7367e30a8e6388fcb7133eb3e24d51807b02e121c;8270;GLMP-7598E59ADB;Krefeld;Nordrhein-Westfalen;Bündnis Oberhausen Bürger;bob;2020.0;Kommunalwahlprogramm Gemeinde;Gemeinde;Hauptkorpus: kommunales Wahlprogramm der Gemeinde;manifestos/kr20bob.txt
main;kr20cdu.txt;b2b00be1b3b51bfac09fe90836b9472c89c0d585c323b44c9a3815c8a3dd1050;68998;GLMP-789BE82A75;Krefeld;Nordrhein-Westfalen;CDU;cdu;2020.0;Kommunalwahlprogramm Gemeinde;Gemeinde;Hauptkorpus: kommunales Wahlprogramm der Gemeinde;manifestos/kr20cdu.txt
main;kr20dkp.txt;7d07e6277a5cf5d465009b7dd1299e8f99cfa0e1b00bbf4abd84dea3af496ac6;78326;GLMP-2326B32620;Krefeld;Nordrhein-Westfalen;Deutsche Kommunistische Partei;dkp;2020.0;Kommunalwahlprogramm Gemeinde;Gemeinde;Hauptkorpus: kommunales Wahlprogramm der Gemeinde;manifestos/kr20dkp.txt
main;kr20fdp.txt;b12fd413901c2aa225f9a3593f624c971dbe469f05bf021975fab86669aae73c;88921;GLMP-81538EEECE;Krefeld;Nordrhein-Westfalen;FDP;fdp;2020.0;Kommunalwahlprogramm Gemeinde;Gemeinde;Hauptkorpus: kommunales Wahlprogramm der Gemeinde;manifestos/kr20fdp.txt
main;kr20gru.txt;b43f9723d5b2efaf348e8d81b3890f95f591d20d7617383c05bc06e2119973b0;101733;GLMP-619B48B7E4;Krefeld;Nordrhein-Westfalen;Grüne;gru;2020.0;Kommunalwahlprogramm Gemeinde;Gemeinde;Hauptkorpus: kommunales Wahlprogramm der Gemeinde;manifestos/kr20gru.txt
main;kr20spd.txt;88d90c1658aca4491a32060cbe7f7077ed6f78d8a97369db28860e26a942d832;941;GLMP-8B84556D78;Krefeld;Nordrhein-Westfalen;SPD;spd;2020.0;Kommunalwahlprogramm Gemeinde;Gemeinde;Hauptkorpus: kommunales Wahlprogramm der Gemeinde;manifestos/kr20spd.txt
main;kr20wir.txt;68e1fcb7a9e61e165a8d7ccccbfff7bf69cf02a80f9c0bb7e5ae7e4fae97b284;12756;GLMP-5C4084D818;Krefeld;Nordrhein-Westfalen;WIR;wir;2020.0;Kommunalwahlprogramm Gemeinde;Gemeinde;Hauptkorpus: kommunales Wahlprogramm der Gemeinde;manifestos/kr20wir.txt
main;kr20wuz.txt;da59c61ee13b7806c893562717566d94ff77dae0c6dd37b5f055d83587ac963c;13806;GLMP-7F589F9F9A;Krefeld;Nordrhein-Westfalen;Wählergemeinschaft Unsere Zukunft;wuz;2020.0;Kommunalwahlprogramm Gemeinde;Gemeinde;Hauptkorpus: kommunales Wahlprogramm der Gemeinde;manifestos/kr20wuz.txt
main;le20afd.txt;ff1a5c2b18750e2959c9cac5f70c486cf649a184a6f104c1bbdafae5275cc140;9758;GLMP-1264930358;Leverkusen;Nordrhein-Westfalen;Alternative für Deutschland;afd;2020.0;Kommunalwahlprogramm Gemeinde;Gemeinde;Hauptkorpus: kommunales Wahlprogramm der Gemeinde;manifestos/le20afd.txt
main;le20bli.txt;2d19bd103ce318d820eb1a3c45b66f08ef2180bc64182d0cdba9ab5791609e5a;533;GLMP-6C0B80693E;Leverkusen;Nordrhein-Westfalen;Bürgerliste Freie Wähler;bli;2020.0;Kommunalwahlprogramm Gemeinde;Gemeinde;Hauptkorpus: kommunales Wahlprogramm der Gemeinde;manifestos/le20bli.txt
main;le20cdu.txt;f117b9d8cd6dbc811d4f567afb04d55e514bdff637789defb0d9137fbd308df8;34056;GLMP-6E9991343D;Leverkusen;Nordrhein-Westfalen;CDU;cdu;2020.0;Kommunalwahlprogramm Gemeinde;Gemeinde;Hauptkorpus: kommunales Wahlprogramm der Gemeinde;manifestos/le20cdu.txt
main;le20par.txt;fe764aaa81b6d8ef515b23ece7107a1cb6ba3e282449ea9aed65f69d8f1ef6d1;862;GLMP-E64569E210;Leverkusen;Nordrhein-Westfalen;Die Partei;par;2020.0;Kommunalwahlprogramm Gemeinde;Gemeinde;Hauptkorpus: kommunales Wahlprogramm der Gemeinde;manifestos/le20par.txt
main;le20fdp.txt;9a28851b56cb9d2f43e825a98ccb2e232ec1903b1eaf6a335cb4f56ee0e9244f;107682;GLMP-39035D05B1;Leverkusen;Nordrhein-Westfalen;FDP;fdp;2020.0;Kommunalwahlprogramm Gemeinde;Gemeinde;Hauptkorpus: kommunales Wahlprogramm der Gemeinde;manifestos/le20fdp.txt
main;le20gru.txt;3d7b32b31bd9a6e083b641c2edfe855e82f1217dd09c8d710da4861f316cfa24;89994;GLMP-C881842266;Leverkusen;Nordrhein-Westfalen;Grüne;gru;2020.0;Kommunalwahlprogramm Gemeinde;Gemeinde;Hauptkorpus: kommunales Wahlprogramm der Gemeinde;manifestos/le20gru.txt
main;le20kld.txt;23024add069621b8431952bd39fded92a9b1cf92816a9a14310b5a9053a7c25a;2704;GLMP-3667519B87;Leverkusen;Nordrhein-Westfalen;Klima Liste (Düsseldorf);kld;2020.0;Kommunalwahlprogramm Gemeinde;Gemeinde;Hauptkorpus: kommunales Wahlprogramm der Gemeinde;manifestos/le20kld.txt
main;le20lpp.txt;935647fec3e3e93af0530646dba71c35f2bf6ae4b789f226b8d30a3c7735574e;143681;GLMP-B8BD4AA82A;Leverkusen;Nordrhein-Westfalen;Leverkusener Liste;lpp;2020.0;Kommunalwahlprogramm Gemeinde;Gemeinde;Hauptkorpus: kommunales Wahlprogramm der Gemeinde;manifestos/le20lpp.txt
main;le20poo.txt;b37af1a6b8b8a156e0e529e1ab77a087b4579838efb74ce540c5819d10bb99c5;15002;GLMP-7AD3830AE7;Leverkusen;Nordrhein-Westfalen;Opladen Plus;poo;2020.0;Kommunalwahlprogramm Gemeinde;Gemeinde;Hauptkorpus: kommunales Wahlprogramm der Gemeinde;manifestos/le20poo.txt
main;le20spd.txt;63fb26b0cf30b098dbc2c85795b462953352ad40d2f805d3d6bf930f22d9f364;76898;GLMP-B54C6EC2EF;Leverkusen;Nordrhein-Westfalen;SPD;spd;2020.0;Kommunalwahlprogramm Gemeinde;Gemeinde;Hauptkorpus: kommunales Wahlprogramm der Gemeinde;manifestos/le20spd.txt
main;mg20afd.txt;35bffad3792b8e3840326b35d3537667d4f41da53976c699c70bb8a42d15ab25;30133;GLMP-3FD29C1472;Moenchengladbach;Nordrhein-Westfalen;Alternative für Deutschland;afd;2020.0;Kommunalwahlprogramm Gemeinde;Gemeinde;Hauptkorpus: kommunales Wahlprogramm der Gemeinde;manifestos/mg20afd.txt
main;mg20cdu.txt;4b0106b894e84dd5b67602094d8f17d30cbb3c28826b4da058b7ae87ae22adee;60483;GLMP-BC95A0013F;Moenchengladbach;Nordrhein-Westfalen;CDU;cdu;2020.0;Kommunalwahlprogramm Gemeinde;Gemeinde;Hauptkorpus: kommunales Wahlprogramm der Gemeinde;manifestos/mg20cdu.txt
main;mg20lin.txt;25ebe7dc6e41a23fe0bc85ee63856f7133a9d937994e06bef57ad0cbd2c84abb;75424;GLMP-4CDA7BC069;Moenchengladbach;Nordrhein-Westfalen;Die Linke;lin;2020.0;Kommunalwahlprogramm Gemeinde;Gemeinde;Hauptkorpus: kommunales Wahlprogramm der Gemeinde;manifestos/mg20lin.txt
main;mg20par.txt;dfdd0839e367c4f494a0d3ffc1387cbade5688353bbb59ab16c2661e06e17e30;4901;GLMP-D7DB42160E;Moenchengladbach;Nordrhein-Westfalen;Die Partei;par;2020.0;Kommunalwahlprogramm Gemeinde;Gemeinde;Hauptkorpus: kommunales Wahlprogramm der Gemeinde;manifestos/mg20par.txt
main;mg20fdp.txt;d734b82259ff268c145bed6b7a12830093e286a98958c7f9d064b0bd43d7a2c9;46210;GLMP-8B8FEA8CAF;Moenchengladbach;Nordrhein-Westfalen;FDP;fdp;2020.0;Kommunalwahlprogramm Gemeinde;Gemeinde;Hauptkorpus: kommunales Wahlprogramm der Gemeinde;manifestos/mg20fdp.txt
main;mg20gru.txt;70e347e8287698187b15eb6c73b128b61e6eeff42fbd63abd9460f1ece309c4e;110094;GLMP-2E65CF208B;Moenchengladbach;Nordrhein-Westfalen;Grüne;gru;2020.0;Kommunalwahlprogramm Gemeinde;Gemeinde;Hauptkorpus: kommunales Wahlprogramm der Gemeinde;manifestos/mg20gru.txt
main;mg20spd.txt;e463d12ad98a3cbb932e5212b7816f2a16ebff67fc9d9cd32238b666a0f063bf;76886;GLMP-C652A60395;Moenchengladbach;Nordrhein-Westfalen;SPD;spd;2020.0;Kommunalwahlprogramm Gemeinde;Gemeinde;Hauptkorpus: kommunales Wahlprogramm der Gemeinde;manifestos/mg20spd.txt
main;mo20cdu.txt;6eff52fa2f0af332aa3244e5031ac86988099631975aa8ccdfc4fdec6b250f41;3839;GLMP-3711C44404;Moers;Nordrhein-Westfalen;CDU;cdu;2020.0;Kommunalwahlprogramm Gemeinde;Gemeinde;Hauptkorpus: kommunales Wahlprogramm der Gemeinde;manifestos/mo20cdu.txt
main;mo20lin.txt;9fac48b61b0fb9a06ef4acef8d31a698d087ff8e3ca16cd2a339a10f614eb512;65247;GLMP-80F1CD5F60;Moers;Nordrhein-Westfalen;Die Linke;lin;2020.0;Kommunalwahlprogramm Gemeinde;Gemeinde;Hauptkorpus: kommunales Wahlprogramm der Gemeinde;manifestos/mo20lin.txt
main;mo20par.txt;0e2392ad5907632e2560b0154ec1e6c2deed5d6d86dccf5233a5d16d6383de2d;3270;GLMP-84978D4012;Moers;Nordrhein-Westfalen;Die Partei;par;2020.0;Kommunalwahlprogramm Gemeinde;Gemeinde;Hauptkorpus: kommunales Wahlprogramm der Gemeinde;manifestos/mo20par.txt
main;mo20fdp.txt;068c5139051408c71fd1352f5830382d384f975a6eee831e1549d56bebedaeb9;20953;GLMP-4E7658DD53;Moers;Nordrhein-Westfalen;FDP;fdp;2020.0;Kommunalwahlprogramm Gemeinde;Gemeinde;Hauptkorpus: kommunales Wahlprogramm der Gemeinde;manifestos/mo20fdp.txt
main;mo20fbm.txt;09244e75da4ff63e15d7c80b831e8e19589a0fa4f6a71727228aeaaeb973b0a8;24353;GLMP-7F77804798;Moers;Nordrhein-Westfalen;Freie Bürgerliste Moers;fbm;2020.0;Kommunalwahlprogramm Gemeinde;Gemeinde;Hauptkorpus: kommunales Wahlprogramm der Gemeinde;manifestos/mo20fbm.txt
main;mo20gra.txt;72d481bf2c92fe3daf6b3b022089418e6bbc50ffedf7103908f0739068d3c823;25631;GLMP-F9F915CD7F;Moers;Nordrhein-Westfalen;Grün Alternativ Links (Lübeck);gra;2020.0;Kommunalwahlprogramm Gemeinde;Gemeinde;Hauptkorpus: kommunales Wahlprogramm der Gemeinde;manifestos/mo20gra.txt
main;mo20gru.txt;c8d885b90c65f9eef2b8a15cd129c2955e8a142972d69faf0e8ab10008c31b3f;21697;GLMP-73057ED193;Moers;Nordrhein-Westfalen;Grüne;gru;2020.0;Kommunalwahlprogramm Gemeinde;Gemeinde;Hauptkorpus: kommunales Wahlprogramm der Gemeinde;manifestos/mo20gru.txt
main;mo20spd.txt;494bee8d21bdbaf231b4c78ce79c2205f69c2b28849b3bba9d3252b65705fc05;39224;GLMP-7A6FB11EE6;Moers;Nordrhein-Westfalen;SPD;spd;2020.0;Kommunalwahlprogramm Gemeinde;Gemeinde;Hauptkorpus: kommunales Wahlprogramm der Gemeinde;manifestos/mo20spd.txt
main;mh20bam.txt;a07d7ebe11072e9007c9e2aec4fe73b43718f2fb2c8e9588ff8c17f3149fceb9;8960;GLMP-52B7F9B05C;Muelheim an der Ruhr;Nordrhein-Westfalen;Bürgerlicher Aufbruch Mülheim an der Ruhr;bam;2020.0;Kommunalwahlprogramm Gemeinde;Gemeinde;Hauptkorpus: kommunales Wahlprogramm der Gemeinde;manifestos/mh20bam.txt
main;mh20cdu.txt;23534a546a9af5d6fefaed14d574c99bdaa1a4fd6abbff9810c9139578f702be;71393;GLMP-D128EE2416;Muelheim an der Ruhr;Nordrhein-Westfalen;CDU;cdu;2020.0;Kommunalwahlprogramm Gemeinde;Gemeinde;Hauptkorpus: kommunales Wahlprogramm der Gemeinde;manifestos/mh20cdu.txt
main;mh20fdp.txt;1644d54cf61292206262aee0fc6f4b13ea1dee499185bad68163fca96c70d4b4;58254;GLMP-CBBD690BF6;Muelheim an der Ruhr;Nordrhein-Westfalen;FDP;fdp;2020.0;Kommunalwahlprogramm Gemeinde;Gemeinde;Hauptkorpus: kommunales Wahlprogramm der Gemeinde;manifestos/mh20fdp.txt
main;mh20gru.txt;73257cc3644a59d13e01b303bcafedc6950c819232fd53e69113058936972bf5;31456;GLMP-5360910BA3;Muelheim an der Ruhr;Nordrhein-Westfalen;Grüne;gru;2020.0;Kommunalwahlprogramm Gemeinde;Gemeinde;Hauptkorpus: kommunales Wahlprogramm der Gemeinde;manifestos/mh20gru.txt
main;mh20mbi.txt;113e04a991b27a16b1cc5b9090d3982020de896788011a8dca811e917d9c9836;56116;GLMP-B4F8228188;Muelheim an der Ruhr;Nordrhein-Westfalen;Mülheimer Bürger Initiative;mbi;2020.0;Kommunalwahlprogramm Gemeinde;Gemeinde;Hauptkorpus: kommunales Wahlprogramm der Gemeinde;manifestos/mh20mbi.txt
main;mh20spd.txt;b31fad31d8f2008a348b82312287b3127d0a5ba001c0bc766d9aa2668248d7a8;109297;GLMP-69FBA83E71;Muelheim an der Ruhr;Nordrhein-Westfalen;SPD;spd;2020.0;Kommunalwahlprogramm Gemeinde;Gemeinde;Hauptkorpus: kommunales Wahlprogramm der Gemeinde;manifestos/mh20spd.txt
main;mu20afd.txt;99e32ae69c4f982a94a96bca651577dc4319969eb3b83391975e5b8d059b6747;65722;GLMP-E7C0D2F892;Muenchen;Bayern;Alternative für Deutschland;afd;2020.0;Kommunalwahlprogramm Gemeinde;Gemeinde;Hauptkorpus: kommunales Wahlprogramm der Gemeinde;manifestos/mu20afd.txt
main;mu20byp.txt;251e383476df3a84d992ea8ad08c285d6abad0e3fffae0cc05b908bcd21d7129;22238;GLMP-7D4BB208B5;Muenchen;Bayern;Bayern-Partei;byp;2020.0;Kommunalwahlprogramm Gemeinde;Gemeinde;Hauptkorpus: kommunales Wahlprogramm der Gemeinde;manifestos/mu20byp.txt
main;mu20bia.txt;64da42397ff0ca8123800148f184877685478e39ecea741f0e4abec395d61af2;17964;GLMP-E1E4A568B6;Muenchen;Bayern;Bürgerinitiative Ausländerstopp;bia;2020.0;Kommunalwahlprogramm Gemeinde;Gemeinde;Hauptkorpus: kommunales Wahlprogramm der Gemeinde;manifestos/mu20bia.txt
main;mu20csu.txt;0b92b7f7da45d44d9d77558550570738b3c7eb02ce2a1fa82ca95e0fe56d1fa0;128865;GLMP-8FBCF5A0F1;Muenchen;Bayern;CSU;csu;2020.0;Kommunalwahlprogramm Gemeinde;Gemeinde;Hauptkorpus: kommunales Wahlprogramm der Gemeinde;manifestos/mu20csu.txt
main;mu20lin.txt;7be8bead0d6eec3a6dd9a58f2fcf1a680bebb2d8dde9c7aadca8730d4e64a8d5;102880;GLMP-7842B70FB7;Muenchen;Bayern;Die Linke;lin;2020.0;Kommunalwahlprogramm Gemeinde;Gemeinde;Hauptkorpus: kommunales Wahlprogramm der Gemeinde;manifestos/mu20lin.txt
main;mu20par.txt;9a574d8a2e9b830d464c3728da4cb14286801cee3e99b8179e7ad9c5ac436792;11466;GLMP-4099FE89DB;Muenchen;Bayern;Die Partei;par;2020.0;Kommunalwahlprogramm Gemeinde;Gemeinde;Hauptkorpus: kommunales Wahlprogramm der Gemeinde;manifestos/mu20par.txt
main;mu20fdp.txt;0e87925d75919061fc01b78a05c77a96d70df3739413f276e979c6fbe8a667d2;138771;GLMP-A234A8A4D5;Muenchen;Bayern;FDP;fdp;2020.0;Kommunalwahlprogramm Gemeinde;Gemeinde;Hauptkorpus: kommunales Wahlprogramm der Gemeinde;manifestos/mu20fdp.txt
main;mu20fwg.txt;42cbe28403663d5573723d5ac3de751ad2dfc264ef6073f4501ec28e4276b405;18455;GLMP-D487B48C2F;Muenchen;Bayern;Freie Wähler;fwg;2020.0;Kommunalwahlprogramm Gemeinde;Gemeinde;Hauptkorpus: kommunales Wahlprogramm der Gemeinde;manifestos/mu20fwg.txt
main;mu20gru.txt;16ef6244e0292dad7e2d88900422f4525692edbc4ebc75329056cbdb0936920b;136826;GLMP-C655CAAC15;Muenchen;Bayern;Grüne;gru;2020.0;Kommunalwahlprogramm Gemeinde;Gemeinde;Hauptkorpus: kommunales Wahlprogramm der Gemeinde;manifestos/mu20gru.txt
main;mu20mul.txt;f9d191f561f43e98d0d8b7d662bac108a312e8d957a123e14ae6a4aa3bd1378f;52020;GLMP-D2738A148C;Muenchen;Bayern;Münchner Liste;mul;2020.0;Kommunalwahlprogramm Gemeinde;Gemeinde;Hauptkorpus: kommunales Wahlprogramm der Gemeinde;manifestos/mu20mul.txt
main;mu20rlm.txt;2a49c7e7ae8cfc9817d44aa5b4695c6c2d4f8284d0978cc489d4431c795bcd86;87862;GLMP-4BFAA18204;Muenchen;Bayern;Rosa Liste München;rlm;2020.0;Kommunalwahlprogramm Gemeinde;Gemeinde;Hauptkorpus: kommunales Wahlprogramm der Gemeinde;manifestos/mu20rlm.txt
main;mu20spd.txt;ea348acf8bc7a321a3a663d717377de8598bb72ad0123e465d9dcc6aeb5380de;172277;GLMP-C6EFDDFA6B;Muenchen;Bayern;SPD;spd;2020.0;Kommunalwahlprogramm Gemeinde;Gemeinde;Hauptkorpus: kommunales Wahlprogramm der Gemeinde;manifestos/mu20spd.txt
main;mu20vlt.txt;dc454d34e93e7b71421ecb62ac9fa59f71cba3a66bfd56ac539799229c887ad5;92105;GLMP-368A30F82A;Muenchen;Bayern;Volt;vlt;2020.0;Kommunalwahlprogramm Gemeinde;Gemeinde;Hauptkorpus: kommunales Wahlprogramm der Gemeinde;manifestos/mu20vlt.txt
main;mu20mut.txt;b064f11e8e9924c2c7b4f98ed6c3fd437c99bb4371a32b443a954daa5b407e07;55515;GLMP-BD7B2E9631;Muenchen;Bayern;mut;mut;2020.0;Kommunalwahlprogramm Gemeinde;Gemeinde;Hauptkorpus: kommunales Wahlprogramm der Gemeinde;manifestos/mu20mut.txt
main;mu20odp.txt;7894439e7933dd0d29db25c706f64106eeb215c1b26a82758f2aee14947df59d;93337;GLMP-F3619C8573;Muenchen;Bayern;Ökologisch-Demokratische Partei (ÖDP);odp;2020.0;Kommunalwahlprogramm Gemeinde;Gemeinde;Hauptkorpus: kommunales Wahlprogramm der Gemeinde;manifestos/mu20odp.txt
main;ms20cdu.txt;d32b07822d0adb63982423540bd270d14aa91156d3cb819be806009eaa5f3e99;123171;GLMP-9E83F2DEBA;Muenster;Nordrhein-Westfalen;CDU;cdu;2020.0;Kommunalwahlprogramm Gemeinde;Gemeinde;Hauptkorpus: kommunales Wahlprogramm der Gemeinde;manifestos/ms20cdu.txt
main;ms20lin.txt;38f4c6d7c836b3d37a6319188a04ea53a2995dbd31a080765afa45af9dd165ef;160684;GLMP-01E94778FD;Muenster;Nordrhein-Westfalen;Die Linke;lin;2020.0;Kommunalwahlprogramm Gemeinde;Gemeinde;Hauptkorpus: kommunales Wahlprogramm der Gemeinde;manifestos/ms20lin.txt
main;ms20par.txt;f3d5a48eac09d6c51b9645b97304ff89c29c36bddee504791f79ce5337ffb413;10466;GLMP-0D49D4479F;Muenster;Nordrhein-Westfalen;Die Partei;par;2020.0;Kommunalwahlprogramm Gemeinde;Gemeinde;Hauptkorpus: kommunales Wahlprogramm der Gemeinde;manifestos/ms20par.txt
main;ms20fdp.txt;782bd1d697061e76bb1ebb6eb40fde05fb0d68aad6ec7d60609c93d372fb96ff;67839;GLMP-3FAE7145D5;Muenster;Nordrhein-Westfalen;FDP;fdp;2020.0;Kommunalwahlprogramm Gemeinde;Gemeinde;Hauptkorpus: kommunales Wahlprogramm der Gemeinde;manifestos/ms20fdp.txt
main;ms20gru.txt;9e297a0836555e1d13d3b53e8ea3d548a7a34804336918a3bfd57aaa1574990d;411853;GLMP-B6C2FE1436;Muenster;Nordrhein-Westfalen;Grüne;gru;2020.0;Kommunalwahlprogramm Gemeinde;Gemeinde;Hauptkorpus: kommunales Wahlprogramm der Gemeinde;manifestos/ms20gru.txt
main;ms20mib.txt;0dea4e218ec01f714302bd581514ce964834e899deb34540c04e12142b41ffa7;15873;GLMP-F432E98659;Muenster;Nordrhein-Westfalen;Münster ist bunt und international;mib;2020.0;Kommunalwahlprogramm Gemeinde;Gemeinde;Hauptkorpus: kommunales Wahlprogramm der Gemeinde;manifestos/ms20mib.txt
main;ms20pir.txt;7f5ed3aa5bd58dd92469b9aff4b17efffa98345b2c0ac36fbdd3cbfde446d29d;22282;GLMP-D48DDB8392;Muenster;Nordrhein-Westfalen;Piraten;pir;2020.0;Kommunalwahlprogramm Gemeinde;Gemeinde;Hauptkorpus: kommunales Wahlprogramm der Gemeinde;manifestos/ms20pir.txt
main;ms20spd.txt;956f64be0701e6a36f054dd2525e4a7332034c278a548e5d3104f14233e86a6b;97708;GLMP-8D82489977;Muenster;Nordrhein-Westfalen;SPD;spd;2020.0;Kommunalwahlprogramm Gemeinde;Gemeinde;Hauptkorpus: kommunales Wahlprogramm der Gemeinde;manifestos/ms20spd.txt
main;ms20vlt.txt;32e56f455dee3249f102275024fd0e189f32fcb459a8def43d11265ec2a1eaf9;22434;GLMP-C5C58FD8D4;Muenster;Nordrhein-Westfalen;Volt;vlt;2020.0;Kommunalwahlprogramm Gemeinde;Gemeinde;Hauptkorpus: kommunales Wahlprogramm der Gemeinde;manifestos/ms20vlt.txt
main;ms20odp.txt;a312a3fc8341c32b5c3c4bfc412bc527261f41e6c173b6fed255099f0b273859;40915;GLMP-B945D0B39A;Muenster;Nordrhein-Westfalen;Ökologisch-Demokratische Partei (ÖDP);odp;2020.0;Kommunalwahlprogramm Gemeinde;Gemeinde;Hauptkorpus: kommunales Wahlprogramm der Gemeinde;manifestos/ms20odp.txt
main;ne20cdu.txt;a87d104da087c0b440817d53571a5a3cdf944c5fd7854376358d025493d9fcdf;88221;GLMP-BD3D71E53C;Neuss;Nordrhein-Westfalen;CDU;cdu;2020.0;Kommunalwahlprogramm Gemeinde;Gemeinde;Hauptkorpus: kommunales Wahlprogramm der Gemeinde;manifestos/ne20cdu.txt
main;ne20dzp.txt;d127aafd13ad43cb8342a02d0cccf3cd002871de33232db8ff442f5ec823b389;14852;GLMP-BDD8193346;Neuss;Nordrhein-Westfalen;Deutsche Zentrumspartei;dzp;2020.0;Kommunalwahlprogramm Gemeinde;Gemeinde;Hauptkorpus: kommunales Wahlprogramm der Gemeinde;manifestos/ne20dzp.txt
main;ne20lin.txt;234c32a4fee57b144f1f0fa7b7a5c18068cb53828aa932aca9a7a83e0c54559e;6844;GLMP-CD1B1C07B1;Neuss;Nordrhein-Westfalen;Die Linke;lin;2020.0;Kommunalwahlprogramm Gemeinde;Gemeinde;Hauptkorpus: kommunales Wahlprogramm der Gemeinde;manifestos/ne20lin.txt
main;ne20fdp.txt;31c8dce62c91edad77e79504c9ef933b4072a7c064efd14883a8ba405f89b882;40194;GLMP-8E7FDCE1E4;Neuss;Nordrhein-Westfalen;FDP;fdp;2020.0;Kommunalwahlprogramm Gemeinde;Gemeinde;Hauptkorpus: kommunales Wahlprogramm der Gemeinde;manifestos/ne20fdp.txt
main;ne20gru.txt;943b8321acb1110a3a3ad0bf96dd74208c3a33a1e5529af6922abc4996dc5846;75101;GLMP-C98A440ED2;Neuss;Nordrhein-Westfalen;Grüne;gru;2020.0;Kommunalwahlprogramm Gemeinde;Gemeinde;Hauptkorpus: kommunales Wahlprogramm der Gemeinde;manifestos/ne20gru.txt
main;ne20spd.txt;f0140936d8e61c8f7aa433a88e1a349f6edb73bf02a0b472db3075010fc62525;108304;GLMP-9B22282C58;Neuss;Nordrhein-Westfalen;SPD;spd;2020.0;Kommunalwahlprogramm Gemeinde;Gemeinde;Hauptkorpus: kommunales Wahlprogramm der Gemeinde;manifestos/ne20spd.txt
main;ne20tsh.txt;ff262b16187babe1f015f52ec1abc1ff73226f276880847ba3a35841df8f5858;8527;GLMP-0A775D98DB;Neuss;Nordrhein-Westfalen;Tierschutzpartei;tsh;2020.0;Kommunalwahlprogramm Gemeinde;Gemeinde;Hauptkorpus: kommunales Wahlprogramm der Gemeinde;manifestos/ne20tsh.txt
main;ne20uwg.txt;78687b781d621933e714b528261e301876b3f2a53047e2865d96fe408d1113c6;18612;GLMP-3ED8034752;Neuss;Nordrhein-Westfalen;Unabhängige Wählergemeinschaft (UWG);uwg;2020.0;Kommunalwahlprogramm Gemeinde;Gemeinde;Hauptkorpus: kommunales Wahlprogramm der Gemeinde;manifestos/ne20uwg.txt
main;nu20afd.txt;0636015be7da75121f6a53d815ae09679626b371d70deba26afe7f365812af15;10510;GLMP-C9D386255B;Nuernberg;Bayern;Alternative für Deutschland;afd;2020.0;Kommunalwahlprogramm Gemeinde;Gemeinde;Hauptkorpus: kommunales Wahlprogramm der Gemeinde;manifestos/nu20afd.txt
main;nu20bia.txt;1fee7cc3439687df272f9650a4a2e3a9adf0cd9856b42abe4006bba0d3fc25c2;7300;GLMP-2DF52E7D26;Nuernberg;Bayern;Bürgerinitiative Ausländerstopp;bia;2020.0;Kommunalwahlprogramm Gemeinde;Gemeinde;Hauptkorpus: kommunales Wahlprogramm der Gemeinde;manifestos/nu20bia.txt
main;nu20csu.txt;ed599538c652abc96ba06020c944b35912eaa11ea773e338594b011162e0763c;27087;GLMP-477857170A;Nuernberg;Bayern;CSU;csu;2020.0;Kommunalwahlprogramm Gemeinde;Gemeinde;Hauptkorpus: kommunales Wahlprogramm der Gemeinde;manifestos/nu20csu.txt
main;nu20lin.txt;b3655f0d41d565d79d0ffc15d8ee9c6283e44ed5a35b126a449caf75934f04f1;103465;GLMP-1F0170BB53;Nuernberg;Bayern;Die Linke;lin;2020.0;Kommunalwahlprogramm Gemeinde;Gemeinde;Hauptkorpus: kommunales Wahlprogramm der Gemeinde;manifestos/nu20lin.txt
main;nu20lil.txt;4104b6eead1f944b4cadd78f3bcddf633a88218213e17e2fb8840b3447394060;76608;GLMP-DA388CCDAA;Nuernberg;Bayern;Die aNDERE;lil;2020.0;Kommunalwahlprogramm Gemeinde;Gemeinde;Hauptkorpus: kommunales Wahlprogramm der Gemeinde;manifestos/nu20lil.txt
main;nu20fdp.txt;2a0e9965b6d0ce8cf0624fafff74aade7ba0f0aac924620382a31f89f2f407d5;98496;GLMP-8CB7EF2B10;Nuernberg;Bayern;FDP;fdp;2020.0;Kommunalwahlprogramm Gemeinde;Gemeinde;Hauptkorpus: kommunales Wahlprogramm der Gemeinde;manifestos/nu20fdp.txt
main;nu20fwg.txt;8b9d121c08c21db122218711110472c222ca4b5755bf1f0821eaf1d3b84f9952;12723;GLMP-1390C10C35;Nuernberg;Bayern;Freie Wähler;fwg;2020.0;Kommunalwahlprogramm Gemeinde;Gemeinde;Hauptkorpus: kommunales Wahlprogramm der Gemeinde;manifestos/nu20fwg.txt
main;nu20gru.txt;50bbf4f8e295759b57a053575addcc6370ef049c23ce6cb6589ff44e9837038f;136646;GLMP-82B8BAFD82;Nuernberg;Bayern;Grüne;gru;2020.0;Kommunalwahlprogramm Gemeinde;Gemeinde;Hauptkorpus: kommunales Wahlprogramm der Gemeinde;manifestos/nu20gru.txt
main;nu20pir.txt;287611cbeb4cd47b52e6c715941cb2d865883d8a947f1c9ba88e82cae9cb80b6;36423;GLMP-7DD8B24358;Nuernberg;Bayern;Piraten;pir;2020.0;Kommunalwahlprogramm Gemeinde;Gemeinde;Hauptkorpus: kommunales Wahlprogramm der Gemeinde;manifestos/nu20pir.txt
main;nu20spd.txt;9eada244bdd4b6af6f11254a02ebaf1593715fd5670196c2a33f6159beecbc3f;45440;GLMP-DE76B64D45;Nuernberg;Bayern;SPD;spd;2020.0;Kommunalwahlprogramm Gemeinde;Gemeinde;Hauptkorpus: kommunales Wahlprogramm der Gemeinde;manifestos/nu20spd.txt
main;nu20odp.txt;e5fed38bb24f5071f3461fccac0c3dec4133bf280ee8b2e3a5b27fa94dc24480;53914;GLMP-626EEA5E94;Nuernberg;Bayern;Ökologisch-Demokratische Partei (ÖDP);odp;2020.0;Kommunalwahlprogramm Gemeinde;Gemeinde;Hauptkorpus: kommunales Wahlprogramm der Gemeinde;manifestos/nu20odp.txt
main;ob20cdu.txt;81b19aa8f9bf238e8445f89d1ea0cf57f8ac953a8268cb894b49561c38f6c545;72749;GLMP-28DC18C7EC;Oberhausen;Nordrhein-Westfalen;CDU;cdu;2020.0;Kommunalwahlprogramm Gemeinde;Gemeinde;Hauptkorpus: kommunales Wahlprogramm der Gemeinde;manifestos/ob20cdu.txt
main;ob20lin.txt;cbb3d7e84546d530c7a4ad5950267b0501fb41f3f5850e668a98022064f78acd;116082;GLMP-E014CBBB22;Oberhausen;Nordrhein-Westfalen;Die Linke;lin;2020.0;Kommunalwahlprogramm Gemeinde;Gemeinde;Hauptkorpus: kommunales Wahlprogramm der Gemeinde;manifestos/ob20lin.txt
main;ob20vio.txt;8987e31bf2aa1b5e8da56b6c84640befaa9268b59fd6214c0f4a957127c9a906;2345;GLMP-CEE4823B42;Oberhausen;Nordrhein-Westfalen;Die Violetten;vio;2020.0;Kommunalwahlprogramm Gemeinde;Gemeinde;Hauptkorpus: kommunales Wahlprogramm der Gemeinde;manifestos/ob20vio.txt
main;ob20gru.txt;4ac5ea20dea28c9dad36aae6f0fe6124594d27d99aef46866040c86938e707f1;78966;GLMP-6BDAD5A49D;Oberhausen;Nordrhein-Westfalen;Grüne;gru;2020.0;Kommunalwahlprogramm Gemeinde;Gemeinde;Hauptkorpus: kommunales Wahlprogramm der Gemeinde;manifestos/ob20gru.txt
main;ob20spd.txt;f7781830067287ac805acc14a32492dd0e4b115df5d6044e6d006617d22d0921;39633;GLMP-96E69DAB6F;Oberhausen;Nordrhein-Westfalen;SPD;spd;2020.0;Kommunalwahlprogramm Gemeinde;Gemeinde;Hauptkorpus: kommunales Wahlprogramm der Gemeinde;manifestos/ob20spd.txt
main;pb20afd.txt;49a6ac284b504bc53353e3155f3ff1ce3abd41d291154fec0a1bab474287a048;67237;GLMP-C4C47E3033;Paderborn;Nordrhein-Westfalen;Alternative für Deutschland;afd;2020.0;Kommunalwahlprogramm Gemeinde;Gemeinde;Hauptkorpus: kommunales Wahlprogramm der Gemeinde;manifestos/pb20afd.txt
main;pb20cdu.txt;0397189af707cd2cbabbc3fe4383d5eaa4b38fb1d9d5ef34399431f424c81420;6719;GLMP-3D8287A901;Paderborn;Nordrhein-Westfalen;CDU;cdu;2020.0;Kommunalwahlprogramm Gemeinde;Gemeinde;Hauptkorpus: kommunales Wahlprogramm der Gemeinde;manifestos/pb20cdu.txt
main;pb20lin.txt;09e1c6a84858d1bb704bface1b627ff78f64fad88519a3f176f7ec79630524d8;28188;GLMP-7991BF04CE;Paderborn;Nordrhein-Westfalen;Die Linke;lin;2020.0;Kommunalwahlprogramm Gemeinde;Gemeinde;Hauptkorpus: kommunales Wahlprogramm der Gemeinde;manifestos/pb20lin.txt
main;pb20par.txt;bbf0dd99501e45252fdb87335850ed5ca1966a947bf532be2f0aba6a73e56b19;5429;GLMP-40A3628622;Paderborn;Nordrhein-Westfalen;Die Partei;par;2020.0;Kommunalwahlprogramm Gemeinde;Gemeinde;Hauptkorpus: kommunales Wahlprogramm der Gemeinde;manifestos/pb20par.txt
main;pb20fdp.txt;9aaabb1cd86be92e34040a3496ead5c158dae9473bf0c391110254bc0836706e;32934;GLMP-EF5552BE53;Paderborn;Nordrhein-Westfalen;FDP;fdp;2020.0;Kommunalwahlprogramm Gemeinde;Gemeinde;Hauptkorpus: kommunales Wahlprogramm der Gemeinde;manifestos/pb20fdp.txt
main;pb20fbi.txt;ee42f00f2d14de55d344d14f71d1824af7cd7271af0168b7ac865ac2031e1e1f;3220;GLMP-E3EF68E7F7;Paderborn;Nordrhein-Westfalen;Freie Bürger Initiative;fbi;2020.0;Kommunalwahlprogramm Gemeinde;Gemeinde;Hauptkorpus: kommunales Wahlprogramm der Gemeinde;manifestos/pb20fbi.txt
main;pb20fpb.txt;60329ab6f120554324150423c9d8aad2369d9a3b2ba50ecf0c62becb7aaa9eb0;22851;GLMP-708EDDC118;Paderborn;Nordrhein-Westfalen;Für Paderborn;fpb;2020.0;Kommunalwahlprogramm Gemeinde;Gemeinde;Hauptkorpus: kommunales Wahlprogramm der Gemeinde;manifestos/pb20fpb.txt
main;pb20gru.txt;b3f92953bf7f4a0f6b7a32341659b8b987a963cbc05789d1e3ddb750eeacc13f;148184;GLMP-A37D37CE5A;Paderborn;Nordrhein-Westfalen;Grüne;gru;2020.0;Kommunalwahlprogramm Gemeinde;Gemeinde;Hauptkorpus: kommunales Wahlprogramm der Gemeinde;manifestos/pb20gru.txt
main;pb20spd.txt;d04636d1e107abc0e6222b5d4f5a12f1c02e4de12d2e1e98ee94af520b44c387;14771;GLMP-BDCA211C12;Paderborn;Nordrhein-Westfalen;SPD;spd;2020.0;Kommunalwahlprogramm Gemeinde;Gemeinde;Hauptkorpus: kommunales Wahlprogramm der Gemeinde;manifestos/pb20spd.txt
main;pb20vlt.txt;2a95a801d95e10bce4384c7baadfe983caba7bad11bffaa5db5aa60d9eebf30a;31060;GLMP-D3C5601AFC;Paderborn;Nordrhein-Westfalen;Volt;vlt;2020.0;Kommunalwahlprogramm Gemeinde;Gemeinde;Hauptkorpus: kommunales Wahlprogramm der Gemeinde;manifestos/pb20vlt.txt
main;re20cdu.txt;47e21dffec34d3b5c4186b9fbb0a5c4d29dbc83be9caaee3c5840375a6949d69;92854;GLMP-B7A26797FD;Recklinghausen;Nordrhein-Westfalen;CDU;cdu;2020.0;Kommunalwahlprogramm Gemeinde;Gemeinde;Hauptkorpus: kommunales Wahlprogramm der Gemeinde;manifestos/re20cdu.txt
main;re20phd.txt;6f89bfec8841142b2dbe84d4a95f2d9294c6423e6bcdd8bbc4b02d6949fe40aa;12860;GLMP-B38639874B;Recklinghausen;Nordrhein-Westfalen;Die Holisten;phd;2020.0;Kommunalwahlprogramm Gemeinde;Gemeinde;Hauptkorpus: kommunales Wahlprogramm der Gemeinde;manifestos/re20phd.txt
main;re20fdp.txt;9a67d98d8b86932db72889600e66d488b8dffda3d15dff23b37fd63c0c6b9916;36732;GLMP-C557CCE56C;Recklinghausen;Nordrhein-Westfalen;FDP;fdp;2020.0;Kommunalwahlprogramm Gemeinde;Gemeinde;Hauptkorpus: kommunales Wahlprogramm der Gemeinde;manifestos/re20fdp.txt
main;re20gru.txt;e56084ca8a287fee89d3f6a32d5239e69a88c6ffa0950c5aaa8c7e01c5498ffd;74087;GLMP-B9D8390F0B;Recklinghausen;Nordrhein-Westfalen;Grüne;gru;2020.0;Kommunalwahlprogramm Gemeinde;Gemeinde;Hauptkorpus: kommunales Wahlprogramm der Gemeinde;manifestos/re20gru.txt
main;re20spd.txt;467a028681ce14ff14b1127a0777615cba756207a58c21178b37bba945381b36;28252;GLMP-729344B346;Recklinghausen;Nordrhein-Westfalen;SPD;spd;2020.0;Kommunalwahlprogramm Gemeinde;Gemeinde;Hauptkorpus: kommunales Wahlprogramm der Gemeinde;manifestos/re20spd.txt
main;re20ubp.txt;837fdb55f3c0ddc642232322a2ea8e34242b6a5e48862567d557f34be8950b32;11133;GLMP-FB68EAA629;Recklinghausen;Nordrhein-Westfalen;Unabhängige-Bürger-Partei;ubp;2020.0;Kommunalwahlprogramm Gemeinde;Gemeinde;Hauptkorpus: kommunales Wahlprogramm der Gemeinde;manifestos/re20ubp.txt
main;rg20brk.txt;a57a28cf7d44eff09455e819126f6c0a95f3f9093453f5dd2cc03a924b1c0c92;87395;GLMP-8050C2340B;Regensburg;Bayern;Brücke – Ideen verbinden Menschen e.V.;brk;2020.0;Kommunalwahlprogramm Gemeinde;Gemeinde;Hauptkorpus: kommunales Wahlprogramm der Gemeinde;manifestos/rg20brk.txt
main;rg20csu.txt;13ba9951195120e5ddfa96e8b6976e4d1bc39c7aec9382f4255ee455b6aec886;70581;GLMP-D41CA0830F;Regensburg;Bayern;CSU;csu;2020.0;Kommunalwahlprogramm Gemeinde;Gemeinde;Hauptkorpus: kommunales Wahlprogramm der Gemeinde;manifestos/rg20csu.txt
main;rg20csb.txt;188eaf219878763b7ab1fda7a376bc6f87f6ced8a4b800a0f9d1ad0a31e5813d;1899;GLMP-35FEBBE0D0;Regensburg;Bayern;Christiliche-Soziale Bürger;csb;2020.0;Kommunalwahlprogramm Gemeinde;Gemeinde;Hauptkorpus: kommunales Wahlprogramm der Gemeinde;manifestos/rg20csb.txt
main;rg20lin.txt;c8e57e526525ba11e261fe225e45a747409f6614cc16aa02f9bdabaaa49e9afc;83566;GLMP-11A2280D5E;Regensburg;Bayern;Die Linke;lin;2020.0;Kommunalwahlprogramm Gemeinde;Gemeinde;Hauptkorpus: kommunales Wahlprogramm der Gemeinde;manifestos/rg20lin.txt
main;rg20par.txt;aec023408668cedf1f988ed0b17eb6c79f3a0b949e11b8fc62e6f76351bd7f47;721;GLMP-2C0BF9E6CD;Regensburg;Bayern;Die Partei;par;2020.0;Kommunalwahlprogramm Gemeinde;Gemeinde;Hauptkorpus: kommunales Wahlprogramm der Gemeinde;manifestos/rg20par.txt
main;rg20fdp.txt;7cbe6727cbd9c155d13504b9864d5817b284eddc44dd4d716776d565dd749d47;34165;GLMP-7A9452D433;Regensburg;Bayern;FDP;fdp;2020.0;Kommunalwahlprogramm Gemeinde;Gemeinde;Hauptkorpus: kommunales Wahlprogramm der Gemeinde;manifestos/rg20fdp.txt
main;rg20fwg.txt;6a97b6482645da313718bd1bb86eae41586af94a0abfbb412d2d74d72b564f2f;31159;GLMP-B106C9E6FA;Regensburg;Bayern;Freie Wähler;fwg;2020.0;Kommunalwahlprogramm Gemeinde;Gemeinde;Hauptkorpus: kommunales Wahlprogramm der Gemeinde;manifestos/rg20fwg.txt
main;rg20gru.txt;51449e8e184c69723712f8333129c84abb59f275a6c5b29c95a06e6cba8e8b99;85671;GLMP-30FB51FBA9;Regensburg;Bayern;Grüne;gru;2020.0;Kommunalwahlprogramm Gemeinde;Gemeinde;Hauptkorpus: kommunales Wahlprogramm der Gemeinde;manifestos/rg20gru.txt
main;rg20spd.txt;cbd953b12464fd1cf8aa02d723bcdfdfedffc2b12ed60025eab1dd243aae5583;61713;GLMP-A08DDAAE7E;Regensburg;Bayern;SPD;spd;2020.0;Kommunalwahlprogramm Gemeinde;Gemeinde;Hauptkorpus: kommunales Wahlprogramm der Gemeinde;manifestos/rg20spd.txt
main;rg20odp.txt;a8e44c0af6061953401799ec644e918c538df2ba39487e185f5941da6b385d7a;27492;GLMP-E7BF68D466;Regensburg;Bayern;Ökologisch-Demokratische Partei (ÖDP);odp;2020.0;Kommunalwahlprogramm Gemeinde;Gemeinde;Hauptkorpus: kommunales Wahlprogramm der Gemeinde;manifestos/rg20odp.txt
main;rs20cdu.txt;dcb32136c630c424fe7dc20faf7da550df3b8cf65d648109673bf9b9c0ceae86;21084;GLMP-E445B21E59;Remscheid;Nordrhein-Westfalen;CDU;cdu;2020.0;Kommunalwahlprogramm Gemeinde;Gemeinde;Hauptkorpus: kommunales Wahlprogramm der Gemeinde;manifestos/rs20cdu.txt
main;rs20lin.txt;0f60abb230a6f7609b5341bc96882f4d72815048c4a75450f411a3476c8a22b3;92789;GLMP-1CEC44511D;Remscheid;Nordrhein-Westfalen;Die Linke;lin;2020.0;Kommunalwahlprogramm Gemeinde;Gemeinde;Hauptkorpus: kommunales Wahlprogramm der Gemeinde;manifestos/rs20lin.txt
main;rs20ers.txt;b45309b673626af6c8335d218f93c58c0417f6a47d37fac6b5fc2256b6c9a510;44281;GLMP-7213D1E2F1;Remscheid;Nordrhein-Westfalen;Echt Remscheid;ers;2020.0;Kommunalwahlprogramm Gemeinde;Gemeinde;Hauptkorpus: kommunales Wahlprogramm der Gemeinde;manifestos/rs20ers.txt
main;rs20fdp.txt;8d8cfcb21f72a99d10379493af7b7e9616de70c9aebed4d1dd1b14f1ab3a7f57;23181;GLMP-4F2A0ABD8C;Remscheid;Nordrhein-Westfalen;FDP;fdp;2020.0;Kommunalwahlprogramm Gemeinde;Gemeinde;Hauptkorpus: kommunales Wahlprogramm der Gemeinde;manifestos/rs20fdp.txt
main;rs20gru.txt;f4c2528428fa676690768978fdc16a6c51b6ecacab9746019ce044bb05e5ce51;57983;GLMP-8DF170FCFA;Remscheid;Nordrhein-Westfalen;Grüne;gru;2020.0;Kommunalwahlprogramm Gemeinde;Gemeinde;Hauptkorpus: kommunales Wahlprogramm der Gemeinde;manifestos/rs20gru.txt
main;rs20spd.txt;70ef1c2f6bda38686a86cd4db0247abaee6d196a33b19600aa0509d30b48a071;80067;GLMP-B646AD1443;Remscheid;Nordrhein-Westfalen;SPD;spd;2020.0;Kommunalwahlprogramm Gemeinde;Gemeinde;Hauptkorpus: kommunales Wahlprogramm der Gemeinde;manifestos/rs20spd.txt
main;rs20wir.txt;c2d6cc2da83b2a239502d0757292908f6484eba6465584c3879c3fe0eb754196;1530;GLMP-83A3CF0524;Remscheid;Nordrhein-Westfalen;Wählergemeinschaft in Remscheid (W.i.R.);wir;2020.0;Kommunalwahlprogramm Gemeinde;Gemeinde;Hauptkorpus: kommunales Wahlprogramm der Gemeinde;manifestos/rs20wir.txt
main;si20cdu.txt;313819a2ad485016a95a8f62423ad83b79956b30496672e9453a87d9235d7282;31319;GLMP-36350F590A;Siegen;Nordrhein-Westfalen;CDU;cdu;2020.0;Kommunalwahlprogramm Gemeinde;Gemeinde;Hauptkorpus: kommunales Wahlprogramm der Gemeinde;manifestos/si20cdu.txt
main;si20lin.txt;bb8a445b0adfc93c0f8db5d50eedf5ad25c454aa1a3114b3de940df6880230c2;49971;GLMP-6B01EF1F50;Siegen;Nordrhein-Westfalen;Die Linke;lin;2020.0;Kommunalwahlprogramm Gemeinde;Gemeinde;Hauptkorpus: kommunales Wahlprogramm der Gemeinde;manifestos/si20lin.txt
main;si20fdp.txt;2bc098e7bb9ff6b20efca42f627a81b04fbb2e06d9265c21e94af0e855b2f239;21578;GLMP-1D7E571FFB;Siegen;Nordrhein-Westfalen;FDP;fdp;2020.0;Kommunalwahlprogramm Gemeinde;Gemeinde;Hauptkorpus: kommunales Wahlprogramm der Gemeinde;manifestos/si20fdp.txt
main;si20gru.txt;69ed71196cbb652346d21938f4fad7386d3c77653136bcc069da094750111ca1;59881;GLMP-D1991BE4F6;Siegen;Nordrhein-Westfalen;Grüne;gru;2020.0;Kommunalwahlprogramm Gemeinde;Gemeinde;Hauptkorpus: kommunales Wahlprogramm der Gemeinde;manifestos/si20gru.txt
main;si20spd.txt;920de16da91f353d3afce6129cb7a395e41b312f2697a02320fa0ac01a222951;67381;GLMP-7839040100;Siegen;Nordrhein-Westfalen;SPD;spd;2020.0;Kommunalwahlprogramm Gemeinde;Gemeinde;Hauptkorpus: kommunales Wahlprogramm der Gemeinde;manifestos/si20spd.txt
main;si20vlt.txt;bfd8f8a16b2167b75ec8ae7ce78bce9013f4685cfa44752d19b61fdc86eccc9d;12499;GLMP-9BFFA213F1;Siegen;Nordrhein-Westfalen;Volt;vlt;2020.0;Kommunalwahlprogramm Gemeinde;Gemeinde;Hauptkorpus: kommunales Wahlprogramm der Gemeinde;manifestos/si20vlt.txt
main;sg20abi.txt;245ba40b3794d955b74e42af5948db96fccd9959b6cfb27da03a7da4750bc420;15726;GLMP-804F2C2630;Solingen;Nordrhein-Westfalen;Alternative Bürgerinitiative (ABI);abi;2020.0;Kommunalwahlprogramm Gemeinde;Gemeinde;Hauptkorpus: kommunales Wahlprogramm der Gemeinde;manifestos/sg20abi.txt
main;sg20afd.txt;1869a16a888b257d78ca745d34674475c5dcbefdd501253e08908aa4147e939c;45880;GLMP-E4531144AA;Solingen;Nordrhein-Westfalen;Alternative für Deutschland;afd;2020.0;Kommunalwahlprogramm Gemeinde;Gemeinde;Hauptkorpus: kommunales Wahlprogramm der Gemeinde;manifestos/sg20afd.txt
main;sg20cdu.txt;17b36a41a9c263cfda5e9d50338fd4910facde869635469abd3a2d2a01b29110;61016;GLMP-7E1E6B5804;Solingen;Nordrhein-Westfalen;CDU;cdu;2020.0;Kommunalwahlprogramm Gemeinde;Gemeinde;Hauptkorpus: kommunales Wahlprogramm der Gemeinde;manifestos/sg20cdu.txt
main;sg20lin.txt;a4712feab2365e3d3e577558430eac078a45c6c6cb26de53de2d1a95034ac493;11724;GLMP-CA8314B800;Solingen;Nordrhein-Westfalen;Die Linke;lin;2020.0;Kommunalwahlprogramm Gemeinde;Gemeinde;Hauptkorpus: kommunales Wahlprogramm der Gemeinde;manifestos/sg20lin.txt
main;sg20par.txt;da487db9c72db1aa6a7aaff47f991754d5439945212d0bd77e26424bfbb0bc6f;3576;GLMP-0B04578AD0;Solingen;Nordrhein-Westfalen;Die Partei;par;2020.0;Kommunalwahlprogramm Gemeinde;Gemeinde;Hauptkorpus: kommunales Wahlprogramm der Gemeinde;manifestos/sg20par.txt
main;sg20fdp.txt;5871c69d67d5f1e9c795124868dd09dfdd1492df80d61e3d9152cd56dca5d109;34625;GLMP-0E0C8478BD;Solingen;Nordrhein-Westfalen;FDP;fdp;2020.0;Kommunalwahlprogramm Gemeinde;Gemeinde;Hauptkorpus: kommunales Wahlprogramm der Gemeinde;manifestos/sg20fdp.txt
main;sg20fbu.txt;6f2e29c77f79a5845170b4c21037ee2350d655471650666bf171947496f23afb;8601;GLMP-D70E3897B8;Solingen;Nordrhein-Westfalen;Freie Bürger Union;fbu;2020.0;Kommunalwahlprogramm Gemeinde;Gemeinde;Hauptkorpus: kommunales Wahlprogramm der Gemeinde;manifestos/sg20fbu.txt
main;sg20gru.txt;d87459f178f1e42bfaf4da0aedb08b9e4f739a2c82136be076f97bbe7ac1f8a3;304644;GLMP-FC3171DE0E;Solingen;Nordrhein-Westfalen;Grüne;gru;2020.0;Kommunalwahlprogramm Gemeinde;Gemeinde;Hauptkorpus: kommunales Wahlprogramm der Gemeinde;manifestos/sg20gru.txt
main;sg20spd.txt;1990dfc9111607564c4f84ae1800211498169b7b804b9b4680e68fb4d5d00ac7;83729;GLMP-12F45EEE1A;Solingen;Nordrhein-Westfalen;SPD;spd;2020.0;Kommunalwahlprogramm Gemeinde;Gemeinde;Hauptkorpus: kommunales Wahlprogramm der Gemeinde;manifestos/sg20spd.txt
main;sg20sla.txt;e0c018814eaf881cd251ce3a3516e969510042ceb0a6e08d48a482a2219b0b02;1766;GLMP-F72E20F065;Solingen;Nordrhein-Westfalen;Solingen Aktiv;sla;2020.0;Kommunalwahlprogramm Gemeinde;Gemeinde;Hauptkorpus: kommunales Wahlprogramm der Gemeinde;manifestos/sg20sla.txt
main;wz20buf.txt;ec53f7e80c8f5589347a0161b6cb3bbc7f9b6d4dfdff65a91bccc940d5ea784a;3450;GLMP-C0AB7105B5;Wuerzburg;Bayern;Bürgerforum Würzburg;buf;2020.0;Kommunalwahlprogramm Gemeinde;Gemeinde;Hauptkorpus: kommunales Wahlprogramm der Gemeinde;manifestos/wz20buf.txt
main;wz20csu.txt;107b4bde1b31529ae42ad3023e9d177f3a61f30a46be0269c984304b65b03c0b;27170;GLMP-5514846A78;Wuerzburg;Bayern;CSU;csu;2020.0;Kommunalwahlprogramm Gemeinde;Gemeinde;Hauptkorpus: kommunales Wahlprogramm der Gemeinde;manifestos/wz20csu.txt
main;wz20fdp.txt;6454c82ee82b648916d544093029c4053efc3dc654d3a004041a9831542a40b8;21790;GLMP-8661FD5B96;Wuerzburg;Bayern;FDP;fdp;2020.0;Kommunalwahlprogramm Gemeinde;Gemeinde;Hauptkorpus: kommunales Wahlprogramm der Gemeinde;manifestos/wz20fdp.txt
main;wz20fwg.txt;b026b6fb213692acb59367f92cde68aafd93982fe119ff26e5a494f72cde8cf4;17970;GLMP-F208C55F5E;Wuerzburg;Bayern;Freie Wähler;fwg;2020.0;Kommunalwahlprogramm Gemeinde;Gemeinde;Hauptkorpus: kommunales Wahlprogramm der Gemeinde;manifestos/wz20fwg.txt
main;wz20gru.txt;b53c17b596b4a4fcc0fa71781000480239161a5ae785e4cc5f580f6668d678be;215793;GLMP-0C035C93CB;Wuerzburg;Bayern;Grüne;gru;2020.0;Kommunalwahlprogramm Gemeinde;Gemeinde;Hauptkorpus: kommunales Wahlprogramm der Gemeinde;manifestos/wz20gru.txt
main;wz20spd.txt;b2aaee07f7ebd31b2e98c5dbcd2bd81301786a24d632239041ef251624ac67da;5742;GLMP-D5A67A0031;Wuerzburg;Bayern;SPD;spd;2020.0;Kommunalwahlprogramm Gemeinde;Gemeinde;Hauptkorpus: kommunales Wahlprogramm der Gemeinde;manifestos/wz20spd.txt
main;wz20wzl.txt;218473d352c4bd6ee97716a15a5031d9059d1b1cd0a6a6cf8d7a59dc745e60aa;20512;GLMP-68CD2634B7;Wuerzburg;Bayern;Würzburger Liste;wzl;2020.0;Kommunalwahlprogramm Gemeinde;Gemeinde;Hauptkorpus: kommunales Wahlprogramm der Gemeinde;manifestos/wz20wzl.txt
main;wz20zfw.txt;2204f7f7ed336eb892ae1d3a1d230f054a08a74cd4a0a8eb8be4f54cb1303434;4676;GLMP-261D64E27E;Wuerzburg;Bayern;Zukunft für Würzburg;zfw;2020.0;Kommunalwahlprogramm Gemeinde;Gemeinde;Hauptkorpus: kommunales Wahlprogramm der Gemeinde;manifestos/wz20zfw.txt
main;wu20afd.txt;c2bf7e692e51c654bf50f3ac5ac06dffec531446d30b3d3fb4313f13133317dd;30363;GLMP-6C1DB9C5A8;Wuppertal;Nordrhein-Westfalen;Alternative für Deutschland;afd;2020.0;Kommunalwahlprogramm Gemeinde;Gemeinde;Hauptkorpus: kommunales Wahlprogramm der Gemeinde;manifestos/wu20afd.txt
main;wu20cdu.txt;634a0327c23da27530bfc4f8d88e61001cc4c25bed62169fa4f4602aa63c2ccf;54775;GLMP-270BEE5E36;Wuppertal;Nordrhein-Westfalen;CDU;cdu;2020.0;Kommunalwahlprogramm Gemeinde;Gemeinde;Hauptkorpus: kommunales Wahlprogramm der Gemeinde;manifestos/wu20cdu.txt
main;wu20lin.txt;beae025e5f1847f97f576f1bd190c6eeb9f9161c4f9da5935d59f435845fa49e;102712;GLMP-F0E5DA94A8;Wuppertal;Nordrhein-Westfalen;Die Linke;lin;2020.0;Kommunalwahlprogramm Gemeinde;Gemeinde;Hauptkorpus: kommunales Wahlprogramm der Gemeinde;manifestos/wu20lin.txt
main;wu20fdp.txt;c6ad90432f95a4c4fb9ba6dbbe75e71a0570f5a8a1b479970a2469460c3d3c4e;75357;GLMP-16A0A4615F;Wuppertal;Nordrhein-Westfalen;FDP;fdp;2020.0;Kommunalwahlprogramm Gemeinde;Gemeinde;Hauptkorpus: kommunales Wahlprogramm der Gemeinde;manifestos/wu20fdp.txt
main;wu20gru.txt;c2c46ab761697cc8f5f3002ff8e4146e31c488b8dea288219274ccb0669cae64;134754;GLMP-A50EE14216;Wuppertal;Nordrhein-Westfalen;Grüne;gru;2020.0;Kommunalwahlprogramm Gemeinde;Gemeinde;Hauptkorpus: kommunales Wahlprogramm der Gemeinde;manifestos/wu20gru.txt
main;wu20spd.txt;90cc21f99cda40fbb099f74094868280a69e569f7b93a86e9b441ea68b87ad64;120458;GLMP-E9202F66EE;Wuppertal;Nordrhein-Westfalen;SPD;spd;2020.0;Kommunalwahlprogramm Gemeinde;Gemeinde;Hauptkorpus: kommunales Wahlprogramm der Gemeinde;manifestos/wu20spd.txt
main;wu20wfw.txt;f877d5db241c8fef94e543672d57a7718c8e70a9b504023cc676b40e73622808;15649;GLMP-6ADB336BBF;Wuppertal;Nordrhein-Westfalen;Wählergemeinschaft für Wuppertal;wfw;2020.0;Kommunalwahlprogramm Gemeinde;Gemeinde;Hauptkorpus: kommunales Wahlprogramm der Gemeinde;manifestos/wu20wfw.txt
main;Aalen_AfD_2024.txt;e7293a237ceca7350678026dfa2619e20cf64530926b6c81ea7154ae5a02bcb7;20803;GLMP-16F9C3197F;Aalen;Baden-Württemberg;AfD;;2024.0;Kommunalwahlprogramm Gemeinde;Gemeinde;Hauptkorpus: kommunales Wahlprogramm der Gemeinde;manifestos/Aalen_AfD_2024.txt
main;Aalen_CDU_2024.txt;ca300124de3dea000abb66d39d9a898f321b3a43c72d42faf99d5ef9ff5dc45b;8337;GLMP-1EE6A690DC;Aalen;Baden-Württemberg;CDU;cdu;2024.0;Kommunalwahlprogramm Gemeinde;Gemeinde;Hauptkorpus: kommunales Wahlprogramm der Gemeinde;manifestos/Aalen_CDU_2024.txt
main;Aalen_Freie Wähler_2024.txt;e3a444476ad747d6f1cd19f88150f358a9899ccf2be0f819e81ca187f387ae47;2157;GLMP-9642013419;Aalen;Baden-Württemberg;Freie Wähler;fwg;2024.0;Kommunalwahlprogramm Gemeinde;Gemeinde;Hauptkorpus: kommunales Wahlprogramm der Gemeinde;manifestos/Aalen_Freie Wähler_2024.txt
main;Aalen_Grüne_2024.txt;45e3649e8608fd50b1e5183b37ef6e105acccca6a8faedbe6bec513659252cc8;10061;GLMP-91360F980E;Aalen;Baden-Württemberg;Grüne;gru;2024.0;Kommunalwahlprogramm Gemeinde;Gemeinde;Hauptkorpus: kommunales Wahlprogramm der Gemeinde;manifestos/Aalen_Grüne_2024.txt
main;Aalen_SPD_2024.txt;b570dd1010d94b840fa418872887aa1786c3b6bf27e1102ecf6341126286ef3a;3134;GLMP-C6C0CB66DE;Aalen;Baden-Württemberg;SPD;spd;2024.0;Kommunalwahlprogramm Gemeinde;Gemeinde;Hauptkorpus: kommunales Wahlprogramm der Gemeinde;manifestos/Aalen_SPD_2024.txt
main;Altentreptow_Altentreptower Wählergemeinschaft_2024.txt;73b0430cf98b916b117f61a785f4b82c39a1ecd6b56baa5e5eede8e3aa2b29f1;2051;GLMP-EFAFA559B7;Altentreptow;Mecklenburg-Vorpommern;Altentreptower Wählergemeinschaft;;2024.0;Kommunalwahlprogramm Gemeinde;Gemeinde;Hauptkorpus: kommunales Wahlprogramm der Gemeinde;manifestos/Altentreptow_Altentreptower Wählergemeinschaft_2024.txt
main;Altentreptow_CDU_2024.txt;b0c20b0903652c8b49392476a0ee36eed7e4d5945f7aa1d4c57f50f659523fee;12449;GLMP-A4D415179A;Altentreptow;Mecklenburg-Vorpommern;CDU;cdu;2024.0;Kommunalwahlprogramm Gemeinde;Gemeinde;Hauptkorpus: kommunales Wahlprogramm der Gemeinde;manifestos/Altentreptow_CDU_2024.txt
main;Altentreptow_SPD_2024.txt;7a16c52414bea4369aa29af07a4a074a3d3586c8f01396daa3808e599c055889;10529;GLMP-13BFCA51C6;Altentreptow;Mecklenburg-Vorpommern;SPD;spd;2024.0;Kommunalwahlprogramm Gemeinde;Gemeinde;Hauptkorpus: kommunales Wahlprogramm der Gemeinde;manifestos/Altentreptow_SPD_2024.txt
main;Alzey_AfD_2024.txt;48c2dcf6c4712faddaa4b2bf1fb33adc3d79a0b985e4e9721dc5d4c0aac31f01;16681;GLMP-877504185F;Alzey;Rheinland-Pfalz;AfD;;2024.0;Kommunalwahlprogramm Gemeinde;Gemeinde;Hauptkorpus: kommunales Wahlprogramm der Gemeinde;manifestos/Alzey_AfD_2024.txt
main;Alzey_CDU_2024.txt;f1a98b0f35b2a9a0ef8825edee9ed1985e7f98fb41efde2810b1b6487d8f4658;4523;GLMP-D9BE4EBD9C;Alzey;Rheinland-Pfalz;CDU;cdu;2024.0;Kommunalwahlprogramm Gemeinde;Gemeinde;Hauptkorpus: kommunales Wahlprogramm der Gemeinde;manifestos/Alzey_CDU_2024.txt
main;Alzey_FDP_2024.txt;74205198c8f578e423a67cc8ee08a83555f0225b5e2de9e81fd76e5dc1b12aa3;2881;GLMP-DA8E167829;Alzey;Rheinland-Pfalz;FDP;fdp;2024.0;Kommunalwahlprogramm Gemeinde;Gemeinde;Hauptkorpus: kommunales Wahlprogramm der Gemeinde;manifestos/Alzey_FDP_2024.txt
main;Alzey_FWG_2024.txt;d41436a121639a356f76ab73e81e2765ec66bb1d6b528fbd5f7bfbdf57d6b9f5;1147;GLMP-251F2BDFEC;Alzey;Rheinland-Pfalz;FWG;;2024.0;Kommunalwahlprogramm Gemeinde;Gemeinde;Hauptkorpus: kommunales Wahlprogramm der Gemeinde;manifestos/Alzey_FWG_2024.txt
main;Alzey_Grüne_2024.txt;dc0010286c15c4c7486149bf2d862a1b135165b1d83ea7e44027baf30e4f2afd;12127;GLMP-FBB2C7EF92;Alzey;Rheinland-Pfalz;Grüne;gru;2024.0;Kommunalwahlprogramm Gemeinde;Gemeinde;Hauptkorpus: kommunales Wahlprogramm der Gemeinde;manifestos/Alzey_Grüne_2024.txt
main;Alzey_SPD_2024.txt;d93817063b1c0532cd578dda93ea0689941862b6363a8b844f5ecd4f46aa0b35;13855;GLMP-616C8A5250;Alzey;Rheinland-Pfalz;SPD;spd;2024.0;Kommunalwahlprogramm Gemeinde;Gemeinde;Hauptkorpus: kommunales Wahlprogramm der Gemeinde;manifestos/Alzey_SPD_2024.txt
main;Arnstadt_BürgerProjekt_2024.txt;b15ae4fb7807926d0e857fc8a3c78805db5673972b13b93ddba5d23a5f362c5e;15107;GLMP-FAD14E160B;Arnstadt;Thüringen;BürgerProjekt;;2024.0;Kommunalwahlprogramm Gemeinde;Gemeinde;Hauptkorpus: kommunales Wahlprogramm der Gemeinde;manifestos/Arnstadt_BürgerProjekt_2024.txt
main;Arnstadt_CDU_2024.txt;3b0fdc598b068115f93f547155ef766dee53a9089ce519e9e483bdced25db268;6869;GLMP-6A289D2631;Arnstadt;Thüringen;CDU;cdu;2024.0;Kommunalwahlprogramm Gemeinde;Gemeinde;Hauptkorpus: kommunales Wahlprogramm der Gemeinde;manifestos/Arnstadt_CDU_2024.txt
main;Arnstadt_FDP_2024.txt;fa0d92446b726c9c89cf53c145afd5a45fb2488039f504e01d7618f6693702ab;20788;GLMP-5EE895ACBC;Arnstadt;Thüringen;FDP;fdp;2024.0;Kommunalwahlprogramm Gemeinde;Gemeinde;Hauptkorpus: kommunales Wahlprogramm der Gemeinde;manifestos/Arnstadt_FDP_2024.txt
main;Arnstadt_FWG_2024.txt;fc52ef9b11ddcafa296da4939b8e7a0483e629fd5ab411b172d0aed2325c3ff0;1928;GLMP-3D1834A200;Arnstadt;Thüringen;FWG;;2024.0;Kommunalwahlprogramm Gemeinde;Gemeinde;Hauptkorpus: kommunales Wahlprogramm der Gemeinde;manifestos/Arnstadt_FWG_2024.txt
main;Arnstadt_Grüne_2024.txt;ef442bbec8e1cf43de28140f5c564589ab092ba7e2189877fdfa94051e6dd585;4865;GLMP-5CF49E8891;Arnstadt;Thüringen;Grüne;gru;2024.0;Kommunalwahlprogramm Gemeinde;Gemeinde;Hauptkorpus: kommunales Wahlprogramm der Gemeinde;manifestos/Arnstadt_Grüne_2024.txt
main;Arnstadt_SPD_2024.txt;1357f1409ea1e645df6fb275128ea7500a8c6ce04d393a534d850dfdf8aed4d4;20067;GLMP-3E38F294A9;Arnstadt;Thüringen;SPD;spd;2024.0;Kommunalwahlprogramm Gemeinde;Gemeinde;Hauptkorpus: kommunales Wahlprogramm der Gemeinde;manifestos/Arnstadt_SPD_2024.txt
main;Bad Belzig_Grüne_2024.txt;27dc9e43d13ae37c8b0a017872c39aa78dc1df2630363928855847da4a2644b5;2688;GLMP-4BBC64BA9A;Bad Belzig;Brandenburg;Grüne;gru;2024.0;Kommunalwahlprogramm Gemeinde;Gemeinde;Hauptkorpus: kommunales Wahlprogramm der Gemeinde;manifestos/Bad Belzig_Grüne_2024.txt
main;Bad Belzig_Linke_2024.txt;5cef6b743b3253353f16501fef70da75611bdc5101bcd22be2835b52db912c20;17529;GLMP-7D20C06DCB;Bad Belzig;Brandenburg;Linke;;2024.0;Kommunalwahlprogramm Gemeinde;Gemeinde;Hauptkorpus: kommunales Wahlprogramm der Gemeinde;manifestos/Bad Belzig_Linke_2024.txt
main;Bad Belzig_SPD_2024.txt;469dc04a29f2d156693fe492148d526763ed92b33f22b7a53cc4b41635971161;2929;GLMP-492C912630;Bad Belzig;Brandenburg;SPD;spd;2024.0;Kommunalwahlprogramm Gemeinde;Gemeinde;Hauptkorpus: kommunales Wahlprogramm der Gemeinde;manifestos/Bad Belzig_SPD_2024.txt
main;Bad Dürrenberg_CDU_2024.txt;8da234c769fefd80b2a0676d847f55e572a6c150ab050eace99d28f5592d9166;49908;GLMP-D32E672FA0;Bad Dürrenberg;Sachsen-Anhalt;CDU;cdu;2024.0;Kommunalwahlprogramm Gemeinde;Gemeinde;Hauptkorpus: kommunales Wahlprogramm der Gemeinde;manifestos/Bad Dürrenberg_CDU_2024.txt
main;Bad Dürrenberg_FDP_2024.txt;a7428a76b715556ce40496f5fdd366dbd0048b09704450d951060bfdc45c1c40;29378;GLMP-7D836DD8F1;Bad Dürrenberg;Sachsen-Anhalt;FDP;fdp;2024.0;Kommunalwahlprogramm Gemeinde;Gemeinde;Hauptkorpus: kommunales Wahlprogramm der Gemeinde;manifestos/Bad Dürrenberg_FDP_2024.txt
main;Bad Dürrenberg_Grüne_2024.txt;631604ce7755f9fa8c22f7ff81531b4194b8523b36f389edf286baaa99f737c4;57643;GLMP-063D62C168;Bad Dürrenberg;Sachsen-Anhalt;Grüne;gru;2024.0;Kommunalwahlprogramm Gemeinde;Gemeinde;Hauptkorpus: kommunales Wahlprogramm der Gemeinde;manifestos/Bad Dürrenberg_Grüne_2024.txt
main;Bad Dürrenberg_SPD_2024.txt;733cab037961a51e033a18825a0fa9e822b5e4fdc6441fa7ea32dd7937048bcb;12031;GLMP-7812CCDBF6;Bad Dürrenberg;Sachsen-Anhalt;SPD;spd;2024.0;Kommunalwahlprogramm Gemeinde;Gemeinde;Hauptkorpus: kommunales Wahlprogramm der Gemeinde;manifestos/Bad Dürrenberg_SPD_2024.txt
main;Bad Hönningen_CDU_2024.txt;dd30650bdd5828ddca6c94501178bae477d0159e353d3ec0bbcf13f79204b7be;13674;GLMP-B541A5F861;Bad Hönningen;Rheinland-Pfalz;CDU;cdu;2024.0;Kommunalwahlprogramm Gemeinde;Gemeinde;Hauptkorpus: kommunales Wahlprogramm der Gemeinde;manifestos/Bad Hönningen_CDU_2024.txt
main;Bad Hönningen_Grüne_2024.txt;6ae0d57e03a74d08f91e4991b981ddcd9025946c4ea5fb151a329cff65249314;22169;GLMP-F33B5A3CA0;Bad Hönningen;Rheinland-Pfalz;Grüne;gru;2024.0;Kommunalwahlprogramm Gemeinde;Gemeinde;Hauptkorpus: kommunales Wahlprogramm der Gemeinde;manifestos/Bad Hönningen_Grüne_2024.txt
main;Bad Kreuznach_AfD_2024.txt;49bbf850f415a633faac77465124d59ea163baecdc5adebcdcf07af0575e2944;12571;GLMP-F782F2C63A;Bad Kreuznach;Rheinland-Pfalz;AfD;;2024.0;Kommunalwahlprogramm Gemeinde;Gemeinde;Hauptkorpus: kommunales Wahlprogramm der Gemeinde;manifestos/Bad Kreuznach_AfD_2024.txt
main;Bad Kreuznach_Bündnis für Bad Kreuznach_2024.txt;6386803ab95cea10724b8af19eba8c4b7ad82c094ae6196857033b99962c8841;3531;GLMP-7EEB829E61;Bad Kreuznach;Rheinland-Pfalz;Bündnis für Bad Kreuznach;;2024.0;Kommunalwahlprogramm Gemeinde;Gemeinde;Hauptkorpus: kommunales Wahlprogramm der Gemeinde;manifestos/Bad Kreuznach_Bündnis für Bad Kreuznach_2024.txt
main;Bad Kreuznach_CDU_2024.txt;55f02ed3aeadad9e8f1d53d7e17089ed2383d88dee334bd05ee31541f13a7f67;11973;GLMP-A2EEEF12FB;Bad Kreuznach;Rheinland-Pfalz;CDU;cdu;2024.0;Kommunalwahlprogramm Gemeinde;Gemeinde;Hauptkorpus: kommunales Wahlprogramm der Gemeinde;manifestos/Bad Kreuznach_CDU_2024.txt
main;Bad Kreuznach_FDP_2024.txt;f5f4ef5b58e37039b9061f7fb8ae78e55869cd053e3a4628a6e3fe211e81074a;48300;GLMP-746EB2C4EC;Bad Kreuznach;Rheinland-Pfalz;FDP;fdp;2024.0;Kommunalwahlprogramm Gemeinde;Gemeinde;Hauptkorpus: kommunales Wahlprogramm der Gemeinde;manifestos/Bad Kreuznach_FDP_2024.txt
main;Bad Kreuznach_Grüne_2024.txt;bdb71c1524455218c66fea9bdb373cd9f205f3df861055f3f228acf348a28207;10710;GLMP-280229B354;Bad Kreuznach;Rheinland-Pfalz;Grüne;gru;2024.0;Kommunalwahlprogramm Gemeinde;Gemeinde;Hauptkorpus: kommunales Wahlprogramm der Gemeinde;manifestos/Bad Kreuznach_Grüne_2024.txt
main;Bad Kreuznach_Linke_2024.txt;8b2a0aeb3efa8ef9989baef290026e6d59b571a024bd66b250f6407630adc8a9;1485;GLMP-60248378F7;Bad Kreuznach;Rheinland-Pfalz;Linke;;2024.0;Kommunalwahlprogramm Gemeinde;Gemeinde;Hauptkorpus: kommunales Wahlprogramm der Gemeinde;manifestos/Bad Kreuznach_Linke_2024.txt
main;Bad Kreuznach_Liste faires Bad Kreuznach_2024.txt;ed3e6a5fcfd5f9d7c1bf130b1cfa0576fc11ac0e322338b2a80610726a01d15a;2238;GLMP-C66BDAF0FF;Bad Kreuznach;Rheinland-Pfalz;Liste faires Bad Kreuznach;;2024.0;Kommunalwahlprogramm Gemeinde;Gemeinde;Hauptkorpus: kommunales Wahlprogramm der Gemeinde;manifestos/Bad Kreuznach_Liste faires Bad Kreuznach_2024.txt
main;Bad Kreuznach_PBK_2024.txt;550f1b4491c47053a826f80f89060ef7b5401a70414b954e0889be7dad0bfe96;50309;GLMP-7015B40D4C;Bad Kreuznach;Rheinland-Pfalz;PBK;;2024.0;Kommunalwahlprogramm Gemeinde;Gemeinde;Hauptkorpus: kommunales Wahlprogramm der Gemeinde;manifestos/Bad Kreuznach_PBK_2024.txt
main;Bad Kreuznach_SPD_2024.txt;4eda5008a520cf91de0f83dc60e4a6b310c3e53649b7aa18aa9431c20780e613;34342;GLMP-014D47DA9B;Bad Kreuznach;Rheinland-Pfalz;SPD;spd;2024.0;Kommunalwahlprogramm Gemeinde;Gemeinde;Hauptkorpus: kommunales Wahlprogramm der Gemeinde;manifestos/Bad Kreuznach_SPD_2024.txt
main;Bad Lausick_AfD_2024.txt;78d033ab515560d73bf7cfe372e52e1a696b4010e9b968eb3585810ac567e118;17215;GLMP-3095A9AD21;Bad Lausick;Sachsen;AfD;;2024.0;anderes kommunales Wahlprogramm;Landkreis und Gemeinden;Dokument in Zusatzordner klassifiziert;manifestos/Bad Lausick_AfD_2024.txt
main;Bad Lausick_CDU_2024.txt;bf706ea66dc5be9237f1cda39acc29f24248f6638c9ec98ab03a500788e70f80;22378;GLMP-F39ED44583;Bad Lausick;Sachsen;CDU;cdu;2024.0;anderes kommunales Wahlprogramm;Landkreis und Gemeinden;Dokument in Zusatzordner klassifiziert;manifestos/Bad Lausick_CDU_2024.txt
main;Bad Lausick_Linke_2024.txt;44c563e5310f3d2772cd43658a6071cf54067c65600aecc365429b738759bd87;6651;GLMP-9B53F93FB6;Bad Lausick;Sachsen;Linke;;2024.0;anderes kommunales Wahlprogramm;Landkreis und Gemeinden;Dokument in Zusatzordner klassifiziert;manifestos/Bad Lausick_Linke_2024.txt
main;Bad Lausick_SPD_2024.txt;975447e0c546a83981c921a9fd36eecb648ddee67e9bb5e462d0350cf0802597;19798;GLMP-DC6768CDB0;Bad Lausick;Sachsen;SPD;spd;2024.0;Kommunalwahlprogramm Gemeinde;Gemeinde;Hauptkorpus: kommunales Wahlprogramm der Gemeinde;manifestos/Bad Lausick_SPD_2024.txt
main;Bad Schönborn_CDU_2024.txt;f656f7558620e122b80cab53c2e554f4b0ffedb4b687fd8ef4d9deafee046e65;5362;GLMP-740C8EBF5B;Bad Schönborn;Baden-Württemberg;CDU;cdu;2024.0;Kommunalwahlprogramm Gemeinde;Gemeinde;Hauptkorpus: kommunales Wahlprogramm der Gemeinde;manifestos/Bad Schönborn_CDU_2024.txt
main;Bad Schönborn_FWG_2024.txt;949f87cbdc16a0c17eb9f12ad130ec51b1827f401fcf6c57330f6fd99401a6b0;7901;GLMP-5C47C45530;Bad Schönborn;Baden-Württemberg;FWG;;2024.0;Kommunalwahlprogramm Gemeinde;Gemeinde;Hauptkorpus: kommunales Wahlprogramm der Gemeinde;manifestos/Bad Schönborn_FWG_2024.txt
main;Bad Schönborn_Grüne_2024.txt;f59a2c0269ebdc18f4826e20e56a66053a9334021d48f548cabf133f0e8458db;2171;GLMP-1D2CE719B2;Bad Schönborn;Baden-Württemberg;Grüne;gru;2024.0;Kommunalwahlprogramm Gemeinde;Gemeinde;Hauptkorpus: kommunales Wahlprogramm der Gemeinde;manifestos/Bad Schönborn_Grüne_2024.txt
main;Bad Schönborn_SPD_2024.txt;630f6d3aa824e179a0339d435e9e66419879cdf684fe98d79597b719e4c2bc87;4183;GLMP-7DF0D500D8;Bad Schönborn;Baden-Württemberg;SPD;spd;2024.0;Kommunalwahlprogramm Gemeinde;Gemeinde;Hauptkorpus: kommunales Wahlprogramm der Gemeinde;manifestos/Bad Schönborn_SPD_2024.txt
main;Baden-Baden_AfD_2024.txt;ca5d4f1a083023a5913ef2f6e20823a898995c8d2c9c242e5fe3f2ebe47756bc;15470;GLMP-4461D270B4;Baden-Baden;Baden-Württemberg;AfD;;2024.0;Kommunalwahlprogramm Gemeinde;Gemeinde;Hauptkorpus: kommunales Wahlprogramm der Gemeinde;manifestos/Baden-Baden_AfD_2024.txt
main;Baden-Baden_CDU_2024.txt;f8810728b7b82ff93efa34c2babd0bfea94d8ed4be07951defb17205c4d9c35b;5245;GLMP-0799F03F40;Baden-Baden;Baden-Württemberg;CDU;cdu;2024.0;Kommunalwahlprogramm Gemeinde;Gemeinde;Hauptkorpus: kommunales Wahlprogramm der Gemeinde;manifestos/Baden-Baden_CDU_2024.txt
main;Baden-Baden_FBB_2024.txt;0216b1eae2674252a7b730b4ec0583dca46aaae472bac6c49b1cddfec1a0ec69;9239;GLMP-380694C632;Baden-Baden;Baden-Württemberg;FBB;;2024.0;Kommunalwahlprogramm Gemeinde;Gemeinde;Hauptkorpus: kommunales Wahlprogramm der Gemeinde;manifestos/Baden-Baden_FBB_2024.txt
main;Baden-Baden_FDP_2024.txt;b295af7cf5dbbf1d2e8c10b671910e3992e598215ca0fa9571a44335ff420563;578;GLMP-21925BB29B;Baden-Baden;Baden-Württemberg;FDP;fdp;2024.0;Kommunalwahlprogramm Gemeinde;Gemeinde;Hauptkorpus: kommunales Wahlprogramm der Gemeinde;manifestos/Baden-Baden_FDP_2024.txt
main;Baden-Baden_Grüne_2024.txt;972853e072742989cb90bec25f146ea7221aa99bc85e72881428ade333db6a98;5980;GLMP-DBB41ABEBE;Baden-Baden;Baden-Württemberg;Grüne;gru;2024.0;Kommunalwahlprogramm Gemeinde;Gemeinde;Hauptkorpus: kommunales Wahlprogramm der Gemeinde;manifestos/Baden-Baden_Grüne_2024.txt
main;Baden-Baden_SPD_2024.txt;8f4c65b8c70a39fa38f7249f63a2d265ff74e361cab320e310986eca42627471;34541;GLMP-4C17CEDF8D;Baden-Baden;Baden-Württemberg;SPD;spd;2024.0;Kommunalwahlprogramm Gemeinde;Gemeinde;Hauptkorpus: kommunales Wahlprogramm der Gemeinde;manifestos/Baden-Baden_SPD_2024.txt
main;Baiersbronn_AfD_2024.txt;ef9bd3f4abb1dd309fbae3b73d5c74ed45c7a4485cd688e9a143ed221fa1ec41;3319;GLMP-4CB5D6FFA1;Baiersbronn;Baden-Württemberg;AfD;;2024.0;Kommunalwahlprogramm Gemeinde;Gemeinde;Hauptkorpus: kommunales Wahlprogramm der Gemeinde;manifestos/Baiersbronn_AfD_2024.txt
main;Baiersbronn_BUB_2024.txt;f27d58dac75ca976954154d27f9a1f7ace886a9c202add8719595291bbaa8d15;3366;GLMP-6852433D02;Baiersbronn;Baden-Württemberg;BUB;;2024.0;Kommunalwahlprogramm Gemeinde;Gemeinde;Hauptkorpus: kommunales Wahlprogramm der Gemeinde;manifestos/Baiersbronn_BUB_2024.txt
main;Baiersbronn_CDU_2024.txt;f828eeb11e9bbb59d21fa4d0b0070a5e06c094d4cafd5216e15b0e0be4d53299;1840;GLMP-483F869580;Baiersbronn;Baden-Württemberg;CDU;cdu;2024.0;anderes kommunales Wahlprogramm;Landkreis;Dokument in Zusatzordner klassifiziert;manifestos/Baiersbronn_CDU_2024.txt
main;Baiersbronn_FDP_2024.txt;8487e8257c08b7642502617200104acaf38b14143dabd7eb81d05740be5a8a6f;16208;GLMP-5B84FAA1C8;Baiersbronn;Baden-Württemberg;FDP;fdp;2024.0;Kommunalwahlprogramm Gemeinde;Gemeinde;Hauptkorpus: kommunales Wahlprogramm der Gemeinde;manifestos/Baiersbronn_FDP_2024.txt
main;Baiersbronn_FWG_2024.txt;411c8d7288c8615957e55d794f0db6bf5152b3db666de4dfbe2954a8cabd472a;1344;GLMP-2B87818B4E;Baiersbronn;Baden-Württemberg;FWG;;2024.0;Kommunalwahlprogramm Gemeinde;Gemeinde;Hauptkorpus: kommunales Wahlprogramm der Gemeinde;manifestos/Baiersbronn_FWG_2024.txt
main;Barleben_AfD_2024.txt;c9cb0044b137ac87a426468e1996665db32fc276d36e4d2c1ea1557d864821b0;29750;GLMP-271441C02B;Barleben;Sachsen-Anhalt;AfD;;2024.0;Kommunalwahlprogramm Gemeinde;Gemeinde;Hauptkorpus: kommunales Wahlprogramm der Gemeinde;manifestos/Barleben_AfD_2024.txt
main;Barleben_CDU_2024.txt;64e81b2b2e20f4f12ebe343eb83ef31c07b1c86789033173bd7255d2b27b7fc7;367;GLMP-90F8AD5719;Barleben;Sachsen-Anhalt;CDU;cdu;2024.0;Kommunalwahlprogramm Gemeinde;Gemeinde;Hauptkorpus: kommunales Wahlprogramm der Gemeinde;manifestos/Barleben_CDU_2024.txt
main;Barleben_FWG_2024.txt;ede147b39df20949b1e40ef6d39ea26b5f724bb70542304aeb824b07bd244e1d;2086;GLMP-BB41656754;Barleben;Sachsen-Anhalt;FWG;;2024.0;Kommunalwahlprogramm Gemeinde;Gemeinde;Hauptkorpus: kommunales Wahlprogramm der Gemeinde;manifestos/Barleben_FWG_2024.txt
main;Barleben_Linke_2024.txt;0fb410a301efa6936481e6be23ae0385d96739cf2068d74923a7fbeca93bc703;4176;GLMP-3AEB30586D;Barleben;Sachsen-Anhalt;Linke;;2024.0;anderes kommunales Wahlprogramm;Landkreis und Gemeinden;Dokument in Zusatzordner klassifiziert;manifestos/Barleben_Linke_2024.txt
main;Barleben_SPD_2024.txt;dab998b2b8c550c9fc1f655784c67967fb9231516209a5dc1ba5f2849a6e81d7;635;GLMP-50D9D7EEE6;Barleben;Sachsen-Anhalt;SPD;spd;2024.0;Kommunalwahlprogramm Gemeinde;Gemeinde;Hauptkorpus: kommunales Wahlprogramm der Gemeinde;manifestos/Barleben_SPD_2024.txt
main;Beelitz_BPB_2024.txt;1c7da51ba2a79e771ae49ea633201e62c75b7c8f1e0a9486fbb49dad63aa21e4;4891;GLMP-9C305BBA15;Beelitz;Brandenburg;BPB;;2024.0;Kommunalwahlprogramm Gemeinde;Gemeinde;Hauptkorpus: kommunales Wahlprogramm der Gemeinde;manifestos/Beelitz_BPB_2024.txt
main;Beelitz_CDU_2024.txt;39430fe68d72abcacefac725c4d75eda189270943a2af2fbeeb19e7afe66b701;3397;GLMP-6D031B8496;Beelitz;Brandenburg;CDU;cdu;2024.0;Kommunalwahlprogramm Gemeinde;Gemeinde;Hauptkorpus: kommunales Wahlprogramm der Gemeinde;manifestos/Beelitz_CDU_2024.txt
main;Beelitz_FDP_2024.txt;c79fb6ffe983d460cf9bd608fc9b164472a8adb4ce397481b741372d2691e852;2356;GLMP-374018326D;Beelitz;Brandenburg;FDP;fdp;2024.0;anderes kommunales Wahlprogramm;Landkreis;Dokument in Zusatzordner klassifiziert;manifestos/Beelitz_FDP_2024.txt
main;Beelitz_Grüne_2024.txt;ed6c5a7a17b787dfe67ed2320a93f54ad2c3b344a9ad1161382714fe649dfafb;1643;GLMP-9F36870B02;Beelitz;Brandenburg;Grüne;gru;2024.0;Kommunalwahlprogramm Gemeinde;Gemeinde;Hauptkorpus: kommunales Wahlprogramm der Gemeinde;manifestos/Beelitz_Grüne_2024.txt
main;Beelitz_UKB_2024.txt;a6bd212e78544dd4aebf98b7e3b4deaa5fed005af3e45a9198b9705e5bda6a06;3624;GLMP-68D48B6AE9;Beelitz;Brandenburg;UKB;;2024.0;Kommunalwahlprogramm Gemeinde;Gemeinde;Hauptkorpus: kommunales Wahlprogramm der Gemeinde;manifestos/Beelitz_UKB_2024.txt
main;Bernau bei Berlin_CDU_2024.txt;6fd383fe7155227a8b65df2c4db8a15a39c32955b1a4d33519dfa862ed63b600;987;GLMP-A468981345;Bernau bei Berlin;Brandenburg;CDU;cdu;2024.0;Kommunalwahlprogramm Gemeinde;Gemeinde;Hauptkorpus: kommunales Wahlprogramm der Gemeinde;manifestos/Bernau bei Berlin_CDU_2024.txt
main;Bernau bei Berlin_Grüne_2024.txt;e59af1b42f631cbce17039693dded0578bc0d14d9595d8adda2a117c98dc62af;8660;GLMP-C01FB588ED;Bernau bei Berlin;Brandenburg;Grüne;gru;2024.0;Kommunalwahlprogramm Gemeinde;Gemeinde;Hauptkorpus: kommunales Wahlprogramm der Gemeinde;manifestos/Bernau bei Berlin_Grüne_2024.txt
main;Bernau bei Berlin_Linke_2024.txt;a0b9a3cd5b709d96d81452b98afcc3959e1f9d19152f7f1c79452e9d6d26ca40;10063;GLMP-86FC15CF89;Bernau bei Berlin;Brandenburg;Linke;;2024.0;Kommunalwahlprogramm Gemeinde;Gemeinde;Hauptkorpus: kommunales Wahlprogramm der Gemeinde;manifestos/Bernau bei Berlin_Linke_2024.txt
main;Bernau bei Berlin_SPD_2024.txt;2d7029ab71f8de58d29b2cccc187158ad87827724b29a257ad069d356657b3f3;28308;GLMP-DB71E2B6B6;Bernau bei Berlin;Brandenburg;SPD;spd;2024.0;Kommunalwahlprogramm Gemeinde;Gemeinde;Hauptkorpus: kommunales Wahlprogramm der Gemeinde;manifestos/Bernau bei Berlin_SPD_2024.txt
main;Biederitz_Grüne_2024.txt;2f992ecedbca9bed80984227ae7b34a00afa6264184435d1be4231ecfca9ec4b;2012;GLMP-FD4B64A9A5;Biederitz;Sachsen-Anhalt;Grüne;gru;2024.0;Kommunalwahlprogramm Gemeinde;Gemeinde;Hauptkorpus: kommunales Wahlprogramm der Gemeinde;manifestos/Biederitz_Grüne_2024.txt
main;Bismark_SPD_2024.txt;ce1d58bbacef5774cb1f74a9d06030da334a39dab401e14e37393738879266e3;1779;GLMP-F9C33ACE69;Bismark;Sachsen-Anhalt;SPD;spd;2024.0;Kommunalwahlprogramm Gemeinde;Gemeinde;Hauptkorpus: kommunales Wahlprogramm der Gemeinde;manifestos/Bismark_SPD_2024.txt
main;Blumberg_Freie Liste_2024.txt;79097a8828abb470ab131ff3dbb9099439c4a54994894ae5875a25daa4d2899a;1170;GLMP-08C8192D8E;Blumberg;Baden-Württemberg;Freie Liste;;2024.0;Kommunalwahlprogramm Gemeinde;Gemeinde;Hauptkorpus: kommunales Wahlprogramm der Gemeinde;manifestos/Blumberg_Freie Liste_2024.txt
main;Boppard_Grüne_2024.txt;1461e1bdfc960f025c7428d51c4572c37e8e336c26591058e681d78eabdaf61e;32865;GLMP-F29E7A66A0;Boppard;Rheinland-Pfalz;Grüne;gru;2024.0;Kommunalwahlprogramm Gemeinde;Gemeinde;Hauptkorpus: kommunales Wahlprogramm der Gemeinde;manifestos/Boppard_Grüne_2024.txt
main;Boppard_SPD_2024.txt;6f4be94713797d086df697609f02f7b0bbca0ceb3cd0acfc58ba3d325296826d;22494;GLMP-5436CF76CD;Boppard;Rheinland-Pfalz;SPD;spd;2024.0;Kommunalwahlprogramm Gemeinde;Gemeinde;Hauptkorpus: kommunales Wahlprogramm der Gemeinde;manifestos/Boppard_SPD_2024.txt
main;Brandenburg an der Havel_Bürger für Frieden, Vernunft und Gerechtigkeit_2024.txt;8a642e001898963685ddb14d470659bd5fb0fc6ee90f4f0c42a9a34d0a12029f;14976;GLMP-8735F72466;Brandenburg an der Havel;Brandenburg;Bürger für Frieden, Vernunft und Gerechtigkeit;;2024.0;Kommunalwahlprogramm Gemeinde;Gemeinde;Hauptkorpus: kommunales Wahlprogramm der Gemeinde;manifestos/Brandenburg an der Havel_Bürger für Frieden, Vernunft und Gerechtigkeit_2024.txt
main;Brandenburg an der Havel_CDU_2024.txt;0e98c003a5d9fb119514205672371d4627909326acd28bef12240a1c6fec129f;11285;GLMP-471D02C363;Brandenburg an der Havel;Brandenburg;CDU;cdu;2024.0;Kommunalwahlprogramm Gemeinde;Gemeinde;Hauptkorpus: kommunales Wahlprogramm der Gemeinde;manifestos/Brandenburg an der Havel_CDU_2024.txt
main;Brandenburg an der Havel_FDP_2024.txt;75c04f7ad4380647b44e4db8f99f994cbebf00f43745b095f1378b8170d6b5e6;7095;GLMP-36F6C1A98A;Brandenburg an der Havel;Brandenburg;FDP;fdp;2024.0;Kommunalwahlprogramm Gemeinde;Gemeinde;Hauptkorpus: kommunales Wahlprogramm der Gemeinde;manifestos/Brandenburg an der Havel_FDP_2024.txt
main;Brandenburg an der Havel_FWG_2024.txt;d248ca5b811a068fbb6db853414c7088ce921669e683e27e49353dc918a53c48;22691;GLMP-409473BF78;Brandenburg an der Havel;Brandenburg;FWG;;2024.0;Kommunalwahlprogramm Gemeinde;Gemeinde;Hauptkorpus: kommunales Wahlprogramm der Gemeinde;manifestos/Brandenburg an der Havel_FWG_2024.txt
main;Brandenburg an der Havel_Grüne_2024.txt;c163804fb5a37b58a900435d2535fd15947d8afca4f54ea5732e6eb0cddc97d6;39451;GLMP-D5E7DE6BFB;Brandenburg an der Havel;Brandenburg;Grüne;gru;2024.0;Kommunalwahlprogramm Gemeinde;Gemeinde;Hauptkorpus: kommunales Wahlprogramm der Gemeinde;manifestos/Brandenburg an der Havel_Grüne_2024.txt
main;Brandenburg an der Havel_Linke_2024.txt;b610b9022c7ec1d4bcb3fca21f8c10e21bb8c319c628d1fcbdaeb4bf4166cfab;28438;GLMP-AAF3F9156C;Brandenburg an der Havel;Brandenburg;Linke;;2024.0;Kommunalwahlprogramm Gemeinde;Gemeinde;Hauptkorpus: kommunales Wahlprogramm der Gemeinde;manifestos/Brandenburg an der Havel_Linke_2024.txt
main;Brandenburg an der Havel_SPD_2024.txt;806c2b6a91527c51844b83631c8cf88bbb30b13e67d795dc8417aa4f09f1ba02;33462;GLMP-09FD8A2A4C;Brandenburg an der Havel;Brandenburg;SPD;spd;2024.0;Kommunalwahlprogramm Gemeinde;Gemeinde;Hauptkorpus: kommunales Wahlprogramm der Gemeinde;manifestos/Brandenburg an der Havel_SPD_2024.txt
main;Brieselang_AfD_2024.txt;30290c652b61991706247277856e3d35271ac669959eec3a0aa2b66865bd646d;21352;GLMP-AE8560B857;Brieselang;Brandenburg;AfD;;2024.0;anderes kommunales Wahlprogramm;Landkreis und Gemeinden;Dokument in Zusatzordner klassifiziert;manifestos/Brieselang_AfD_2024.txt
main;Brieselang_BFB_2024.txt;72bc11571465ef831fa0aed8497002762376400f9b0bfcaf9c3ea753b57577fe;21081;GLMP-F90F16E6D5;Brieselang;Brandenburg;BFB;;2024.0;Kommunalwahlprogramm Gemeinde;Gemeinde;Hauptkorpus: kommunales Wahlprogramm der Gemeinde;manifestos/Brieselang_BFB_2024.txt
main;Brieselang_CDU_2024.txt;200c48c4f898cf1ece677b69b3e3a6d5460f32ba52812280adc734026cfd46be;14184;GLMP-4A8BDBB548;Brieselang;Brandenburg;CDU;cdu;2024.0;Kommunalwahlprogramm Gemeinde;Gemeinde;Hauptkorpus: kommunales Wahlprogramm der Gemeinde;manifestos/Brieselang_CDU_2024.txt
main;Brieselang_FDP_2024.txt;913b206b06bf829628bef84a1503aab0c48705d1e25292bcd8bd76dfceb4bbf3;18832;GLMP-2B08EBEFEE;Brieselang;Brandenburg;FDP;fdp;2024.0;Kommunalwahlprogramm Gemeinde;Gemeinde;Hauptkorpus: kommunales Wahlprogramm der Gemeinde;manifestos/Brieselang_FDP_2024.txt
main;Brieselang_Grüne_2024.txt;ce3c99b4fb66d17c49b9f7e5bc175ff4868664fc0d6d0b72f5716e8c38c52613;1226;GLMP-3731690014;Brieselang;Brandenburg;Grüne;gru;2024.0;Kommunalwahlprogramm Gemeinde;Gemeinde;Hauptkorpus: kommunales Wahlprogramm der Gemeinde;manifestos/Brieselang_Grüne_2024.txt
main;Brieselang_Linke_2024.txt;57fd5e125a6f3041233ffd265fb4d4a2f2e351975656d3b6e2a9233c6f406031;2136;GLMP-43182F0737;Brieselang;Brandenburg;Linke;;2024.0;Kommunalwahlprogramm Gemeinde;Gemeinde;Hauptkorpus: kommunales Wahlprogramm der Gemeinde;manifestos/Brieselang_Linke_2024.txt
main;Brieselang_SPD_2024.txt;f4b2cbb0929b27589cba080b339bf0af9c80f3e02b8906211084102ecae57b30;10084;GLMP-74D7594CEB;Brieselang;Brandenburg;SPD;spd;2024.0;Kommunalwahlprogramm Gemeinde;Gemeinde;Hauptkorpus: kommunales Wahlprogramm der Gemeinde;manifestos/Brieselang_SPD_2024.txt
main;Böblingen_BfB_2024.txt;22e36c4dfae648828043c75bf59583447d55e7b019a17c05a96df11e555e8234;6586;GLMP-9B57E5B911;Böblingen;Baden-Württemberg;BfB;;2024.0;Kommunalwahlprogramm Gemeinde;Gemeinde;Hauptkorpus: kommunales Wahlprogramm der Gemeinde;manifestos/Böblingen_BfB_2024.txt
main;Böblingen_CDU_2024.txt;57391820531249719fbde0fb04246e87744f14400f17c45bfe4c9b2c2d644f05;43726;GLMP-2B96E78B42;Böblingen;Baden-Württemberg;CDU;cdu;2024.0;Kommunalwahlprogramm Gemeinde;Gemeinde;Hauptkorpus: kommunales Wahlprogramm der Gemeinde;manifestos/Böblingen_CDU_2024.txt
main;Böblingen_FWG_2024.txt;f5195d4d459dd41f33e55e587bc2af27c372e852f1429e763c904e09fa01835e;3389;GLMP-6271B9EF98;Böblingen;Baden-Württemberg;FWG;;2024.0;Kommunalwahlprogramm Gemeinde;Gemeinde;Hauptkorpus: kommunales Wahlprogramm der Gemeinde;manifestos/Böblingen_FWG_2024.txt
main;Böblingen_Grüne_2024.txt;dd76ded910251e0532c5555b0627563cc1283d202744625ec512d7190680ad25;6149;GLMP-F812B1BB14;Böblingen;Baden-Württemberg;Grüne;gru;2024.0;Kommunalwahlprogramm Gemeinde;Gemeinde;Hauptkorpus: kommunales Wahlprogramm der Gemeinde;manifestos/Böblingen_Grüne_2024.txt
main;Böblingen_Linke_2024.txt;0f2d7d93b593879c7e83ffc47a920a89be79d4bd281918ce6efdcecf2f2cfe23;9449;GLMP-DEDF32F044;Böblingen;Baden-Württemberg;Linke;;2024.0;Kommunalwahlprogramm Gemeinde;Gemeinde;Hauptkorpus: kommunales Wahlprogramm der Gemeinde;manifestos/Böblingen_Linke_2024.txt
main;Böblingen_SPD_2024.txt;3543408a538ee229d82a786a0c284f5b014a32f88973c7a32ce2ae6356172f40;15320;GLMP-11C713542C;Böblingen;Baden-Württemberg;SPD;spd;2024.0;Kommunalwahlprogramm Gemeinde;Gemeinde;Hauptkorpus: kommunales Wahlprogramm der Gemeinde;manifestos/Böblingen_SPD_2024.txt
main;Bützow_CDU_2024.txt;d63dbc527ca1e25ec013392f2e65457152835ca43702a829d3183ed26ec40619;6934;GLMP-3ACF58A635;Bützow;Mecklenburg-Vorpommern;CDU;cdu;2024.0;anderes kommunales Wahlprogramm;Landkreis und Gemeinden;Dokument in Zusatzordner klassifiziert;manifestos/Bützow_CDU_2024.txt
main;Bützow_Linke_2024.txt;a54b8a6a18290b794750bbeea350f7468e4b43b36e883160d503a378482da34e;4010;GLMP-AC44E002DD;Bützow;Mecklenburg-Vorpommern;Linke;;2024.0;anderes kommunales Wahlprogramm;Landkreis;Dokument in Zusatzordner klassifiziert;manifestos/Bützow_Linke_2024.txt
main;Bützow_SPD_2024.txt;97b6334f9a2668ddfd6803020e0656a52afd24c05152fd4272bd223d290d8083;10476;GLMP-E56A6EE749;Bützow;Mecklenburg-Vorpommern;SPD;spd;2024.0;Kommunalwahlprogramm Gemeinde;Gemeinde;Hauptkorpus: kommunales Wahlprogramm der Gemeinde;manifestos/Bützow_SPD_2024.txt
main;Calbe (Saale)_SPD_2024.txt;2f0cf37b214c87e601f9973462c867ae33a7fc78406077fd803e9978cafe9161;464;GLMP-65C5458837;Calbe (Saale);Sachsen-Anhalt;SPD;spd;2024.0;Kommunalwahlprogramm Gemeinde;Gemeinde;Hauptkorpus: kommunales Wahlprogramm der Gemeinde;manifestos/Calbe (Saale)_SPD_2024.txt
main;Chemnitz_AfD_2024.txt;ca6b824c768cbc9da8ce9ea795a2291321a80287f0e63288b28aeebe611c80da;25634;GLMP-168A055875;Chemnitz;Sachsen;AfD;;2024.0;Kommunalwahlprogramm Gemeinde;Gemeinde;Hauptkorpus: kommunales Wahlprogramm der Gemeinde;manifestos/Chemnitz_AfD_2024.txt
main;Chemnitz_BBS_2024.txt;4f667969f84c52b0467d15ebc2869598e9c01a77e250bd71c43001de467d3824;8864;GLMP-C7536E003F;Chemnitz;Sachsen;BBS;;2024.0;Kommunalwahlprogramm Gemeinde;Gemeinde;Hauptkorpus: kommunales Wahlprogramm der Gemeinde;manifestos/Chemnitz_BBS_2024.txt
main;Chemnitz_BSW_2024.txt;7a62b2fe3fc59ff1240e502745076a8f870a41c667eaf09453671b4603e3b151;19633;GLMP-8EFDB78FE2;Chemnitz;Sachsen;BSW;;2024.0;Kommunalwahlprogramm Gemeinde;Gemeinde;Hauptkorpus: kommunales Wahlprogramm der Gemeinde;manifestos/Chemnitz_BSW_2024.txt
main;Chemnitz_CDU_2024.txt;203fa26a7419ff29ac22e1018a746c6da625020a86270f63a1a04af4538c553f;53308;GLMP-F23052C1A6;Chemnitz;Sachsen;CDU;cdu;2024.0;Kommunalwahlprogramm Gemeinde;Gemeinde;Hauptkorpus: kommunales Wahlprogramm der Gemeinde;manifestos/Chemnitz_CDU_2024.txt
main;Chemnitz_Die Partei_2024.txt;c14253999ecce3ab09c074b2bcb0ba9de0ab883737e5be8d4c1df305b774fcea;4490;GLMP-266A97F48A;Chemnitz;Sachsen;Die Partei;par;2024.0;Kommunalwahlprogramm Gemeinde;Gemeinde;Hauptkorpus: kommunales Wahlprogramm der Gemeinde;manifestos/Chemnitz_Die Partei_2024.txt
main;Chemnitz_FDP_2024.txt;17a5426fbd92034f3c08c55b0bde2e2c2908c95ae7a1d0b05290a0e1466decad;46618;GLMP-DBDBF57707;Chemnitz;Sachsen;FDP;fdp;2024.0;Kommunalwahlprogramm Gemeinde;Gemeinde;Hauptkorpus: kommunales Wahlprogramm der Gemeinde;manifestos/Chemnitz_FDP_2024.txt
main;Chemnitz_Grüne_2024.txt;d5536b327e695bf6c57897ea5e2649ca227e9bcbb64d8b9e34e1820abd60bf5c;79895;GLMP-0A9294EF80;Chemnitz;Sachsen;Grüne;gru;2024.0;Kommunalwahlprogramm Gemeinde;Gemeinde;Hauptkorpus: kommunales Wahlprogramm der Gemeinde;manifestos/Chemnitz_Grüne_2024.txt
main;Chemnitz_Linke_2024.txt;83dfce4f97bcac441c36f8a02f76b3709a89d4dd1e560cb246082df80aaf08df;83398;GLMP-A04B383DE0;Chemnitz;Sachsen;Linke;;2024.0;Kommunalwahlprogramm Gemeinde;Gemeinde;Hauptkorpus: kommunales Wahlprogramm der Gemeinde;manifestos/Chemnitz_Linke_2024.txt
main;Chemnitz_SPD_2024.txt;4d21cfb70f7208ae56d589477226bd0d3ce78555738937940a8567cfbf6ea319;86533;GLMP-FBA70ED7E2;Chemnitz;Sachsen;SPD;spd;2024.0;Kommunalwahlprogramm Gemeinde;Gemeinde;Hauptkorpus: kommunales Wahlprogramm der Gemeinde;manifestos/Chemnitz_SPD_2024.txt
main;Cottbus_AfD_2024.txt;88845fdca43dbd02c31280e9ced7c9b2c9260315204c32c4c2ab4d9babec0a93;24938;GLMP-44048C83BD;Cottbus;Brandenburg;AfD;;2024.0;Kommunalwahlprogramm Gemeinde;Gemeinde;Hauptkorpus: kommunales Wahlprogramm der Gemeinde;manifestos/Cottbus_AfD_2024.txt
main;Cottbus_CDU_2024.txt;882d2a86e688d1d42d899a908f633094da59a90f8a78808b6b20e9e043cf15e5;17012;GLMP-ABA96B0AA4;Cottbus;Brandenburg;CDU;cdu;2024.0;Kommunalwahlprogramm Gemeinde;Gemeinde;Hauptkorpus: kommunales Wahlprogramm der Gemeinde;manifestos/Cottbus_CDU_2024.txt
main;Cottbus_FDP_2024.txt;5522c3e9718b4a96f48753368ab8e1170b548559c4668e7578af8d275839b4c2;24508;GLMP-766997A84E;Cottbus;Brandenburg;FDP;fdp;2024.0;Kommunalwahlprogramm Gemeinde;Gemeinde;Hauptkorpus: kommunales Wahlprogramm der Gemeinde;manifestos/Cottbus_FDP_2024.txt
main;Cottbus_FWG_2024.txt;6fd64a9e67d0460498480ede6b440a0ece2c6de854b3c043e6473d4faa7c2d21;18771;GLMP-B8E92880D1;Cottbus;Brandenburg;FWG;;2024.0;Kommunalwahlprogramm Gemeinde;Gemeinde;Hauptkorpus: kommunales Wahlprogramm der Gemeinde;manifestos/Cottbus_FWG_2024.txt
main;Cottbus_Grüne_2024.txt;2c14c6203c29edf11925eae02b45f81effbbd2b5c88607b1152ebd9b85aa64cd;41369;GLMP-EFF5399A16;Cottbus;Brandenburg;Grüne;gru;2024.0;Kommunalwahlprogramm Gemeinde;Gemeinde;Hauptkorpus: kommunales Wahlprogramm der Gemeinde;manifestos/Cottbus_Grüne_2024.txt
main;Cottbus_Linke_2024.txt;ffe854f076f678ba294284ad278a0f1c92b7d55812b644242ac5ca62e1e01d77;61186;GLMP-347679D1E8;Cottbus;Brandenburg;Linke;;2024.0;Kommunalwahlprogramm Gemeinde;Gemeinde;Hauptkorpus: kommunales Wahlprogramm der Gemeinde;manifestos/Cottbus_Linke_2024.txt
main;Cottbus_SPD_2024.txt;b78b8e2afcaaa03dad6cef61bbe716b3719ba413d27804d47dd35f63698205da;25208;GLMP-61AEDAF3E5;Cottbus;Brandenburg;SPD;spd;2024.0;Kommunalwahlprogramm Gemeinde;Gemeinde;Hauptkorpus: kommunales Wahlprogramm der Gemeinde;manifestos/Cottbus_SPD_2024.txt
main;Dessau-Roßlau_AfD_2024.txt;13092a1e63c140101577973403bf5131ee9fd9b3497cd02b1a58096ccd9f06a6;15576;GLMP-A40AE8FEB5;Dessau-Roßlau;Sachsen-Anhalt;AfD;;2024.0;Kommunalwahlprogramm Gemeinde;Gemeinde;Hauptkorpus: kommunales Wahlprogramm der Gemeinde;manifestos/Dessau-Roßlau_AfD_2024.txt
main;Dessau-Roßlau_CDU_2024.txt;c4f22478ba209e5bcec0ea45a9dad217fae7702cf440baaaa17bd1d84388b050;2617;GLMP-E099A70799;Dessau-Roßlau;Sachsen-Anhalt;CDU;cdu;2024.0;Kommunalwahlprogramm Gemeinde;Gemeinde;Hauptkorpus: kommunales Wahlprogramm der Gemeinde;manifestos/Dessau-Roßlau_CDU_2024.txt
main;Dessau-Roßlau_FDP_2024.txt;df364ec7b771df26c32f7fa2dfa394cdadee806401d304eaa9b77f298030ea22;9605;GLMP-4D708CA39F;Dessau-Roßlau;Sachsen-Anhalt;FDP;fdp;2024.0;Kommunalwahlprogramm Gemeinde;Gemeinde;Hauptkorpus: kommunales Wahlprogramm der Gemeinde;manifestos/Dessau-Roßlau_FDP_2024.txt
main;Dessau-Roßlau_Forum-Bürger_2024.txt;7e9b83b66c5101be4f7962c17401e2c4a641b7987f561972dad316a7111867f9;27997;GLMP-7F7ECEB156;Dessau-Roßlau;Sachsen-Anhalt;Forum-Bürger;;2024.0;Kommunalwahlprogramm Gemeinde;Gemeinde;Hauptkorpus: kommunales Wahlprogramm der Gemeinde;manifestos/Dessau-Roßlau_Forum-Bürger_2024.txt
main;Dessau-Roßlau_Grüne_2024.txt;2deb93554bee5f8fc2259904dced9bca1663a503dba433ac1db66ccdaf451ba5;52657;GLMP-35E5B741AC;Dessau-Roßlau;Sachsen-Anhalt;Grüne;gru;2024.0;Kommunalwahlprogramm Gemeinde;Gemeinde;Hauptkorpus: kommunales Wahlprogramm der Gemeinde;manifestos/Dessau-Roßlau_Grüne_2024.txt
main;Dessau-Roßlau_Linke_2024.txt;93055f620b3de650769ac3fb88ff72b49f507e1fcdc4815b452b7701c6b23b95;32679;GLMP-0155E69DCD;Dessau-Roßlau;Sachsen-Anhalt;Linke;;2024.0;Kommunalwahlprogramm Gemeinde;Gemeinde;Hauptkorpus: kommunales Wahlprogramm der Gemeinde;manifestos/Dessau-Roßlau_Linke_2024.txt
main;Dessau-Roßlau_Pro DE_2024.txt;275d9a2221739045eb6765be63d8171c1097a72395b6fa57952dea217c2646d6;3834;GLMP-7FF03DECBD;Dessau-Roßlau;Sachsen-Anhalt;Pro DE;;2024.0;Kommunalwahlprogramm Gemeinde;Gemeinde;Hauptkorpus: kommunales Wahlprogramm der Gemeinde;manifestos/Dessau-Roßlau_Pro DE_2024.txt
main;Dessau-Roßlau_SPD_2024.txt;bfaad65a01bbce3bcfec38d486ffaa18f9f9a7723dc75ffdc9777ad6e5061dfa;29905;GLMP-950046E1AE;Dessau-Roßlau;Sachsen-Anhalt;SPD;spd;2024.0;Kommunalwahlprogramm Gemeinde;Gemeinde;Hauptkorpus: kommunales Wahlprogramm der Gemeinde;manifestos/Dessau-Roßlau_SPD_2024.txt
main;Dillingen (Saar)_FDP_2024.txt;0d897556697e154be40bcf0107439b1e2a0e046ede97e2cb58296387b870e54c;1633;GLMP-146882AD7D;Dillingen (Saar);Saarland;FDP;fdp;2024.0;Kommunalwahlprogramm Gemeinde;Gemeinde;Hauptkorpus: kommunales Wahlprogramm der Gemeinde;manifestos/Dillingen (Saar)_FDP_2024.txt
main;Ditzingen_AfD_2024.txt;c41e71a059342e37f42554bebee9747fd38fc34ca0ff56509c33e155a3b93a68;122240;GLMP-DEF6F6E9B3;Ditzingen;Baden-Württemberg;AfD;;2024.0;anderes kommunales Wahlprogramm;Landkreis und Gemeinden;Dokument in Zusatzordner klassifiziert;manifestos/Ditzingen_AfD_2024.txt
main;Ditzingen_CDU_2024.txt;f9ad11f5769470b2f419692954da3e602aaa1d690d0d7c3e25da198e2cb8b09a;14399;GLMP-557C932578;Ditzingen;Baden-Württemberg;CDU;cdu;2024.0;Kommunalwahlprogramm Gemeinde;Gemeinde;Hauptkorpus: kommunales Wahlprogramm der Gemeinde;manifestos/Ditzingen_CDU_2024.txt
main;Ditzingen_FDP_2024.txt;1da17ab98d1330c9404521dab842af2cc0ebfbba4da350b5487fb6f7f5d3db64;38554;GLMP-35869FDBFF;Ditzingen;Baden-Württemberg;FDP;fdp;2024.0;anderes kommunales Wahlprogramm;Landkreis;Dokument in Zusatzordner klassifiziert;manifestos/Ditzingen_FDP_2024.txt
main;Ditzingen_FWG_2024.txt;f4a16fed7018567e38119964f59b57295ab38bc489a7f998faa839368ab95931;5585;GLMP-457B418CC6;Ditzingen;Baden-Württemberg;FWG;;2024.0;Kommunalwahlprogramm Gemeinde;Gemeinde;Hauptkorpus: kommunales Wahlprogramm der Gemeinde;manifestos/Ditzingen_FWG_2024.txt
main;Ditzingen_Grüne_2024.txt;075fb05935d36f4117e14a2f7af893a733766ab6ce2f3e5238080b75b427d2f8;2812;GLMP-1C6CB752D0;Ditzingen;Baden-Württemberg;Grüne;gru;2024.0;Kommunalwahlprogramm Gemeinde;Gemeinde;Hauptkorpus: kommunales Wahlprogramm der Gemeinde;manifestos/Ditzingen_Grüne_2024.txt
main;Ditzingen_SPD_2024.txt;b15927c77b4fb5698baf7c9dbc17f04cc281d09eaa5671bb1e650f0eca7b4711;21351;GLMP-FD97DD9BA6;Ditzingen;Baden-Württemberg;SPD;spd;2024.0;Kommunalwahlprogramm Gemeinde;Gemeinde;Hauptkorpus: kommunales Wahlprogramm der Gemeinde;manifestos/Ditzingen_SPD_2024.txt
main;Dornburg-Camburg_AfD_2024.txt;31de037ba39d42e7c8eebab14536f0fa689699da63b8c7b6160a6d2a128caa65;2732;GLMP-0138AF57B8;Dornburg-Camburg;Thüringen;AfD;;2024.0;anderes kommunales Wahlprogramm;Landkreis und Gemeinden;Dokument in Zusatzordner klassifiziert;manifestos/Dornburg-Camburg_AfD_2024.txt
main;Dornburg-Camburg_Bündnis Ehrenamt_2024.txt;940477e0cde0f90212915acd52984972315c02982aad28526d4034362d559ca7;515;GLMP-24009EE386;Dornburg-Camburg;Thüringen;Bündnis Ehrenamt;;2024.0;Kommunalwahlprogramm Gemeinde;Gemeinde;Hauptkorpus: kommunales Wahlprogramm der Gemeinde;manifestos/Dornburg-Camburg_Bündnis Ehrenamt_2024.txt
main;Dornburg-Camburg_D-CBV_2024.txt;a97b5fe5cbe614e9bc2b2efd1e60c7556ae83512be7766b19cc81049f0224265;1041;GLMP-D3B2851C9A;Dornburg-Camburg;Thüringen;D-CBV;;2024.0;Kommunalwahlprogramm Gemeinde;Gemeinde;Hauptkorpus: kommunales Wahlprogramm der Gemeinde;manifestos/Dornburg-Camburg_D-CBV_2024.txt
main;Dresden_AfD_2024.txt;cd4b3e0a73f89b36f47effd307ded8f4bb5c93f32761e73d88c8a382188fad80;81546;GLMP-0D4F1DC51F;Dresden;Sachsen;AfD;;2024.0;Kommunalwahlprogramm Gemeinde;Gemeinde;Hauptkorpus: kommunales Wahlprogramm der Gemeinde;manifestos/Dresden_AfD_2024.txt
main;Dresden_BSW_2024.txt;cde3d90a68586565734e9b075acccb35930f1dcde0a62fe315874425fc592383;13742;GLMP-CB1F9269DC;Dresden;Sachsen;BSW;;2024.0;Kommunalwahlprogramm Gemeinde;Gemeinde;Hauptkorpus: kommunales Wahlprogramm der Gemeinde;manifestos/Dresden_BSW_2024.txt
main;Dresden_CDU_2024.txt;09cd816e45cbfc810cd680d6b7bd7afbe731beefcf0ead776d405441106b6a4b;37316;GLMP-C4799ECD6D;Dresden;Sachsen;CDU;cdu;2024.0;Kommunalwahlprogramm Gemeinde;Gemeinde;Hauptkorpus: kommunales Wahlprogramm der Gemeinde;manifestos/Dresden_CDU_2024.txt
main;Dresden_Die Partei_2024.txt;0a854cbdd9328113e5fd3fa4f9d093d8f1d9d6f97d812ee587ad3485256c8b21;1935;GLMP-5B3C6232E6;Dresden;Sachsen;Die Partei;par;2024.0;Kommunalwahlprogramm Gemeinde;Gemeinde;Hauptkorpus: kommunales Wahlprogramm der Gemeinde;manifestos/Dresden_Die Partei_2024.txt
main;Dresden_DissDD_2024.txt;da36869bc804a5ae9deeb86b5103af6a1d90e296826ad262fc2307da3176888a;44958;GLMP-A9CE431BAD;Dresden;Sachsen;DissDD;;2024.0;Kommunalwahlprogramm Gemeinde;Gemeinde;Hauptkorpus: kommunales Wahlprogramm der Gemeinde;manifestos/Dresden_DissDD_2024.txt
main;Dresden_FDP_2024.txt;2d1211ccb4f5f8e09bf12559d84aae6d671d3bcf93103263430e06ae3a2ecde0;75920;GLMP-BE2246AF00;Dresden;Sachsen;FDP;fdp;2024.0;Kommunalwahlprogramm Gemeinde;Gemeinde;Hauptkorpus: kommunales Wahlprogramm der Gemeinde;manifestos/Dresden_FDP_2024.txt
main;Dresden_FWG_2024.txt;9728d19d8bde3ec5ce396731fe7d4733a67cf4ad0302c4ca0bcef633e9562ba3;4205;GLMP-1A267EF430;Dresden;Sachsen;FWG;;2024.0;Kommunalwahlprogramm Gemeinde;Gemeinde;Hauptkorpus: kommunales Wahlprogramm der Gemeinde;manifestos/Dresden_FWG_2024.txt
main;Dresden_Freie Bürger Dresden_2024.txt;9573c0eee4479b5979a09e0579ec722ac3a88ecb0732fe14e11f9b2ae9be4ee9;1518;GLMP-029A55E909;Dresden;Sachsen;Freie Bürger Dresden;;2024.0;Kommunalwahlprogramm Gemeinde;Gemeinde;Hauptkorpus: kommunales Wahlprogramm der Gemeinde;manifestos/Dresden_Freie Bürger Dresden_2024.txt
main;Dresden_Freie Sachsen_2024.txt;08d40b9f12f7777970805e8784ba1d82d9b950a78fc2599c335d6e3d01fe2aa5;18011;GLMP-C31287185D;Dresden;Sachsen;Freie Sachsen;;2024.0;Kommunalwahlprogramm Gemeinde;Gemeinde;Hauptkorpus: kommunales Wahlprogramm der Gemeinde;manifestos/Dresden_Freie Sachsen_2024.txt
main;Dresden_Grüne_2024.txt;2930bbd830ea4eec845bdd58b9726812febfc3842a29b8f5c84f46ca96d44af8;205098;GLMP-6AC98BA395;Dresden;Sachsen;Grüne;gru;2024.0;Kommunalwahlprogramm Gemeinde;Gemeinde;Hauptkorpus: kommunales Wahlprogramm der Gemeinde;manifestos/Dresden_Grüne_2024.txt
main;Dresden_Linke_2024.txt;2f9eba45c8eff061fc8a440b127ebf370be6820abe955ac9a0226f0e1ece5f65;38278;GLMP-C6E57FB1D5;Dresden;Sachsen;Linke;;2024.0;Kommunalwahlprogramm Gemeinde;Gemeinde;Hauptkorpus: kommunales Wahlprogramm der Gemeinde;manifestos/Dresden_Linke_2024.txt
main;Dresden_Piraten_2024.txt;e1db3b2ee47785d091886a754ce711b3c440949a594bda01940b22de569ca670;90915;GLMP-8742E5C48D;Dresden;Sachsen;Piraten;pir;2024.0;Kommunalwahlprogramm Gemeinde;Gemeinde;Hauptkorpus: kommunales Wahlprogramm der Gemeinde;manifestos/Dresden_Piraten_2024.txt
main;Dresden_SPD_2024.txt;7c301b0678c2de57a09c3abd6e606549a22d827d5af6ff8f5572aa3f4cd87497;93230;GLMP-D183EFD048;Dresden;Sachsen;SPD;spd;2024.0;Kommunalwahlprogramm Gemeinde;Gemeinde;Hauptkorpus: kommunales Wahlprogramm der Gemeinde;manifestos/Dresden_SPD_2024.txt
main;Dresden_Team-Zastrow Bündnis Sachsen 24_2024.txt;3a758d34fed4d650d3f6ee398e0aa205ff9d7b4668bec12e0993bbfbfb4fcc5a;125348;GLMP-7A244D9994;Dresden;Sachsen;Team-Zastrow Bündnis Sachsen 24;;2024.0;Kommunalwahlprogramm Gemeinde;Gemeinde;Hauptkorpus: kommunales Wahlprogramm der Gemeinde;manifestos/Dresden_Team-Zastrow Bündnis Sachsen 24_2024.txt
main;Dresden_Volt_2024.txt;4e465993248b1cb91a7acc9eee8f071f7480cb6a6c1f495503f32828add88a3a;112410;GLMP-C4C63D283A;Dresden;Sachsen;Volt;vlt;2024.0;Kommunalwahlprogramm Gemeinde;Gemeinde;Hauptkorpus: kommunales Wahlprogramm der Gemeinde;manifestos/Dresden_Volt_2024.txt
main;Dummerstorf_UBG_2024.txt;f91c9cbe19fd1b189b040987883f21bf575739dd4a5d0ecd26aa421abcd94872;1870;GLMP-F712CEC837;Dummerstorf;Mecklenburg-Vorpommern;UBG;;2024.0;Kommunalwahlprogramm Gemeinde;Gemeinde;Hauptkorpus: kommunales Wahlprogramm der Gemeinde;manifestos/Dummerstorf_UBG_2024.txt
main;Ebersbach-Neugersdorf_CDU_2024.txt;7b47ecd29d5c7233563721c8445148e75c2945ad40245efb3caa042c7dfa3b31;36659;GLMP-803C1BB473;Ebersbach-Neugersdorf;Sachsen;CDU;cdu;2024.0;anderes kommunales Wahlprogramm;Landkreis und Gemeinden;Dokument in Zusatzordner klassifiziert;manifestos/Ebersbach-Neugersdorf_CDU_2024.txt
main;Ebersbach-Neugersdorf_Grüne_2024.txt;0ab85ecfcb6ff3c834a03d647a75a0bd516cdbd46711ca98069b30053925c603;19582;GLMP-0BE103AD80;Ebersbach-Neugersdorf;Sachsen;Grüne;gru;2024.0;anderes kommunales Wahlprogramm;Landkreis und Gemeinden;Dokument in Zusatzordner klassifiziert;manifestos/Ebersbach-Neugersdorf_Grüne_2024.txt
main;Ebersbach-Neugersdorf_Linke_2024.txt;5283dcbca5055b476a48c37697e76007956f74cd1667ed2d135be57751bef6a5;7108;GLMP-D39A787487;Ebersbach-Neugersdorf;Sachsen;Linke;;2024.0;anderes kommunales Wahlprogramm;Landkreis;Dokument in Zusatzordner klassifiziert;manifestos/Ebersbach-Neugersdorf_Linke_2024.txt
main;Eberswalde_CDU_2024.txt;dfd904981ab021cf40649c2e41935e0cdeb0db41cac26b4e7c4840a86de01123;24556;GLMP-D9ADC29562;Eberswalde;Brandenburg;CDU;cdu;2024.0;Kommunalwahlprogramm Gemeinde;Gemeinde;Hauptkorpus: kommunales Wahlprogramm der Gemeinde;manifestos/Eberswalde_CDU_2024.txt
main;Eberswalde_Grüne_2024.txt;0abd06edc4bba756d4721d54186f7ae613ab9d7cca8fa9ea700412d0db45e877;20423;GLMP-3F841E7CF9;Eberswalde;Brandenburg;Grüne;gru;2024.0;Kommunalwahlprogramm Gemeinde;Gemeinde;Hauptkorpus: kommunales Wahlprogramm der Gemeinde;manifestos/Eberswalde_Grüne_2024.txt
main;Eberswalde_SPD_2024.txt;a723171b7c208e301e2b8288f9ffb4bea58d63f2ff3fc1eee5c6aa1c5e8c0da0;26930;GLMP-026904A4E8;Eberswalde;Brandenburg;SPD;spd;2024.0;Kommunalwahlprogramm Gemeinde;Gemeinde;Hauptkorpus: kommunales Wahlprogramm der Gemeinde;manifestos/Eberswalde_SPD_2024.txt
main;Eibenstock_CDU_2024.txt;bf780f47693840473d112c547d5caadf89595b54143d798e2be997c853b760d8;25368;GLMP-453C1457C0;Eibenstock;Sachsen;CDU;cdu;2024.0;Kommunalwahlprogramm Gemeinde;Gemeinde;Hauptkorpus: kommunales Wahlprogramm der Gemeinde;manifestos/Eibenstock_CDU_2024.txt
main;Eibenstock_FWG_2024.txt;de964a956124f138c189f9ab85d698a7b2a54ab0f6df32640621d96acc3282af;776;GLMP-38C9F3DAF2;Eibenstock;Sachsen;FWG;;2024.0;Kommunalwahlprogramm Gemeinde;Gemeinde;Hauptkorpus: kommunales Wahlprogramm der Gemeinde;manifestos/Eibenstock_FWG_2024.txt
main;Eibenstock_Gewerbe- & Tourismusverein Eibenstock e.V._2024.txt;f18e4c1716ae2e19d1c1dedc486da843a6280367c6a42aa5db6baf5523e0ff74;1510;GLMP-105C0E7A28;Eibenstock;Sachsen;Gewerbe- & Tourismusverein Eibenstock e.V.;;2024.0;Kommunalwahlprogramm Gemeinde;Gemeinde;Hauptkorpus: kommunales Wahlprogramm der Gemeinde;manifestos/Eibenstock_Gewerbe- & Tourismusverein Eibenstock e.V._2024.txt
main;Eibenstock_SPD_2024.txt;d27f9fc881e9b8ad470737b9b74729e43b82935b40daccd815c95d617b8a6ae5;12049;GLMP-66443DC824;Eibenstock;Sachsen;SPD;spd;2024.0;anderes kommunales Wahlprogramm;Landkreis und Gemeinden;Dokument in Zusatzordner klassifiziert;manifestos/Eibenstock_SPD_2024.txt
main;Erfurt_AfD_2024.txt;dc0ca62d4f733e196223d206e87bb48a4c2bf791a468b3a2d956b9f31d4398bb;42140;GLMP-04E405DD93;Erfurt;Thüringen;AfD;;2024.0;Kommunalwahlprogramm Gemeinde;Gemeinde;Hauptkorpus: kommunales Wahlprogramm der Gemeinde;manifestos/Erfurt_AfD_2024.txt
main;Erfurt_CDU_2024.txt;1804d4efa5902d56353417e43aa6f7c0e14a578fecaa89456949a80c1d5c2661;74956;GLMP-EEC78EE3D5;Erfurt;Thüringen;CDU;cdu;2024.0;Kommunalwahlprogramm Gemeinde;Gemeinde;Hauptkorpus: kommunales Wahlprogramm der Gemeinde;manifestos/Erfurt_CDU_2024.txt
main;Erfurt_FDP_2024.txt;fb27011886ea50e571c4a244282a1f8918842792399ed197a27f82e6c60cc4f9;19773;GLMP-56BED2CCD1;Erfurt;Thüringen;FDP;fdp;2024.0;Kommunalwahlprogramm Gemeinde;Gemeinde;Hauptkorpus: kommunales Wahlprogramm der Gemeinde;manifestos/Erfurt_FDP_2024.txt
main;Erfurt_FWG_2024.txt;45b173efbe48051ac676bcedf5d64439ae6af61ea07174a692f0712f16780a68;9210;GLMP-B036B73697;Erfurt;Thüringen;FWG;;2024.0;Kommunalwahlprogramm Gemeinde;Gemeinde;Hauptkorpus: kommunales Wahlprogramm der Gemeinde;manifestos/Erfurt_FWG_2024.txt
main;Erfurt_Grüne_2024.txt;264243a14d7bcd7a03b7efbbd5098320de7492faeb910c7aa6ef47909c59e550;128097;GLMP-F40839254D;Erfurt;Thüringen;Grüne;gru;2024.0;Kommunalwahlprogramm Gemeinde;Gemeinde;Hauptkorpus: kommunales Wahlprogramm der Gemeinde;manifestos/Erfurt_Grüne_2024.txt
main;Erfurt_Linke_2024.txt;e88536a325095b026a63a3f5851e5dfe6d924cc1f143df7795069d410c1c6978;74064;GLMP-E0F9620468;Erfurt;Thüringen;Linke;;2024.0;Kommunalwahlprogramm Gemeinde;Gemeinde;Hauptkorpus: kommunales Wahlprogramm der Gemeinde;manifestos/Erfurt_Linke_2024.txt
main;Erfurt_Mehrwertstadt_2024.txt;179965365f94df3d83dd04bac53eadb1cad1adaef1f30299561d1d63efa9dc1c;28870;GLMP-46F92EDDD6;Erfurt;Thüringen;Mehrwertstadt;;2024.0;Kommunalwahlprogramm Gemeinde;Gemeinde;Hauptkorpus: kommunales Wahlprogramm der Gemeinde;manifestos/Erfurt_Mehrwertstadt_2024.txt
main;Erfurt_Piraten_2024.txt;65436a796f4d2f9cab7bf253c80a5fb063d09ab25a87a2057b36109c7d4821b5;20972;GLMP-85A9553F93;Erfurt;Thüringen;Piraten;pir;2024.0;Kommunalwahlprogramm Gemeinde;Gemeinde;Hauptkorpus: kommunales Wahlprogramm der Gemeinde;manifestos/Erfurt_Piraten_2024.txt
main;Erfurt_Piraten und ÖDP_2024.txt;529451db76a7920367c8c9d8a6ed7b4eb976934ad775d487bd5faae6e1473fd5;9191;GLMP-9428F7AE9D;Erfurt;Thüringen;Piraten und ÖDP;;2024.0;Kommunalwahlprogramm Gemeinde;Gemeinde;Hauptkorpus: kommunales Wahlprogramm der Gemeinde;manifestos/Erfurt_Piraten und ÖDP_2024.txt
main;Erfurt_SPD_2024.txt;657325fd469aa6993ee997eaf675271e114f842559e2f39d5154a3e1dd43822e;35966;GLMP-C5645656B4;Erfurt;Thüringen;SPD;spd;2024.0;Kommunalwahlprogramm Gemeinde;Gemeinde;Hauptkorpus: kommunales Wahlprogramm der Gemeinde;manifestos/Erfurt_SPD_2024.txt
main;Erfurt_ÖDP_2024.txt;08cee29550c3e22c154e05522fad21881fdd7a0b755b29f4ab2653cbe928966d;48188;GLMP-A3B4C1B4B4;Erfurt;Thüringen;ÖDP;;2024.0;Kommunalwahlprogramm Gemeinde;Gemeinde;Hauptkorpus: kommunales Wahlprogramm der Gemeinde;manifestos/Erfurt_ÖDP_2024.txt
main;Erlenbach_CDU_2024.txt;a6231cec576e59144dfcfbcd7ded05ebb0edc8dba57dc507435409eddbd3fcd1;1460;GLMP-1D6637DDF7;Erlenbach;Baden-Württemberg;CDU;cdu;2024.0;Kommunalwahlprogramm Gemeinde;Gemeinde;Hauptkorpus: kommunales Wahlprogramm der Gemeinde;manifestos/Erlenbach_CDU_2024.txt
main;Esslingen am Neckar_AfD_2024.txt;7672e1cdd72273755d76c66880d0d7ac86c95109bf536c23cd84c0525c583405;13807;GLMP-F14785B869;Esslingen am Neckar;Baden-Württemberg;AfD;;2024.0;anderes kommunales Wahlprogramm;Landkreis und Gemeinden;Dokument in Zusatzordner klassifiziert;manifestos/Esslingen am Neckar_AfD_2024.txt
main;Esslingen am Neckar_CDU_2024.txt;04371c921b4b26470ab2f33610034649791aa57482456b140f65f60a439eb859;15612;GLMP-0238285EEF;Esslingen am Neckar;Baden-Württemberg;CDU;cdu;2024.0;Kommunalwahlprogramm Gemeinde;Gemeinde;Hauptkorpus: kommunales Wahlprogramm der Gemeinde;manifestos/Esslingen am Neckar_CDU_2024.txt
main;Esslingen am Neckar_FDP_2024.txt;99d3428dfe46c8a2d132d6a83ccc6a1776c6131605f39de36e06962997b0f17e;3021;GLMP-FC533E5C6F;Esslingen am Neckar;Baden-Württemberg;FDP;fdp;2024.0;Kommunalwahlprogramm Gemeinde;Gemeinde;Hauptkorpus: kommunales Wahlprogramm der Gemeinde;manifestos/Esslingen am Neckar_FDP_2024.txt
main;Esslingen am Neckar_FWG_2024.txt;98279ad28dc3ae3bf20fd8e8cf758b19b40d23aa7b76637f6d516edfeed52c42;9127;GLMP-553B9C5656;Esslingen am Neckar;Baden-Württemberg;FWG;;2024.0;Kommunalwahlprogramm Gemeinde;Gemeinde;Hauptkorpus: kommunales Wahlprogramm der Gemeinde;manifestos/Esslingen am Neckar_FWG_2024.txt
main;Esslingen am Neckar_Grüne_2024.txt;ac8d3854b4e361871ed873f2f8e17c248a47aacc1f759d0362ef26edb0899879;22683;GLMP-4A57FC9685;Esslingen am Neckar;Baden-Württemberg;Grüne;gru;2024.0;Kommunalwahlprogramm Gemeinde;Gemeinde;Hauptkorpus: kommunales Wahlprogramm der Gemeinde;manifestos/Esslingen am Neckar_Grüne_2024.txt
main;Esslingen am Neckar_Linke_2024.txt;291d1e4626e76d636097c476a4577bcf70ec9e1792293a76d9f8e3efffb3c4fe;17351;GLMP-F7B17597F0;Esslingen am Neckar;Baden-Württemberg;Linke;;2024.0;anderes kommunales Wahlprogramm;Landkreis;Dokument in Zusatzordner klassifiziert;manifestos/Esslingen am Neckar_Linke_2024.txt
main;Esslingen am Neckar_SPD_2024.txt;dc4a0d9ee09f11956e8b62d8b473f41a0629c514cfd298d4ecd654b720df1527;14285;GLMP-2AE34E8350;Esslingen am Neckar;Baden-Württemberg;SPD;spd;2024.0;Kommunalwahlprogramm Gemeinde;Gemeinde;Hauptkorpus: kommunales Wahlprogramm der Gemeinde;manifestos/Esslingen am Neckar_SPD_2024.txt
main;Esslingen am Neckar_VoltÖDP_2024.txt;1fd36765a6b6cbec4fd1904e08ba84c6829603305250963bbc30ea6beb07d11e;37297;GLMP-68EA93DC36;Esslingen am Neckar;Baden-Württemberg;VoltÖDP;;2024.0;Kommunalwahlprogramm Gemeinde;Gemeinde;Hauptkorpus: kommunales Wahlprogramm der Gemeinde;manifestos/Esslingen am Neckar_VoltÖDP_2024.txt
main;Esslingen am Neckar_WIR_2024.txt;43cefaa4fa3e53ee6f8fa3e3d9d45d0c5f3902cb5cab8723b2e46877c15d1b71;5888;GLMP-5F80EB8075;Esslingen am Neckar;Baden-Württemberg;WIR;wir;2024.0;Kommunalwahlprogramm Gemeinde;Gemeinde;Hauptkorpus: kommunales Wahlprogramm der Gemeinde;manifestos/Esslingen am Neckar_WIR_2024.txt
main;Falkensee_AfD_2024.txt;91fc2e07cc0f479b149ea6deac031c83ebd569bfc9967683d4b6357cacec1b5d;16142;GLMP-B9E8306D06;Falkensee;Brandenburg;AfD;;2024.0;Kommunalwahlprogramm Gemeinde;Gemeinde;Hauptkorpus: kommunales Wahlprogramm der Gemeinde;manifestos/Falkensee_AfD_2024.txt
main;Falkensee_CDU_2024.txt;80f47668c66be19c2932b59b63dac9b8e2f089533e009b8c1faea1565d74469a;16384;GLMP-A6487A428E;Falkensee;Brandenburg;CDU;cdu;2024.0;Kommunalwahlprogramm Gemeinde;Gemeinde;Hauptkorpus: kommunales Wahlprogramm der Gemeinde;manifestos/Falkensee_CDU_2024.txt
main;Falkensee_FDP_2024.txt;b303e37a6fcedc02d7504ee750fdcada9dbe6f29f0cad56288bc9dff7c4b669e;3151;GLMP-CE265A08CD;Falkensee;Brandenburg;FDP;fdp;2024.0;Kommunalwahlprogramm Gemeinde;Gemeinde;Hauptkorpus: kommunales Wahlprogramm der Gemeinde;manifestos/Falkensee_FDP_2024.txt
main;Falkensee_Grüne_2024.txt;f038c8cbd3cdbf76189858d60ea4671c237c64abfbe5013649c4d3f28dc393b4;41247;GLMP-FC00186E04;Falkensee;Brandenburg;Grüne;gru;2024.0;Kommunalwahlprogramm Gemeinde;Gemeinde;Hauptkorpus: kommunales Wahlprogramm der Gemeinde;manifestos/Falkensee_Grüne_2024.txt
main;Falkensee_SPD_2024.txt;6b451d18f041a224db291a114ea089824217214cca162731036c6aca80eb7e6a;7081;GLMP-691A89F687;Falkensee;Brandenburg;SPD;spd;2024.0;Kommunalwahlprogramm Gemeinde;Gemeinde;Hauptkorpus: kommunales Wahlprogramm der Gemeinde;manifestos/Falkensee_SPD_2024.txt
main;Forst (Lausitz)_CDU_2024.txt;5466804ced544191a670f21cd0bec94fe1d2beca9b9b2bf6aa13f737869185b2;17091;GLMP-D43FEBE777;Forst (Lausitz);Brandenburg;CDU;cdu;2024.0;anderes kommunales Wahlprogramm;Landkreis und Gemeinden;Dokument in Zusatzordner klassifiziert;manifestos/Forst (Lausitz)_CDU_2024.txt
main;Forst (Lausitz)_FDP_2024.txt;1b9453fbc55ede8a56e46f1fd23d90ced5cf4c101364fab063945ba0c348ba1b;25112;GLMP-022C052DFE;Forst (Lausitz);Brandenburg;FDP;fdp;2024.0;anderes kommunales Wahlprogramm;Landkreis und Gemeinden;Dokument in Zusatzordner klassifiziert;manifestos/Forst (Lausitz)_FDP_2024.txt
main;Forst (Lausitz)_Grüne_2024.txt;30f80d4df344505bbc4eded48f673305f085420ee760dbf721ce07141649c9a9;6771;GLMP-4CE91AF7C0;Forst (Lausitz);Brandenburg;Grüne;gru;2024.0;Kommunalwahlprogramm Gemeinde;Gemeinde;Hauptkorpus: kommunales Wahlprogramm der Gemeinde;manifestos/Forst (Lausitz)_Grüne_2024.txt
main;Forst (Lausitz)_Linke_2024.txt;1de2836d7158cc2fd2b32ed55e2e229e5c8a9585fa6cf0a2d19ba47068904465;39483;GLMP-97864C8C38;Forst (Lausitz);Brandenburg;Linke;;2024.0;anderes kommunales Wahlprogramm;Landkreis;Dokument in Zusatzordner klassifiziert;manifestos/Forst (Lausitz)_Linke_2024.txt
main;Forst (Lausitz)_SPD_2024.txt;bf4023a9f4b5d75232dd6184a34b54294c2aa8747421a83248d75d23864f566f;20491;GLMP-BC5232780E;Forst (Lausitz);Brandenburg;SPD;spd;2024.0;Kommunalwahlprogramm Gemeinde;Gemeinde;Hauptkorpus: kommunales Wahlprogramm der Gemeinde;manifestos/Forst (Lausitz)_SPD_2024.txt
main;Frankenblick_AfD-AfF_2024.txt;da58ba08396ab413c67190505d6860bfd3b64ad707a75de9f5bc300aeb9c6efc;2371;GLMP-89BAF890E2;Frankenblick;Thüringen;AfD-AfF;;2024.0;anderes kommunales Wahlprogramm;Landkreis;Dokument in Zusatzordner klassifiziert;manifestos/Frankenblick_AfD-AfF_2024.txt
main;Frankenblick_CDU_2024.txt;9642e808c7fc112ac8e91b80743b25ec11437e29d62b7272741e5a161487c7e9;1791;GLMP-D6B1B17DD3;Frankenblick;Thüringen;CDU;cdu;2024.0;Kommunalwahlprogramm Gemeinde;Gemeinde;Hauptkorpus: kommunales Wahlprogramm der Gemeinde;manifestos/Frankenblick_CDU_2024.txt
main;Frankenblick_SPD_2024.txt;7c00dd376b15042d566bc98cd1d98cc173edabbc721b787a5d0524b33f664dd6;1313;GLMP-0A5A112EBC;Frankenblick;Thüringen;SPD;spd;2024.0;Kommunalwahlprogramm Gemeinde;Gemeinde;Hauptkorpus: kommunales Wahlprogramm der Gemeinde;manifestos/Frankenblick_SPD_2024.txt
main;Frankfurt (Oder)_AfD_2024.txt;558a9361c29781d7c2753decd95599578716b6aa2531f1279605de74c4611014;13328;GLMP-79A37FBF3A;Frankfurt (Oder);Brandenburg;AfD;;2024.0;Kommunalwahlprogramm Gemeinde;Gemeinde;Hauptkorpus: kommunales Wahlprogramm der Gemeinde;manifestos/Frankfurt (Oder)_AfD_2024.txt
main;Frankfurt (Oder)_CDU_2024.txt;b3e534c0a9a48c85859eeb7361e477d27cd34274dc66cf533175490cc8ab8c8e;10929;GLMP-7787E623B7;Frankfurt (Oder);Brandenburg;CDU;cdu;2024.0;Kommunalwahlprogramm Gemeinde;Gemeinde;Hauptkorpus: kommunales Wahlprogramm der Gemeinde;manifestos/Frankfurt (Oder)_CDU_2024.txt
main;Frankfurt (Oder)_Die Partei_2024.txt;3fa4bcf3eb7b44999c7b918f22dfd23072c652e77f45be882ddf5de6b7ce2e63;9179;GLMP-3826AD6087;Frankfurt (Oder);Brandenburg;Die Partei;par;2024.0;Kommunalwahlprogramm Gemeinde;Gemeinde;Hauptkorpus: kommunales Wahlprogramm der Gemeinde;manifestos/Frankfurt (Oder)_Die Partei_2024.txt
main;Frankfurt (Oder)_FDP_2024.txt;53bbb5d96579eeefac23189dbca242b363cab69f7be361bb2c14385cc5c40e8e;30103;GLMP-98908814ED;Frankfurt (Oder);Brandenburg;FDP;fdp;2024.0;Kommunalwahlprogramm Gemeinde;Gemeinde;Hauptkorpus: kommunales Wahlprogramm der Gemeinde;manifestos/Frankfurt (Oder)_FDP_2024.txt
main;Frankfurt (Oder)_FWG_2024.txt;732be58aae39856881affd9a1755a3e772f46c3e36ad5be2418568fc757259dc;13171;GLMP-7CD15D7251;Frankfurt (Oder);Brandenburg;FWG;;2024.0;Kommunalwahlprogramm Gemeinde;Gemeinde;Hauptkorpus: kommunales Wahlprogramm der Gemeinde;manifestos/Frankfurt (Oder)_FWG_2024.txt
main;Frankfurt (Oder)_Grüne_2024.txt;1fbf07eb12a0fce9a12c890606e2ff67cae368a6cc2f9c2f590043abcdb8c426;30348;GLMP-97E91D4E6D;Frankfurt (Oder);Brandenburg;Grüne;gru;2024.0;Kommunalwahlprogramm Gemeinde;Gemeinde;Hauptkorpus: kommunales Wahlprogramm der Gemeinde;manifestos/Frankfurt (Oder)_Grüne_2024.txt
main;Frankfurt (Oder)_Linke_2024.txt;157e8b0ffa839bfab243dc72406def9d7210f7f076d58a262524391dbc3d1653;23519;GLMP-A536CE29B0;Frankfurt (Oder);Brandenburg;Linke;;2024.0;Kommunalwahlprogramm Gemeinde;Gemeinde;Hauptkorpus: kommunales Wahlprogramm der Gemeinde;manifestos/Frankfurt (Oder)_Linke_2024.txt
main;Frankfurt (Oder)_SPD_2024.txt;7111de5c38f1acf098e35467737258fd1e6f703cc8dc5d9e634fc033c5e151e2;14415;GLMP-9D4EC3799D;Frankfurt (Oder);Brandenburg;SPD;spd;2024.0;Kommunalwahlprogramm Gemeinde;Gemeinde;Hauptkorpus: kommunales Wahlprogramm der Gemeinde;manifestos/Frankfurt (Oder)_SPD_2024.txt
main;Fredersdorf-Vogelsdorf_Grüne_2024.txt;c2aafd2d08f67ff81ee0798707ee3cf8c162b38636187b9cdc9d154bc49ed5a5;39954;GLMP-6D618F4C8F;Fredersdorf-Vogelsdorf;Brandenburg;Grüne;gru;2024.0;anderes kommunales Wahlprogramm;Landkreis;Dokument in Zusatzordner klassifiziert;manifestos/Fredersdorf-Vogelsdorf_Grüne_2024.txt
main;Fredersdorf-Vogelsdorf_SPD_2024.txt;a0e36aea7f6cc4b1d5c2d181c44ea550eab9cfa996c19f580b9ac816dd394eb3;3485;GLMP-866933C7D0;Fredersdorf-Vogelsdorf;Brandenburg;SPD;spd;2024.0;Kommunalwahlprogramm Gemeinde;Gemeinde;Hauptkorpus: kommunales Wahlprogramm der Gemeinde;manifestos/Fredersdorf-Vogelsdorf_SPD_2024.txt
main;Freiberg_Grüne_2024.txt;31b1355767661131f3e9a288b78a73dd03ff224be386fc98650c85d3c6993cc3;7457;GLMP-C84777AC54;Freiberg;Sachsen;Grüne;gru;2024.0;Kommunalwahlprogramm Gemeinde;Gemeinde;Hauptkorpus: kommunales Wahlprogramm der Gemeinde;manifestos/Freiberg_Grüne_2024.txt
main;Freiberg_SPD_2024.txt;7493a0bddc29035f405b89dcc952d18f7e97a2b7566ce9144b0bceea968fff79;8619;GLMP-DC9F1268CC;Freiberg;Sachsen;SPD;spd;2024.0;Kommunalwahlprogramm Gemeinde;Gemeinde;Hauptkorpus: kommunales Wahlprogramm der Gemeinde;manifestos/Freiberg_SPD_2024.txt
main;Freiburg im Breisgau_AfD_2024.txt;ad6acc236e9ed350e88f175c95e31e06b41ef7cf6f176bc6b686866838aa6d2c;9107;GLMP-CFB0059290;Freiburg im Breisgau;Baden-Württemberg;AfD;;2024.0;Kommunalwahlprogramm Gemeinde;Gemeinde;Hauptkorpus: kommunales Wahlprogramm der Gemeinde;manifestos/Freiburg im Breisgau_AfD_2024.txt
main;Freiburg im Breisgau_Bürger für Freiburg_2024.txt;d1568ef695ff758cb5de052af1c8271718124a104a70a14f96948c3a6879e9a1;11045;GLMP-C020068FE0;Freiburg im Breisgau;Baden-Württemberg;Bürger für Freiburg;;2024.0;Kommunalwahlprogramm Gemeinde;Gemeinde;Hauptkorpus: kommunales Wahlprogramm der Gemeinde;manifestos/Freiburg im Breisgau_Bürger für Freiburg_2024.txt
main;Freiburg im Breisgau_CDU_2024.txt;fb5a96a9aeef17bda35e23b733562ea7d0fc4328379b92ff8a11996797aaf016;65743;GLMP-EFA518A79F;Freiburg im Breisgau;Baden-Württemberg;CDU;cdu;2024.0;Kommunalwahlprogramm Gemeinde;Gemeinde;Hauptkorpus: kommunales Wahlprogramm der Gemeinde;manifestos/Freiburg im Breisgau_CDU_2024.txt
main;Freiburg im Breisgau_Die Partei_2024.txt;96ef67c20097568d957240e80ceee1e792b03bf2f9dbdd1ffc020d90c5ca2f53;4358;GLMP-755205E925;Freiburg im Breisgau;Baden-Württemberg;Die Partei;par;2024.0;Kommunalwahlprogramm Gemeinde;Gemeinde;Hauptkorpus: kommunales Wahlprogramm der Gemeinde;manifestos/Freiburg im Breisgau_Die Partei_2024.txt
main;Freiburg im Breisgau_FDP_2024 .txt;b205d5ba54c093016debd677722aab7455d7c1b0d79d946abfd3ad0d3410aa16;99524;GLMP-7E2FF517A4;Freiburg im Breisgau;Baden-Württemberg;FDP;fdp;2024.0;Kommunalwahlprogramm Gemeinde;Gemeinde;Hauptkorpus: kommunales Wahlprogramm der Gemeinde;manifestos/Freiburg im Breisgau_FDP_2024 .txt
main;Freiburg im Breisgau_FWG_2024.txt;9f6df9d2feaebc3ab5386551a5f0e3dd9baa1fc0f5c30e78d7461732f7d172d7;17314;GLMP-CAFE90FA06;Freiburg im Breisgau;Baden-Württemberg;FWG;;2024.0;Kommunalwahlprogramm Gemeinde;Gemeinde;Hauptkorpus: kommunales Wahlprogramm der Gemeinde;manifestos/Freiburg im Breisgau_FWG_2024.txt
main;Freiburg im Breisgau_Freiburg Lebenswert_2024.txt;596d0694a611b212a9f8f3876d6c68e1032cfb30867152c878b20d3cb8464e54;10816;GLMP-F0654D48D7;Freiburg im Breisgau;Baden-Württemberg;Freiburg Lebenswert;frl;2024.0;Kommunalwahlprogramm Gemeinde;Gemeinde;Hauptkorpus: kommunales Wahlprogramm der Gemeinde;manifestos/Freiburg im Breisgau_Freiburg Lebenswert_2024.txt
main;Freiburg im Breisgau_Grüne_2024.txt;9b381556b3dc5d2c024c72f496f6d6beacacc151c1e3ba79a5cc281d484bb437;120388;GLMP-8C1880AD5C;Freiburg im Breisgau;Baden-Württemberg;Grüne;gru;2024.0;Kommunalwahlprogramm Gemeinde;Gemeinde;Hauptkorpus: kommunales Wahlprogramm der Gemeinde;manifestos/Freiburg im Breisgau_Grüne_2024.txt
main;Freiburg im Breisgau_Grüne Alternative Freiburg_2024.txt;bc0ace78dd896f9ec380e03c6f497aeec8ec9b4d75838ba87bf2d2327eebacdb;69413;GLMP-918FB29C92;Freiburg im Breisgau;Baden-Württemberg;Grüne Alternative Freiburg;;2024.0;Kommunalwahlprogramm Gemeinde;Gemeinde;Hauptkorpus: kommunales Wahlprogramm der Gemeinde;manifestos/Freiburg im Breisgau_Grüne Alternative Freiburg_2024.txt
main;Freiburg im Breisgau_Junges Freiburg_2024.txt;084ae642048cdf766c37071f1ffb8ca54ec47e277f90c72d35f2939230874afd;37376;GLMP-CFA203F68E;Freiburg im Breisgau;Baden-Württemberg;Junges Freiburg;juf;2024.0;Kommunalwahlprogramm Gemeinde;Gemeinde;Hauptkorpus: kommunales Wahlprogramm der Gemeinde;manifestos/Freiburg im Breisgau_Junges Freiburg_2024.txt
main;Freiburg im Breisgau_Linke_2024.txt;f5454699dda8ec2ae5f90282ccfccd53cf69b085cc6d98b85283b9cd9aa2dc9e;45999;GLMP-1D1EC8119C;Freiburg im Breisgau;Baden-Württemberg;Linke;;2024.0;Kommunalwahlprogramm Gemeinde;Gemeinde;Hauptkorpus: kommunales Wahlprogramm der Gemeinde;manifestos/Freiburg im Breisgau_Linke_2024.txt
main;Freiburg im Breisgau_Liste Teilhabe und Inklusion_2024.txt;b559af3b9673df86bff2aa503ccdcf26c7d5bb16ed9a19061be1506d984b65de;8274;GLMP-EC687DF8D1;Freiburg im Breisgau;Baden-Württemberg;Liste Teilhabe und Inklusion;;2024.0;Kommunalwahlprogramm Gemeinde;Gemeinde;Hauptkorpus: kommunales Wahlprogramm der Gemeinde;manifestos/Freiburg im Breisgau_Liste Teilhabe und Inklusion_2024.txt
main;Freiburg im Breisgau_SPD_2024 .txt;8df3746e21a3495be59b4fbdabde41d4a7d76f76fe05aa365b97d435896847be;22556;GLMP-2A1FD44FBF;Freiburg im Breisgau;Baden-Württemberg;SPD;spd;2024.0;Kommunalwahlprogramm Gemeinde;Gemeinde;Hauptkorpus: kommunales Wahlprogramm der Gemeinde;manifestos/Freiburg im Breisgau_SPD_2024 .txt
main;Freiburg im Breisgau_Unabhängige Frauen Freiburg_2024.txt;19e33639c961c4f295ba973156417acf4dcce3751bfa62c242d999449f4cc9b1;3436;GLMP-9807FE6E7C;Freiburg im Breisgau;Baden-Württemberg;Unabhängige Frauen Freiburg;uff;2024.0;Kommunalwahlprogramm Gemeinde;Gemeinde;Hauptkorpus: kommunales Wahlprogramm der Gemeinde;manifestos/Freiburg im Breisgau_Unabhängige Frauen Freiburg_2024.txt
main;Freiburg im Breisgau_Urbanes Freiburg_2024.txt;8c365b590d7875c0392b3956f7a3901d0dd5f6e0fd789a7e9be8606ec463febf;40924;GLMP-D97896750E;Freiburg im Breisgau;Baden-Württemberg;Urbanes Freiburg;;2024.0;Kommunalwahlprogramm Gemeinde;Gemeinde;Hauptkorpus: kommunales Wahlprogramm der Gemeinde;manifestos/Freiburg im Breisgau_Urbanes Freiburg_2024.txt
main;Freiburg im Breisgau_Volt_2024.txt;d522a89f581bbad5e1338b7ac1dcfed0656dff2ee4a05ab6e578a3fae330ca5d;202333;GLMP-08338B3873;Freiburg im Breisgau;Baden-Württemberg;Volt;vlt;2024.0;Kommunalwahlprogramm Gemeinde;Gemeinde;Hauptkorpus: kommunales Wahlprogramm der Gemeinde;manifestos/Freiburg im Breisgau_Volt_2024.txt
main;Friedrichshafen_AfD_2024.txt;89c4e0ea91ff88ee5a74da042f213af860ce100b9ec3c9655b5b6d9ff699b716;28145;GLMP-D354949F7C;Friedrichshafen;Baden-Württemberg;AfD;;2024.0;anderes kommunales Wahlprogramm;Landkreis und Gemeinden;Dokument in Zusatzordner klassifiziert;manifestos/Friedrichshafen_AfD_2024.txt
main;Friedrichshafen_CDU_2024.txt;c8647703ae88ef65a1b749e8e5651cdcec8919590d97434296436acf497f6487;4036;GLMP-AB3BEEFE4E;Friedrichshafen;Baden-Württemberg;CDU;cdu;2024.0;Kommunalwahlprogramm Gemeinde;Gemeinde;Hauptkorpus: kommunales Wahlprogramm der Gemeinde;manifestos/Friedrichshafen_CDU_2024.txt
main;Friedrichshafen_FDP_2024.txt;4d03bbc8eb7857f8e193ec1fb04916f59025ca75d9e7ef0e15d58cb0ad50ce04;40651;GLMP-DE284315FA;Friedrichshafen;Baden-Württemberg;FDP;fdp;2024.0;Kommunalwahlprogramm Gemeinde;Gemeinde;Hauptkorpus: kommunales Wahlprogramm der Gemeinde;manifestos/Friedrichshafen_FDP_2024.txt
main;Friedrichshafen_FWG_2024.txt;b2a575b8416d78d1f2554f1c72b19e97d8a423659b4fe52cef2679ad025a0e6b;4424;GLMP-EFD41574D3;Friedrichshafen;Baden-Württemberg;FWG;;2024.0;anderes kommunales Wahlprogramm;Landkreis und Gemeinden;Dokument in Zusatzordner klassifiziert;manifestos/Friedrichshafen_FWG_2024.txt
main;Friedrichshafen_Grüne_2024.txt;56bdaaa12edee61cbeec7646e1fb47ded2f68be178f5e2f75ed3cdd8f778cb17;29041;GLMP-124F610215;Friedrichshafen;Baden-Württemberg;Grüne;gru;2024.0;Kommunalwahlprogramm Gemeinde;Gemeinde;Hauptkorpus: kommunales Wahlprogramm der Gemeinde;manifestos/Friedrichshafen_Grüne_2024.txt
main;Friedrichshafen_Linke_2024.txt;432ffd3eaa017aed77796f154013c102bed6daba7d922d08d9ba1ba1c01cf994;76441;GLMP-85A48770C9;Friedrichshafen;Baden-Württemberg;Linke;;2024.0;anderes kommunales Wahlprogramm;Landkreis und Gemeinden;Dokument in Zusatzordner klassifiziert;manifestos/Friedrichshafen_Linke_2024.txt
main;Friedrichshafen_Netzwerk für Friedrichshafen_2024.txt;9c666ad177f1b96e4daac16cd860b7f3a81855e7df34675c93d5c771d7b1396e;51066;GLMP-5AE1B7DA6D;Friedrichshafen;Baden-Württemberg;Netzwerk für Friedrichshafen;;2024.0;Kommunalwahlprogramm Gemeinde;Gemeinde;Hauptkorpus: kommunales Wahlprogramm der Gemeinde;manifestos/Friedrichshafen_Netzwerk für Friedrichshafen_2024.txt
main;Friedrichshafen_SPD_2024.txt;6892a35f589f30631479a12812a6c0672300fb687239148c684212d3d7b9b579;38273;GLMP-41FD12E299;Friedrichshafen;Baden-Württemberg;SPD;spd;2024.0;Kommunalwahlprogramm Gemeinde;Gemeinde;Hauptkorpus: kommunales Wahlprogramm der Gemeinde;manifestos/Friedrichshafen_SPD_2024.txt
main;Friedrichshafen_ÖDP_2024.txt;6c8acbf6989857b5c03ba79ed684803936da71f568f4e1bfd5e6c2ba57d991ca;4148;GLMP-79AE137829;Friedrichshafen;Baden-Württemberg;ÖDP;;2024.0;Kommunalwahlprogramm Gemeinde;Gemeinde;Hauptkorpus: kommunales Wahlprogramm der Gemeinde;manifestos/Friedrichshafen_ÖDP_2024.txt
main;Frohburg_AfD_2024.txt;2568f6d287cb031571e96e4279862632bccb8f1b07d3d089fe3f813cb3137058;17233;GLMP-C5479B6EB4;Frohburg;Sachsen;AfD;;2024.0;anderes kommunales Wahlprogramm;Landkreis und Gemeinden;Dokument in Zusatzordner klassifiziert;manifestos/Frohburg_AfD_2024.txt
main;Frohburg_CDU_2024.txt;31d5e761b9bfe1bd3f01768b0a28148d954f138ec6720ea0744794d25130019b;2114;GLMP-6526B2A1A7;Frohburg;Sachsen;CDU;cdu;2024.0;Kommunalwahlprogramm Gemeinde;Gemeinde;Hauptkorpus: kommunales Wahlprogramm der Gemeinde;manifestos/Frohburg_CDU_2024.txt
main;Frohburg_Linke_2024.txt;0f08ec0b0cdf98b11d39eda8bab20885e3b3b8a18256f2b2acfb768496fb60b9;6620;GLMP-6DA5A15B48;Frohburg;Sachsen;Linke;;2024.0;anderes kommunales Wahlprogramm;Landkreis und Gemeinden;Dokument in Zusatzordner klassifiziert;manifestos/Frohburg_Linke_2024.txt
main;Frohburg_SPD_2024.txt;3ad4f88612a5186ead2626903fe969fa40baaba801e10964b0db5259f1319605;1290;GLMP-73093E9682;Frohburg;Sachsen;SPD;spd;2024.0;Kommunalwahlprogramm Gemeinde;Gemeinde;Hauptkorpus: kommunales Wahlprogramm der Gemeinde;manifestos/Frohburg_SPD_2024.txt
main;Fürstenberg (Havel)_CDU_2024.txt;7ee22ce62ba8b8051a233f2933f5a83d7107a98a1008b1916ceea3da30b81fd5;15351;GLMP-95C9884918;Fürstenberg (Havel);Brandenburg;CDU;cdu;2024.0;Kommunalwahlprogramm Gemeinde;Gemeinde;Hauptkorpus: kommunales Wahlprogramm der Gemeinde;manifestos/Fürstenberg (Havel)_CDU_2024.txt
main;Fürstenberg (Havel)_FDP_2024.txt;81b69e7cca023b4ea02e4365691e7a8a658a44d40f6d2f35ba148072e3c88a65;63859;GLMP-63220D9F24;Fürstenberg (Havel);Brandenburg;FDP;fdp;2024.0;anderes kommunales Wahlprogramm;Land;Dokument in Zusatzordner klassifiziert;manifestos/Fürstenberg (Havel)_FDP_2024.txt
main;Fürstenberg (Havel)_Grüne_2024.txt;abe846cc8970785069ac89bbc61eba4e62bb4616f646811131cc2e34de8fc1e8;12486;GLMP-C108879041;Fürstenberg (Havel);Brandenburg;Grüne;gru;2024.0;Kommunalwahlprogramm Gemeinde;Gemeinde;Hauptkorpus: kommunales Wahlprogramm der Gemeinde;manifestos/Fürstenberg (Havel)_Grüne_2024.txt
main;Fürstenberg (Havel)_Linke_2024.txt;4cb2346a5b35527448a1745688f672f02759027c9da30506bdb8158e1fa0f0ec;13121;GLMP-B89029CD1B;Fürstenberg (Havel);Brandenburg;Linke;;2024.0;Kommunalwahlprogramm Gemeinde;Gemeinde;Hauptkorpus: kommunales Wahlprogramm der Gemeinde;manifestos/Fürstenberg (Havel)_Linke_2024.txt
main;Fürstenberg (Havel)_SPD_2024.txt;a120e6236e396fd176ae9d2e0ffdbe4deb5bcbf7b55cd3b5bd9764170642754a;30196;GLMP-DC129C7532;Fürstenberg (Havel);Brandenburg;SPD;spd;2024.0;anderes kommunales Wahlprogramm;Land;Dokument in Zusatzordner klassifiziert;manifestos/Fürstenberg (Havel)_SPD_2024.txt
main;Gadebusch_Gadebuscher Bürgergemeinschaft GBG_2024.txt;c4e831f3555ec60ae7af15bb0afb481ac376431f22906d61c852cef1c408a661;848;GLMP-1C9D6DD601;Gadebusch;Mecklenburg-Vorpommern;Gadebuscher Bürgergemeinschaft GBG;;2024.0;Kommunalwahlprogramm Gemeinde;Gemeinde;Hauptkorpus: kommunales Wahlprogramm der Gemeinde;manifestos/Gadebusch_Gadebuscher Bürgergemeinschaft GBG_2024.txt
main;Georgenthal_SPD_2024.txt;20ace14bbe71cab5e9e91f86d6cded335d2acbedb30e3476786e31d9428fcd1c;2577;GLMP-6A0D0FD1BC;Georgenthal;Thüringen;SPD;spd;2024.0;Kommunalwahlprogramm Gemeinde;Gemeinde;Hauptkorpus: kommunales Wahlprogramm der Gemeinde;manifestos/Georgenthal_SPD_2024.txt
main;Gera_CDU_2024.txt;febd8d8bf687173c890f8608f757747ba02ef1a1ebdb921024446cfc2abcf8de;47082;GLMP-0AB53F8209;Gera;Thüringen;CDU;cdu;2024.0;Kommunalwahlprogramm Gemeinde;Gemeinde;Hauptkorpus: kommunales Wahlprogramm der Gemeinde;manifestos/Gera_CDU_2024.txt
main;Gera_Grüne_2024.txt;5d93be86f01d2a3efce4989cf0bfab8c522cbe2ec7670078c8bf841e511f3c79;42786;GLMP-8233529473;Gera;Thüringen;Grüne;gru;2024.0;Kommunalwahlprogramm Gemeinde;Gemeinde;Hauptkorpus: kommunales Wahlprogramm der Gemeinde;manifestos/Gera_Grüne_2024.txt
main;Gera_Linke_2024.txt;2a61fe402490d234ab70049caa990536b90667794a79c2618711acb7e6a9ba24;34885;GLMP-51929EC7A9;Gera;Thüringen;Linke;;2024.0;Kommunalwahlprogramm Gemeinde;Gemeinde;Hauptkorpus: kommunales Wahlprogramm der Gemeinde;manifestos/Gera_Linke_2024.txt
main;Gera_SPD_2024.txt;14f950967f7bdded14b3a7236fdd7f7a2233514da61aacdbe1707965c9b0d3e0;34778;GLMP-A972669990;Gera;Thüringen;SPD;spd;2024.0;Kommunalwahlprogramm Gemeinde;Gemeinde;Hauptkorpus: kommunales Wahlprogramm der Gemeinde;manifestos/Gera_SPD_2024.txt
main;Gommern_SPD_2024.txt;58b40e92f3039197d7db8b669914bbc79b08151009c1d7849821ac52fdf696d0;3444;GLMP-12592C8A5D;Gommern;Sachsen-Anhalt;SPD;spd;2024.0;Kommunalwahlprogramm Gemeinde;Gemeinde;Hauptkorpus: kommunales Wahlprogramm der Gemeinde;manifestos/Gommern_SPD_2024.txt
main;Grabow_CDU_2024 .txt;9db98a1296d8d0497cd07f1218a2c0d62184b5b5c7ad4d1289d65c6f68f4fadf;56082;GLMP-A4F7F39E48;Grabow;Mecklenburg-Vorpommern;CDU;cdu;2024.0;anderes kommunales Wahlprogramm;Landkreis und Gemeinden;Dokument in Zusatzordner klassifiziert;manifestos/Grabow_CDU_2024 .txt
main;Grabow_FWG_2024.txt;ce011079d73441d68ef7be7e8f145df7ad6c4d7d0e4feec485de3643f8635a4c;2064;GLMP-AAF7498433;Grabow;Mecklenburg-Vorpommern;FWG;;2024.0;Kommunalwahlprogramm Gemeinde;Gemeinde;Hauptkorpus: kommunales Wahlprogramm der Gemeinde;manifestos/Grabow_FWG_2024.txt
main;Grabow_SPD_2024.txt;bb61fa93ce5b5a4b23157e7c9b62dae1f59817a95b051d4704e57367fdd30188;39655;GLMP-5BB1C96554;Grabow;Mecklenburg-Vorpommern;SPD;spd;2024.0;anderes kommunales Wahlprogramm;Landkreis und Gemeinden;Dokument in Zusatzordner klassifiziert;manifestos/Grabow_SPD_2024.txt
main;Greifswald_AfD_2024.txt;fbf0a972b23276de47f34ec423e0c1c85ad2bf2fcb7b93d9060f2286963f5177;45895;GLMP-2865F1C630;Greifswald;Mecklenburg-Vorpommern;AfD;;2024.0;anderes kommunales Wahlprogramm;Landkreis;Dokument in Zusatzordner klassifiziert;manifestos/Greifswald_AfD_2024.txt
main;Greifswald_Allianz der Bürgerlichen Mitte (ADBM)_2024.txt;b76fcfadb0fccda25103047b3c946082b97d16241c64bd62de8b3417d7d46acb;6058;GLMP-C784D98776;Greifswald;Mecklenburg-Vorpommern;Allianz der Bürgerlichen Mitte (ADBM);;2024.0;Kommunalwahlprogramm Gemeinde;Gemeinde;Hauptkorpus: kommunales Wahlprogramm der Gemeinde;manifestos/Greifswald_Allianz der Bürgerlichen Mitte (ADBM)_2024.txt
main;Greifswald_Alternative Liste_2024.txt;04b3726481965d2bdbcab0bad2a7160ca63b9caabe8fb8f369b25bb41deac3d5;23247;GLMP-A74E876584;Greifswald;Mecklenburg-Vorpommern;Alternative Liste;;2024.0;Kommunalwahlprogramm Gemeinde;Gemeinde;Hauptkorpus: kommunales Wahlprogramm der Gemeinde;manifestos/Greifswald_Alternative Liste_2024.txt
main;Greifswald_Bürgerliste Greifswald_2024.txt;cd701f2edb4454855537283b91fd4b6617071d6becb0b51331547cd543c42b42;18342;GLMP-3945B24C13;Greifswald;Mecklenburg-Vorpommern;Bürgerliste Greifswald;;2024.0;Kommunalwahlprogramm Gemeinde;Gemeinde;Hauptkorpus: kommunales Wahlprogramm der Gemeinde;manifestos/Greifswald_Bürgerliste Greifswald_2024.txt
main;Greifswald_CDU_2024.txt;13edb41db2b8ffe913a41aba688582a4770206d6699ea0dac8db2f6a79096c52;5100;GLMP-D7060BA8BE;Greifswald;Mecklenburg-Vorpommern;CDU;cdu;2024.0;Kommunalwahlprogramm Gemeinde;Gemeinde;Hauptkorpus: kommunales Wahlprogramm der Gemeinde;manifestos/Greifswald_CDU_2024.txt
main;Greifswald_Die Partei_2024.txt;e08c9186bad0206ecf5b61a199b755a7d479b06d2a6bcc956cebc64182c666c2;3092;GLMP-B36B165669;Greifswald;Mecklenburg-Vorpommern;Die Partei;par;2024.0;Kommunalwahlprogramm Gemeinde;Gemeinde;Hauptkorpus: kommunales Wahlprogramm der Gemeinde;manifestos/Greifswald_Die Partei_2024.txt
main;Greifswald_FDP_2024.txt;1ea89970577fc6c7c0aefb0c1559cccc1a77694cdb89338261f522ffa0fb4e7c;7628;GLMP-B1AFC5ECD0;Greifswald;Mecklenburg-Vorpommern;FDP;fdp;2024.0;Kommunalwahlprogramm Gemeinde;Gemeinde;Hauptkorpus: kommunales Wahlprogramm der Gemeinde;manifestos/Greifswald_FDP_2024.txt
main;Greifswald_Grüne_2024.txt;a10d3cb6f46b8f4f75d805cac2ec7259852826fd4ddb7a835bd87128e455c01e;55070;GLMP-636A46EBA7;Greifswald;Mecklenburg-Vorpommern;Grüne;gru;2024.0;Kommunalwahlprogramm Gemeinde;Gemeinde;Hauptkorpus: kommunales Wahlprogramm der Gemeinde;manifestos/Greifswald_Grüne_2024.txt
main;Greifswald_Initative Bürgerentscheid_2024.txt;629d78d9471ff671d08a82515219761aac5fad0b0e4092e1ba48321725a89694;1204;GLMP-BDB82CF95F;Greifswald;Mecklenburg-Vorpommern;Initative Bürgerentscheid;;2024.0;Kommunalwahlprogramm Gemeinde;Gemeinde;Hauptkorpus: kommunales Wahlprogramm der Gemeinde;manifestos/Greifswald_Initative Bürgerentscheid_2024.txt
main;Greifswald_Linke_2024.txt;3118695cb0f06d902c9c9396c231f359ac21f9b65b05af39cf20e5010ca6b8db;47519;GLMP-CF61FC581B;Greifswald;Mecklenburg-Vorpommern;Linke;;2024.0;Kommunalwahlprogramm Gemeinde;Gemeinde;Hauptkorpus: kommunales Wahlprogramm der Gemeinde;manifestos/Greifswald_Linke_2024.txt
main;Greifswald_SPD_2024.txt;e755ca96034da55eb02fb8721d5d29fb6810cbae96f25a1cdbb1c2736f94ec1d;37604;GLMP-209037054B;Greifswald;Mecklenburg-Vorpommern;SPD;spd;2024.0;Kommunalwahlprogramm Gemeinde;Gemeinde;Hauptkorpus: kommunales Wahlprogramm der Gemeinde;manifestos/Greifswald_SPD_2024.txt
main;Greifswald_Tierschutzpartei_2024.txt;5e7a676e0c4bf6becb9d359b9aecedc963636f281978846917e7d17c11c05bc1;3512;GLMP-9898FDEB79;Greifswald;Mecklenburg-Vorpommern;Tierschutzpartei;tsp;2024.0;Kommunalwahlprogramm Gemeinde;Gemeinde;Hauptkorpus: kommunales Wahlprogramm der Gemeinde;manifestos/Greifswald_Tierschutzpartei_2024.txt
main;Greifswald_Volt_2024.txt;3889053c37d7de5d2ba00f47d6a07f574a7e9c70d4b885ec3edb82715b0be6cd;111559;GLMP-3D775C1553;Greifswald;Mecklenburg-Vorpommern;Volt;vlt;2024.0;Kommunalwahlprogramm Gemeinde;Gemeinde;Hauptkorpus: kommunales Wahlprogramm der Gemeinde;manifestos/Greifswald_Volt_2024.txt
main;Grimmen_CDU_2024.txt;8c8dce258ff9d4ecb35ac59c24ab14dfe0971ba39a0d698d6d244dda7898ce1b;11538;GLMP-C2F31F21BF;Grimmen;Mecklenburg-Vorpommern;CDU;cdu;2024.0;anderes kommunales Wahlprogramm;Landkreis und Gemeinden;Dokument in Zusatzordner klassifiziert;manifestos/Grimmen_CDU_2024.txt
main;Grimmen_Linke_2024.txt;d9dca520f4e14f1f33c1d41fd1c3bb92e056849c2b9d87eeb0b8db98028d80ee;529;GLMP-C5E45724FF;Grimmen;Mecklenburg-Vorpommern;Linke;;2024.0;Kommunalwahlprogramm Gemeinde;Gemeinde;Hauptkorpus: kommunales Wahlprogramm der Gemeinde;manifestos/Grimmen_Linke_2024.txt
main;Großräschen_SPD_2024.txt;6ac3fe0e7a1dc30436ad1f8c4fb6993cd46733b8c7dd820dd54d18e3a858f4e6;4792;GLMP-7120788D2F;Großräschen;Brandenburg;SPD;spd;2024.0;Kommunalwahlprogramm Gemeinde;Gemeinde;Hauptkorpus: kommunales Wahlprogramm der Gemeinde;manifestos/Großräschen_SPD_2024.txt
main;Großröhrsdorf_BFD_2024.txt;282cd9032a33134c8432b1a4d90ffc4a9cb2a11a6203a9467902e0bb7f4ca18c;1845;GLMP-E8228513E7;Großröhrsdorf;Sachsen;BFD;;2024.0;Kommunalwahlprogramm Gemeinde;Gemeinde;Hauptkorpus: kommunales Wahlprogramm der Gemeinde;manifestos/Großröhrsdorf_BFD_2024.txt
main;Großröhrsdorf_CDU_2024.txt;78dbe16b1c491b1cd765f78b601882d03aa08c26aa9176f07b9ef74dedc1ca49;4409;GLMP-91B92A49CD;Großröhrsdorf;Sachsen;CDU;cdu;2024.0;Kommunalwahlprogramm Gemeinde;Gemeinde;Hauptkorpus: kommunales Wahlprogramm der Gemeinde;manifestos/Großröhrsdorf_CDU_2024.txt
main;Großröhrsdorf_FWG_2024.txt;9827a0eb623e01c70e124d2b3c2c7190dfee312e658198cfefa1ba4eb637039f;1958;GLMP-80286A8579;Großröhrsdorf;Sachsen;FWG;;2024.0;Kommunalwahlprogramm Gemeinde;Gemeinde;Hauptkorpus: kommunales Wahlprogramm der Gemeinde;manifestos/Großröhrsdorf_FWG_2024.txt
main;Großröhrsdorf_SPD_2024.txt;9980855cd1d32502462acfcbd6500937387b746af4d8fd9c1c58c60e8ccd1abf;10697;GLMP-10DDBB3E3D;Großröhrsdorf;Sachsen;SPD;spd;2024.0;anderes kommunales Wahlprogramm;Landkreis und Gemeinden;Dokument in Zusatzordner klassifiziert;manifestos/Großröhrsdorf_SPD_2024.txt
main;Göppingen_AfD_2024.txt;118946f3df03af1218e1a694fae5da77a0fde9d3cb78ea02508a945468d14fa4;2881;GLMP-78C32325CF;Göppingen;Baden-Württemberg;AfD;;2024.0;anderes kommunales Wahlprogramm;Landkreis und Gemeinden;Dokument in Zusatzordner klassifiziert;manifestos/Göppingen_AfD_2024.txt
main;Göppingen_CDU_2024.txt;a36a9edf7b0e09245490200966397e3c9f381dc99a726f142ff3198574dab46a;4409;GLMP-EC869BE0A5;Göppingen;Baden-Württemberg;CDU;cdu;2024.0;Kommunalwahlprogramm Gemeinde;Gemeinde;Hauptkorpus: kommunales Wahlprogramm der Gemeinde;manifestos/Göppingen_CDU_2024.txt
main;Göppingen_FWG_2024.txt;2b9f1bc30a9db82570cb2701ebae0cfec82477440c28a4ef7c73126f1696700a;5430;GLMP-26FFAE95E5;Göppingen;Baden-Württemberg;FWG;;2024.0;Kommunalwahlprogramm Gemeinde;Gemeinde;Hauptkorpus: kommunales Wahlprogramm der Gemeinde;manifestos/Göppingen_FWG_2024.txt
main;Göppingen_Grüne_2024.txt;8c5033a95dfea0e91109bbb52d26903ffc5b896a9a4364d3b1bda5de87628d0f;12439;GLMP-3FDB6B0A84;Göppingen;Baden-Württemberg;Grüne;gru;2024.0;Kommunalwahlprogramm Gemeinde;Gemeinde;Hauptkorpus: kommunales Wahlprogramm der Gemeinde;manifestos/Göppingen_Grüne_2024.txt
main;Göppingen_Linke_2024.txt;5fbb2783a9bf01e47ec9577dcfe9bb67ea60a4cadf1c5eb4b77406a7542c0aa9;1602;GLMP-635C42218C;Göppingen;Baden-Württemberg;Linke;;2024.0;Kommunalwahlprogramm Gemeinde;Gemeinde;Hauptkorpus: kommunales Wahlprogramm der Gemeinde;manifestos/Göppingen_Linke_2024.txt
main;Görlitz_AfD_2024.txt;78b8b71920ca6066c83028eabd28a5830f223448d0ba1b6c190423fd20c18dd5;10308;GLMP-1E78AB6858;Görlitz;Sachsen;AfD;;2024.0;Kommunalwahlprogramm Gemeinde;Gemeinde;Hauptkorpus: kommunales Wahlprogramm der Gemeinde;manifestos/Görlitz_AfD_2024.txt
main;Görlitz_CDU_2024.txt;fd95fb5ed1737eede2175a80561b38486aa77616e0fae80b07fcc087afa54c9a;18801;GLMP-E1709EA7FC;Görlitz;Sachsen;CDU;cdu;2024.0;Kommunalwahlprogramm Gemeinde;Gemeinde;Hauptkorpus: kommunales Wahlprogramm der Gemeinde;manifestos/Görlitz_CDU_2024.txt
main;Görlitz_Grüne_2024.txt;3d061a69ce2c310ea7c5e5dc61d2b276ec301cae4c7e9d41c08e2071cf9297ef;19421;GLMP-AF2E138B90;Görlitz;Sachsen;Grüne;gru;2024.0;anderes kommunales Wahlprogramm;Landkreis und Gemeinden;Dokument in Zusatzordner klassifiziert;manifestos/Görlitz_Grüne_2024.txt
main;Görlitz_Linke_2024.txt;37873c951f5f5600a8f3d57b93c0d7b0472c521902ac969e960791df5ef58ef2;24709;GLMP-107AC94417;Görlitz;Sachsen;Linke;;2024.0;anderes kommunales Wahlprogramm;Landkreis;Dokument in Zusatzordner klassifiziert;manifestos/Görlitz_Linke_2024.txt
main;Görlitz_SPD_2024.txt;7062c7375cf017dbacbf591f6b81407bc3e16a7dd08bf087210fe8d48bc888ec;30469;GLMP-E205D907C0;Görlitz;Sachsen;SPD;spd;2024.0;Kommunalwahlprogramm Gemeinde;Gemeinde;Hauptkorpus: kommunales Wahlprogramm der Gemeinde;manifestos/Görlitz_SPD_2024.txt
main;Güstrow_CDU_2024.txt;7e20e0e7e98f4d37e3ee6ef19b337148bd10e8fc6c2fed8951d7768abae3cc03;6925;GLMP-B60579B1B5;Güstrow;Mecklenburg-Vorpommern;CDU;cdu;2024.0;anderes kommunales Wahlprogramm;Landkreis und Gemeinden;Dokument in Zusatzordner klassifiziert;manifestos/Güstrow_CDU_2024.txt
main;Güstrow_Grüne_2024.txt;2ff6e5a06c770708c7dda92d3c9711aaa354b6ac3a5970d4ce036fb99f1bab44;12273;GLMP-10719C55B2;Güstrow;Mecklenburg-Vorpommern;Grüne;gru;2024.0;anderes kommunales Wahlprogramm;Landkreis und Gemeinden;Dokument in Zusatzordner klassifiziert;manifestos/Güstrow_Grüne_2024.txt
main;Güstrow_Linke_2024.txt;4933172e7e74799a795abfc625d073b30efe4f2357ac8ca152e3ca9cb1095661;3933;GLMP-26BBABB29E;Güstrow;Mecklenburg-Vorpommern;Linke;;2024.0;anderes kommunales Wahlprogramm;Landkreis;Dokument in Zusatzordner klassifiziert;manifestos/Güstrow_Linke_2024.txt
main;Güstrow_SPD_2024.txt;904acce393ad0e3153173ff02f2b39e888f396587cf009cb1283ccab899aa566;33821;GLMP-EEEBEB60C2;Güstrow;Mecklenburg-Vorpommern;SPD;spd;2024.0;anderes kommunales Wahlprogramm;Landkreis und Gemeinden;Dokument in Zusatzordner klassifiziert;manifestos/Güstrow_SPD_2024.txt
main;Hagenow_CDU_2024.txt;6e97cc3357b4aba968d105417173f54ed50042036eae8421fe9dcbb6ff54438d;56976;GLMP-1953DC2449;Hagenow;Mecklenburg-Vorpommern;CDU;cdu;2024.0;anderes kommunales Wahlprogramm;Landkreis und Gemeinden;Dokument in Zusatzordner klassifiziert;manifestos/Hagenow_CDU_2024.txt
main;Hagenow_FDP_2024.txt;450c5d92b2751cdf5b4b7574c5dec0a8947c30a00c7f4aecf2deebe726673d72;2666;GLMP-553314212B;Hagenow;Mecklenburg-Vorpommern;FDP;fdp;2024.0;anderes kommunales Wahlprogramm;Landkreis;Dokument in Zusatzordner klassifiziert;manifestos/Hagenow_FDP_2024.txt
main;Hagenow_Linke_2024.txt;78e7e5c7a48190cb6641e7d321d2f4541c2305bb45d1c5a78409023bb3f9e8d2;13257;GLMP-85E2D0C434;Hagenow;Mecklenburg-Vorpommern;Linke;;2024.0;anderes kommunales Wahlprogramm;Landkreis und Gemeinden;Dokument in Zusatzordner klassifiziert;manifestos/Hagenow_Linke_2024.txt
main;Hagenow_SPD_2024.txt;e9498172a09c72be356f303345a776bef915fccf33c38f269d23c58f92e39011;917;GLMP-26B960610D;Hagenow;Mecklenburg-Vorpommern;SPD;spd;2024.0;Kommunalwahlprogramm Gemeinde;Gemeinde;Hauptkorpus: kommunales Wahlprogramm der Gemeinde;manifestos/Hagenow_SPD_2024.txt
main;Hagenow_VAH_2024.txt;df6ac185ae4e23a80539bf20be3ae49746c94623b8a4dcd4757f9f0d6d860676;3362;GLMP-5F60693E00;Hagenow;Mecklenburg-Vorpommern;VAH;;2024.0;Kommunalwahlprogramm Gemeinde;Gemeinde;Hauptkorpus: kommunales Wahlprogramm der Gemeinde;manifestos/Hagenow_VAH_2024.txt
main;Hainichen_CDU_2024.txt;56b13c541b32c436cd789bdf12a5b599851a8e16dd26b1b3b0870ccfcaace710;1059;GLMP-787C206E24;Hainichen;Sachsen;CDU;cdu;2024.0;Kommunalwahlprogramm Gemeinde;Gemeinde;Hauptkorpus: kommunales Wahlprogramm der Gemeinde;manifestos/Hainichen_CDU_2024.txt
main;Haldensleben_AfD_2024.txt;1628e78a05ede544b9a5c5ca9b27759f843517a6dd7e01d286e661ee846bdeee;29767;GLMP-4E5A9D07A3;Haldensleben;Sachsen-Anhalt;AfD;;2024.0;anderes kommunales Wahlprogramm;Landkreis und Gemeinden;Dokument in Zusatzordner klassifiziert;manifestos/Haldensleben_AfD_2024.txt
main;Haldensleben_BürgerbewegungHDL_2024.txt;e3bff1f0753dbc47e37213e8b885d07c8223a2ba3a0670a0842d15114408cea2;1433;GLMP-1508263BBE;Haldensleben;Sachsen-Anhalt;BürgerbewegungHDL;;2024.0;Kommunalwahlprogramm Gemeinde;Gemeinde;Hauptkorpus: kommunales Wahlprogramm der Gemeinde;manifestos/Haldensleben_BürgerbewegungHDL_2024.txt
main;Haldensleben_CDU_2024.txt;64e15fb33566f094601fd8c84558c6d8bb53948f25c2d34c02b57874e819e68d;13269;GLMP-0DF1DCA519;Haldensleben;Sachsen-Anhalt;CDU;cdu;2024.0;anderes kommunales Wahlprogramm;Landkreis und Gemeinden;Dokument in Zusatzordner klassifiziert;manifestos/Haldensleben_CDU_2024.txt
main;Haldensleben_Grüne_2024.txt;800ff2717019f0a049b8b85ddf732e55ee41a76865c3cbf104d8c9d1e5a55187;2663;GLMP-34E469DA1B;Haldensleben;Sachsen-Anhalt;Grüne;gru;2024.0;Kommunalwahlprogramm Gemeinde;Gemeinde;Hauptkorpus: kommunales Wahlprogramm der Gemeinde;manifestos/Haldensleben_Grüne_2024.txt
main;Halle (Saale)_AfD_2024.txt;897d1e1ce77fdf20d626252a319e9396512acd0fe43056097e88a0f09eb83070;22713;GLMP-7B51A7E0DE;Halle (Saale);Sachsen-Anhalt;AfD;;2024.0;Kommunalwahlprogramm Gemeinde;Gemeinde;Hauptkorpus: kommunales Wahlprogramm der Gemeinde;manifestos/Halle (Saale)_AfD_2024.txt
main;Halle (Saale)_CDU_2024.txt;8961af8ebf4f02845b45c1586058441f39a04fa8005aadad5f7f150877d38e2c;40565;GLMP-E94D8F5CB1;Halle (Saale);Sachsen-Anhalt;CDU;cdu;2024.0;Kommunalwahlprogramm Gemeinde;Gemeinde;Hauptkorpus: kommunales Wahlprogramm der Gemeinde;manifestos/Halle (Saale)_CDU_2024.txt
main;Halle (Saale)_Die Basis_2024.txt;0921b94ecbdeb62bcb3e355b0ae108f95e7bfcc7f67ed3c2005bd1f08bf7e097;11333;GLMP-70793135A6;Halle (Saale);Sachsen-Anhalt;Die Basis;;2024.0;Kommunalwahlprogramm Gemeinde;Gemeinde;Hauptkorpus: kommunales Wahlprogramm der Gemeinde;manifestos/Halle (Saale)_Die Basis_2024.txt
main;Halle (Saale)_Die Partei_2024.txt;c28d0cb6054ca70dde4fe2cd544b76b1574d3965406524b48514c66ab9852263;6999;GLMP-EBEFCBC25C;Halle (Saale);Sachsen-Anhalt;Die Partei;par;2024.0;Kommunalwahlprogramm Gemeinde;Gemeinde;Hauptkorpus: kommunales Wahlprogramm der Gemeinde;manifestos/Halle (Saale)_Die Partei_2024.txt
main;Halle (Saale)_Einzelbewerber_2024.txt;8fb3004321f12ef9aa299d5bf1389661689366cac00f90d6550ecec347700143;2335;GLMP-D2CE44D3DC;Halle (Saale);Sachsen-Anhalt;Einzelbewerber;;2024.0;Kommunalwahlprogramm Gemeinde;Gemeinde;Hauptkorpus: kommunales Wahlprogramm der Gemeinde;manifestos/Halle (Saale)_Einzelbewerber_2024.txt
main;Halle (Saale)_FDP_2024.txt;9442a25b3c4f981c458f65a10a1e21f6abf184f832a59a76370e4e04ff37ca55;27737;GLMP-CBA1BA12B6;Halle (Saale);Sachsen-Anhalt;FDP;fdp;2024.0;Kommunalwahlprogramm Gemeinde;Gemeinde;Hauptkorpus: kommunales Wahlprogramm der Gemeinde;manifestos/Halle (Saale)_FDP_2024.txt
main;Halle (Saale)_FWG_2024.txt;5fc6bc0480b0b206e04c7570a764d6df7772d8e1525c8c329034e9e78b9a461a;27565;GLMP-AB944E37F8;Halle (Saale);Sachsen-Anhalt;FWG;;2024.0;Kommunalwahlprogramm Gemeinde;Gemeinde;Hauptkorpus: kommunales Wahlprogramm der Gemeinde;manifestos/Halle (Saale)_FWG_2024.txt
main;Halle (Saale)_Grüne_2024.txt;a2ea8fdf7bd5cbf59e78020cf2b650131aa85817d98c2c5448b4811f143006ef;40144;GLMP-4EF3F735AE;Halle (Saale);Sachsen-Anhalt;Grüne;gru;2024.0;Kommunalwahlprogramm Gemeinde;Gemeinde;Hauptkorpus: kommunales Wahlprogramm der Gemeinde;manifestos/Halle (Saale)_Grüne_2024.txt
main;Halle (Saale)_Hauptsache Halle_2024.txt;151f8d37c6af4553737e948a5f533a5841bac1fb0fcc9f1125d62f4f0248ebbb;7961;GLMP-228599587C;Halle (Saale);Sachsen-Anhalt;Hauptsache Halle;hsh;2024.0;Kommunalwahlprogramm Gemeinde;Gemeinde;Hauptkorpus: kommunales Wahlprogramm der Gemeinde;manifestos/Halle (Saale)_Hauptsache Halle_2024.txt
main;Halle (Saale)_Linke_2024.txt;314c8c6fe7d1946d14aec9763542f83050d2cba28943dd65469b2cced5d93c15;80415;GLMP-3272B41370;Halle (Saale);Sachsen-Anhalt;Linke;;2024.0;Kommunalwahlprogramm Gemeinde;Gemeinde;Hauptkorpus: kommunales Wahlprogramm der Gemeinde;manifestos/Halle (Saale)_Linke_2024.txt
main;Halle (Saale)_SPD_2024.txt;d7ddb3b82cdce3d5cb1b9ee11ae222166d1047ec2a36d7676fd2985a2864d0c7;52166;GLMP-7EF67E4895;Halle (Saale);Sachsen-Anhalt;SPD;spd;2024.0;Kommunalwahlprogramm Gemeinde;Gemeinde;Hauptkorpus: kommunales Wahlprogramm der Gemeinde;manifestos/Halle (Saale)_SPD_2024.txt
main;Halle (Saale)_Volt_2024.txt;fddca6032aa50e391db83624410b0bae99de016e3292d23ae01763a0b6f70c50;30792;GLMP-909DFBE14F;Halle (Saale);Sachsen-Anhalt;Volt;vlt;2024.0;Kommunalwahlprogramm Gemeinde;Gemeinde;Hauptkorpus: kommunales Wahlprogramm der Gemeinde;manifestos/Halle (Saale)_Volt_2024.txt
main;Haßloch_CDU_2024.txt;f5915e1f687a0980c0678536155c98c185a00b933e44267119c2cd7ee65ea49d;16507;GLMP-3DC1EF274C;Haßloch;Rheinland-Pfalz;CDU;cdu;2024.0;Kommunalwahlprogramm Gemeinde;Gemeinde;Hauptkorpus: kommunales Wahlprogramm der Gemeinde;manifestos/Haßloch_CDU_2024.txt
main;Haßloch_FDP_2024.txt;935fa0917407d63b996f5cc5279a04aabfe750cf0947685481f432ff30f36fca;8471;GLMP-DAA8050AE3;Haßloch;Rheinland-Pfalz;FDP;fdp;2024.0;Kommunalwahlprogramm Gemeinde;Gemeinde;Hauptkorpus: kommunales Wahlprogramm der Gemeinde;manifestos/Haßloch_FDP_2024.txt
main;Haßloch_FWG_2024.txt;5edae09da99eeefbbfa310f47610d2befdb0edd8a5294ca469d8edcf4e93de57;6645;GLMP-B701DF8C11;Haßloch;Rheinland-Pfalz;FWG;;2024.0;Kommunalwahlprogramm Gemeinde;Gemeinde;Hauptkorpus: kommunales Wahlprogramm der Gemeinde;manifestos/Haßloch_FWG_2024.txt
main;Haßloch_Grüne_2024.txt;e44ce01da0e2db28707041d899456274e0429aee8adf4be56d678c850b42d2cf;5090;GLMP-CB2DF81392;Haßloch;Rheinland-Pfalz;Grüne;gru;2024.0;Kommunalwahlprogramm Gemeinde;Gemeinde;Hauptkorpus: kommunales Wahlprogramm der Gemeinde;manifestos/Haßloch_Grüne_2024.txt
main;Haßloch_HLL_2024.txt;77adfeeac863d8d2f7aeff3ddbf63b76045532562dfd20d206c8815d19c51bdc;632;GLMP-4D7DCBF32C;Haßloch;Rheinland-Pfalz;HLL;;2024.0;Kommunalwahlprogramm Gemeinde;Gemeinde;Hauptkorpus: kommunales Wahlprogramm der Gemeinde;manifestos/Haßloch_HLL_2024.txt
main;Haßloch_SPD_2024.txt;8d47323c238158ebd0e6e6b6d09b16f2213a8581a087908bc63fd8abf8491465;478;GLMP-340217645D;Haßloch;Rheinland-Pfalz;SPD;spd;2024.0;Kommunalwahlprogramm Gemeinde;Gemeinde;Hauptkorpus: kommunales Wahlprogramm der Gemeinde;manifestos/Haßloch_SPD_2024.txt
main;Heidelberg_AfD_2024.txt;edd1f616c9c406e60f33bb892ea6491f00271be1048863190d73e2a584832978;6103;GLMP-DCB5223DAD;Heidelberg;Baden-Württemberg;AfD;;2024.0;Kommunalwahlprogramm Gemeinde;Gemeinde;Hauptkorpus: kommunales Wahlprogramm der Gemeinde;manifestos/Heidelberg_AfD_2024.txt
main;Heidelberg_Bunte Linke_2024.txt;8c187151f597897f5d9da1a7a2723588a4342de966d1d77efeb5ffb76ee173c8;63136;GLMP-2AD8BCC70F;Heidelberg;Baden-Württemberg;Bunte Linke;;2024.0;Kommunalwahlprogramm Gemeinde;Gemeinde;Hauptkorpus: kommunales Wahlprogramm der Gemeinde;manifestos/Heidelberg_Bunte Linke_2024.txt
main;Heidelberg_CDU_2024.txt;f66f65a5016b1b1badad8bb34a16d82ea8968b0cb6dbfa43bd8c31b0f8f23da2;10934;GLMP-11E3618720;Heidelberg;Baden-Württemberg;CDU;cdu;2024.0;Kommunalwahlprogramm Gemeinde;Gemeinde;Hauptkorpus: kommunales Wahlprogramm der Gemeinde;manifestos/Heidelberg_CDU_2024.txt
main;Heidelberg_Die Heidelberger_2024.txt;79fcb9b30f5cf370c25cc8c5b60b238ee884bc717db553db7102f2c40aa20eb8;11161;GLMP-7515C435A9;Heidelberg;Baden-Württemberg;Die Heidelberger;;2024.0;Kommunalwahlprogramm Gemeinde;Gemeinde;Hauptkorpus: kommunales Wahlprogramm der Gemeinde;manifestos/Heidelberg_Die Heidelberger_2024.txt
main;Heidelberg_Die Partei_2024.txt;881c149883670880af481c00f17f36f89268dbe969ee17d11234dcceb588ef40;2928;GLMP-070259FAD5;Heidelberg;Baden-Württemberg;Die Partei;par;2024.0;Kommunalwahlprogramm Gemeinde;Gemeinde;Hauptkorpus: kommunales Wahlprogramm der Gemeinde;manifestos/Heidelberg_Die Partei_2024.txt
main;Heidelberg_FDP_2024.txt;f8062babbf47084ef3e73cfb92731128cb36a515cefc20fc275d3872024c2a2e;75237;GLMP-F73231A663;Heidelberg;Baden-Württemberg;FDP;fdp;2024.0;Kommunalwahlprogramm Gemeinde;Gemeinde;Hauptkorpus: kommunales Wahlprogramm der Gemeinde;manifestos/Heidelberg_FDP_2024.txt
main;Heidelberg_GAL_2024.txt;5e8af3ae5d022c2b7996095c3581ba65c42d2831316bbb75661a8245f144781e;22051;GLMP-C87D2EB350;Heidelberg;Baden-Württemberg;GAL;;2024.0;Kommunalwahlprogramm Gemeinde;Gemeinde;Hauptkorpus: kommunales Wahlprogramm der Gemeinde;manifestos/Heidelberg_GAL_2024.txt
main;Heidelberg_Grüne_2024.txt;f7f52eb7ef323a3b2846f50e8045d3ad78e3f4f4930611c4bdef8103b89b0a4b;75910;GLMP-828CC9FFFB;Heidelberg;Baden-Württemberg;Grüne;gru;2024.0;Kommunalwahlprogramm Gemeinde;Gemeinde;Hauptkorpus: kommunales Wahlprogramm der Gemeinde;manifestos/Heidelberg_Grüne_2024.txt
main;Heidelberg_Heidelberg in Bewegung_2024.txt;392c220aebe378330ba66cbe73329d53b085cb82165684721108ff2f6fa8dce9;117205;GLMP-6748BBF6EB;Heidelberg;Baden-Württemberg;Heidelberg in Bewegung;;2024.0;Kommunalwahlprogramm Gemeinde;Gemeinde;Hauptkorpus: kommunales Wahlprogramm der Gemeinde;manifestos/Heidelberg_Heidelberg in Bewegung_2024.txt
main;Heidelberg_IDA_2024.txt;3b655d1eb20cebfac9136897cfacfffeb1d48b717d7d7eaee15c8b498f78d4c6;25859;GLMP-02298188F4;Heidelberg;Baden-Württemberg;IDA;;2024.0;Kommunalwahlprogramm Gemeinde;Gemeinde;Hauptkorpus: kommunales Wahlprogramm der Gemeinde;manifestos/Heidelberg_IDA_2024.txt
main;Heidelberg_Linke_2024.txt;7a340ed70f532e539cc90eb22fdc0a588d0596e33131b88c79197f6a81fb2949;77843;GLMP-52DFCEBF71;Heidelberg;Baden-Württemberg;Linke;;2024.0;Kommunalwahlprogramm Gemeinde;Gemeinde;Hauptkorpus: kommunales Wahlprogramm der Gemeinde;manifestos/Heidelberg_Linke_2024.txt
main;Heidelberg_SPD_2024.txt;0ced156683835845a50344f03a1632df75cb154b27261ab09e7290e94eccb43f;124870;GLMP-D40B748264;Heidelberg;Baden-Württemberg;SPD;spd;2024.0;Kommunalwahlprogramm Gemeinde;Gemeinde;Hauptkorpus: kommunales Wahlprogramm der Gemeinde;manifestos/Heidelberg_SPD_2024.txt
main;Heidelberg_Volt_2024.txt;1844b7c4ffdd4eb1223d31ca8bede63a752a3605cfd7f697f5735cf59f35898e;109077;GLMP-9938464A69;Heidelberg;Baden-Württemberg;Volt;vlt;2024.0;Kommunalwahlprogramm Gemeinde;Gemeinde;Hauptkorpus: kommunales Wahlprogramm der Gemeinde;manifestos/Heidelberg_Volt_2024.txt
main;Heidenheim an der Brenz_AfD_2024.txt;9f63ebf7b52109d6bbee55515447764044e9fe9a749e1ffcfd4c8694670f63a6;27500;GLMP-1D43397574;Heidenheim an der Brenz;Baden-Württemberg;AfD;;2024.0;anderes kommunales Wahlprogramm;Landkreis und Gemeinden;Dokument in Zusatzordner klassifiziert;manifestos/Heidenheim an der Brenz_AfD_2024.txt
main;Heidenheim an der Brenz_CDU_2024.txt;705b69af1f4236b35b44859d2cd2c093da1ee333d42bfaecb77de3cdfd6cda95;15086;GLMP-46E7C170A1;Heidenheim an der Brenz;Baden-Württemberg;CDU;cdu;2024.0;Kommunalwahlprogramm Gemeinde;Gemeinde;Hauptkorpus: kommunales Wahlprogramm der Gemeinde;manifestos/Heidenheim an der Brenz_CDU_2024.txt
main;Heidenheim an der Brenz_FWG_2024.txt;4fd36944cf973dba80a2bd0db95b978e0cb0e5d1a0370a77cafed7daad38741b;1817;GLMP-9EAB544CC0;Heidenheim an der Brenz;Baden-Württemberg;FWG;;2024.0;Kommunalwahlprogramm Gemeinde;Gemeinde;Hauptkorpus: kommunales Wahlprogramm der Gemeinde;manifestos/Heidenheim an der Brenz_FWG_2024.txt
main;Heidenheim an der Brenz_SPD_2024.txt;e82692b1fede6d2323cd71af49a810cd59b768438d43371cb90e806bf0c76449;3805;GLMP-7B2F9E29B7;Heidenheim an der Brenz;Baden-Württemberg;SPD;spd;2024.0;Kommunalwahlprogramm Gemeinde;Gemeinde;Hauptkorpus: kommunales Wahlprogramm der Gemeinde;manifestos/Heidenheim an der Brenz_SPD_2024.txt
main;Heidenheim an der Brenz_ÖDP_2024.txt;cd78aa210c0cb61348c3bfad9df8f60e10df5a04c2afa83f9a9aec4009d62000;3127;GLMP-FA808A53AA;Heidenheim an der Brenz;Baden-Württemberg;ÖDP;;2024.0;Kommunalwahlprogramm Gemeinde;Gemeinde;Hauptkorpus: kommunales Wahlprogramm der Gemeinde;manifestos/Heidenheim an der Brenz_ÖDP_2024.txt
main;Heilbronn_AfD_2024.txt;0772d16c12dba98943c272bf5fe79935e5fde4719201fad36f6eed8445249f55;1196;GLMP-BFD67B8DB0;Heilbronn;Baden-Württemberg;AfD;;2024.0;anderes kommunales Wahlprogramm;Landkreis;Dokument in Zusatzordner klassifiziert;manifestos/Heilbronn_AfD_2024.txt
main;Heilbronn_CDU_2024.txt;b05b58085d989b689d48a895e1080b57d09e712bc8ff8f190161cca327c2f55e;110078;GLMP-D8AEDFE004;Heilbronn;Baden-Württemberg;CDU;cdu;2024.0;Kommunalwahlprogramm Gemeinde;Gemeinde;Hauptkorpus: kommunales Wahlprogramm der Gemeinde;manifestos/Heilbronn_CDU_2024.txt
main;Heilbronn_FDP_2024.txt;2f15ca39355708cb210744c7a8e1e35576705b3a04b7a9ec239d066edea28003;70204;GLMP-4FF375A2A8;Heilbronn;Baden-Württemberg;FDP;fdp;2024.0;Kommunalwahlprogramm Gemeinde;Gemeinde;Hauptkorpus: kommunales Wahlprogramm der Gemeinde;manifestos/Heilbronn_FDP_2024.txt
main;Heilbronn_Gemeinsam für unser HN_2024.txt;d396880309809fe4dc343dd6d3ede2df01f37778ecd254556b0b8e7e8eb42b67;6565;GLMP-23FCBB970F;Heilbronn;Baden-Württemberg;Gemeinsam für unser HN;;2024.0;Kommunalwahlprogramm Gemeinde;Gemeinde;Hauptkorpus: kommunales Wahlprogramm der Gemeinde;manifestos/Heilbronn_Gemeinsam für unser HN_2024.txt
main;Heilbronn_Grüne_2024.txt;7c26025f1d538252a57ca307cb57ce7ec1a50fe8281841227ca79477684b073c;1335;GLMP-5EA0C6F21E;Heilbronn;Baden-Württemberg;Grüne;gru;2024.0;anderes kommunales Wahlprogramm;Landkreis;Dokument in Zusatzordner klassifiziert;manifestos/Heilbronn_Grüne_2024.txt
main;Heilbronn_Linke_2024.txt;5325505ab3a68302e1907ba8b22c56036fba5ae53ccb8b3905e91249c82ef10b;32791;GLMP-E2BFE96E45;Heilbronn;Baden-Württemberg;Linke;;2024.0;anderes kommunales Wahlprogramm;Landkreis und Gemeinden;Dokument in Zusatzordner klassifiziert;manifestos/Heilbronn_Linke_2024.txt
main;Heilbronn_PRO_2024.txt;610812a16e84158ee7fee55d6defb1dc212925a5b3a1c4761703d8a52abcbb07;5477;GLMP-AEE0CD5830;Heilbronn;Baden-Württemberg;PRO;;2024.0;Kommunalwahlprogramm Gemeinde;Gemeinde;Hauptkorpus: kommunales Wahlprogramm der Gemeinde;manifestos/Heilbronn_PRO_2024.txt
main;Heilbronn_SPD_2024.txt;153791f103082e37aa2fefe66d4cdb59da42ba3910565d0f4f54d266c67594e2;43300;GLMP-5269C9FECB;Heilbronn;Baden-Württemberg;SPD;spd;2024.0;Kommunalwahlprogramm Gemeinde;Gemeinde;Hauptkorpus: kommunales Wahlprogramm der Gemeinde;manifestos/Heilbronn_SPD_2024.txt
main;Heilbronn_UfHN_2024.txt;83afc27b4b91c465ef2dcf1569d75b99dfcc64195fde24af45eb81deb3d0d7c9;2070;GLMP-F90DE9F0FA;Heilbronn;Baden-Württemberg;UfHN;;2024.0;Kommunalwahlprogramm Gemeinde;Gemeinde;Hauptkorpus: kommunales Wahlprogramm der Gemeinde;manifestos/Heilbronn_UfHN_2024.txt
main;Heringsdorf_InKa_2024.txt;0180e3e480445a4eefdb8e4a78d3a35febae4fed15675a44469c6fc28f1b9554;579;GLMP-FD5255224B;Heringsdorf;Mecklenburg-Vorpommern;InKa;;2024.0;Kommunalwahlprogramm Gemeinde;Gemeinde;Hauptkorpus: kommunales Wahlprogramm der Gemeinde;manifestos/Heringsdorf_InKa_2024.txt
main;Heringsdorf_SPD_2024.txt;9caee34c22b32bb257d3481046022814388ddc4b64b938be5c95e1cfb889485c;19087;GLMP-07F4E5F529;Heringsdorf;Mecklenburg-Vorpommern;SPD;spd;2024.0;anderes kommunales Wahlprogramm;Landkreis und Gemeinden;Dokument in Zusatzordner klassifiziert;manifestos/Heringsdorf_SPD_2024.txt
main;Hohenmölsen_AHL_2024.txt;6ca87dc4add7decc01ba956e95cfc7960fa0093c8fafe5a7b1026f7729d45911;6089;GLMP-4B6E40CABA;Hohenmölsen;Sachsen-Anhalt;AHL;;2024.0;Kommunalwahlprogramm Gemeinde;Gemeinde;Hauptkorpus: kommunales Wahlprogramm der Gemeinde;manifestos/Hohenmölsen_AHL_2024.txt
main;Hohenmölsen_Grüne_2024.txt;2dd6281ace9f434a6def432dc91890c5e30cea16fbb706444dc50eee03506662;9697;GLMP-003EC2B698;Hohenmölsen;Sachsen-Anhalt;Grüne;gru;2024.0;anderes kommunales Wahlprogramm;Landkreis;Dokument in Zusatzordner klassifiziert;manifestos/Hohenmölsen_Grüne_2024.txt
main;Hohenmölsen_Linke_2024.txt;4b4802cfde74aefbae491887eb143bc65cff294a0546cbbaff8c0f47ef645c39;12425;GLMP-F5638D4AAC;Hohenmölsen;Sachsen-Anhalt;Linke;;2024.0;anderes kommunales Wahlprogramm;Landkreis und Gemeinden;Dokument in Zusatzordner klassifiziert;manifestos/Hohenmölsen_Linke_2024.txt
main;Hüfingen_Freies Forum_2024.txt;a50bcfdb1038ea60c7e2468d38015a0912fd9cc2a0f86c5c34fd5f9ca6d7e67e;3228;GLMP-D947566A73;Hüfingen;Baden-Württemberg;Freies Forum;;2024.0;Kommunalwahlprogramm Gemeinde;Gemeinde;Hauptkorpus: kommunales Wahlprogramm der Gemeinde;manifestos/Hüfingen_Freies Forum_2024.txt
main;Hüfingen_LBU_2024.txt;0fb79a86a368a45aaf2847966f070617f7276926faca6b3c32d07862044bb356;17988;GLMP-D21AD75B67;Hüfingen;Baden-Württemberg;LBU;;2024.0;Kommunalwahlprogramm Gemeinde;Gemeinde;Hauptkorpus: kommunales Wahlprogramm der Gemeinde;manifestos/Hüfingen_LBU_2024.txt
main;Jena_AfD_2024.txt;f79b38a64b67063f2497bb926a645a82ee7cffa870d0a45c6432adc9427898d7;17007;GLMP-2D4402D8FD;Jena;Thüringen;AfD;;2024.0;Kommunalwahlprogramm Gemeinde;Gemeinde;Hauptkorpus: kommunales Wahlprogramm der Gemeinde;manifestos/Jena_AfD_2024.txt
main;Jena_Bürger für Jena_2024.txt;842e1f9aec94d540aa1c38464be5822f8f3dc8ba59301f7db158c0794c0c647c;5082;GLMP-5D59E7D006;Jena;Thüringen;Bürger für Jena;bfj;2024.0;Kommunalwahlprogramm Gemeinde;Gemeinde;Hauptkorpus: kommunales Wahlprogramm der Gemeinde;manifestos/Jena_Bürger für Jena_2024.txt
main;Jena_CDU_2024.txt;197586fbeccf031f6d5a6804df953d4a0d3ed6b1143f17134e6616b5ad1acd2e;49513;GLMP-0818EB1070;Jena;Thüringen;CDU;cdu;2024.0;Kommunalwahlprogramm Gemeinde;Gemeinde;Hauptkorpus: kommunales Wahlprogramm der Gemeinde;manifestos/Jena_CDU_2024.txt
main;Jena_Die Basis_2024.txt;0a52c7cabd0a135b18dc64aabd6aa170861f84200403862fdc43041cdcc745a4;19436;GLMP-18AFE008B3;Jena;Thüringen;Die Basis;;2024.0;Kommunalwahlprogramm Gemeinde;Gemeinde;Hauptkorpus: kommunales Wahlprogramm der Gemeinde;manifestos/Jena_Die Basis_2024.txt
main;Jena_FDP_2024.txt;dcf6f6f1763ec2c41dd247b40726b6a88e90167aa8e23e1ce2dac1ad161d6aa7;116069;GLMP-6FC82E9C65;Jena;Thüringen;FDP;fdp;2024.0;Kommunalwahlprogramm Gemeinde;Gemeinde;Hauptkorpus: kommunales Wahlprogramm der Gemeinde;manifestos/Jena_FDP_2024.txt
main;Jena_FWG_2024.txt;8ea7cc249c4927b08b2aa3820315994c5fb81fdbac32dc2a7af8ba3f2d809b81;3220;GLMP-4B16175EB2;Jena;Thüringen;FWG;;2024.0;Kommunalwahlprogramm Gemeinde;Gemeinde;Hauptkorpus: kommunales Wahlprogramm der Gemeinde;manifestos/Jena_FWG_2024.txt
main;Jena_Grüne_2024.txt;b9703e2d4d81d034df3b1b2dce800118bb2d5d733c30cface398d20d1d491f8a;213348;GLMP-AF9D8C6B7C;Jena;Thüringen;Grüne;gru;2024.0;Kommunalwahlprogramm Gemeinde;Gemeinde;Hauptkorpus: kommunales Wahlprogramm der Gemeinde;manifestos/Jena_Grüne_2024.txt
main;Jena_Linke_2024.txt;95e5a4bff3c340fe7e8a8278d8e43438e1c6bbcbffeb0766c6fcb7b4244381b7;32115;GLMP-C8E81689BF;Jena;Thüringen;Linke;;2024.0;Kommunalwahlprogramm Gemeinde;Gemeinde;Hauptkorpus: kommunales Wahlprogramm der Gemeinde;manifestos/Jena_Linke_2024.txt
main;Jena_SPD_2024.txt;5364a5240d7007e260552293ea85dc49981cade4ed07b1e36a1a0f93dd42f035;75345;GLMP-0CF67F1FAD;Jena;Thüringen;SPD;spd;2024.0;Kommunalwahlprogramm Gemeinde;Gemeinde;Hauptkorpus: kommunales Wahlprogramm der Gemeinde;manifestos/Jena_SPD_2024.txt
main;Jena_Volt_2024.txt;008ec6103c37950e7aa1b1b7180b095971fef4924b4e625684679b2168a301aa;107584;GLMP-A2306FD061;Jena;Thüringen;Volt;vlt;2024.0;Kommunalwahlprogramm Gemeinde;Gemeinde;Hauptkorpus: kommunales Wahlprogramm der Gemeinde;manifestos/Jena_Volt_2024.txt
main;Kaiserslautern_CDU_2024.txt;df31c01bf1f7ed8bdb7d1ec70031628ddf3ab0e6b48383b00f675de6ad03cad7;6543;GLMP-C25A589CCD;Kaiserslautern;Rheinland-Pfalz;CDU;cdu;2024.0;Kommunalwahlprogramm Gemeinde;Gemeinde;Hauptkorpus: kommunales Wahlprogramm der Gemeinde;manifestos/Kaiserslautern_CDU_2024.txt
main;Kaiserslautern_FDP_2024.txt;fdc45c506098d5b6d460dcc3509989316cdf7e7b84783545fe9a8463bc8f38ca;136031;GLMP-BA81A12A5D;Kaiserslautern;Rheinland-Pfalz;FDP;fdp;2024.0;anderes kommunales Wahlprogramm;Land;Dokument in Zusatzordner klassifiziert;manifestos/Kaiserslautern_FDP_2024.txt
main;Kaiserslautern_Grüne_2024.txt;29ed0ce6285e1a55f35f02a4ecb957ea52f6e235432110caa7d7c682987804b7;71712;GLMP-87CCE4C5AB;Kaiserslautern;Rheinland-Pfalz;Grüne;gru;2024.0;Kommunalwahlprogramm Gemeinde;Gemeinde;Hauptkorpus: kommunales Wahlprogramm der Gemeinde;manifestos/Kaiserslautern_Grüne_2024.txt
main;Kaiserslautern_Linke_2024.txt;57ff37a38a3a0f4cb1423ce2b6dca751886d5496384dbba40391309634547da2;19545;GLMP-ECFB7DDE75;Kaiserslautern;Rheinland-Pfalz;Linke;;2024.0;Kommunalwahlprogramm Gemeinde;Gemeinde;Hauptkorpus: kommunales Wahlprogramm der Gemeinde;manifestos/Kaiserslautern_Linke_2024.txt
main;Kaiserslautern_SPD_2024.txt;14b5b83eebd837d2f6bc88e55d118753cd451b84ba8f4ced6e1e026cb8164f64;32496;GLMP-9EA865130E;Kaiserslautern;Rheinland-Pfalz;SPD;spd;2024.0;Kommunalwahlprogramm Gemeinde;Gemeinde;Hauptkorpus: kommunales Wahlprogramm der Gemeinde;manifestos/Kaiserslautern_SPD_2024.txt
main;Kandern_FWG_2024.txt;4e229290929209212aa6e1157dd828ca71343c1d763873673d1af86a355ad397;3436;GLMP-7ACFE0FAFF;Kandern;Baden-Württemberg;FWG;;2024.0;Kommunalwahlprogramm Gemeinde;Gemeinde;Hauptkorpus: kommunales Wahlprogramm der Gemeinde;manifestos/Kandern_FWG_2024.txt
main;Kandern_Grüne_2024.txt;7fab299d88527461f6451131a27422eb42ecddf8aa36cb801da6f1966491d325;549;GLMP-30778BAEFB;Kandern;Baden-Württemberg;Grüne;gru;2024.0;Kommunalwahlprogramm Gemeinde;Gemeinde;Hauptkorpus: kommunales Wahlprogramm der Gemeinde;manifestos/Kandern_Grüne_2024.txt
main;Karlsruhe_AfD_2024.txt;698a2cabbe79117e8c07d9850dc0c2bc1ac70fc4f785d8f6a715201cb4b6963c;11160;GLMP-5E60BED4BF;Karlsruhe;Baden-Württemberg;AfD;;2024.0;Kommunalwahlprogramm Gemeinde;Gemeinde;Hauptkorpus: kommunales Wahlprogramm der Gemeinde;manifestos/Karlsruhe_AfD_2024.txt
main;Karlsruhe_CDU_2024.txt;de0701ebf8b7bc90d6e90c490c1a29534ee8beee91504e472094c1c636f93c37;30420;GLMP-D840F9A398;Karlsruhe;Baden-Württemberg;CDU;cdu;2024.0;Kommunalwahlprogramm Gemeinde;Gemeinde;Hauptkorpus: kommunales Wahlprogramm der Gemeinde;manifestos/Karlsruhe_CDU_2024.txt
main;Karlsruhe_Demokratie und Aufklärung Karlsruhe_2024.txt;67f1204cf63cfae717a3f8a0276ab3310936967fb011c8fd1872e99376bb5fdd;3323;GLMP-BA4D7B005F;Karlsruhe;Baden-Württemberg;Demokratie und Aufklärung Karlsruhe;;2024.0;Kommunalwahlprogramm Gemeinde;Gemeinde;Hauptkorpus: kommunales Wahlprogramm der Gemeinde;manifestos/Karlsruhe_Demokratie und Aufklärung Karlsruhe_2024.txt
main;Karlsruhe_Die Partei_2024.txt;b1ee96ed925937813a7e92feb4883d6fa105e4e2be020983bfeb00a1524e417b;4815;GLMP-B565A4CC85;Karlsruhe;Baden-Württemberg;Die Partei;par;2024.0;Kommunalwahlprogramm Gemeinde;Gemeinde;Hauptkorpus: kommunales Wahlprogramm der Gemeinde;manifestos/Karlsruhe_Die Partei_2024.txt
main;Karlsruhe_FDP_2024.txt;471f35cd8e7e0df82859070698be26f400603590807f82184dadbcf648cbd506;33156;GLMP-211179337F;Karlsruhe;Baden-Württemberg;FDP;fdp;2024.0;Kommunalwahlprogramm Gemeinde;Gemeinde;Hauptkorpus: kommunales Wahlprogramm der Gemeinde;manifestos/Karlsruhe_FDP_2024.txt
main;Karlsruhe_FWG_2024.txt;772abc5baaf1aa66ee1cbfa49c576650083c30337f999abfbced350b86e8d917;11907;GLMP-4C405AD448;Karlsruhe;Baden-Württemberg;FWG;;2024.0;Kommunalwahlprogramm Gemeinde;Gemeinde;Hauptkorpus: kommunales Wahlprogramm der Gemeinde;manifestos/Karlsruhe_FWG_2024.txt
main;Karlsruhe_Für Karlsruhe_2024.txt;dc98f4e79f682790b25882a619731e4cd2ea827923632f0a05569f6401647f45;18016;GLMP-F328995E1D;Karlsruhe;Baden-Württemberg;Für Karlsruhe;fkr;2024.0;Kommunalwahlprogramm Gemeinde;Gemeinde;Hauptkorpus: kommunales Wahlprogramm der Gemeinde;manifestos/Karlsruhe_Für Karlsruhe_2024.txt
main;Karlsruhe_Grüne_2024.txt;8c2de3f4f4a3c9bbd6ee9b870027459c95c3eba882a48d56ab39f13f69d59740;210769;GLMP-4C2018E279;Karlsruhe;Baden-Württemberg;Grüne;gru;2024.0;Kommunalwahlprogramm Gemeinde;Gemeinde;Hauptkorpus: kommunales Wahlprogramm der Gemeinde;manifestos/Karlsruhe_Grüne_2024.txt
main;Karlsruhe_KAL_2024.txt;5bb6cba63f523047016cdf5b42a8206255b31b188f221bef5dfd3adc060bcbe6;7140;GLMP-9AEB32F213;Karlsruhe;Baden-Württemberg;KAL;;2024.0;Kommunalwahlprogramm Gemeinde;Gemeinde;Hauptkorpus: kommunales Wahlprogramm der Gemeinde;manifestos/Karlsruhe_KAL_2024.txt
main;Karlsruhe_Linke_2024.txt;ef39c73b37190d91cc31a80b4397a686c2bdcfa33514d720fc0979b0e7b41adb;174971;GLMP-46290AE738;Karlsruhe;Baden-Württemberg;Linke;;2024.0;Kommunalwahlprogramm Gemeinde;Gemeinde;Hauptkorpus: kommunales Wahlprogramm der Gemeinde;manifestos/Karlsruhe_Linke_2024.txt
main;Karlsruhe_SPD_2024.txt;441ca101c41071728123af287ef5c7bcfc934097d77bffbc720e9633bc4e1a62;66957;GLMP-A880BEEBCC;Karlsruhe;Baden-Württemberg;SPD;spd;2024.0;Kommunalwahlprogramm Gemeinde;Gemeinde;Hauptkorpus: kommunales Wahlprogramm der Gemeinde;manifestos/Karlsruhe_SPD_2024.txt
main;Karlsruhe_Volt_2024.txt;30987ee3de07dbc51eabf32b240b4756d89e386b43e680389fc4a56af67fc14c;118163;GLMP-861E39902B;Karlsruhe;Baden-Württemberg;Volt;vlt;2024.0;Kommunalwahlprogramm Gemeinde;Gemeinde;Hauptkorpus: kommunales Wahlprogramm der Gemeinde;manifestos/Karlsruhe_Volt_2024.txt
main;Karlsruhe_ÖDP_2024.txt;f08f7d850e1b879bdc7b7c6d6fbc954bec51b5feea82dce25ac6a9094751c1a0;76226;GLMP-9995D2FCAA;Karlsruhe;Baden-Württemberg;ÖDP;;2024.0;Kommunalwahlprogramm Gemeinde;Gemeinde;Hauptkorpus: kommunales Wahlprogramm der Gemeinde;manifestos/Karlsruhe_ÖDP_2024.txt
main;Keltern_CDU_2024.txt;cf1bfe93198ad9ff47554b89ab285ee51ea2a67b7077f4bea3a90660672ca2af;876;GLMP-179DBDAC4F;Keltern;Baden-Württemberg;CDU;cdu;2024.0;Kommunalwahlprogramm Gemeinde;Gemeinde;Hauptkorpus: kommunales Wahlprogramm der Gemeinde;manifestos/Keltern_CDU_2024.txt
main;Keltern_Grüne_2024.txt;7a4b37942cf11cdccaa9ecf409eef61da62a6181f0b481236fd01de9d418e1e6;1286;GLMP-EE1C4D0C56;Keltern;Baden-Württemberg;Grüne;gru;2024.0;Kommunalwahlprogramm Gemeinde;Gemeinde;Hauptkorpus: kommunales Wahlprogramm der Gemeinde;manifestos/Keltern_Grüne_2024.txt
main;Keltern_SPD_2024.txt;558d4a600535534130da3bcea5d2fb93c0533be8c0c0e4ddf6a4935f57fda45f;1685;GLMP-9F3CB85995;Keltern;Baden-Württemberg;SPD;spd;2024.0;Kommunalwahlprogramm Gemeinde;Gemeinde;Hauptkorpus: kommunales Wahlprogramm der Gemeinde;manifestos/Keltern_SPD_2024.txt
main;Keltern_WIW_2024.txt;e6bf14fd22dca6278c445069c42f117487232cc4e0d6bc810c5d796797af711a;10027;GLMP-6BEB7123C4;Keltern;Baden-Württemberg;WIW;;2024.0;Kommunalwahlprogramm Gemeinde;Gemeinde;Hauptkorpus: kommunales Wahlprogramm der Gemeinde;manifestos/Keltern_WIW_2024.txt
main;Kirchheimbolanden_CDU_2024.txt;3f96d9c8d0e056f15fd69737617099ec373509a8e07fbf20f1cb5466643a711b;4157;GLMP-FDFAA01341;Kirchheimbolanden;Rheinland-Pfalz;CDU;cdu;2024.0;Kommunalwahlprogramm Gemeinde;Gemeinde;Hauptkorpus: kommunales Wahlprogramm der Gemeinde;manifestos/Kirchheimbolanden_CDU_2024.txt
main;Kleinmachnow_CDU_2024.txt;cbe041792a80e1897cfb11a755253e1d0eafceb4e69d6c5e473f41033c17a97d;19017;GLMP-3E40B8E039;Kleinmachnow;Brandenburg;CDU;cdu;2024.0;Kommunalwahlprogramm Gemeinde;Gemeinde;Hauptkorpus: kommunales Wahlprogramm der Gemeinde;manifestos/Kleinmachnow_CDU_2024.txt
main;Kleinmachnow_FDP_2024.txt;c13fccee9d9cadf315a1c29a5c4028993834f4d2c3716f2c8d6ecb516a4bbe7e;15311;GLMP-E3BCBF05DB;Kleinmachnow;Brandenburg;FDP;fdp;2024.0;Kommunalwahlprogramm Gemeinde;Gemeinde;Hauptkorpus: kommunales Wahlprogramm der Gemeinde;manifestos/Kleinmachnow_FDP_2024.txt
main;Kleinmachnow_Grüne_2024.txt;780f2ab8474ea8901063d12f753b281d1de7a8510ec731713fc41b6a1840e6cd;18664;GLMP-A0C3052741;Kleinmachnow;Brandenburg;Grüne;gru;2024.0;Kommunalwahlprogramm Gemeinde;Gemeinde;Hauptkorpus: kommunales Wahlprogramm der Gemeinde;manifestos/Kleinmachnow_Grüne_2024.txt
main;Kleinmachnow_Linke_2024.txt;a1a840338ee5c33e49101716d0f6b8867182fbc52280cb0ee2f0126e004cc100;3395;GLMP-0E319B45F8;Kleinmachnow;Brandenburg;Linke;;2024.0;Kommunalwahlprogramm Gemeinde;Gemeinde;Hauptkorpus: kommunales Wahlprogramm der Gemeinde;manifestos/Kleinmachnow_Linke_2024.txt
main;Kleinmachnow_SPD_2024.txt;7832fdd4b87e4b54b5af5f85dd59669ddd35237c6815ba758d547763f39da6bb;18662;GLMP-4A1705ADF9;Kleinmachnow;Brandenburg;SPD;spd;2024.0;Kommunalwahlprogramm Gemeinde;Gemeinde;Hauptkorpus: kommunales Wahlprogramm der Gemeinde;manifestos/Kleinmachnow_SPD_2024.txt
main;Koblenz_AfD_2024.txt;f4ec4367da457877f5c4f6271161e2ad838dc16208d58ac7becc167b46343551;2413;GLMP-FED64B0EBE;Koblenz;Rheinland-Pfalz;AfD;;2024.0;Kommunalwahlprogramm Gemeinde;Gemeinde;Hauptkorpus: kommunales Wahlprogramm der Gemeinde;manifestos/Koblenz_AfD_2024.txt
main;Koblenz_CDU_2024.txt;0d974816e571d3bc013cc2d710889468607dbd26d79f78e0655cc88b3dbea0dc;30143;GLMP-DF00237601;Koblenz;Rheinland-Pfalz;CDU;cdu;2024.0;Kommunalwahlprogramm Gemeinde;Gemeinde;Hauptkorpus: kommunales Wahlprogramm der Gemeinde;manifestos/Koblenz_CDU_2024.txt
main;Koblenz_FDP_2024.txt;a0028d9686c72927df04724b3e91cf033f114c0309a0ac67c983279c48f1a20e;831;GLMP-86F11C20D1;Koblenz;Rheinland-Pfalz;FDP;fdp;2024.0;Kommunalwahlprogramm Gemeinde;Gemeinde;Hauptkorpus: kommunales Wahlprogramm der Gemeinde;manifestos/Koblenz_FDP_2024.txt
main;Koblenz_FWG_2024.txt;2335209adc2d1f089bbed631ac473f7f360f426743e79cf36a71c27c7947c823;76876;GLMP-960F56D31A;Koblenz;Rheinland-Pfalz;FWG;;2024.0;Kommunalwahlprogramm Gemeinde;Gemeinde;Hauptkorpus: kommunales Wahlprogramm der Gemeinde;manifestos/Koblenz_FWG_2024.txt
main;Koblenz_Grüne_2024.txt;bc0855d50bf2ab6a2f3b10cdd35ac8c976e3be82669a919c204603a70dde4550;47436;GLMP-9C109C8213;Koblenz;Rheinland-Pfalz;Grüne;gru;2024.0;Kommunalwahlprogramm Gemeinde;Gemeinde;Hauptkorpus: kommunales Wahlprogramm der Gemeinde;manifestos/Koblenz_Grüne_2024.txt
main;Koblenz_Linke_2024.txt;57af892629b591d8eaf2401eeb0bcff0d466ed52fa56e56a607f60a659ac9f74;52877;GLMP-8EFCE4E30A;Koblenz;Rheinland-Pfalz;Linke;;2024.0;Kommunalwahlprogramm Gemeinde;Gemeinde;Hauptkorpus: kommunales Wahlprogramm der Gemeinde;manifestos/Koblenz_Linke_2024.txt
main;Koblenz_SPD_2024.txt;c85203f650c98bf20a224629fa7ac42dd2d294e61f136a6395655c7d6a461d61;7104;GLMP-772C158E83;Koblenz;Rheinland-Pfalz;SPD;spd;2024.0;Kommunalwahlprogramm Gemeinde;Gemeinde;Hauptkorpus: kommunales Wahlprogramm der Gemeinde;manifestos/Koblenz_SPD_2024.txt
main;Konstanz_CDU_2024.txt;a38cac0f0fe1bc0ab0885498d6229c240b51a75485e986f4b7748e4149e67da2;15228;GLMP-FABD368678;Konstanz;Baden-Württemberg;CDU;cdu;2024.0;Kommunalwahlprogramm Gemeinde;Gemeinde;Hauptkorpus: kommunales Wahlprogramm der Gemeinde;manifestos/Konstanz_CDU_2024.txt
main;Konstanz_FDP_2024.txt;8118ded55ef61ed5931c83ebf7af3fc1fc99c52099edd0ae5e14e1257c3081f5;50792;GLMP-0223475EFE;Konstanz;Baden-Württemberg;FDP;fdp;2024.0;Kommunalwahlprogramm Gemeinde;Gemeinde;Hauptkorpus: kommunales Wahlprogramm der Gemeinde;manifestos/Konstanz_FDP_2024.txt
main;Konstanz_FWG_2024.txt;9e923d9cd0004668a64d9be29a0ef98009d12c63299f44b7e855104203af3f77;16000;GLMP-C7148D68A1;Konstanz;Baden-Württemberg;FWG;;2024.0;Kommunalwahlprogramm Gemeinde;Gemeinde;Hauptkorpus: kommunales Wahlprogramm der Gemeinde;manifestos/Konstanz_FWG_2024.txt
main;Konstanz_Grüne_2024.txt;a7f7725d55768a79fd36f02946d072706873cbc7be9258bdff1009fd1fd1ee07;41953;GLMP-265AF5C0AE;Konstanz;Baden-Württemberg;Grüne;gru;2024.0;Kommunalwahlprogramm Gemeinde;Gemeinde;Hauptkorpus: kommunales Wahlprogramm der Gemeinde;manifestos/Konstanz_Grüne_2024.txt
main;Konstanz_JFK_2024.txt;54e404a3163e265ad3df8760d39e46c29ec7bc59b757d4e02019c02f4d85381c;56635;GLMP-7EFA3CFD96;Konstanz;Baden-Württemberg;JFK;;2024.0;Kommunalwahlprogramm Gemeinde;Gemeinde;Hauptkorpus: kommunales Wahlprogramm der Gemeinde;manifestos/Konstanz_JFK_2024.txt
main;Konstanz_KN KOM.MT_2024.txt;de5e0f14ec209acbbcc1d6805eb5f7aba002375ae1a24b29d65e5f22941e863e;2696;GLMP-7108F557C7;Konstanz;Baden-Württemberg;KN KOM.MT;;2024.0;Kommunalwahlprogramm Gemeinde;Gemeinde;Hauptkorpus: kommunales Wahlprogramm der Gemeinde;manifestos/Konstanz_KN KOM.MT_2024.txt
main;Konstanz_LLK_2024.txt;6738902eecf61e4bf9a3e2a79892d9a6743d62d80cfcb44c24b665aa67325a70;8699;GLMP-2833449237;Konstanz;Baden-Württemberg;LLK;;2024.0;Kommunalwahlprogramm Gemeinde;Gemeinde;Hauptkorpus: kommunales Wahlprogramm der Gemeinde;manifestos/Konstanz_LLK_2024.txt
main;Konstanz_SPD_2024.txt;69994ed2f641bf708528b0528d93d2861e0e520b352f300bbbbcdd669da47b90;55274;GLMP-96A64ACECD;Konstanz;Baden-Württemberg;SPD;spd;2024.0;Kommunalwahlprogramm Gemeinde;Gemeinde;Hauptkorpus: kommunales Wahlprogramm der Gemeinde;manifestos/Konstanz_SPD_2024.txt
main;Königsee_CDU_2024.txt;216e477f75aa78c9b5afaf2ce7c0bb9aabb0ab1233ba15ea358e6b34efacb2fd;4550;GLMP-4CB73E2A7F;Königsee;Thüringen;CDU;cdu;2024.0;anderes kommunales Wahlprogramm;Landkreis;Dokument in Zusatzordner klassifiziert;manifestos/Königsee_CDU_2024.txt
main;Königsee_IWWFW_2024.txt;f4aff162863d9add41164de5ef357de647de5f11260633dacc505f07a3f9e4db;5121;GLMP-625DE3DA1B;Königsee;Thüringen;IWWFW;;2024.0;Kommunalwahlprogramm Gemeinde;Gemeinde;Hauptkorpus: kommunales Wahlprogramm der Gemeinde;manifestos/Königsee_IWWFW_2024.txt
main;Laage_CDU_2024.txt;4f743a4e52f955f6b16ac1c4a93940daf1309b9f508b14d2d7d9980fab447b13;6881;GLMP-4D7943CB2E;Laage;Mecklenburg-Vorpommern;CDU;cdu;2024.0;anderes kommunales Wahlprogramm;Landkreis und Gemeinden;Dokument in Zusatzordner klassifiziert;manifestos/Laage_CDU_2024.txt
main;Laage_FDP_2024.txt;50c072825043c4002e3cb7f573366c48efb9bba3bfd731851f5e138c40129c2f;3860;GLMP-F963ED960A;Laage;Mecklenburg-Vorpommern;FDP;fdp;2024.0;Kommunalwahlprogramm Gemeinde;Gemeinde;Hauptkorpus: kommunales Wahlprogramm der Gemeinde;manifestos/Laage_FDP_2024.txt
main;Laage_Linke_2024.txt;1e24c595cd7c0305ab3094a4296530df81267f2b3ac571181479d679285c2f6d;1629;GLMP-A8BE2B482F;Laage;Mecklenburg-Vorpommern;Linke;;2024.0;Kommunalwahlprogramm Gemeinde;Gemeinde;Hauptkorpus: kommunales Wahlprogramm der Gemeinde;manifestos/Laage_Linke_2024.txt
main;Laage_SPD_2024.txt;976cb15db794fabcc19d172edc6dde5591fb69d371f34bcac8fca49252bf0e91;1121;GLMP-74D40F9FA9;Laage;Mecklenburg-Vorpommern;SPD;spd;2024.0;Kommunalwahlprogramm Gemeinde;Gemeinde;Hauptkorpus: kommunales Wahlprogramm der Gemeinde;manifestos/Laage_SPD_2024.txt
main;Lahnstein_FBL_2024.txt;b741c9c03ca823246f2a6d3fc0c6bb6c50849ed3e65848a94f0544b862971be6;1636;GLMP-578E3A733B;Lahnstein;Rheinland-Pfalz;FBL;;2024.0;Kommunalwahlprogramm Gemeinde;Gemeinde;Hauptkorpus: kommunales Wahlprogramm der Gemeinde;manifestos/Lahnstein_FBL_2024.txt
main;Lahnstein_Grüne_2024.txt;bc823826acbd76e90b7f52a6bf4ab879887892a98b102c3576c5f73704deeccd;27733;GLMP-3639ABF8C9;Lahnstein;Rheinland-Pfalz;Grüne;gru;2024.0;Kommunalwahlprogramm Gemeinde;Gemeinde;Hauptkorpus: kommunales Wahlprogramm der Gemeinde;manifestos/Lahnstein_Grüne_2024.txt
main;Lahnstein_Linke_2024.txt;2f7f7f9fe3930343848d33ad55fbbed111d999c28cc700b691e7f6f1e45eafa1;22606;GLMP-958125F85D;Lahnstein;Rheinland-Pfalz;Linke;;2024.0;anderes kommunales Wahlprogramm;Land;Dokument in Zusatzordner klassifiziert;manifestos/Lahnstein_Linke_2024.txt
main;Lahnstein_SPD_2024.txt;9ad37c28b16eed741f33bc99fc3dab283462c75065a913b51394564012bd31c8;18823;GLMP-37DE36E122;Lahnstein;Rheinland-Pfalz;SPD;spd;2024.0;Kommunalwahlprogramm Gemeinde;Gemeinde;Hauptkorpus: kommunales Wahlprogramm der Gemeinde;manifestos/Lahnstein_SPD_2024.txt
main;Lahnstein_ULL_2024.txt;da83394e264f690b59abdada19b4417dfab6f3d439f812bb3fa5162c22a4e95f;9350;GLMP-C0B23BB607;Lahnstein;Rheinland-Pfalz;ULL;;2024.0;Kommunalwahlprogramm Gemeinde;Gemeinde;Hauptkorpus: kommunales Wahlprogramm der Gemeinde;manifestos/Lahnstein_ULL_2024.txt
main;Lauta_AfD_2024.txt;4009b72e0316bdd6b8b48ae8a629caa50314245f665a855ebba7e26d83f559c2;29915;GLMP-776BCF173B;Lauta;Sachsen;AfD;;2024.0;anderes kommunales Wahlprogramm;Landkreis und Gemeinden;Dokument in Zusatzordner klassifiziert;manifestos/Lauta_AfD_2024.txt
main;Lauta_CDU_2024.txt;fc614cff9b553187171f80527a7766f7521571db2bfb21f0cef9760ccd4b6755;17202;GLMP-A92B72DBC2;Lauta;Sachsen;CDU;cdu;2024.0;anderes kommunales Wahlprogramm;Landkreis und Gemeinden;Dokument in Zusatzordner klassifiziert;manifestos/Lauta_CDU_2024.txt
main;Lauta_Grüne_2024.txt;b43740ce884d42666508b213e3885fa5c6385c3fffca01d4e8f21c88a6ef9862;2770;GLMP-69B9A33ACD;Lauta;Sachsen;Grüne;gru;2024.0;Kommunalwahlprogramm Gemeinde;Gemeinde;Hauptkorpus: kommunales Wahlprogramm der Gemeinde;manifestos/Lauta_Grüne_2024.txt
main;Lauta_Linke_2024.txt;e73fe15f0c374567ac966ecac93e86a5f7d1158cf2da798e1a0a71fcc0794eb0;13080;GLMP-BCE22E62FE;Lauta;Sachsen;Linke;;2024.0;anderes kommunales Wahlprogramm;Land;Dokument in Zusatzordner klassifiziert;manifestos/Lauta_Linke_2024.txt
main;Lauter-Bernsbach_CDU_2024.txt;565b534196c03172c7ef22c3c617c335ac4e74ec9d4e19d958f5408bd06c72b0;17574;GLMP-907CF595DB;Lauter-Bernsbach;Sachsen;CDU;cdu;2024.0;anderes kommunales Wahlprogramm;Landkreis und Gemeinden;Dokument in Zusatzordner klassifiziert;manifestos/Lauter-Bernsbach_CDU_2024.txt
main;Lebach_CDU_2024.txt;cdc0ad8bce063036bea804b405f876eed44e29776e8d1b67cde3edc12b45f376;3401;GLMP-836628411E;Lebach;Saarland;CDU;cdu;2024.0;Kommunalwahlprogramm Gemeinde;Gemeinde;Hauptkorpus: kommunales Wahlprogramm der Gemeinde;manifestos/Lebach_CDU_2024.txt
main;Lebach_FDP_2024.txt;d4722276f0c849ce2aaa8a396df9daa89927dc68276eb442d4f11be27abfb3b7;6600;GLMP-816E3B781D;Lebach;Saarland;FDP;fdp;2024.0;Kommunalwahlprogramm Gemeinde;Gemeinde;Hauptkorpus: kommunales Wahlprogramm der Gemeinde;manifestos/Lebach_FDP_2024.txt
main;Lebach_Grüne_2024.txt;f5c69112027da186686de287b8472921b887a760e1497d61459f18307d4de8c8;16932;GLMP-099FF62099;Lebach;Saarland;Grüne;gru;2024.0;Kommunalwahlprogramm Gemeinde;Gemeinde;Hauptkorpus: kommunales Wahlprogramm der Gemeinde;manifestos/Lebach_Grüne_2024.txt
main;Lebach_SPD_2024.txt;81f5577d893497ba9e13138a4c45c0b3482dde9e9686b516faf2484ba7b926dc;9170;GLMP-FF184B0BB9;Lebach;Saarland;SPD;spd;2024.0;Kommunalwahlprogramm Gemeinde;Gemeinde;Hauptkorpus: kommunales Wahlprogramm der Gemeinde;manifestos/Lebach_SPD_2024.txt
main;Leinefelde-Worbis_CDU_2024.txt;7bfd2223e6289aa7000ba45a1faeb891f215ed511ea629ecca3845f83fa380d8;3249;GLMP-1254FA4F1D;Leinefelde-Worbis;Thüringen;CDU;cdu;2024.0;anderes kommunales Wahlprogramm;Landkreis;Dokument in Zusatzordner klassifiziert;manifestos/Leinefelde-Worbis_CDU_2024.txt
main;Leinefelde-Worbis_FW_2024.txt;bec9d489b5b06b1a6cb7eb175b79b3fef6013a930264d44495606561bad8f532;1208;GLMP-2DDC0D397F;Leinefelde-Worbis;Thüringen;FW;;2024.0;Kommunalwahlprogramm Gemeinde;Gemeinde;Hauptkorpus: kommunales Wahlprogramm der Gemeinde;manifestos/Leinefelde-Worbis_FW_2024.txt
main;Leinefelde-Worbis_SPD_2024.txt;59c0fc6b746323dd5b17615af732c33713dc1fcd43a31fa6b65c5ad3582d71c3;1498;GLMP-566F1E653A;Leinefelde-Worbis;Thüringen;SPD;spd;2024.0;Kommunalwahlprogramm Gemeinde;Gemeinde;Hauptkorpus: kommunales Wahlprogramm der Gemeinde;manifestos/Leinefelde-Worbis_SPD_2024.txt
main;Leipzig_AfD_2024.txt;f1bc9b1a7d119144d1a8f3b350a48615cadd6b0dab97beff00cc4b7842317676;107009;GLMP-5DC323829F;Leipzig;Sachsen;AfD;;2024.0;Kommunalwahlprogramm Gemeinde;Gemeinde;Hauptkorpus: kommunales Wahlprogramm der Gemeinde;manifestos/Leipzig_AfD_2024.txt
main;Leipzig_CDU_2024.txt;1f8d70436b692f6ade4b1d0177db942439708be261bf01325804333e9319aabd;80693;GLMP-1C1467AF8B;Leipzig;Sachsen;CDU;cdu;2024.0;Kommunalwahlprogramm Gemeinde;Gemeinde;Hauptkorpus: kommunales Wahlprogramm der Gemeinde;manifestos/Leipzig_CDU_2024.txt
main;Leipzig_FDP_2024.txt;0530dfed429b5a85aef5072072c14f2eae2dd6ef609cc537609ad711af50452e;90089;GLMP-087956F209;Leipzig;Sachsen;FDP;fdp;2024.0;Kommunalwahlprogramm Gemeinde;Gemeinde;Hauptkorpus: kommunales Wahlprogramm der Gemeinde;manifestos/Leipzig_FDP_2024.txt
main;Leipzig_FWG_2024.txt;05ed3fd6013b901def77e0b3f7f150be761b0da2e4c643a55c4bd98664728f1e;23763;GLMP-D07893C2A2;Leipzig;Sachsen;FWG;;2024.0;Kommunalwahlprogramm Gemeinde;Gemeinde;Hauptkorpus: kommunales Wahlprogramm der Gemeinde;manifestos/Leipzig_FWG_2024.txt
main;Leipzig_Freie Sachsen_2024.txt;382e33ef7f6725ecea59ea60704c27b66f07ad8405154e12de0df68c3490b27d;18123;GLMP-947F4CBF98;Leipzig;Sachsen;Freie Sachsen;;2024.0;Grundsatzprogramm;Landkreis;Dokument in Zusatzordner klassifiziert;manifestos/Leipzig_Freie Sachsen_2024.txt
main;Leipzig_Grüne_2024.txt;186b261e6eb0198e052de5b391979e965f939758223f59d755c15fa7aa87e8ac;197330;GLMP-6BE374F4A3;Leipzig;Sachsen;Grüne;gru;2024.0;Kommunalwahlprogramm Gemeinde;Gemeinde;Hauptkorpus: kommunales Wahlprogramm der Gemeinde;manifestos/Leipzig_Grüne_2024.txt
main;Leipzig_Linke_2024.txt;b1ec2e68030c771a0e035cd008b17c55378cf8f8dc72b5f538a9bde8046f2658;126966;GLMP-F5660AD60C;Leipzig;Sachsen;Linke;;2024.0;Kommunalwahlprogramm Gemeinde;Gemeinde;Hauptkorpus: kommunales Wahlprogramm der Gemeinde;manifestos/Leipzig_Linke_2024.txt
main;Leipzig_Piraten_2024.txt;ab997c81ea46ddd03a25302081cb226f791e6859abcee7120bb48a50f9db99cb;3634;GLMP-729E848E64;Leipzig;Sachsen;Piraten;pir;2024.0;Kommunalwahlprogramm Gemeinde;Gemeinde;Hauptkorpus: kommunales Wahlprogramm der Gemeinde;manifestos/Leipzig_Piraten_2024.txt
main;Leipzig_SPD_2024.txt;61eea7aa43d2a3a25109a08b236806b19f676de040888dbfac316913889fbc97;82623;GLMP-A750ADEDD1;Leipzig;Sachsen;SPD;spd;2024.0;Kommunalwahlprogramm Gemeinde;Gemeinde;Hauptkorpus: kommunales Wahlprogramm der Gemeinde;manifestos/Leipzig_SPD_2024.txt
main;Leipzig_Volt_2024.txt;fd2a771db80ac0dc1999bd3da8f4aba056e1192188425c3c2d55a9e68df4e8f9;1519;GLMP-93419F8600;Leipzig;Sachsen;Volt;vlt;2024.0;Kommunalwahlprogramm Gemeinde;Gemeinde;Hauptkorpus: kommunales Wahlprogramm der Gemeinde;manifestos/Leipzig_Volt_2024.txt
main;Lingenfeld_CDU_2024.txt;8fde9b72e7423eb2a0abf282f3117fe9d56e09aef7e7ed27db8dab0994397ae0;1004;GLMP-11FFF755FA;Lingenfeld;Rheinland-Pfalz;CDU;cdu;2024.0;Kommunalwahlprogramm Gemeinde;Gemeinde;Hauptkorpus: kommunales Wahlprogramm der Gemeinde;manifestos/Lingenfeld_CDU_2024.txt
main;Lingenfeld_Grüne_2024.txt;4fcada90464b8e00e2ae43ee7cf83b453e25a8eea74a04e6e1de2d20de075ddf;14179;GLMP-A6B17BDEA0;Lingenfeld;Rheinland-Pfalz;Grüne;gru;2024.0;Kommunalwahlprogramm Gemeinde;Gemeinde;Hauptkorpus: kommunales Wahlprogramm der Gemeinde;manifestos/Lingenfeld_Grüne_2024.txt
main;Lossatal_AfD_2024.txt;78d033ab515560d73bf7cfe372e52e1a696b4010e9b968eb3585810ac567e118;17215;GLMP-36AD3965CD;Lossatal;Sachsen;AfD;;2024.0;anderes kommunales Wahlprogramm;Landkreis und Gemeinden;Dokument in Zusatzordner klassifiziert;manifestos/Lossatal_AfD_2024.txt
main;Lossatal_BFWL_2024.txt;719c61172b20b7bd07fef46bfb2f400494f56c9a4e219c38da5267645a81b7c2;1575;GLMP-7D4CD1FBBF;Lossatal;Sachsen;BFWL;;2024.0;Kommunalwahlprogramm Gemeinde;Gemeinde;Hauptkorpus: kommunales Wahlprogramm der Gemeinde;manifestos/Lossatal_BFWL_2024.txt
main;Lossatal_CDU_2024.txt;bf706ea66dc5be9237f1cda39acc29f24248f6638c9ec98ab03a500788e70f80;22378;GLMP-484A93432D;Lossatal;Sachsen;CDU;cdu;2024.0;anderes kommunales Wahlprogramm;Landkreis und Gemeinden;Dokument in Zusatzordner klassifiziert;manifestos/Lossatal_CDU_2024.txt
main;Lossatal_Linke_2024.txt;44c563e5310f3d2772cd43658a6071cf54067c65600aecc365429b738759bd87;6651;GLMP-D223089FC7;Lossatal;Sachsen;Linke;;2024.0;anderes kommunales Wahlprogramm;Landkreis und Gemeinden;Dokument in Zusatzordner klassifiziert;manifestos/Lossatal_Linke_2024.txt
main;Luckau_UWG_2024.txt;f2db178fbee068d848b815cc0041e4b763e807a02f125245d71c1d0ec8cdc26a;2081;GLMP-AB15142F0E;Luckau;Brandenburg;UWG;;2024.0;Kommunalwahlprogramm Gemeinde;Gemeinde;Hauptkorpus: kommunales Wahlprogramm der Gemeinde;manifestos/Luckau_UWG_2024.txt
main;Ludwigsburg_AfD_2024.txt;f991325477b0400f260d3738884ee6ef66c36fb610c20e862b9b66142506a801;13182;GLMP-8F953C72D7;Ludwigsburg;Baden-Württemberg;AfD;;2024.0;Grundsatzprogramm;Landkreis;Dokument in Zusatzordner klassifiziert;manifestos/Ludwigsburg_AfD_2024.txt
main;Ludwigsburg_CDU_2024.txt;e5fb5911a097b5a580a7f60362a0f0def9f90ff0d9b379653c38d2ab3bbef187;30350;GLMP-BA6B12A35C;Ludwigsburg;Baden-Württemberg;CDU;cdu;2024.0;Kommunalwahlprogramm Gemeinde;Gemeinde;Hauptkorpus: kommunales Wahlprogramm der Gemeinde;manifestos/Ludwigsburg_CDU_2024.txt
main;Ludwigsburg_FDP_2024.txt;33a2efc39b8db4c1ef7c77ba61156cd1adaf7c2284af8289827ce624311a6c1d;20975;GLMP-EE256403DC;Ludwigsburg;Baden-Württemberg;FDP;fdp;2024.0;Kommunalwahlprogramm Gemeinde;Gemeinde;Hauptkorpus: kommunales Wahlprogramm der Gemeinde;manifestos/Ludwigsburg_FDP_2024.txt
main;Ludwigsburg_FWG_2024.txt;79c77879042019229686ecef3778d2f8cd7adfd0bc14a3d1e41087dc2f82caae;1600;GLMP-DA1E175D8D;Ludwigsburg;Baden-Württemberg;FWG;;2024.0;Kommunalwahlprogramm Gemeinde;Gemeinde;Hauptkorpus: kommunales Wahlprogramm der Gemeinde;manifestos/Ludwigsburg_FWG_2024.txt
main;Ludwigsburg_Grüne_2024.txt;ec8d46e3dce0ffbfad060b6891567bb8195ea4620e109b4d035753dec94a2060;41115;GLMP-9EDE943290;Ludwigsburg;Baden-Württemberg;Grüne;gru;2024.0;Kommunalwahlprogramm Gemeinde;Gemeinde;Hauptkorpus: kommunales Wahlprogramm der Gemeinde;manifestos/Ludwigsburg_Grüne_2024.txt
main;Ludwigsburg_SPD_2024.txt;013d4566ce3069c01dadc775ba24098e730385fbe6c635d31db45042a1161950;3462;GLMP-D2E397A21E;Ludwigsburg;Baden-Württemberg;SPD;spd;2024.0;Kommunalwahlprogramm Gemeinde;Gemeinde;Hauptkorpus: kommunales Wahlprogramm der Gemeinde;manifestos/Ludwigsburg_SPD_2024.txt
main;Ludwigshafen am Rhein_AfD_2024.txt;1b93615330524d08177b7d221f87fe58c3b5ece9416f26947fdaf4b9d1ced8d7;15327;GLMP-BCB771B9C9;Ludwigshafen am Rhein;Rheinland-Pfalz;AfD;;2024.0;Kommunalwahlprogramm Gemeinde;Gemeinde;Hauptkorpus: kommunales Wahlprogramm der Gemeinde;manifestos/Ludwigshafen am Rhein_AfD_2024.txt
main;Ludwigshafen am Rhein_CDU_2024.txt;dbbe4a83e2e85c1362505a344e68224fc0cadc4817fca24501e6b1dabdde71f9;4591;GLMP-4411DC4F04;Ludwigshafen am Rhein;Rheinland-Pfalz;CDU;cdu;2024.0;Kommunalwahlprogramm Gemeinde;Gemeinde;Hauptkorpus: kommunales Wahlprogramm der Gemeinde;manifestos/Ludwigshafen am Rhein_CDU_2024.txt
main;Ludwigshafen am Rhein_FDP_2024.txt;6e9fdffe06155d723c5da85085939762e1dc921a8f1cff46d546dc0a1b078ece;134034;GLMP-26CA32DD34;Ludwigshafen am Rhein;Rheinland-Pfalz;FDP;fdp;2024.0;anderes kommunales Wahlprogramm;Land;Dokument in Zusatzordner klassifiziert;manifestos/Ludwigshafen am Rhein_FDP_2024.txt
main;Ludwigshafen am Rhein_Grüne_2024.txt;b513ec8059d420c1e278e3ea31f236fdea7a9f98e4f52063b49e8a57ce05df39;59525;GLMP-7EDE7AD4A2;Ludwigshafen am Rhein;Rheinland-Pfalz;Grüne;gru;2024.0;Kommunalwahlprogramm Gemeinde;Gemeinde;Hauptkorpus: kommunales Wahlprogramm der Gemeinde;manifestos/Ludwigshafen am Rhein_Grüne_2024.txt
main;Ludwigshafen am Rhein_Linke_2024.txt;e03cebd5b499449bd205a008c82fd593206e6b92c644685273fa247b9e3e60ce;22206;GLMP-08EBFC72FD;Ludwigshafen am Rhein;Rheinland-Pfalz;Linke;;2024.0;anderes kommunales Wahlprogramm;Land;Dokument in Zusatzordner klassifiziert;manifestos/Ludwigshafen am Rhein_Linke_2024.txt
main;Ludwigshafen am Rhein_SPD_2024.txt;75263492a478ed356aea9e9964cb952eb76e60e306c6d8b4a6ac74786deb6be0;75599;GLMP-2B7CDC4905;Ludwigshafen am Rhein;Rheinland-Pfalz;SPD;spd;2024.0;Kommunalwahlprogramm Gemeinde;Gemeinde;Hauptkorpus: kommunales Wahlprogramm der Gemeinde;manifestos/Ludwigshafen am Rhein_SPD_2024.txt
main;Ludwigslust_AfL_2024.txt;12f9efe8c79346a758c1cf91f503916f02a38f984f7d5c84b23437072f5f533e;6997;GLMP-5EF7258E14;Ludwigslust;Mecklenburg-Vorpommern;AfL;;2024.0;Kommunalwahlprogramm Gemeinde;Gemeinde;Hauptkorpus: kommunales Wahlprogramm der Gemeinde;manifestos/Ludwigslust_AfL_2024.txt
main;Ludwigslust_CDU_2024.txt;ac5909af7a4e2b31c9914a2c3adeab0b1ba1911eedba8945c69b5193c930559d;56155;GLMP-FF7AFF5FEE;Ludwigslust;Mecklenburg-Vorpommern;CDU;cdu;2024.0;anderes kommunales Wahlprogramm;Landkreis und Gemeinden;Dokument in Zusatzordner klassifiziert;manifestos/Ludwigslust_CDU_2024.txt
main;Ludwigslust_Linke_2024.txt;78e7e5c7a48190cb6641e7d321d2f4541c2305bb45d1c5a78409023bb3f9e8d2;13257;GLMP-95C3C1D0A7;Ludwigslust;Mecklenburg-Vorpommern;Linke;;2024.0;anderes kommunales Wahlprogramm;Landkreis und Gemeinden;Dokument in Zusatzordner klassifiziert;manifestos/Ludwigslust_Linke_2024.txt
main;Ludwigslust_SPD_2024.txt;f0d5daa86cae21cf59418d60964958591c5d7f1ba68e24e98bf97ed144b485d4;39557;GLMP-7BE05691B5;Ludwigslust;Mecklenburg-Vorpommern;SPD;spd;2024.0;anderes kommunales Wahlprogramm;Landkreis und Gemeinden;Dokument in Zusatzordner klassifiziert;manifestos/Ludwigslust_SPD_2024.txt
main;Magdeburg_AfD_2024.txt;677914cff93995fd4008043db0e5bf21603b3fa305134fe06c3494607f2f50fa;76303;GLMP-F076C8D2E6;Magdeburg;Sachsen-Anhalt;AfD;;2024.0;Kommunalwahlprogramm Gemeinde;Gemeinde;Hauptkorpus: kommunales Wahlprogramm der Gemeinde;manifestos/Magdeburg_AfD_2024.txt
main;Magdeburg_CDU_2024.txt;f1fa2402dea668a9cb18487415a316608101f986e4a8f4a0f68cea537751bfa1;27348;GLMP-FBE4012A80;Magdeburg;Sachsen-Anhalt;CDU;cdu;2024.0;Kommunalwahlprogramm Gemeinde;Gemeinde;Hauptkorpus: kommunales Wahlprogramm der Gemeinde;manifestos/Magdeburg_CDU_2024.txt
main;Magdeburg_FDP_2024.txt;908d67a05c5641f99b44ac722af3856fadcb2237de0c1623318752994ce5d454;61133;GLMP-DC480BA1FE;Magdeburg;Sachsen-Anhalt;FDP;fdp;2024.0;Kommunalwahlprogramm Gemeinde;Gemeinde;Hauptkorpus: kommunales Wahlprogramm der Gemeinde;manifestos/Magdeburg_FDP_2024.txt
main;Magdeburg_Grüne_2024.txt;c8e939c6923ef7fe3f77d501b33f2ab5c67b001e6e31aa2453808d839a491451;67208;GLMP-1820169BE8;Magdeburg;Sachsen-Anhalt;Grüne;gru;2024.0;Kommunalwahlprogramm Gemeinde;Gemeinde;Hauptkorpus: kommunales Wahlprogramm der Gemeinde;manifestos/Magdeburg_Grüne_2024.txt
main;Magdeburg_Linke_2024.txt;e8469056e18edf38d824224ecc5c2d2c4a4e3f4108f012bedb7b24ee9995078e;48374;GLMP-6C8EA561DA;Magdeburg;Sachsen-Anhalt;Linke;;2024.0;Kommunalwahlprogramm Gemeinde;Gemeinde;Hauptkorpus: kommunales Wahlprogramm der Gemeinde;manifestos/Magdeburg_Linke_2024.txt
main;Magdeburg_SPD_2024.txt;d6ea9c13d7083d77b4f2a7d3313f6a33ad180ad6bb793704e52d161767eaa531;110560;GLMP-F24807DD11;Magdeburg;Sachsen-Anhalt;SPD;spd;2024.0;Kommunalwahlprogramm Gemeinde;Gemeinde;Hauptkorpus: kommunales Wahlprogramm der Gemeinde;manifestos/Magdeburg_SPD_2024.txt
main;Mainz_AfD_2024.txt;1b44f30c41151961b5df6cabe105e071105786c28ea88969dad7b7eba8bd8a56;17931;GLMP-BB48EA473B;Mainz;Rheinland-Pfalz;AfD;;2024.0;Kommunalwahlprogramm Gemeinde;Gemeinde;Hauptkorpus: kommunales Wahlprogramm der Gemeinde;manifestos/Mainz_AfD_2024.txt
main;Mainz_CDU_2024.txt;67e5e54fc8c1c0cf3b83842aeb866a33b3c5bbea466956895f45d59e908c07fc;30969;GLMP-436C2B221E;Mainz;Rheinland-Pfalz;CDU;cdu;2024.0;Kommunalwahlprogramm Gemeinde;Gemeinde;Hauptkorpus: kommunales Wahlprogramm der Gemeinde;manifestos/Mainz_CDU_2024.txt
main;Mainz_FDP_2024.txt;30f73ce92656687653e3a620caf7bfdc976589e8e9da9074c769987dacf031b0;49159;GLMP-BEC957570A;Mainz;Rheinland-Pfalz;FDP;fdp;2024.0;Kommunalwahlprogramm Gemeinde;Gemeinde;Hauptkorpus: kommunales Wahlprogramm der Gemeinde;manifestos/Mainz_FDP_2024.txt
main;Mainz_Grüne_2024.txt;570a4a49c375d2b6ee6fa0a42b4967bc089745d380e972144a8f242989915629;135483;GLMP-9A2F734270;Mainz;Rheinland-Pfalz;Grüne;gru;2024.0;Kommunalwahlprogramm Gemeinde;Gemeinde;Hauptkorpus: kommunales Wahlprogramm der Gemeinde;manifestos/Mainz_Grüne_2024.txt
main;Mainz_SPD_2024.txt;2d67f646e368f19148b0e67428a7894dcd97d0bd330cf2385b02c3ba8a0ac8a0;143979;GLMP-E4F66BB40B;Mainz;Rheinland-Pfalz;SPD;spd;2024.0;Kommunalwahlprogramm Gemeinde;Gemeinde;Hauptkorpus: kommunales Wahlprogramm der Gemeinde;manifestos/Mainz_SPD_2024.txt
main;Mandelbachtal_CDU_2024.txt;00ef2716ffa29d82b1d11b0da8667e68e0b45e0f4a0021f8e92423da62c1b5b2;2151;GLMP-B33E3323D0;Mandelbachtal;Saarland;CDU;cdu;2024.0;Kommunalwahlprogramm Gemeinde;Gemeinde;Hauptkorpus: kommunales Wahlprogramm der Gemeinde;manifestos/Mandelbachtal_CDU_2024.txt
main;Mandelbachtal_FWG_2024.txt;e2a5952e56e1975454d9cafa079d302a0b1dea4af0d779c1bd3d7bf5285f6ced;1417;GLMP-7B965D464D;Mandelbachtal;Saarland;FWG;;2024.0;Kommunalwahlprogramm Gemeinde;Gemeinde;Hauptkorpus: kommunales Wahlprogramm der Gemeinde;manifestos/Mandelbachtal_FWG_2024.txt
main;Mannheim_AfD_2024.txt;d0a2642d59c8dbdeda631c89ff8dbd1d8a133bf1545f3a4d2991abc723ca52ad;1609;GLMP-3BA4F65283;Mannheim;Baden-Württemberg;AfD;;2024.0;Kommunalwahlprogramm Gemeinde;Gemeinde;Hauptkorpus: kommunales Wahlprogramm der Gemeinde;manifestos/Mannheim_AfD_2024.txt
main;Mannheim_CDU_2024.txt;97ff73788dce314ffa0c789500633205a18f80ff8852adde1ac534a92714f282;27420;GLMP-2B13C42E5A;Mannheim;Baden-Württemberg;CDU;cdu;2024.0;Kommunalwahlprogramm Gemeinde;Gemeinde;Hauptkorpus: kommunales Wahlprogramm der Gemeinde;manifestos/Mannheim_CDU_2024.txt
main;Mannheim_FDP_2024.txt;bcc31f64f4a7f7c9f93b5ddfa97920d2178472e48ce626b8e4385847f45f08a2;162377;GLMP-56EF542CA0;Mannheim;Baden-Württemberg;FDP;fdp;2024.0;Kommunalwahlprogramm Gemeinde;Gemeinde;Hauptkorpus: kommunales Wahlprogramm der Gemeinde;manifestos/Mannheim_FDP_2024.txt
main;Mannheim_FWG_2024.txt;48689d75b5ad7ef1aabeea5825267562a2458186e146f769d52360953eec3166;4160;GLMP-2B087061FF;Mannheim;Baden-Württemberg;FWG;;2024.0;Kommunalwahlprogramm Gemeinde;Gemeinde;Hauptkorpus: kommunales Wahlprogramm der Gemeinde;manifestos/Mannheim_FWG_2024.txt
main;Mannheim_Grüne_2024.txt;d8460eb4b0df9d35f899033c229edff02cad2701f222232c89a7cefd42937660;203885;GLMP-9C36270785;Mannheim;Baden-Württemberg;Grüne;gru;2024.0;Kommunalwahlprogramm Gemeinde;Gemeinde;Hauptkorpus: kommunales Wahlprogramm der Gemeinde;manifestos/Mannheim_Grüne_2024.txt
main;Mannheim_Klimaliste_2024.txt;1476afd617035cd4c3c749d818c905ae132ebe1192db6db290f979dd06d9b135;3743;GLMP-C59CF4BD2F;Mannheim;Baden-Württemberg;Klimaliste;;2024.0;Kommunalwahlprogramm Gemeinde;Gemeinde;Hauptkorpus: kommunales Wahlprogramm der Gemeinde;manifestos/Mannheim_Klimaliste_2024.txt
main;Mannheim_Linke_2024.txt;97ff4be565a366ee047c2cfb3610206e0059db84c0dcd9807a1cfa821f37d0e3;200180;GLMP-49AC7E86E8;Mannheim;Baden-Württemberg;Linke;;2024.0;Kommunalwahlprogramm Gemeinde;Gemeinde;Hauptkorpus: kommunales Wahlprogramm der Gemeinde;manifestos/Mannheim_Linke_2024.txt
main;Mannheim_Mannheimer_2024.txt;4bc0a9e0d764585d24674c0b9741efe309667633f1b605405c62e3c03232d8ae;4426;GLMP-A73C71AF2B;Mannheim;Baden-Württemberg;Mannheimer;;2024.0;Kommunalwahlprogramm Gemeinde;Gemeinde;Hauptkorpus: kommunales Wahlprogramm der Gemeinde;manifestos/Mannheim_Mannheimer_2024.txt
main;Mannheim_SPD_2024.txt;7b9036e3af396b18e495816a16a4b18e292ee3cff7083a4f1f1237041f3e5e0b;80268;GLMP-F50CBCFF34;Mannheim;Baden-Württemberg;SPD;spd;2024.0;Kommunalwahlprogramm Gemeinde;Gemeinde;Hauptkorpus: kommunales Wahlprogramm der Gemeinde;manifestos/Mannheim_SPD_2024.txt
main;Marpingen_SPD_2024.txt;b76fbed3b379da4b63ecd05cfd5bb1fc6cad80dc75a1c549a5076edea4e88c3e;19436;GLMP-825F9A762B;Marpingen;Saarland;SPD;spd;2024.0;Kommunalwahlprogramm Gemeinde;Gemeinde;Hauptkorpus: kommunales Wahlprogramm der Gemeinde;manifestos/Marpingen_SPD_2024.txt
main;Meiningen_FDP_2024.txt;a67673d65878cbf82f1ee69c0bca3dbb52c5be9048df725b2824e4ba9c153e04;2777;GLMP-CCB8648004;Meiningen;Thüringen;FDP;fdp;2024.0;Kommunalwahlprogramm Gemeinde;Gemeinde;Hauptkorpus: kommunales Wahlprogramm der Gemeinde;manifestos/Meiningen_FDP_2024.txt
main;Meiningen_FWG_2024.txt;f91848198c26a3c860ee8a49e6351bf58f149b8fc363c3fd29d622f362339325;2220;GLMP-7EA8400012;Meiningen;Thüringen;FWG;;2024.0;Kommunalwahlprogramm Gemeinde;Gemeinde;Hauptkorpus: kommunales Wahlprogramm der Gemeinde;manifestos/Meiningen_FWG_2024.txt
main;Meiningen_Grüne_2024.txt;eca5d5961544705abd1a65ea4387b61d09ec69b6275aa5c9dbf1a7735121dc54;4938;GLMP-F78594619F;Meiningen;Thüringen;Grüne;gru;2024.0;Kommunalwahlprogramm Gemeinde;Gemeinde;Hauptkorpus: kommunales Wahlprogramm der Gemeinde;manifestos/Meiningen_Grüne_2024.txt
main;Meiningen_Linke_2024.txt;02a0eb9e259142aa9927e7462dd2138e13965abe351a001d35148fefc784cf60;3719;GLMP-FF7AC31792;Meiningen;Thüringen;Linke;;2024.0;Kommunalwahlprogramm Gemeinde;Gemeinde;Hauptkorpus: kommunales Wahlprogramm der Gemeinde;manifestos/Meiningen_Linke_2024.txt
main;Meiningen_Piraten_2024.txt;7b83d55f21206ada6d728a177ac2c15147ef0614273a9c1b3ed7beba9f09d62a;1190;GLMP-8689E92C01;Meiningen;Thüringen;Piraten;pir;2024.0;Kommunalwahlprogramm Gemeinde;Gemeinde;Hauptkorpus: kommunales Wahlprogramm der Gemeinde;manifestos/Meiningen_Piraten_2024.txt
main;Meiningen_SPD_2024.txt;fe9f8526cf1ea128cf4bfe19063dffb9b40852ca7c33f8d13e737327bad01c83;4180;GLMP-0C49712433;Meiningen;Thüringen;SPD;spd;2024.0;Kommunalwahlprogramm Gemeinde;Gemeinde;Hauptkorpus: kommunales Wahlprogramm der Gemeinde;manifestos/Meiningen_SPD_2024.txt
main;Mengen_FWG_2024.txt;8823beea937f771944e0ffa2824a8bda14836d95c4ba5d37539f1fda8f42c4e5;3789;GLMP-4C17DC6211;Mengen;Baden-Württemberg;FWG;;2024.0;anderes kommunales Wahlprogramm;Landkreis und Gemeinden;Dokument in Zusatzordner klassifiziert;manifestos/Mengen_FWG_2024.txt
main;Mengen_Grüne_2024.txt;b9b466f5efbd37f0302078ab44b6cab539e56f7421e027da097870ec8d7124da;3085;GLMP-AE4CAF47B2;Mengen;Baden-Württemberg;Grüne;gru;2024.0;anderes kommunales Wahlprogramm;Gemeinde;Dokument in Zusatzordner klassifiziert;manifestos/Mengen_Grüne_2024.txt
main;Mettlach_CDU_2024.txt;1df4a66de472e56381dd982b4f5001befd0a113d6bb389e39f61c67f62cb007f;17306;GLMP-1B359BF0D0;Mettlach;Saarland;CDU;cdu;2024.0;anderes kommunales Wahlprogramm;Landkreis und Gemeinden;Dokument in Zusatzordner klassifiziert;manifestos/Mettlach_CDU_2024.txt
main;Mettlach_Grüne_2024.txt;5a88a991df9c4b20b9bc1b5c93489e98a2169fd595e773442cc7448aa4a7d78f;12131;GLMP-86B9C1E3CE;Mettlach;Saarland;Grüne;gru;2024.0;anderes kommunales Wahlprogramm;Landkreis und Gemeinden;Dokument in Zusatzordner klassifiziert;manifestos/Mettlach_Grüne_2024.txt
main;Möckern_AfD_2024.txt;14342ae85dbd6da33be67c2ee3149d017122c989ae52d081ac5f7a55b1a8b17f;9385;GLMP-B6E18C0204;Möckern;Sachsen-Anhalt;AfD;;2024.0;anderes kommunales Wahlprogramm;Landkreis und Gemeinden;Dokument in Zusatzordner klassifiziert;manifestos/Möckern_AfD_2024.txt
main;Möckern_Grüne_2024.txt;5741114962101ba3de06eab0c14fd7a11ac688a97665b5c26b9cf710c3bcd121;57625;GLMP-536297C07A;Möckern;Sachsen-Anhalt;Grüne;gru;2024.0;anderes kommunales Wahlprogramm;Landkreis und Gemeinden;Dokument in Zusatzordner klassifiziert;manifestos/Möckern_Grüne_2024.txt
main;Möckern_SPD_2024.txt;430255e4e79580ae66dbe9b4fdff13f30cec0acaaba1fb271b9f30f20f8a6180;4883;GLMP-4DEC23FF92;Möckern;Sachsen-Anhalt;SPD;spd;2024.0;anderes kommunales Wahlprogramm;Landkreis;Dokument in Zusatzordner klassifiziert;manifestos/Möckern_SPD_2024.txt
main;Neubrandenburg_BfN_2024.txt;a9fe5c51bab3a0c78b64dcc313c6cd5e54ea2e552a3e12f3f020e8478f18845f;6131;GLMP-EA27C703D3;Neubrandenburg;Mecklenburg-Vorpommern;BfN;;2024.0;Kommunalwahlprogramm Gemeinde;Gemeinde;Hauptkorpus: kommunales Wahlprogramm der Gemeinde;manifestos/Neubrandenburg_BfN_2024.txt
main;Neubrandenburg_CDU_2024.txt;0c584e6f6683b05a86981f3d81821218e87b2f9eb6490f0ae11cf378faf7a5ef;12031;GLMP-29358E3CF1;Neubrandenburg;Mecklenburg-Vorpommern;CDU;cdu;2024.0;anderes kommunales Wahlprogramm;Landkreis und Gemeinden;Dokument in Zusatzordner klassifiziert;manifestos/Neubrandenburg_CDU_2024.txt
main;Neubrandenburg_Linke_2024.txt;b0cfefee85c5e856cda122b0a0e1122504cfe50cb0b6a7edb47d11080ccdd75d;3167;GLMP-E45D5B4CC3;Neubrandenburg;Mecklenburg-Vorpommern;Linke;;2024.0;Kommunalwahlprogramm Gemeinde;Gemeinde;Hauptkorpus: kommunales Wahlprogramm der Gemeinde;manifestos/Neubrandenburg_Linke_2024.txt
main;Neubrandenburg_SPD_2024.txt;6d82919f7d7895595a7279f1d246030d4ec75bf21df2022836cf3cb08bd48a93;8957;GLMP-BE258414F3;Neubrandenburg;Mecklenburg-Vorpommern;SPD;spd;2024.0;Kommunalwahlprogramm Gemeinde;Gemeinde;Hauptkorpus: kommunales Wahlprogramm der Gemeinde;manifestos/Neubrandenburg_SPD_2024.txt
main;Neuhaus am Rennweg_Linke_2024.txt;e96d1ba5f9aa02993fcd8639679ece29b95fddda9e8ee2dc1d0b8a9fc47317cf;3974;GLMP-1222902541;Neuhaus am Rennweg;Thüringen;Linke;;2024.0;Kommunalwahlprogramm Gemeinde;Gemeinde;Hauptkorpus: kommunales Wahlprogramm der Gemeinde;manifestos/Neuhaus am Rennweg_Linke_2024.txt
main;Neustadt an der Weinstraße_AfD_2024.txt;5590d43df8493e3bbfeee9daec86e176982447505876d9c891dd8331e1c1de54;11172;GLMP-134CB74659;Neustadt an der Weinstraße;Rheinland-Pfalz;AfD;;2024.0;Kommunalwahlprogramm Gemeinde;Gemeinde;Hauptkorpus: kommunales Wahlprogramm der Gemeinde;manifestos/Neustadt an der Weinstraße_AfD_2024.txt
main;Neustadt an der Weinstraße_CDU_2024.txt;5793540c65f29a067f68496894821654d4b638acfd4c25089dc9f742d4a027c8;7391;GLMP-A41514B647;Neustadt an der Weinstraße;Rheinland-Pfalz;CDU;cdu;2024.0;Kommunalwahlprogramm Gemeinde;Gemeinde;Hauptkorpus: kommunales Wahlprogramm der Gemeinde;manifestos/Neustadt an der Weinstraße_CDU_2024.txt
main;Neustadt an der Weinstraße_FDP_2024.txt;e0536dbb6c966439daf23df9d03a191919db870efe2aeb94d84160676955de7b;3147;GLMP-C84EE8B696;Neustadt an der Weinstraße;Rheinland-Pfalz;FDP;fdp;2024.0;Kommunalwahlprogramm Gemeinde;Gemeinde;Hauptkorpus: kommunales Wahlprogramm der Gemeinde;manifestos/Neustadt an der Weinstraße_FDP_2024.txt
main;Neustadt an der Weinstraße_FWG_2024.txt;97cfc0322d1a147c92758b82acfba4f0ab1c8cd34ecc8dc040ac7ae3a202a05b;58602;GLMP-8BAFBD2A31;Neustadt an der Weinstraße;Rheinland-Pfalz;FWG;;2024.0;Kommunalwahlprogramm Gemeinde;Gemeinde;Hauptkorpus: kommunales Wahlprogramm der Gemeinde;manifestos/Neustadt an der Weinstraße_FWG_2024.txt
main;Neustadt an der Weinstraße_Grüne_2024.txt;d16909de7ec8307fd1fd639571ac3583b027ce5b06fe17e6f11d7e46fcc7f1b8;59514;GLMP-A60F5C5AE6;Neustadt an der Weinstraße;Rheinland-Pfalz;Grüne;gru;2024.0;Kommunalwahlprogramm Gemeinde;Gemeinde;Hauptkorpus: kommunales Wahlprogramm der Gemeinde;manifestos/Neustadt an der Weinstraße_Grüne_2024.txt
main;Neustadt an der Weinstraße_SPD_2024.txt;d57ed3774f86d515d9020dcb7fbfbaa8091fdb292d3fb01187199bdc3aea9376;14906;GLMP-AB8FB9E55F;Neustadt an der Weinstraße;Rheinland-Pfalz;SPD;spd;2024.0;Kommunalwahlprogramm Gemeinde;Gemeinde;Hauptkorpus: kommunales Wahlprogramm der Gemeinde;manifestos/Neustadt an der Weinstraße_SPD_2024.txt
main;Neustadt-Glewe_CDU_2024.txt;abaaa5259d0242091af6f85f3a99f03c70643f5ab4171d66141d16ebfd852a70;56889;GLMP-E17211A41C;Neustadt-Glewe;Mecklenburg-Vorpommern;CDU;cdu;2024.0;anderes kommunales Wahlprogramm;Landkreis und Gemeinden;Dokument in Zusatzordner klassifiziert;manifestos/Neustadt-Glewe_CDU_2024.txt
main;Neustadt-Glewe_Linke_2024.txt;3f0fc0b4bd60a903f01a1e41bb3ebf78dc5d811786c0c5d54375f65c9a8fdc7e;1145;GLMP-DAF41C9A53;Neustadt-Glewe;Mecklenburg-Vorpommern;Linke;;2024.0;Kommunalwahlprogramm Gemeinde;Gemeinde;Hauptkorpus: kommunales Wahlprogramm der Gemeinde;manifestos/Neustadt-Glewe_Linke_2024.txt
main;Neustadt-Glewe_SPD_2024.txt;bc909a31de3ae58b95f14468c65350172ccc032027151d22c2c580affe17339a;40212;GLMP-6413351DB3;Neustadt-Glewe;Mecklenburg-Vorpommern;SPD;spd;2024.0;anderes kommunales Wahlprogramm;Landkreis und Gemeinden;Dokument in Zusatzordner klassifiziert;manifestos/Neustadt-Glewe_SPD_2024.txt
main;Neustrelitz_Einzelbewerberin Preuß_2024.txt;b667708654e14fd3b761102a86841374e354833e2105b9acb26a7d32cff19050;1967;GLMP-2E3C5C92D0;Neustrelitz;Mecklenburg-Vorpommern;Einzelbewerberin Preuß;;2024.0;Kommunalwahlprogramm Gemeinde;Gemeinde;Hauptkorpus: kommunales Wahlprogramm der Gemeinde;manifestos/Neustrelitz_Einzelbewerberin Preuß_2024.txt
main;Neustrelitz_Grüne_2024.txt;a3e09209ef25cfaadc57d99a2df51bb64a5b584fd11e680477a90049549223b4;34042;GLMP-4AFC5C2B45;Neustrelitz;Mecklenburg-Vorpommern;Grüne;gru;2024.0;anderes kommunales Wahlprogramm;Landkreis;Dokument in Zusatzordner klassifiziert;manifestos/Neustrelitz_Grüne_2024.txt
main;Neustrelitz_Linke_2024.txt;7a5e5daf284796281c6af1cd171768dd3e6210076ae15a55d8bda57d60988f52;1960;GLMP-25886DE7A8;Neustrelitz;Mecklenburg-Vorpommern;Linke;;2024.0;Kommunalwahlprogramm Gemeinde;Gemeinde;Hauptkorpus: kommunales Wahlprogramm der Gemeinde;manifestos/Neustrelitz_Linke_2024.txt
main;Neustrelitz_puls_2024.txt;ed20230cfe2b1b484e703d126d74e30b7e7d7653d90e02ba68f552dd70b03ee4;3362;GLMP-D04987A181;Neustrelitz;Mecklenburg-Vorpommern;puls;;2024.0;Kommunalwahlprogramm Gemeinde;Gemeinde;Hauptkorpus: kommunales Wahlprogramm der Gemeinde;manifestos/Neustrelitz_puls_2024.txt
main;Neuwied_FDP_2024.txt;4202f10a25b476b0ad8f0e873d7f5a721e076e045afc688b2ee715b584b6a201;37439;GLMP-AE5697F2EF;Neuwied;Rheinland-Pfalz;FDP;fdp;2024.0;Kommunalwahlprogramm Gemeinde;Gemeinde;Hauptkorpus: kommunales Wahlprogramm der Gemeinde;manifestos/Neuwied_FDP_2024.txt
main;Neuwied_Grüne_2024.txt;63dd8f89a059927de246d77daef927928cec46fd0bcb9756b972370f6f6c29ff;21609;GLMP-48EFBCFE17;Neuwied;Rheinland-Pfalz;Grüne;gru;2024.0;anderes kommunales Wahlprogramm;Landkreis;Dokument in Zusatzordner klassifiziert;manifestos/Neuwied_Grüne_2024.txt
main;Neuwied_Linke_2024.txt;b3c11769479752b8f451a22baf9a8a494b538ea3333dd4055c804640735fb9ec;21934;GLMP-47633153A3;Neuwied;Rheinland-Pfalz;Linke;;2024.0;anderes kommunales Wahlprogramm;Land;Dokument in Zusatzordner klassifiziert;manifestos/Neuwied_Linke_2024.txt
main;Neuwied_SPD_2024.txt;1df2186febba7297ea1cb65143ff83d1a609f1c5dcaf88c8500227a3a05c2b6b;11672;GLMP-B50C385C9F;Neuwied;Rheinland-Pfalz;SPD;spd;2024.0;Kommunalwahlprogramm Gemeinde;Gemeinde;Hauptkorpus: kommunales Wahlprogramm der Gemeinde;manifestos/Neuwied_SPD_2024.txt
main;Nieder-Olm_CDU_2024.txt;f24a7ba11c659cb37f28265732829a36e3b3062a40ffecdacd5e120668d10781;3852;GLMP-E4304CCCA3;Nieder-Olm;Rheinland-Pfalz;CDU;cdu;2024.0;Kommunalwahlprogramm Gemeinde;Gemeinde;Hauptkorpus: kommunales Wahlprogramm der Gemeinde;manifestos/Nieder-Olm_CDU_2024.txt
main;Nieder-Olm_FDP_2024.txt;d562ac8a35264ccca9299e879a58225bd9e82d3ce49e7833c60aed2968722e1b;2407;GLMP-C876D4D1DF;Nieder-Olm;Rheinland-Pfalz;FDP;fdp;2024.0;Kommunalwahlprogramm Gemeinde;Gemeinde;Hauptkorpus: kommunales Wahlprogramm der Gemeinde;manifestos/Nieder-Olm_FDP_2024.txt
main;Nieder-Olm_FWG_2024.txt;dbbf1c1224efb4020484aca65b0ad1696ecb3845c8abcb6dde32fbae62b00ac3;2880;GLMP-DCF593B97E;Nieder-Olm;Rheinland-Pfalz;FWG;;2024.0;Kommunalwahlprogramm Gemeinde;Gemeinde;Hauptkorpus: kommunales Wahlprogramm der Gemeinde;manifestos/Nieder-Olm_FWG_2024.txt
main;Nieder-Olm_Grüne_2024.txt;59dcd36f03aca14d4e15aa1a67792696209f209d3c98161f41f685dbd6dd7205;6263;GLMP-E3F3B92BB1;Nieder-Olm;Rheinland-Pfalz;Grüne;gru;2024.0;Kommunalwahlprogramm Gemeinde;Gemeinde;Hauptkorpus: kommunales Wahlprogramm der Gemeinde;manifestos/Nieder-Olm_Grüne_2024.txt
main;Nieder-Olm_SPD_2024.txt;9a0ffdc4959e50ab7e015c85ed0b218006edacbbeaa13fd3eb3f51e26547d44f;801;GLMP-6EE9238CE2;Nieder-Olm;Rheinland-Pfalz;SPD;spd;2024.0;Kommunalwahlprogramm Gemeinde;Gemeinde;Hauptkorpus: kommunales Wahlprogramm der Gemeinde;manifestos/Nieder-Olm_SPD_2024.txt
main;Nobitz_Linke_2024.txt;65118614ed45a4cca77ecd46663eff00f70937f1c9f11e25fe5066383e946e96;19985;GLMP-743203AB16;Nobitz;Thüringen;Linke;;2024.0;anderes kommunales Wahlprogramm;Landkreis und Gemeinden;Dokument in Zusatzordner klassifiziert;manifestos/Nobitz_Linke_2024.txt
main;Nohfelden_CDU_2024.txt;0d8ac668a7cbaaa204de913acbfbc7b97db185276c73bd70ed0fadd3398d4e7e;54527;GLMP-B98ADAC857;Nohfelden;Saarland;CDU;cdu;2024.0;anderes kommunales Wahlprogramm;Landkreis;Dokument in Zusatzordner klassifiziert;manifestos/Nohfelden_CDU_2024.txt
main;Nohfelden_FDP_2024.txt;19974e010052e6daed7f3cfe1498f83162c863a824e81918f32664629904125e;9571;GLMP-1D079ECAA5;Nohfelden;Saarland;FDP;fdp;2024.0;anderes kommunales Wahlprogramm;Landkreis;Dokument in Zusatzordner klassifiziert;manifestos/Nohfelden_FDP_2024.txt
main;Oberlungwitz_CDU_2024.txt;8b05d5ba390f48c5c1f525e99e45d2028e899dbe7ae05ba4c1367a5471bc81b8;10205;GLMP-F9E734A6EF;Oberlungwitz;Sachsen;CDU;cdu;2024.0;anderes kommunales Wahlprogramm;Landkreis und Gemeinden;Dokument in Zusatzordner klassifiziert;manifestos/Oberlungwitz_CDU_2024.txt
main;Oberlungwitz_FDP_2024.txt;366014ccd3c541f2d7e3629277fca7547a30ee05e7d04af24fe8826d2ec6fb32;8675;GLMP-6DD991954D;Oberlungwitz;Sachsen;FDP;fdp;2024.0;anderes kommunales Wahlprogramm;Landkreis;Dokument in Zusatzordner klassifiziert;manifestos/Oberlungwitz_FDP_2024.txt
main;Oberlungwitz_Linke_2024.txt;bd7ffaea0556702ad0f0aca6532dd9f2309e8c6507061c1a193dfb77e725da5a;1854;GLMP-01EBE30606;Oberlungwitz;Sachsen;Linke;;2024.0;anderes kommunales Wahlprogramm;Landkreis;Dokument in Zusatzordner klassifiziert;manifestos/Oberlungwitz_Linke_2024.txt
main;Oberlungwitz_SPD_2024.txt;da0f23212ea4cb2b967f32d3612f2e2ddbe90a0ff2adf1bef8ba900394cd28e6;2312;GLMP-D103473C02;Oberlungwitz;Sachsen;SPD;spd;2024.0;anderes kommunales Wahlprogramm;Landkreis;Dokument in Zusatzordner klassifiziert;manifestos/Oberlungwitz_SPD_2024.txt
main;Oberthal_SPD_2024.txt;4c431b5a3c8a9dcd5fc8c7d1507a6b238633f3a268437730577371144019d991;545;GLMP-F89432C9BF;Oberthal;Saarland;SPD;spd;2024.0;Kommunalwahlprogramm Gemeinde;Gemeinde;Hauptkorpus: kommunales Wahlprogramm der Gemeinde;manifestos/Oberthal_SPD_2024.txt
main;Oebisfelde-Weferlingen_AfD_2024.txt;2fe8e19ee3ccfdbaa931211e457c0f4cc394de72f2bd9487817a957952235456;29254;GLMP-227254B81A;Oebisfelde-Weferlingen;Sachsen-Anhalt;AfD;;2024.0;anderes kommunales Wahlprogramm;Landkreis und Gemeinden;Dokument in Zusatzordner klassifiziert;manifestos/Oebisfelde-Weferlingen_AfD_2024.txt
main;Oebisfelde-Weferlingen_CDU_2024.txt;c714fc30f4c3621f3586389641232df42b82a61ec99f3287080970fd446d1137;1601;GLMP-54722FB317;Oebisfelde-Weferlingen;Sachsen-Anhalt;CDU;cdu;2024.0;Kommunalwahlprogramm Gemeinde;Gemeinde;Hauptkorpus: kommunales Wahlprogramm der Gemeinde;manifestos/Oebisfelde-Weferlingen_CDU_2024.txt
main;Oebisfelde-Weferlingen_Linke_2024.txt;c96e4b8917363f04487243e0b48c05c5e748961ab5e9e469f2c4ae3da47efdd6;4341;GLMP-4EA8704E24;Oebisfelde-Weferlingen;Sachsen-Anhalt;Linke;;2024.0;Kommunalwahlprogramm Gemeinde;Gemeinde;Hauptkorpus: kommunales Wahlprogramm der Gemeinde;manifestos/Oebisfelde-Weferlingen_Linke_2024.txt
main;Oebisfelde-Weferlingen_SPD_2024.txt;9e07baf5936fb432d600e85d1409abd868813c597a08ed6d6e1e1a379571da3e;5442;GLMP-18F920F7FB;Oebisfelde-Weferlingen;Sachsen-Anhalt;SPD;spd;2024.0;anderes kommunales Wahlprogramm;Landkreis und Gemeinden;Dokument in Zusatzordner klassifiziert;manifestos/Oebisfelde-Weferlingen_SPD_2024.txt
main;Oebisfelde-Weferlingen_WfO_2024.txt;c3e798e24e16ff3985a22691b679beeabea70666ed3fba80c8e8a21cd8fe5b57;2083;GLMP-0E3928ABDF;Oebisfelde-Weferlingen;Sachsen-Anhalt;WfO;;2024.0;Kommunalwahlprogramm Gemeinde;Gemeinde;Hauptkorpus: kommunales Wahlprogramm der Gemeinde;manifestos/Oebisfelde-Weferlingen_WfO_2024.txt
main;Oedheim_CDU_2024.txt;401e16a040beebd45e7e1d3cb712ead9d68aee9938a760ea66297486995b676e;1556;GLMP-2EE120B4D4;Oedheim;Baden-Württemberg;CDU;cdu;2024.0;Kommunalwahlprogramm Gemeinde;Gemeinde;Hauptkorpus: kommunales Wahlprogramm der Gemeinde;manifestos/Oedheim_CDU_2024.txt
main;Oedheim_FWG_2024.txt;2da95c89bc97ff6cd94475e183f9bd47b96b7db56d59955ce3539e528084394e;3642;GLMP-65B5F7B453;Oedheim;Baden-Württemberg;FWG;;2024.0;Kommunalwahlprogramm Gemeinde;Gemeinde;Hauptkorpus: kommunales Wahlprogramm der Gemeinde;manifestos/Oedheim_FWG_2024.txt
main;Oedheim_SPD_2024.txt;cde34982628b5a4629c41f586363e816f927f82f0e92902f54e6e7fc008466b3;2383;GLMP-10443C8397;Oedheim;Baden-Württemberg;SPD;spd;2024.0;Kommunalwahlprogramm Gemeinde;Gemeinde;Hauptkorpus: kommunales Wahlprogramm der Gemeinde;manifestos/Oedheim_SPD_2024.txt
main;Offenburg_CDU_2024.txt;b65c0e32b85817f3191c8db166f22bf7380650dbde47fb683f97001953057c8e;13786;GLMP-9C77629F4B;Offenburg;Baden-Württemberg;CDU;cdu;2024.0;Kommunalwahlprogramm Gemeinde;Gemeinde;Hauptkorpus: kommunales Wahlprogramm der Gemeinde;manifestos/Offenburg_CDU_2024.txt
main;Offenburg_FDP_2024.txt;0234a24fc96993a5e366a5d3e02a5d2f31cde5d6781a77269a33588a0e82e452;10066;GLMP-82F79C6ADF;Offenburg;Baden-Württemberg;FDP;fdp;2024.0;anderes kommunales Wahlprogramm;Landkreis;Dokument in Zusatzordner klassifiziert;manifestos/Offenburg_FDP_2024.txt
main;Offenburg_FWG_2024.txt;1908d33b77f3d61eb2c5d6a8b91072b90baa599b7818347798603159ad365003;6246;GLMP-B3E6665190;Offenburg;Baden-Württemberg;FWG;;2024.0;Kommunalwahlprogramm Gemeinde;Gemeinde;Hauptkorpus: kommunales Wahlprogramm der Gemeinde;manifestos/Offenburg_FWG_2024.txt
main;Offenburg_Grüne_2024.txt;31238044b055320f4b0e505bcac1aba3c1be3fa545459dcb2df4e4756e602677;3980;GLMP-F706049863;Offenburg;Baden-Württemberg;Grüne;gru;2024.0;Kommunalwahlprogramm Gemeinde;Gemeinde;Hauptkorpus: kommunales Wahlprogramm der Gemeinde;manifestos/Offenburg_Grüne_2024.txt
main;Offenburg_SPD_2024.txt;50bb243f75c5f8c3cbbfad1880cdc3f593e447e423663546e3c1ebc798e50ed0;1653;GLMP-383DD32D23;Offenburg;Baden-Württemberg;SPD;spd;2024.0;Kommunalwahlprogramm Gemeinde;Gemeinde;Hauptkorpus: kommunales Wahlprogramm der Gemeinde;manifestos/Offenburg_SPD_2024.txt
main;Osthofen_AfD_2024.txt;728b8ca7d4bc863206cb61bdac4f65c837503a4edbdbab82dbe6fc64a1705f7c;15988;GLMP-EAB6050F50;Osthofen;Rheinland-Pfalz;AfD;;2024.0;anderes kommunales Wahlprogramm;Land;Dokument in Zusatzordner klassifiziert;manifestos/Osthofen_AfD_2024.txt
main;Osthofen_Grüne_2024.txt;1e432f46a27b23152fb575ff6d6aaf044e1b30421769059d7fe2e3588615ee82;5403;GLMP-8F2FC13E9A;Osthofen;Rheinland-Pfalz;Grüne;gru;2024.0;anderes kommunales Wahlprogramm;Landkreis und Gemeinden;Dokument in Zusatzordner klassifiziert;manifestos/Osthofen_Grüne_2024.txt
main;Ottweiler_CDU_2024.txt;cae1c59d76cc2c9d3d47f15afd3fc45bb1ed97c0e93af7b7b8aadedc6f85b109;2827;GLMP-D8C77F3439;Ottweiler;Saarland;CDU;cdu;2024.0;Kommunalwahlprogramm Gemeinde;Gemeinde;Hauptkorpus: kommunales Wahlprogramm der Gemeinde;manifestos/Ottweiler_CDU_2024.txt
main;Ottweiler_SPD_2024.txt;597d30a7fab56911a1a3b789e89304e47885f97dfa8eccec686a4bfce5c2237b;702;GLMP-58A097CA05;Ottweiler;Saarland;SPD;spd;2024.0;Kommunalwahlprogramm Gemeinde;Gemeinde;Hauptkorpus: kommunales Wahlprogramm der Gemeinde;manifestos/Ottweiler_SPD_2024.txt
main;Pasewalk_Bürgerbündnis_2024.txt;5f47af712a760662ad9ed2d24d2e4c47814c5c0b948ebd240bb08ba1dc9b1103;1378;GLMP-7FDE152054;Pasewalk;Mecklenburg-Vorpommern;Bürgerbündnis;;2024.0;Kommunalwahlprogramm Gemeinde;Gemeinde;Hauptkorpus: kommunales Wahlprogramm der Gemeinde;manifestos/Pasewalk_Bürgerbündnis_2024.txt
main;Pasewalk_CDU_2024.txt;dda2c225d3fe6ec40e1662574df347a5ab13519226441d5df0130fad5825d4bd;364;GLMP-3126E21CB9;Pasewalk;Mecklenburg-Vorpommern;CDU;cdu;2024.0;Kommunalwahlprogramm Gemeinde;Gemeinde;Hauptkorpus: kommunales Wahlprogramm der Gemeinde;manifestos/Pasewalk_CDU_2024.txt
main;Petersberg_PROKK_2024.txt;fbbffd68b65de803a94de09ee786647910fdc1542bca719865488341cc27ceb5;1698;GLMP-A41389685C;Petersberg;Sachsen-Anhalt;PROKK;;2024.0;Kommunalwahlprogramm Gemeinde;Gemeinde;Hauptkorpus: kommunales Wahlprogramm der Gemeinde;manifestos/Petersberg_PROKK_2024.txt
main;Pforzheim_CDU_2024.txt;3fad6db38ebc8c7bfa209909772b84567539f780ff8f7bb2fb02d2c0cdefcf3e;12175;GLMP-5273805D61;Pforzheim;Baden-Württemberg;CDU;cdu;2024.0;Kommunalwahlprogramm Gemeinde;Gemeinde;Hauptkorpus: kommunales Wahlprogramm der Gemeinde;manifestos/Pforzheim_CDU_2024.txt
main;Pforzheim_Grüne_2024.txt;143f9ba6ef7837f3baf984dcdb53df5a4161f59d4ac217391af3ed6d5eb6ffa5;1186;GLMP-49791F087D;Pforzheim;Baden-Württemberg;Grüne;gru;2024.0;Kommunalwahlprogramm Gemeinde;Gemeinde;Hauptkorpus: kommunales Wahlprogramm der Gemeinde;manifestos/Pforzheim_Grüne_2024.txt
main;Pforzheim_Grüne Liste_2024.txt;962072ef205c7e5367cbe1d6d4c36faac253ff0e60ac36cea17587e86f12832d;4460;GLMP-FC5E374B52;Pforzheim;Baden-Württemberg;Grüne Liste;;2024.0;Kommunalwahlprogramm Gemeinde;Gemeinde;Hauptkorpus: kommunales Wahlprogramm der Gemeinde;manifestos/Pforzheim_Grüne Liste_2024.txt
main;Pforzheim_Linke_2024.txt;0fe58adce0e782e84d0434b9edd46658415eec5f4b346952806ce9510f002b33;3535;GLMP-311827345B;Pforzheim;Baden-Württemberg;Linke;;2024.0;Kommunalwahlprogramm Gemeinde;Gemeinde;Hauptkorpus: kommunales Wahlprogramm der Gemeinde;manifestos/Pforzheim_Linke_2024.txt
main;Pforzheim_SPD_2024.txt;2cd302c76b7fe204d2ff048f48f418691fc2f8b11ac49ce07965d7e5fc05256c;15840;GLMP-484EFC934C;Pforzheim;Baden-Württemberg;SPD;spd;2024.0;Kommunalwahlprogramm Gemeinde;Gemeinde;Hauptkorpus: kommunales Wahlprogramm der Gemeinde;manifestos/Pforzheim_SPD_2024.txt
main;Pforzheim_Sarow Liste_2024.txt;d425b20f473f51d36333b553c6af6850658d00395393fa7e38561f1846ba9ba5;3161;GLMP-66791E643A;Pforzheim;Baden-Württemberg;Sarow Liste;;2024.0;Kommunalwahlprogramm Gemeinde;Gemeinde;Hauptkorpus: kommunales Wahlprogramm der Gemeinde;manifestos/Pforzheim_Sarow Liste_2024.txt
main;Pforzheim_Unabhängige Bürger Pforzheim_2024.txt;ad29fcb15306266355caff49230190d756922225f3fb0ec0b9dead5283fef4ff;2468;GLMP-6431EA4132;Pforzheim;Baden-Württemberg;Unabhängige Bürger Pforzheim;;2024.0;Kommunalwahlprogramm Gemeinde;Gemeinde;Hauptkorpus: kommunales Wahlprogramm der Gemeinde;manifestos/Pforzheim_Unabhängige Bürger Pforzheim_2024.txt
main;Pforzheim_WiP_2024.txt;f772200e5c6cbd9de0ef533f1c1c72ea6e7f8811122d9e35a2f0f8bdcfa8b7a8;1943;GLMP-CDAFBE7F8C;Pforzheim;Baden-Württemberg;WiP;;2024.0;Kommunalwahlprogramm Gemeinde;Gemeinde;Hauptkorpus: kommunales Wahlprogramm der Gemeinde;manifestos/Pforzheim_WiP_2024.txt
main;Pforzheim_ZfP_2024.txt;fa102ca5d5d3c36587897b6f752b3cfb197ce345d24f12162e7ca91c2719aa3f;4520;GLMP-545621438D;Pforzheim;Baden-Württemberg;ZfP;;2024.0;Kommunalwahlprogramm Gemeinde;Gemeinde;Hauptkorpus: kommunales Wahlprogramm der Gemeinde;manifestos/Pforzheim_ZfP_2024.txt
main;Plau am See_CDU_2024.txt;0e5bb3545ade354e35eef9e6070ce4f6d0db86596a29dad27f1e6781ac668f4c;56081;GLMP-4B12BADA2E;Plau am See;Mecklenburg-Vorpommern;CDU;cdu;2024.0;anderes kommunales Wahlprogramm;Landkreis und Gemeinden;Dokument in Zusatzordner klassifiziert;manifestos/Plau am See_CDU_2024.txt
main;Plau am See_SPD_2024.txt;b96e845ee9d3b63147bfe9d5b19ffd9e9cbd275e9dff05fadeef2e525aa8ec1c;39655;GLMP-203F8F465A;Plau am See;Mecklenburg-Vorpommern;SPD;spd;2024.0;anderes kommunales Wahlprogramm;Landkreis und Gemeinden;Dokument in Zusatzordner klassifiziert;manifestos/Plau am See_SPD_2024.txt
main;Plau am See_WLD_2024.txt;4db0ddb658a58482973bb04840adc77e16a83a6bc7c72bbb364a6fa32d5dc7f9;2380;GLMP-C70C5DF80F;Plau am See;Mecklenburg-Vorpommern;WLD;;2024.0;Kommunalwahlprogramm Gemeinde;Gemeinde;Hauptkorpus: kommunales Wahlprogramm der Gemeinde;manifestos/Plau am See_WLD_2024.txt
main;Plauen_CDU_2024.txt;ce542afd1a05b2c49bc1c062bfb89456b9fa6c45ad6277a24a7f7cf3f69a4866;11805;GLMP-786B370D32;Plauen;Sachsen;CDU;cdu;2024.0;Kommunalwahlprogramm Gemeinde;Gemeinde;Hauptkorpus: kommunales Wahlprogramm der Gemeinde;manifestos/Plauen_CDU_2024.txt
main;Plauen_FDP_2024.txt;b47b3ed9e15defd2b6687ddd7ef6bf76020c93aa7979b686c3ec2a23e3fcf2a9;19609;GLMP-41073082C4;Plauen;Sachsen;FDP;fdp;2024.0;anderes kommunales Wahlprogramm;Landkreis und Gemeinden;Dokument in Zusatzordner klassifiziert;manifestos/Plauen_FDP_2024.txt
main;Plauen_Grüne_2024.txt;d0c22c42b35e74970ddcf4b3d340732bb1b6f6f380945576a2908fc6e7999a2c;5365;GLMP-A6C838FC56;Plauen;Sachsen;Grüne;gru;2024.0;anderes kommunales Wahlprogramm;Landkreis;Dokument in Zusatzordner klassifiziert;manifestos/Plauen_Grüne_2024.txt
main;Plauen_Linke_2024.txt;de6981a0f3e9aab2ad5b42840e513687ddadc971b433a9f5e2489aed848881d8;4070;GLMP-79FCC77213;Plauen;Sachsen;Linke;;2024.0;anderes kommunales Wahlprogramm;Landkreis;Dokument in Zusatzordner klassifiziert;manifestos/Plauen_Linke_2024.txt
main;Plauen_SPD_2024.txt;1b148a9945bacec0319bf61cb8ce824f939baceab495e3bc01faa5314ece4060;26038;GLMP-579B2F58F3;Plauen;Sachsen;SPD;spd;2024.0;Kommunalwahlprogramm Gemeinde;Gemeinde;Hauptkorpus: kommunales Wahlprogramm der Gemeinde;manifestos/Plauen_SPD_2024.txt
main;Potsdam_AfD_2024.txt;1676df55e76a5dae72c5193f2f2d81c5cc98ccd74509b5cd9fa5631d445d7991;63752;GLMP-6FEB330009;Potsdam;Brandenburg;AfD;;2024.0;Kommunalwahlprogramm Gemeinde;Gemeinde;Hauptkorpus: kommunales Wahlprogramm der Gemeinde;manifestos/Potsdam_AfD_2024.txt
main;Potsdam_CDU_2024.txt;c322d67e326d5960f3f55b9dba4c8339c299a285d4896059e95e9701a0e873cf;39679;GLMP-FB67C89781;Potsdam;Brandenburg;CDU;cdu;2024.0;Kommunalwahlprogramm Gemeinde;Gemeinde;Hauptkorpus: kommunales Wahlprogramm der Gemeinde;manifestos/Potsdam_CDU_2024.txt
main;Potsdam_FDP_2024.txt;334ec07fcacec4a3dce418973fef858270cae340f24cd0e83c0ca629ee0b2e37;35520;GLMP-D76AFCA6D2;Potsdam;Brandenburg;FDP;fdp;2024.0;Kommunalwahlprogramm Gemeinde;Gemeinde;Hauptkorpus: kommunales Wahlprogramm der Gemeinde;manifestos/Potsdam_FDP_2024.txt
main;Potsdam_Grüne_2024.txt;5d979819144c4a37b6b0d9831042d43b253725f377c5528c635c912f7438706a;102476;GLMP-A2F49CB898;Potsdam;Brandenburg;Grüne;gru;2024.0;Kommunalwahlprogramm Gemeinde;Gemeinde;Hauptkorpus: kommunales Wahlprogramm der Gemeinde;manifestos/Potsdam_Grüne_2024.txt
main;Potsdam_Linke_2024.txt;673c7bb1de76c0b220d567f91fe736109fa36c0b0c96f414f973f9132be1fd7f;45969;GLMP-5B4A614975;Potsdam;Brandenburg;Linke;;2024.0;Kommunalwahlprogramm Gemeinde;Gemeinde;Hauptkorpus: kommunales Wahlprogramm der Gemeinde;manifestos/Potsdam_Linke_2024.txt
main;Potsdam_SPD_2024.txt;dd0398420e0943d797216263ded9c0a106726f672c178ff576f4d3495172b189;6848;GLMP-7D62424331;Potsdam;Brandenburg;SPD;spd;2024.0;Kommunalwahlprogramm Gemeinde;Gemeinde;Hauptkorpus: kommunales Wahlprogramm der Gemeinde;manifestos/Potsdam_SPD_2024.txt
main;Premnitz_AfD_2024.txt;e6f218f31a3bc5e20eb6ce9b53f94f0a530ffe3c35b21857bab33a4081966c4e;21618;GLMP-99C1341016;Premnitz;Brandenburg;AfD;;2024.0;anderes kommunales Wahlprogramm;Landkreis und Gemeinden;Dokument in Zusatzordner klassifiziert;manifestos/Premnitz_AfD_2024.txt
main;Premnitz_CDU_2024.txt;381504d4e798c971a9b21c7e7c8f1970c10c585385d98a2e115c7bb028aa1700;14499;GLMP-DD08DB0B4D;Premnitz;Brandenburg;CDU;cdu;2024.0;anderes kommunales Wahlprogramm;Landkreis;Dokument in Zusatzordner klassifiziert;manifestos/Premnitz_CDU_2024.txt
main;Premnitz_Linke_2024.txt;bf70292f19bf6110aa3400195b6ddcb79b7d1cb4cddaa808cf0fd58bd5880e76;16865;GLMP-1C1A03728E;Premnitz;Brandenburg;Linke;;2024.0;anderes kommunales Wahlprogramm;Landkreis und Gemeinden;Dokument in Zusatzordner klassifiziert;manifestos/Premnitz_Linke_2024.txt
main;Premnitz_SPD_2024.txt;0dac5d878185c1af61a719da0e81452e45968c2d81ddf756308ca59326b0c9c9;27336;GLMP-49EF7B7F80;Premnitz;Brandenburg;SPD;spd;2024.0;anderes kommunales Wahlprogramm;Landkreis;Dokument in Zusatzordner klassifiziert;manifestos/Premnitz_SPD_2024.txt
main;Prüm_CDU_2024.txt;f3ad0b8ef940a5ba4366f7d79849e6a7968becf96664806c8589b6474b3109c8;42373;GLMP-450CBCCDF3;Prüm;Rheinland-Pfalz;CDU;cdu;2024.0;anderes kommunales Wahlprogramm;Land;Dokument in Zusatzordner klassifiziert;manifestos/Prüm_CDU_2024.txt
main;Prüm_SPD_2024.txt;7481d0e1ad7bdfdbb060e31ce32b833beb8b6de88762f71f96de2467bdaa9732;639;GLMP-AC131E431F;Prüm;Rheinland-Pfalz;SPD;spd;2024.0;Kommunalwahlprogramm Gemeinde;Gemeinde;Hauptkorpus: kommunales Wahlprogramm der Gemeinde;manifestos/Prüm_SPD_2024.txt
main;Pulsnitz_AfD_2024.txt;ddef8a00cacfffa0056cafaf57700532bf5df31ac670459b6d5576414b2b1a51;2195;GLMP-8544793499;Pulsnitz;Sachsen;AfD;;2024.0;Kommunalwahlprogramm Gemeinde;Gemeinde;Hauptkorpus: kommunales Wahlprogramm der Gemeinde;manifestos/Pulsnitz_AfD_2024.txt
main;Pulsnitz_CDU_2024.txt;c30912839d0914aa6d57f1d8fa694d7f7e98e13c1c22dc29a2db40e7c2804dc4;17194;GLMP-35F3C1C3B7;Pulsnitz;Sachsen;CDU;cdu;2024.0;anderes kommunales Wahlprogramm;Landkreis und Gemeinden;Dokument in Zusatzordner klassifiziert;manifestos/Pulsnitz_CDU_2024.txt
main;Pulsnitz_Grüne_2024.txt;91216f0b1069963245f5040d75019583405ff3553ab3868bf9bd41460d9ee819;29548;GLMP-B2DD284E53;Pulsnitz;Sachsen;Grüne;gru;2024.0;anderes kommunales Wahlprogramm;Landkreis und Gemeinden;Dokument in Zusatzordner klassifiziert;manifestos/Pulsnitz_Grüne_2024.txt
main;Pulsnitz_SPD_2024.txt;a0cd6c13c88711e26a7681f5d80df6bfd5bfef953b97c5180967e07504db80ca;10715;GLMP-C7406E7C96;Pulsnitz;Sachsen;SPD;spd;2024.0;Kommunalwahlprogramm Gemeinde;Gemeinde;Hauptkorpus: kommunales Wahlprogramm der Gemeinde;manifestos/Pulsnitz_SPD_2024.txt
main;Pößneck_Bündnis für Pößneck_2024.txt;981584dc3720ade7b77a3d2e9641f7957ba9a15533ebe7c152d69fc89c54ea69;1454;GLMP-637CDB3680;Pößneck;Thüringen;Bündnis für Pößneck;;2024.0;Kommunalwahlprogramm Gemeinde;Gemeinde;Hauptkorpus: kommunales Wahlprogramm der Gemeinde;manifestos/Pößneck_Bündnis für Pößneck_2024.txt
main;Pößneck_CDU_2024.txt;d96e6fed4b395675b54abbcf180c47d24128ba0ea560452c61c2ed5aaa093d9b;2900;GLMP-578BC79450;Pößneck;Thüringen;CDU;cdu;2024.0;Kommunalwahlprogramm Gemeinde;Gemeinde;Hauptkorpus: kommunales Wahlprogramm der Gemeinde;manifestos/Pößneck_CDU_2024.txt
main;Pößneck_Grüne_2024.txt;7cffaa79a26ece61498c8c0953cd8099df5c1823ac58469433287a58401dc81f;15351;GLMP-389C0771DD;Pößneck;Thüringen;Grüne;gru;2024.0;anderes kommunales Wahlprogramm;Landkreis und Gemeinden;Dokument in Zusatzordner klassifiziert;manifestos/Pößneck_Grüne_2024.txt
main;Rangsdorf_AfD_2024.txt;cda5cc89bc988dade9e70af0bcde48a1ce043ca761da94b957cf18b1b91979f2;4649;GLMP-77FF19CF0E;Rangsdorf;Brandenburg;AfD;;2024.0;anderes kommunales Wahlprogramm;Landkreis und Gemeinden;Dokument in Zusatzordner klassifiziert;manifestos/Rangsdorf_AfD_2024.txt
main;Rangsdorf_Die Rangsdorfer_2024.txt;754cd7c580ff0ef7cfadd38ef59da9cd2a355d920f54301d1405a0b13cf8d9cc;820;GLMP-AE06CF1CC6;Rangsdorf;Brandenburg;Die Rangsdorfer;;2024.0;Kommunalwahlprogramm Gemeinde;Gemeinde;Hauptkorpus: kommunales Wahlprogramm der Gemeinde;manifestos/Rangsdorf_Die Rangsdorfer_2024.txt
main;Rangsdorf_FDP_2024.txt;9bdba7b82619af7b3fadbde67da23e786cd0b6da70b1f2efdc4b1cf6c5268e20;3268;GLMP-A28D9D113A;Rangsdorf;Brandenburg;FDP;fdp;2024.0;Kommunalwahlprogramm Gemeinde;Gemeinde;Hauptkorpus: kommunales Wahlprogramm der Gemeinde;manifestos/Rangsdorf_FDP_2024.txt
main;Rangsdorf_Grüne_2024.txt;3f69a1184265cd2dbea62de1770b04e89e5dc3439b7c6321e31d15069a67d58e;588;GLMP-B0D13E23B7;Rangsdorf;Brandenburg;Grüne;gru;2024.0;Kommunalwahlprogramm Gemeinde;Gemeinde;Hauptkorpus: kommunales Wahlprogramm der Gemeinde;manifestos/Rangsdorf_Grüne_2024.txt
main;Rangsdorf_Linke_2024.txt;ec5c336a097ed86eb817852fd097d9655cad7c3b54ee0ee0f9b692cb5e6014a8;6178;GLMP-7D35CF573E;Rangsdorf;Brandenburg;Linke;;2024.0;anderes kommunales Wahlprogramm;Landkreis und Gemeinden;Dokument in Zusatzordner klassifiziert;manifestos/Rangsdorf_Linke_2024.txt
main;Rangsdorf_SPD_2024.txt;1c7c660451d429823da202b4bdb1867c4cdf4d8f1126d54ebf2d3a34c8cf6297;2636;GLMP-A105EAA89F;Rangsdorf;Brandenburg;SPD;spd;2024.0;Kommunalwahlprogramm Gemeinde;Gemeinde;Hauptkorpus: kommunales Wahlprogramm der Gemeinde;manifestos/Rangsdorf_SPD_2024.txt
main;Ransbach-Baumbach_CDU_2024.txt;575962651c070986d132e4c283651a66de220791ffcd51b4fbd5d409e1b08963;3575;GLMP-304E69AACD;Ransbach-Baumbach;Rheinland-Pfalz;CDU;cdu;2024.0;Kommunalwahlprogramm Gemeinde;Gemeinde;Hauptkorpus: kommunales Wahlprogramm der Gemeinde;manifestos/Ransbach-Baumbach_CDU_2024.txt
main;Ransbach-Baumbach_FWG_2024.txt;f0336598445006180a546b916368fccfac21f8d329d90bd9bff56981e9935b23;1911;GLMP-0617F6FFE5;Ransbach-Baumbach;Rheinland-Pfalz;FWG;;2024.0;Kommunalwahlprogramm Gemeinde;Gemeinde;Hauptkorpus: kommunales Wahlprogramm der Gemeinde;manifestos/Ransbach-Baumbach_FWG_2024.txt
main;Ransbach-Baumbach_SPD_2024.txt;4349ca0a40d999260f88279dbf565c31bd3fcba91e8e0953069f24a523a26488;18200;GLMP-D17136AA4B;Ransbach-Baumbach;Rheinland-Pfalz;SPD;spd;2024.0;anderes kommunales Wahlprogramm;Landkreis;Dokument in Zusatzordner klassifiziert;manifestos/Ransbach-Baumbach_SPD_2024.txt
main;Rastatt_FW_2024.txt;f3cb07a0fc32891642bdf9ab05e05185c11409bfa969c8c60e6328b89805d612;6884;GLMP-5B51F41EFC;Rastatt;Baden-Württemberg;FW;;2024.0;Kommunalwahlprogramm Gemeinde;Gemeinde;Hauptkorpus: kommunales Wahlprogramm der Gemeinde;manifestos/Rastatt_FW_2024.txt
main;Rastatt_Grüne_2024.txt;728059d4501941ef40106765eeb8617cec447a1eef624fa12e836ed18d7e1f38;44499;GLMP-C56AC9097B;Rastatt;Baden-Württemberg;Grüne;gru;2024.0;Kommunalwahlprogramm Gemeinde;Gemeinde;Hauptkorpus: kommunales Wahlprogramm der Gemeinde;manifestos/Rastatt_Grüne_2024.txt
main;Rastatt_SPD_2024.txt;0e52f9b7e295f2735f0fff095f2d14654bab7eaa572d7b64e948c71ad96a06a7;9586;GLMP-AEE49DAB0D;Rastatt;Baden-Württemberg;SPD;spd;2024.0;Kommunalwahlprogramm Gemeinde;Gemeinde;Hauptkorpus: kommunales Wahlprogramm der Gemeinde;manifestos/Rastatt_SPD_2024.txt
main;Ravensburg_CDU_2024.txt;f6a24a818700770c2d0542c4f523813f2ec2ceeef9cea6c84a8aaea3024ed352;5694;GLMP-D2C4675DA6;Ravensburg;Baden-Württemberg;CDU;cdu;2024.0;Kommunalwahlprogramm Gemeinde;Gemeinde;Hauptkorpus: kommunales Wahlprogramm der Gemeinde;manifestos/Ravensburg_CDU_2024.txt
main;Ravensburg_FDP_2024.txt;d455e63f778d3e96f57afb7d12f87180f003b1d55a90b09104b90651733c5d90;6158;GLMP-CCD57A873E;Ravensburg;Baden-Württemberg;FDP;fdp;2024.0;Kommunalwahlprogramm Gemeinde;Gemeinde;Hauptkorpus: kommunales Wahlprogramm der Gemeinde;manifestos/Ravensburg_FDP_2024.txt
main;Ravensburg_Grüne_2024.txt;0b62ee558a3adf245fb0f23777e562ca26ba65d955a73782309332bda1bf9442;2509;GLMP-4CBC9DE614;Ravensburg;Baden-Württemberg;Grüne;gru;2024.0;Kommunalwahlprogramm Gemeinde;Gemeinde;Hauptkorpus: kommunales Wahlprogramm der Gemeinde;manifestos/Ravensburg_Grüne_2024.txt
main;Ravensburg_SPD_2024.txt;79b14da5528440d6e69f3898516b04ed1c5ffb13f598746320b7b409251c2217;10215;GLMP-15A67A18F3;Ravensburg;Baden-Württemberg;SPD;spd;2024.0;Kommunalwahlprogramm Gemeinde;Gemeinde;Hauptkorpus: kommunales Wahlprogramm der Gemeinde;manifestos/Ravensburg_SPD_2024.txt
main;Reinsdorf_CDU_2024.txt;8b05d5ba390f48c5c1f525e99e45d2028e899dbe7ae05ba4c1367a5471bc81b8;10205;GLMP-6C01AA3D50;Reinsdorf;Sachsen;CDU;cdu;2024.0;anderes kommunales Wahlprogramm;Landkreis und Gemeinden;Dokument in Zusatzordner klassifiziert;manifestos/Reinsdorf_CDU_2024.txt
main;Reinsdorf_SPD_2024.txt;da0f23212ea4cb2b967f32d3612f2e2ddbe90a0ff2adf1bef8ba900394cd28e6;2312;GLMP-EEFFC03314;Reinsdorf;Sachsen;SPD;spd;2024.0;anderes kommunales Wahlprogramm;Landkreis;Dokument in Zusatzordner klassifiziert;manifestos/Reinsdorf_SPD_2024.txt
main;Reutlingen_AfD_2024.txt;9f61417859fdd9b8104c3f08d18b5112e55c1dec73a056e4e1c183053dc66aff;10639;GLMP-CE1ED485AA;Reutlingen;Baden-Württemberg;AfD;;2024.0;Kommunalwahlprogramm Gemeinde;Gemeinde;Hauptkorpus: kommunales Wahlprogramm der Gemeinde;manifestos/Reutlingen_AfD_2024.txt
main;Reutlingen_CDU_2024.txt;68d0678215521d67abf5a97857a009f955234bdc31e8ed0eb079975f0c6bb894;6024;GLMP-5AC12D3CAF;Reutlingen;Baden-Württemberg;CDU;cdu;2024.0;Kommunalwahlprogramm Gemeinde;Gemeinde;Hauptkorpus: kommunales Wahlprogramm der Gemeinde;manifestos/Reutlingen_CDU_2024.txt
main;Reutlingen_Die Partei_2024.txt;674343538f43f5e9e3896a95e04fedb227c057d5069aa6e4f348789eb5d70821;2882;GLMP-63D9DC0AA2;Reutlingen;Baden-Württemberg;Die Partei;par;2024.0;Kommunalwahlprogramm Gemeinde;Gemeinde;Hauptkorpus: kommunales Wahlprogramm der Gemeinde;manifestos/Reutlingen_Die Partei_2024.txt
main;Reutlingen_FDP_2024.txt;f24c681f960a44e4531b9f8081b187d9bb4f824f39d6e8ff6aea9ac2b3509f48;21671;GLMP-DDE0B33EEA;Reutlingen;Baden-Württemberg;FDP;fdp;2024.0;Kommunalwahlprogramm Gemeinde;Gemeinde;Hauptkorpus: kommunales Wahlprogramm der Gemeinde;manifestos/Reutlingen_FDP_2024.txt
main;Reutlingen_FWG_2024.txt;3a893513c0d622547e05a315696d5d25078bd8d8853e1f4276c69781207ce50f;43818;GLMP-1338821585;Reutlingen;Baden-Württemberg;FWG;;2024.0;Kommunalwahlprogramm Gemeinde;Gemeinde;Hauptkorpus: kommunales Wahlprogramm der Gemeinde;manifestos/Reutlingen_FWG_2024.txt
main;Reutlingen_Grüne_2024.txt;f8f8549a23477bfddce628acb66cf3502a2a5c58c76cbe6016bfb10cf6ca0405;10906;GLMP-04BCD01AA4;Reutlingen;Baden-Württemberg;Grüne;gru;2024.0;Kommunalwahlprogramm Gemeinde;Gemeinde;Hauptkorpus: kommunales Wahlprogramm der Gemeinde;manifestos/Reutlingen_Grüne_2024.txt
main;Reutlingen_Linke_2024.txt;c6e5aee47589eae9626c8c72d032a6ae363379d79a4b4767d3bd90f51df7852a;6292;GLMP-3D926F6FF3;Reutlingen;Baden-Württemberg;Linke;;2024.0;Kommunalwahlprogramm Gemeinde;Gemeinde;Hauptkorpus: kommunales Wahlprogramm der Gemeinde;manifestos/Reutlingen_Linke_2024.txt
main;Reutlingen_SPD_2024.txt;953a7023c22a5e754e339854ebf74ae6621c7ce8e1e2566a859b9f0ef7b3e9bb;20122;GLMP-241FBC9340;Reutlingen;Baden-Württemberg;SPD;spd;2024.0;Kommunalwahlprogramm Gemeinde;Gemeinde;Hauptkorpus: kommunales Wahlprogramm der Gemeinde;manifestos/Reutlingen_SPD_2024.txt
main;Reutlingen_WiR_2024.txt;888c462df54476f3f5cb7476c2149e2d7c2c365fda631f4f4e532e6d327337c3;5474;GLMP-F02C2292D4;Reutlingen;Baden-Württemberg;WIR;wir;2024.0;Kommunalwahlprogramm Gemeinde;Gemeinde;Hauptkorpus: kommunales Wahlprogramm der Gemeinde;manifestos/Reutlingen_WiR_2024.txt
main;Riegelsberg_FDP_2024.txt;2c21bb9a3f1f3a1eb9b23456247d18ab4e4e511e56e09e108c737b35e7c56ca7;2020;GLMP-FA6BCCF825;Riegelsberg;Saarland;FDP;fdp;2024.0;Kommunalwahlprogramm Gemeinde;Gemeinde;Hauptkorpus: kommunales Wahlprogramm der Gemeinde;manifestos/Riegelsberg_FDP_2024.txt
main;Riegelsberg_Grüne_2024.txt;1c6c9549bf1e351bb59b9f8971d24111b2bb58bcc6d20fe7062d7d3f9d736f3b;5771;GLMP-8FE7601021;Riegelsberg;Saarland;Grüne;gru;2024.0;Kommunalwahlprogramm Gemeinde;Gemeinde;Hauptkorpus: kommunales Wahlprogramm der Gemeinde;manifestos/Riegelsberg_Grüne_2024.txt
main;Riegelsberg_Linke_2024.txt;976a32b27531ba1c1235c2f0bb07af41776dbaca285e7e6467ff00e36ee55cf1;1122;GLMP-919B15B434;Riegelsberg;Saarland;Linke;;2024.0;Kommunalwahlprogramm Gemeinde;Gemeinde;Hauptkorpus: kommunales Wahlprogramm der Gemeinde;manifestos/Riegelsberg_Linke_2024.txt
main;Rochlitz_CDU_2024.txt;397cf2c678ee03a9e09f57c08d344d8eefc4a9ccbb0a2de2b853b565a4ea0c72;13508;GLMP-9A4699CFF9;Rochlitz;Sachsen;CDU;cdu;2024.0;anderes kommunales Wahlprogramm;Landkreis und Gemeinden;Dokument in Zusatzordner klassifiziert;manifestos/Rochlitz_CDU_2024.txt
main;Rochlitz_Linke_2024.txt;9aadc52e99dd48ed1881ca58774e881f6109a831011b8f702627de80a2b5b639;27517;GLMP-B37B269974;Rochlitz;Sachsen;Linke;;2024.0;anderes kommunales Wahlprogramm;Landkreis und Gemeinden;Dokument in Zusatzordner klassifiziert;manifestos/Rochlitz_Linke_2024.txt
main;Rochlitz_RGG_2024.txt;96e5982584eb7b9093406348879298e78106c4b8d3f5dd643b0f7ca46e858a64;4837;GLMP-BC2593CD00;Rochlitz;Sachsen;RGG;;2024.0;anderes kommunales Wahlprogramm;Gemeinde;Dokument in Zusatzordner klassifiziert;manifestos/Rochlitz_RGG_2024.txt
main;Rochlitz_SPD_2024.txt;ae46e72972468f06afc024363d63b1fc4a98e011cbf29eb9c529acf195edca58;43602;GLMP-B9AD573FBC;Rochlitz;Sachsen;SPD;spd;2024.0;anderes kommunales Wahlprogramm;Landkreis;Dokument in Zusatzordner klassifiziert;manifestos/Rochlitz_SPD_2024.txt
main;Rostock_CDU_2024.txt;d8185eb4b6b8f10cf7c564a00a1682c6d069a10e90be2650d1622968b2437920;38192;GLMP-AB74676A98;Rostock;Mecklenburg-Vorpommern;CDU;cdu;2024.0;Kommunalwahlprogramm Gemeinde;Gemeinde;Hauptkorpus: kommunales Wahlprogramm der Gemeinde;manifestos/Rostock_CDU_2024.txt
main;Rostock_FDP_2024.txt;f8c44d7ab745eb4cbe00697898ff036d4d19f30de775c267ea55ec828a534d15;136643;GLMP-872572A72A;Rostock;Mecklenburg-Vorpommern;FDP;fdp;2024.0;Kommunalwahlprogramm Gemeinde;Gemeinde;Hauptkorpus: kommunales Wahlprogramm der Gemeinde;manifestos/Rostock_FDP_2024.txt
main;Rostock_Grüne_2024.txt;33958e9772daeaafed6bf72fb385ba2572eedb6c8d29c101d64d23a1397a31ec;89054;GLMP-FEBD5ACE42;Rostock;Mecklenburg-Vorpommern;Grüne;gru;2024.0;Kommunalwahlprogramm Gemeinde;Gemeinde;Hauptkorpus: kommunales Wahlprogramm der Gemeinde;manifestos/Rostock_Grüne_2024.txt
main;Rostock_Linke_2024.txt;dee7995f3532be3088341f83f3fa69b6db7ccf6f7f5d45a687ce3735db31d861;28687;GLMP-DAD0CF26D4;Rostock;Mecklenburg-Vorpommern;Linke;;2024.0;Kommunalwahlprogramm Gemeinde;Gemeinde;Hauptkorpus: kommunales Wahlprogramm der Gemeinde;manifestos/Rostock_Linke_2024.txt
main;Rostock_Rostocker Bund_2024.txt;e957ac9388d8848cda4db1a7f679aea7365f79ef6f15a9241dd7f7d50bd073ad;20407;GLMP-E132135C71;Rostock;Mecklenburg-Vorpommern;Rostocker Bund;rob;2024.0;Kommunalwahlprogramm Gemeinde;Gemeinde;Hauptkorpus: kommunales Wahlprogramm der Gemeinde;manifestos/Rostock_Rostocker Bund_2024.txt
main;Rostock_SPD_2024.txt;c926a4b36aa78414c990ee63bf601047107c4388c455a9804ed192ff7d2a7b2a;6536;GLMP-A33E091A4C;Rostock;Mecklenburg-Vorpommern;SPD;spd;2024.0;Kommunalwahlprogramm Gemeinde;Gemeinde;Hauptkorpus: kommunales Wahlprogramm der Gemeinde;manifestos/Rostock_SPD_2024.txt
main;Rostock_UFR_2024.txt;adb456887d6abc54e8036c961763a07280c0f6dd4e08fbd8280aa4a6cd80856b;7766;GLMP-CD4A197E84;Rostock;Mecklenburg-Vorpommern;UFR;;2024.0;Kommunalwahlprogramm Gemeinde;Gemeinde;Hauptkorpus: kommunales Wahlprogramm der Gemeinde;manifestos/Rostock_UFR_2024.txt
main;Rostock_Volt_2024.txt;25ab8863ac30acfbecc8bf770e75f75446b04a84c906b265b01e49376d4bee83;112001;GLMP-5A1F487526;Rostock;Mecklenburg-Vorpommern;Volt;vlt;2024.0;Kommunalwahlprogramm Gemeinde;Gemeinde;Hauptkorpus: kommunales Wahlprogramm der Gemeinde;manifestos/Rostock_Volt_2024.txt
main;Saalfeld (Saale)_BfS_2024.txt;69bfbc8ef0a4d99af02e05bf1fb5d158f97d3f816c20089a6c101ff15c9df297;18352;GLMP-99F0A6E85B;Saalfeld (Saale);Thüringen;BfS;;2024.0;Kommunalwahlprogramm Gemeinde;Gemeinde;Hauptkorpus: kommunales Wahlprogramm der Gemeinde;manifestos/Saalfeld (Saale)_BfS_2024.txt
main;Saalfeld (Saale)_Bürger für Thüringen_2024.txt;0e88282409e62a0465d36673c28c6aec9de835a4c6a9cce02f9f8b77b8851807;3014;GLMP-852084C5E8;Saalfeld (Saale);Thüringen;Bürger für Thüringen;;2024.0;Kommunalwahlprogramm Gemeinde;Gemeinde;Hauptkorpus: kommunales Wahlprogramm der Gemeinde;manifestos/Saalfeld (Saale)_Bürger für Thüringen_2024.txt
main;Saalfeld (Saale)_CDU_2024.txt;597c24c2eef10985cb57302c06cce5da2f02f37f013ccdc2fe5fb44b72af22b2;4691;GLMP-3980DD8B0D;Saalfeld (Saale);Thüringen;CDU;cdu;2024.0;Kommunalwahlprogramm Gemeinde;Gemeinde;Hauptkorpus: kommunales Wahlprogramm der Gemeinde;manifestos/Saalfeld (Saale)_CDU_2024.txt
main;Saalfeld (Saale)_Grüne_2024.txt;5e73367d871e84ef8259c708540224981630b10ca3564892654c9421fc2cdfd6;5147;GLMP-6201961214;Saalfeld (Saale);Thüringen;Grüne;gru;2024.0;Kommunalwahlprogramm Gemeinde;Gemeinde;Hauptkorpus: kommunales Wahlprogramm der Gemeinde;manifestos/Saalfeld (Saale)_Grüne_2024.txt
main;Saalfeld (Saale)_Linke_2024.txt;3227a2031a080438600c218250234ccb6f1ba8d78bdbbf32bad8c0d68a56b09c;9114;GLMP-8104916ABC;Saalfeld (Saale);Thüringen;Linke;;2024.0;anderes kommunales Wahlprogramm;Landkreis und Gemeinden;Dokument in Zusatzordner klassifiziert;manifestos/Saalfeld (Saale)_Linke_2024.txt
main;Saalfeld (Saale)_SPD_2024.txt;e475cb87380ef6a4ba9d69ba9d55d8ed9f6ac3d63562f85b625578378a3ab20b;29085;GLMP-3FEC4502C5;Saalfeld (Saale);Thüringen;SPD;spd;2024.0;anderes kommunales Wahlprogramm;Landkreis und Gemeinden;Dokument in Zusatzordner klassifiziert;manifestos/Saalfeld (Saale)_SPD_2024.txt
main;Saarbrücken_CDU_2024.txt;c8cd4a93af34a172d3ebc31c39d9f4d46b2d3aaf755454e3733b13cba00606c6;21244;GLMP-891C1224EF;Saarbruecken;Saarland;CDU;cdu;2024.0;Kommunalwahlprogramm Gemeinde;Gemeinde;Hauptkorpus: kommunales Wahlprogramm der Gemeinde;manifestos/Saarbrücken_CDU_2024.txt
main;Saarbrücken_FDP_2024.txt;b2107af3dabd1a2ac311836916bde63012270c9c108fe96c4621497370440030;2893;GLMP-D6D9E19C67;Saarbruecken;Saarland;FDP;fdp;2024.0;Kommunalwahlprogramm Gemeinde;Gemeinde;Hauptkorpus: kommunales Wahlprogramm der Gemeinde;manifestos/Saarbrücken_FDP_2024.txt
main;Saarbrücken_Grüne_2024.txt;9d269c059e18fc67ceec2c24a45e52a4270bdf0c1f91ace9420b64fab1721c8b;107675;GLMP-8D75293F8E;Saarbruecken;Saarland;Grüne;gru;2024.0;Kommunalwahlprogramm Gemeinde;Gemeinde;Hauptkorpus: kommunales Wahlprogramm der Gemeinde;manifestos/Saarbrücken_Grüne_2024.txt
main;Saarbrücken_Linke_2024.txt;ba32ad15b57cd3c8b9fd848dd6d2c0e084afe298766056c5a2577bcb1fdb4817;41758;GLMP-F558638AA2;Saarbruecken;Saarland;Linke;;2024.0;Kommunalwahlprogramm Gemeinde;Gemeinde;Hauptkorpus: kommunales Wahlprogramm der Gemeinde;manifestos/Saarbrücken_Linke_2024.txt
main;Saarbrücken_SPD_2024.txt;60dc0fab73e705d0afdcf3782534517b56ebeb799e4c664083eb6b683c5178a6;116499;GLMP-4914FD2B30;Saarbruecken;Saarland;SPD;spd;2024.0;Kommunalwahlprogramm Gemeinde;Gemeinde;Hauptkorpus: kommunales Wahlprogramm der Gemeinde;manifestos/Saarbrücken_SPD_2024.txt
main;Saarwellingen_CDU_2024.txt;034bfefca7d50fd3246857641e17ef45973b202b2daa8588c773fd15d5efd7b4;20242;GLMP-1E409F8B34;Saarwellingen;Saarland;CDU;cdu;2024.0;anderes kommunales Wahlprogramm;Landkreis und Gemeinden;Dokument in Zusatzordner klassifiziert;manifestos/Saarwellingen_CDU_2024.txt
main;Saarwellingen_Grüne_2024.txt;d5c6841183d4b6eb3daa69315d63ec7dc6e411c7f8f7b418d737e5d171343bfc;4748;GLMP-69C153D8A8;Saarwellingen;Saarland;Grüne;gru;2024.0;Kommunalwahlprogramm Gemeinde;Gemeinde;Hauptkorpus: kommunales Wahlprogramm der Gemeinde;manifestos/Saarwellingen_Grüne_2024.txt
main;Saarwellingen_SPD_2024.txt;ec6fb53217b905fda26bd5ba1858bba499e3ee59232655145bd89ce066f2c6d4;13590;GLMP-C8F46EA6BA;Saarwellingen;Saarland;SPD;spd;2024.0;Kommunalwahlprogramm Gemeinde;Gemeinde;Hauptkorpus: kommunales Wahlprogramm der Gemeinde;manifestos/Saarwellingen_SPD_2024.txt
main;Salzwedel_Bündnis Lebenswertes Land_2024.txt;cce6e63d8724c6ea72c15e7226ccae37a08b0a61d75a6d6400e083d5519da7b8;2066;GLMP-B06BB41F88;Salzwedel;Sachsen-Anhalt;Bündnis Lebenswertes Land;;2024.0;Kommunalwahlprogramm Gemeinde;Gemeinde;Hauptkorpus: kommunales Wahlprogramm der Gemeinde;manifestos/Salzwedel_Bündnis Lebenswertes Land_2024.txt
main;Salzwedel_CDU_2024.txt;2d4de619c4da99d52c8bc81102e162b0cae56dfcd85e5e0c3b174fb7dfc0f84e;1169;GLMP-336F9C4DFD;Salzwedel;Sachsen-Anhalt;CDU;cdu;2024.0;Kommunalwahlprogramm Gemeinde;Gemeinde;Hauptkorpus: kommunales Wahlprogramm der Gemeinde;manifestos/Salzwedel_CDU_2024.txt
main;Salzwedel_Linke_2024.txt;8d2bf842fc2a2a998dd1f0e8de085c7cd1f471e63ca26f68ea7d2d325d646144;6847;GLMP-E08858D1B0;Salzwedel;Sachsen-Anhalt;Linke;;2024.0;anderes kommunales Wahlprogramm;Landkreis und Gemeinden;Dokument in Zusatzordner klassifiziert;manifestos/Salzwedel_Linke_2024.txt
main;Sandhausen_CDU_2024.txt;c20646c262453723c038aa74741d69a84d5b4466a2b9ec58839df1f47b9bd3b9;2391;GLMP-9A79D31DFE;Sandhausen;Baden-Württemberg;CDU;cdu;2024.0;Kommunalwahlprogramm Gemeinde;Gemeinde;Hauptkorpus: kommunales Wahlprogramm der Gemeinde;manifestos/Sandhausen_CDU_2024.txt
main;Sandhausen_FDP_2024.txt;a52357499a58614281f9c07dff7726905a72d3962a791677b7ef90c40c3f3d17;2707;GLMP-B06594B89C;Sandhausen;Baden-Württemberg;FDP;fdp;2024.0;anderes kommunales Wahlprogramm;Landkreis und Gemeinden;Dokument in Zusatzordner klassifiziert;manifestos/Sandhausen_FDP_2024.txt
main;Sandhausen_GAL_2024.txt;e1fb290e3b086a90c4bdb274911a6d037de8dd99fa537c8fb6672cd914014e34;173;GLMP-D2504EA967;Sandhausen;Baden-Württemberg;GAL;;2024.0;Kommunalwahlprogramm Gemeinde;Gemeinde;Hauptkorpus: kommunales Wahlprogramm der Gemeinde;manifestos/Sandhausen_GAL_2024.txt
main;Sandhausen_SPD_2024.txt;fb3f14c40fe6832181935a5a27553b8e332724cdd53a61caa0c803be6b278a2c;6013;GLMP-282D7ED18C;Sandhausen;Baden-Württemberg;SPD;spd;2024.0;Kommunalwahlprogramm Gemeinde;Gemeinde;Hauptkorpus: kommunales Wahlprogramm der Gemeinde;manifestos/Sandhausen_SPD_2024.txt
main;Sangerhausen_AfD_2024.txt;10cc69a21b68581e3b7761005226bdbf334bf2a012e460889d246c8a8111599b;10678;GLMP-6AFA242746;Sangerhausen;Sachsen-Anhalt;AfD;;2024.0;anderes kommunales Wahlprogramm;Landkreis und Gemeinden;Dokument in Zusatzordner klassifiziert;manifestos/Sangerhausen_AfD_2024.txt
main;Sangerhausen_B.I.S._2024.txt;d520d3e955050174f220506622f479f1ac3ed290c7b3b6bc6ba06e50db929a55;23673;GLMP-FA42E738EB;Sangerhausen;Sachsen-Anhalt;B.I.S.;;2024.0;Kommunalwahlprogramm Gemeinde;Gemeinde;Hauptkorpus: kommunales Wahlprogramm der Gemeinde;manifestos/Sangerhausen_B.I.S._2024.txt
main;Sangerhausen_BOS_2024.txt;3b3a5b87b94746cbb2118c380ea4ef6990dcfa5f1438c5b0beec15e6c6c700ff;2142;GLMP-8C21CAE9BB;Sangerhausen;Sachsen-Anhalt;BOS;;2024.0;Kommunalwahlprogramm Gemeinde;Gemeinde;Hauptkorpus: kommunales Wahlprogramm der Gemeinde;manifestos/Sangerhausen_BOS_2024.txt
main;Sangerhausen_CDU_2024.txt;59a0a531bf19ab9fac960ced0a5001a80f3f5b38bcac0e7557537b658a1192da;2616;GLMP-54116AD536;Sangerhausen;Sachsen-Anhalt;CDU;cdu;2024.0;Kommunalwahlprogramm Gemeinde;Gemeinde;Hauptkorpus: kommunales Wahlprogramm der Gemeinde;manifestos/Sangerhausen_CDU_2024.txt
main;Sangerhausen_Grüne_2024.txt;a81a34c81251640138f07b9556928b297d0f5c43c1cc9fb938e22d0e7fc5a63f;15174;GLMP-938D6D0CC3;Sangerhausen;Sachsen-Anhalt;Grüne;gru;2024.0;anderes kommunales Wahlprogramm;Landkreis und Gemeinden;Dokument in Zusatzordner klassifiziert;manifestos/Sangerhausen_Grüne_2024.txt
main;Schleiz_FDP_2024.txt;0c60a7f0d19a4216eccf331175c17e157f4ee28aba00d5734d6ad8d518666d32;3602;GLMP-5BA7A9F7D7;Schleiz;Thüringen;FDP;fdp;2024.0;Kommunalwahlprogramm Gemeinde;Gemeinde;Hauptkorpus: kommunales Wahlprogramm der Gemeinde;manifestos/Schleiz_FDP_2024.txt
main;Schorfheide_CDU_2024.txt;e12d3f2647aced56f8be554097674be55a808a182020e90129c8a44fa0997860;11328;GLMP-6B3D73B21A;Schorfheide;Brandenburg;CDU;cdu;2024.0;Kommunalwahlprogramm Gemeinde;Gemeinde;Hauptkorpus: kommunales Wahlprogramm der Gemeinde;manifestos/Schorfheide_CDU_2024.txt
main;Schorfheide_SPD_2024.txt;5dfd4e133e27d8c3e0951b3eab12e235dcc50bd6c4d60f0f8c254311ef5f1880;89002;GLMP-242870E55D;Schorfheide;Brandenburg;SPD;spd;2024.0;anderes kommunales Wahlprogramm;Landkreis und Gemeinden;Dokument in Zusatzordner klassifiziert;manifestos/Schorfheide_SPD_2024.txt
main;Schorfheide_WIR_2024.txt;0dc0bc1c6b922271d07a4a23b9ee9b1c3c35626f0a7f8af7e6115c04f2f85df5;3403;GLMP-ACF07EF89A;Schorfheide;Brandenburg;WIR;wir;2024.0;Kommunalwahlprogramm Gemeinde;Gemeinde;Hauptkorpus: kommunales Wahlprogramm der Gemeinde;manifestos/Schorfheide_WIR_2024.txt
main;Schwaan_CDU_2024.txt;2237a9a20d5bcdab7d5ecfa100ccdd95cc0ff110c21e48d05d404f77e8186345;6934;GLMP-60965F93FC;Schwaan;Mecklenburg-Vorpommern;CDU;cdu;2024.0;anderes kommunales Wahlprogramm;Landkreis und Gemeinden;Dokument in Zusatzordner klassifiziert;manifestos/Schwaan_CDU_2024.txt
main;Schwaan_Grüne_2024.txt;a1453a55433bf86e8a25b255ee3dad905672b6c0c5dac4a7e19d1a983070a87e;1585;GLMP-E0268598FB;Schwaan;Mecklenburg-Vorpommern;Grüne;gru;2024.0;Kommunalwahlprogramm Gemeinde;Gemeinde;Hauptkorpus: kommunales Wahlprogramm der Gemeinde;manifestos/Schwaan_Grüne_2024.txt
main;Schwaan_Linke_2024.txt;79686d8da0e0106cbaa76125bb5ad0dcd753d75ca1764b6a9cbfe5572be907ea;3905;GLMP-7CC3C7CCFB;Schwaan;Mecklenburg-Vorpommern;Linke;;2024.0;anderes kommunales Wahlprogramm;Landkreis;Dokument in Zusatzordner klassifiziert;manifestos/Schwaan_Linke_2024.txt
main;Schwaan_SSV_2024.txt;d6b0aea2039b2338db369ad46d3856771f3689f8c6dd3a13c42c863b503c43aa;1433;GLMP-BE04C2A2CF;Schwaan;Mecklenburg-Vorpommern;SSV;;2024.0;Kommunalwahlprogramm Gemeinde;Gemeinde;Hauptkorpus: kommunales Wahlprogramm der Gemeinde;manifestos/Schwaan_SSV_2024.txt
main;Schwaan_UWS_2024.txt;cfc9a1ae2ad97883bfef2fbc4ee0e8ec297048ce964d27cc5e7eadc5a06110b2;1341;GLMP-D61B3C3C9C;Schwaan;Mecklenburg-Vorpommern;UWS;;2024.0;Kommunalwahlprogramm Gemeinde;Gemeinde;Hauptkorpus: kommunales Wahlprogramm der Gemeinde;manifestos/Schwaan_UWS_2024.txt
main;Schwerin_AfD_2024.txt;838a18e73cf5e973a08d1b24ebdcbbfc24e113cb8ab74b645e973a0716cca695;27370;GLMP-5526D819E5;Schwerin;Mecklenburg-Vorpommern;AfD;;2024.0;Kommunalwahlprogramm Gemeinde;Gemeinde;Hauptkorpus: kommunales Wahlprogramm der Gemeinde;manifestos/Schwerin_AfD_2024.txt
main;Schwerin_CDU_2024.txt;aa62789786c1f8b19b80a578890cd9d219f9e84299fe1baa0e20828f047c6cdb;14116;GLMP-96230CEE0F;Schwerin;Mecklenburg-Vorpommern;CDU;cdu;2024.0;Kommunalwahlprogramm Gemeinde;Gemeinde;Hauptkorpus: kommunales Wahlprogramm der Gemeinde;manifestos/Schwerin_CDU_2024.txt
main;Schwerin_FDP_2024.txt;1bdafb4339a19e67254d85a816e695c4f7ae31195f1ce52a608feab0d075dd72;3765;GLMP-67341ABCE1;Schwerin;Mecklenburg-Vorpommern;FDP;fdp;2024.0;Kommunalwahlprogramm Gemeinde;Gemeinde;Hauptkorpus: kommunales Wahlprogramm der Gemeinde;manifestos/Schwerin_FDP_2024.txt
main;Schwerin_Grüne_2024.txt;4ad173001c96c2bc61178c6ae775cc17a5518a632f4491ab88dc9cd908591e8a;70761;GLMP-569D47D48E;Schwerin;Mecklenburg-Vorpommern;Grüne;gru;2024.0;Kommunalwahlprogramm Gemeinde;Gemeinde;Hauptkorpus: kommunales Wahlprogramm der Gemeinde;manifestos/Schwerin_Grüne_2024.txt
main;Schwerin_Linke_2024.txt;857ce59e78fa605cef066bd2631cd5f2e47af3a85cbccfc9a1b2b37067089b79;31434;GLMP-61D4B6BC08;Schwerin;Mecklenburg-Vorpommern;Linke;;2024.0;Kommunalwahlprogramm Gemeinde;Gemeinde;Hauptkorpus: kommunales Wahlprogramm der Gemeinde;manifestos/Schwerin_Linke_2024.txt
main;Schwerin_SPD_2024.txt;c658d7e2eb74b12df241467c152cb87d50df5d667cb85e2ecbce5c8aab5728c2;38850;GLMP-DDE826D304;Schwerin;Mecklenburg-Vorpommern;SPD;spd;2024.0;Kommunalwahlprogramm Gemeinde;Gemeinde;Hauptkorpus: kommunales Wahlprogramm der Gemeinde;manifestos/Schwerin_SPD_2024.txt
main;Schwäbisch Gmünd_Die Bürgerliste Schwäbisch Gmünd_2024.txt;e38233807c3b739e4bd9c1ddfe92a98db9f5d5d6e82880f2f114faab30220392;7755;GLMP-FF76A787A6;Schwäbisch Gmünd;Baden-Württemberg;Die Bürgerliste Schwäbisch Gmünd;;2024.0;Kommunalwahlprogramm Gemeinde;Gemeinde;Hauptkorpus: kommunales Wahlprogramm der Gemeinde;manifestos/Schwäbisch Gmünd_Die Bürgerliste Schwäbisch Gmünd_2024.txt
main;Schwäbisch Gmünd_FDP_2024.txt;3c57ef86131e2be6e11861ed8cb441d3fc4dcda1c0731506b685a8223c856490;99158;GLMP-9DF09D8FBA;Schwäbisch Gmünd;Baden-Württemberg;FDP;fdp;2024.0;anderes kommunales Wahlprogramm;Land;Dokument in Zusatzordner klassifiziert;manifestos/Schwäbisch Gmünd_FDP_2024.txt
main;Schwäbisch Gmünd_Grüne_2024.txt;90aecb6427b6eb8d9f0e6e1b7dca075427fe41b327eda343f8fd88d3e652e6d7;62543;GLMP-E7DAE86850;Schwäbisch Gmünd;Baden-Württemberg;Grüne;gru;2024.0;anderes kommunales Wahlprogramm;Landkreis;Dokument in Zusatzordner klassifiziert;manifestos/Schwäbisch Gmünd_Grüne_2024.txt
main;Schwäbisch Gmünd_SPD_2024.txt;21424f5529cccbfc7ab0b62817d133c8f7478077d61138bed0534a2d4dcc12c8;23727;GLMP-4C29BA379E;Schwäbisch Gmünd;Baden-Württemberg;SPD;spd;2024.0;anderes kommunales Wahlprogramm;Landkreis;Dokument in Zusatzordner klassifiziert;manifestos/Schwäbisch Gmünd_SPD_2024.txt
main;Schwäbisch Gmünd_söl_2024.txt;ffb3f01f857158081dba8a4117d77397eec220becf23ba5125d34922f9346c6f;19523;GLMP-B6873AA86F;Schwäbisch Gmünd;Baden-Württemberg;söl;;2024.0;Kommunalwahlprogramm Gemeinde;Gemeinde;Hauptkorpus: kommunales Wahlprogramm der Gemeinde;manifestos/Schwäbisch Gmünd_söl_2024.txt
main;Seelow_AfD_2024.txt;afb80bf32bc7d208c7fedc164ec6d93cecbd9d5dcc9e4a867c31c1e2b3aa190d;10817;GLMP-0BE7B805AC;Seelow;Brandenburg;AfD;;2024.0;anderes kommunales Wahlprogramm;Landkreis und Gemeinden;Dokument in Zusatzordner klassifiziert;manifestos/Seelow_AfD_2024.txt
main;Seelow_CDU_2024.txt;b8dee09fc4aa7ce5a2fdbada4b0bfdfd5ce8c420c080a11dc0eca8e386c3fd32;10154;GLMP-E80FF1CABF;Seelow;Brandenburg;CDU;cdu;2024.0;anderes kommunales Wahlprogramm;Landkreis und Gemeinden;Dokument in Zusatzordner klassifiziert;manifestos/Seelow_CDU_2024.txt
main;Seelow_Linke_2024.txt;51f12cb297975a882ebc9a46802cb2189c7fa3f95ad5018a0ece421892375b1b;2197;GLMP-AAD0A9D9A0;Seelow;Brandenburg;Linke;;2024.0;Kommunalwahlprogramm Gemeinde;Gemeinde;Hauptkorpus: kommunales Wahlprogramm der Gemeinde;manifestos/Seelow_Linke_2024.txt
main;Seelow_SPD_2024.txt;d39b6ab8ae3766696574a30a25abacdd76fecc4649fba6fd003d029e6cf1a829;22683;GLMP-EAB0599510;Seelow;Brandenburg;SPD;spd;2024.0;anderes kommunales Wahlprogramm;Landkreis und Gemeinden;Dokument in Zusatzordner klassifiziert;manifestos/Seelow_SPD_2024.txt
main;Sigmaringen_Grüne_2024.txt;6206af1d3081211b717a5e5572ffb02526ae210c0cca9ec4d539cb71dee37a45;3459;GLMP-2EF9A777B2;Sigmaringen;Baden-Württemberg;Grüne;gru;2024.0;Kommunalwahlprogramm Gemeinde;Gemeinde;Hauptkorpus: kommunales Wahlprogramm der Gemeinde;manifestos/Sigmaringen_Grüne_2024.txt
main;Sindelfingen_CDU_2024.txt;038f5ba102659e81288380921592020180afee6f57d0a00bab00b9ca7ec4e267;23156;GLMP-1DF841DED7;Sindelfingen;Baden-Württemberg;CDU;cdu;2024.0;Kommunalwahlprogramm Gemeinde;Gemeinde;Hauptkorpus: kommunales Wahlprogramm der Gemeinde;manifestos/Sindelfingen_CDU_2024.txt
main;Sindelfingen_FDP_2024.txt;90ae4ce4eab75721c871c5dc8fa3d617f37f3e69850d374ad510dbaf824a2fa9;84479;GLMP-C6EB60E749;Sindelfingen;Baden-Württemberg;FDP;fdp;2024.0;Kommunalwahlprogramm Gemeinde;Gemeinde;Hauptkorpus: kommunales Wahlprogramm der Gemeinde;manifestos/Sindelfingen_FDP_2024.txt
main;Sindelfingen_FWG_2024.txt;9eb951bb3e5ec55d19c782bbe1243b6b2571b2b0811f132220908b60d63a3722;7296;GLMP-D9C95DE8F8;Sindelfingen;Baden-Württemberg;FWG;;2024.0;Kommunalwahlprogramm Gemeinde;Gemeinde;Hauptkorpus: kommunales Wahlprogramm der Gemeinde;manifestos/Sindelfingen_FWG_2024.txt
main;Sindelfingen_Grüne_2024.txt;9708ce3dae7b61ee89cbc45141cc14643823ef48aa8e8b7ac9f16a2aeaabfb8f;853;GLMP-CE9B2534A6;Sindelfingen;Baden-Württemberg;Grüne;gru;2024.0;Kommunalwahlprogramm Gemeinde;Gemeinde;Hauptkorpus: kommunales Wahlprogramm der Gemeinde;manifestos/Sindelfingen_Grüne_2024.txt
main;Sindelfingen_Linke_2024.txt;9bb842d1b2f66522e429224d1d1ccbcd9a70ccf00d2bc68a8d18353f6319cf8b;12280;GLMP-244C5D09C6;Sindelfingen;Baden-Württemberg;Linke;;2024.0;Kommunalwahlprogramm Gemeinde;Gemeinde;Hauptkorpus: kommunales Wahlprogramm der Gemeinde;manifestos/Sindelfingen_Linke_2024.txt
main;Sindelfingen_SPD_2024.txt;99c14348f65087c37fe114925a189da97a1c865a5ef1fdbec2feb78bfcb60773;47264;GLMP-BEC02286EF;Sindelfingen;Baden-Württemberg;SPD;spd;2024.0;Kommunalwahlprogramm Gemeinde;Gemeinde;Hauptkorpus: kommunales Wahlprogramm der Gemeinde;manifestos/Sindelfingen_SPD_2024.txt
main;Sonneberg_CDU_2024.txt;b5d1342b85b89439d85b61e8d69c519dde30e8f157bbb47b464bd1689d4c8a7a;6340;GLMP-285547FEFE;Sonneberg;Thüringen;CDU;cdu;2024.0;anderes kommunales Wahlprogramm;Landkreis;Dokument in Zusatzordner klassifiziert;manifestos/Sonneberg_CDU_2024.txt
main;Sonneberg_Grüne_2024.txt;1f9dd2fe52f65972f0170e236eb1e7765e38086772c483ac6d5ff985dc4d4a39;3920;GLMP-6CD7C8494E;Sonneberg;Thüringen;Grüne;gru;2024.0;anderes kommunales Wahlprogramm;Landkreis;Dokument in Zusatzordner klassifiziert;manifestos/Sonneberg_Grüne_2024.txt
main;Sonneberg_PRO SON_2024.txt;95ba22e9b6a9d1dc6e361c061b3238998cee70a3adfa50e691f3bf85c15c4bb3;9113;GLMP-DF30B18500;Sonneberg;Thüringen;PRO SON;;2024.0;Kommunalwahlprogramm Gemeinde;Gemeinde;Hauptkorpus: kommunales Wahlprogramm der Gemeinde;manifestos/Sonneberg_PRO SON_2024.txt
main;Speyer_FDP_2024.txt;8db981dbf3bb009b2278c45984a07683555aa9f02bc4ee235ba8103d7dba2a04;26995;GLMP-5382616DCF;Speyer;Rheinland-Pfalz;FDP;fdp;2024.0;Kommunalwahlprogramm Gemeinde;Gemeinde;Hauptkorpus: kommunales Wahlprogramm der Gemeinde;manifestos/Speyer_FDP_2024.txt
main;Speyer_Grüne_2024.txt;20893ee08f601aea959f774b67908eab707c93063eb51c033d08f043ddcca0b6;30779;GLMP-B1582EEE52;Speyer;Rheinland-Pfalz;Grüne;gru;2024.0;Kommunalwahlprogramm Gemeinde;Gemeinde;Hauptkorpus: kommunales Wahlprogramm der Gemeinde;manifestos/Speyer_Grüne_2024.txt
main;Speyer_SPD_2024.txt;15786751f8090dc20fe25637975655e66af4fb55f90f253395a82b0e28b0f75c;17559;GLMP-5F1BFF99AA;Speyer;Rheinland-Pfalz;SPD;spd;2024.0;Kommunalwahlprogramm Gemeinde;Gemeinde;Hauptkorpus: kommunales Wahlprogramm der Gemeinde;manifestos/Speyer_SPD_2024.txt
main;Stavenhagen (Reuterstadt)_CDU_2024.txt;16ab727458207681e484336ace629a67534d613970b97a4f47e6a9646b81ea68;12282;GLMP-C273E81D6D;Stavenhagen (Reuterstadt);Mecklenburg-Vorpommern;CDU;cdu;2024.0;Kommunalwahlprogramm Gemeinde;Gemeinde;Hauptkorpus: kommunales Wahlprogramm der Gemeinde;manifestos/Stavenhagen (Reuterstadt)_CDU_2024.txt
main;Stavenhagen (Reuterstadt)_Linke_2024.txt;fd821e2aa01c6702bd328f06e94ae7cb4f3f5cdd71557c4d95ef579f5904b901;10031;GLMP-462AEB1EF7;Stavenhagen (Reuterstadt);Mecklenburg-Vorpommern;Linke;;2024.0;Kommunalwahlprogramm Gemeinde;Gemeinde;Hauptkorpus: kommunales Wahlprogramm der Gemeinde;manifestos/Stavenhagen (Reuterstadt)_Linke_2024.txt
main;Staßfurt_CDU_2024.txt;d2062159349b7f01f6f91c8bb40d4f7fbdbff4c7b9d927f59bdb570d637b40a0;4155;GLMP-6AEAA996CE;Staßfurt;Sachsen-Anhalt;CDU;cdu;2024.0;Kommunalwahlprogramm Gemeinde;Gemeinde;Hauptkorpus: kommunales Wahlprogramm der Gemeinde;manifestos/Staßfurt_CDU_2024.txt
main;Staßfurt_Grüne_2024.txt;67798fc26623a30ab16c2e6c611e1445ae07e334c7e60825ed838789167cb87f;4151;GLMP-CD5A4A18C2;Staßfurt;Sachsen-Anhalt;Grüne;gru;2024.0;anderes kommunales Wahlprogramm;Landkreis und Gemeinden;Dokument in Zusatzordner klassifiziert;manifestos/Staßfurt_Grüne_2024.txt
main;Staßfurt_SPD_2024.txt;d696d19cd7f9d3c860d5df7cc508227dc2babb4e10e40c32419c6117eb4b1e00;442;GLMP-973497691E;Staßfurt;Sachsen-Anhalt;SPD;spd;2024.0;anderes kommunales Wahlprogramm;Landkreis;Dokument in Zusatzordner klassifiziert;manifestos/Staßfurt_SPD_2024.txt
main;Staßfurt_Unabhängige Bürgervertretung Staßfurt_2024.txt;98dff847432dc570463cd5ee6102277e84123f72cd4ca101c11f9dba6ed8a9fc;2128;GLMP-75425A701D;Staßfurt;Sachsen-Anhalt;Unabhängige Bürgervertretung Staßfurt;;2024.0;Kommunalwahlprogramm Gemeinde;Gemeinde;Hauptkorpus: kommunales Wahlprogramm der Gemeinde;manifestos/Staßfurt_Unabhängige Bürgervertretung Staßfurt_2024.txt
main;Steißlingen_CDU_2024.txt;836516df2d14fcce8bdeb79148f1624901c612fbc5e95c4da125593acf65d87e;2585;GLMP-F6FFD74F4A;Steißlingen;Baden-Württemberg;CDU;cdu;2024.0;Kommunalwahlprogramm Gemeinde;Gemeinde;Hauptkorpus: kommunales Wahlprogramm der Gemeinde;manifestos/Steißlingen_CDU_2024.txt
main;Steißlingen_FWG_2024.txt;79e3e81b9421072fe87f193ba70d379243ed5206d23207cac4a2780b2a792d84;2070;GLMP-0B0D153F0D;Steißlingen;Baden-Württemberg;FWG;;2024.0;Kommunalwahlprogramm Gemeinde;Gemeinde;Hauptkorpus: kommunales Wahlprogramm der Gemeinde;manifestos/Steißlingen_FWG_2024.txt
main;Stralsund_AfD_2024.txt;76dfd5499dddb9715310a54808c4f401816c316c3bf5bb5b28fffdaf1bc7b1ab;16155;GLMP-2DFB93A487;Stralsund;Mecklenburg-Vorpommern;AfD;;2024.0;anderes kommunales Wahlprogramm;Landkreis;Dokument in Zusatzordner klassifiziert;manifestos/Stralsund_AfD_2024.txt
main;Stralsund_Bürger für Stralsund_2024.txt;2a5da540b7d172dd387775f733bb641775de1bb8b5f392033ed0306cfb0bc138;5668;GLMP-1EDEE4201F;Stralsund;Mecklenburg-Vorpommern;Bürger für Stralsund;;2024.0;Kommunalwahlprogramm Gemeinde;Gemeinde;Hauptkorpus: kommunales Wahlprogramm der Gemeinde;manifestos/Stralsund_Bürger für Stralsund_2024.txt
main;Stralsund_CDU_2024.txt;4d593e89a34dc2d971b19738eac1d727d3eb1397429468b08a6cdf665634429b;44624;GLMP-C5241BB4A5;Stralsund;Mecklenburg-Vorpommern;CDU;cdu;2024.0;Kommunalwahlprogramm Gemeinde;Gemeinde;Hauptkorpus: kommunales Wahlprogramm der Gemeinde;manifestos/Stralsund_CDU_2024.txt
main;Stralsund_FDP_2024.txt;54d0e4ad40519ce8ebaa747c755e415d2c566cfee288bcaef4e299e244b65d1e;20605;GLMP-6ACE924F03;Stralsund;Mecklenburg-Vorpommern;FDP;fdp;2024.0;Kommunalwahlprogramm Gemeinde;Gemeinde;Hauptkorpus: kommunales Wahlprogramm der Gemeinde;manifestos/Stralsund_FDP_2024.txt
main;Stralsund_Grüne_2024.txt;cc6fda3382276dabc407c7b828bc7ffb3414cb2f6bb20285cb5c5510ee8a2fe2;21136;GLMP-A74419A754;Stralsund;Mecklenburg-Vorpommern;Grüne;gru;2024.0;Kommunalwahlprogramm Gemeinde;Gemeinde;Hauptkorpus: kommunales Wahlprogramm der Gemeinde;manifestos/Stralsund_Grüne_2024.txt
main;Stralsund_SPD_2024.txt;027de9dc65c8ecb15f8fe18af90adbd69c63a52dbcbaa486561fba63414f493e;2058;GLMP-FFBFA98159;Stralsund;Mecklenburg-Vorpommern;SPD;spd;2024.0;Kommunalwahlprogramm Gemeinde;Gemeinde;Hauptkorpus: kommunales Wahlprogramm der Gemeinde;manifestos/Stralsund_SPD_2024.txt
main;Stuttgart_AfD_2024.txt;0e8922f1e624f072734d784874d0a2efe15047525b95c290548a786594592354;72041;GLMP-E7AD23C7C9;Stuttgart;Baden-Württemberg;AfD;;2024.0;Kommunalwahlprogramm Gemeinde;Gemeinde;Hauptkorpus: kommunales Wahlprogramm der Gemeinde;manifestos/Stuttgart_AfD_2024.txt
main;Stuttgart_CDU_2024.txt;ef659979acc911f1822bf150f1041402dab43a25c5243da5289c545d3fa61e4f;17777;GLMP-6F8952841B;Stuttgart;Baden-Württemberg;CDU;cdu;2024.0;Kommunalwahlprogramm Gemeinde;Gemeinde;Hauptkorpus: kommunales Wahlprogramm der Gemeinde;manifestos/Stuttgart_CDU_2024.txt
main;Stuttgart_Children First_2024.txt;0b586447879a97f6e41c3af583c83075ab51a35fc7dbd2cf11e6c52e72583993;3306;GLMP-44DCE8B435;Stuttgart;Baden-Württemberg;Children First;;2024.0;Kommunalwahlprogramm Gemeinde;Gemeinde;Hauptkorpus: kommunales Wahlprogramm der Gemeinde;manifestos/Stuttgart_Children First_2024.txt
main;Stuttgart_Die Stadtisten_2024.txt;b6c5827ec88da88a5fa5e55157e1008b2f5decd254d36f16c3068f359e94539f;14827;GLMP-53A96EF1A7;Stuttgart;Baden-Württemberg;Die Stadtisten;;2024.0;Kommunalwahlprogramm Gemeinde;Gemeinde;Hauptkorpus: kommunales Wahlprogramm der Gemeinde;manifestos/Stuttgart_Die Stadtisten_2024.txt
main;Stuttgart_FDP_2024.txt;37541058d42e63dae6999d92d703ab3e65a242ee4585a90c1bb958749feb4534;33969;GLMP-F93B6BC606;Stuttgart;Baden-Württemberg;FDP;fdp;2024.0;Kommunalwahlprogramm Gemeinde;Gemeinde;Hauptkorpus: kommunales Wahlprogramm der Gemeinde;manifestos/Stuttgart_FDP_2024.txt
main;Stuttgart_FWG_2024.txt;a5b5dc5233fb4deeeb04aa7eddbf029cc10d6700fbd2d145acd3ad850032a9e0;5265;GLMP-C058A1D946;Stuttgart;Baden-Württemberg;FWG;;2024.0;Kommunalwahlprogramm Gemeinde;Gemeinde;Hauptkorpus: kommunales Wahlprogramm der Gemeinde;manifestos/Stuttgart_FWG_2024.txt
main;Stuttgart_FeLi_2024.txt;14bdcd7642620e802d0df4c60da1c3cf6309885c8bc455f16b6e617fc660702a;2038;GLMP-87E9A3ADD3;Stuttgart;Baden-Württemberg;FeLi;;2024.0;Kommunalwahlprogramm Gemeinde;Gemeinde;Hauptkorpus: kommunales Wahlprogramm der Gemeinde;manifestos/Stuttgart_FeLi_2024.txt
main;Stuttgart_Grüne_2024.txt;8f7320dca8bb92312da090c0b7ae217d33b8bba3fab8fe4125938c1bdd19677f;63295;GLMP-934A25A697;Stuttgart;Baden-Württemberg;Grüne;gru;2024.0;Kommunalwahlprogramm Gemeinde;Gemeinde;Hauptkorpus: kommunales Wahlprogramm der Gemeinde;manifestos/Stuttgart_Grüne_2024.txt
main;Stuttgart_Klimaliste_2024.txt;c66554b0275b649e31c1001c0a7ce870b2e2eefcd30cf4fbb4c3036ac90ac9df;66119;GLMP-250FBA0565;Stuttgart;Baden-Württemberg;Klimaliste;;2024.0;Kommunalwahlprogramm Gemeinde;Gemeinde;Hauptkorpus: kommunales Wahlprogramm der Gemeinde;manifestos/Stuttgart_Klimaliste_2024.txt
main;Stuttgart_Linke_2024.txt;54a2f4dd9e2d6ccfbe2b7ca9432d3f3b0944a131723a5fbfa5dc002795e0e68b;7823;GLMP-77686CD243;Stuttgart;Baden-Württemberg;Linke;;2024.0;Kommunalwahlprogramm Gemeinde;Gemeinde;Hauptkorpus: kommunales Wahlprogramm der Gemeinde;manifestos/Stuttgart_Linke_2024.txt
main;Stuttgart_SPD_2024.txt;aae8ed20aea63feac161a5d724d34e07a86f087caf18998f4a48732830c3a909;73208;GLMP-7D8A47F500;Stuttgart;Baden-Württemberg;SPD;spd;2024.0;Kommunalwahlprogramm Gemeinde;Gemeinde;Hauptkorpus: kommunales Wahlprogramm der Gemeinde;manifestos/Stuttgart_SPD_2024.txt
main;Stuttgart_Stuttgarter Liste_2024.txt;58d5a1c91125e253cc1c24f8761a7efee44cf0533bfa0db36401b818bf219464;60507;GLMP-5E6EB74066;Stuttgart;Baden-Württemberg;Stuttgarter Liste;;2024.0;Kommunalwahlprogramm Gemeinde;Gemeinde;Hauptkorpus: kommunales Wahlprogramm der Gemeinde;manifestos/Stuttgart_Stuttgarter Liste_2024.txt
main;Stuttgart_SÖS_2024.txt;4d68d04c79560ca43bece0d8be0e76d8c0b39cd6d11ff300c2c2338aeb51cb05;40210;GLMP-C2B5621A33;Stuttgart;Baden-Württemberg;SÖS;;2024.0;Kommunalwahlprogramm Gemeinde;Gemeinde;Hauptkorpus: kommunales Wahlprogramm der Gemeinde;manifestos/Stuttgart_SÖS_2024.txt
main;Stuttgart_Vielfalt_2024.txt;44b4a07f4f0cbb8b65693d12ef9003e997366841a563cd31872bc3e2e0d1030a;6028;GLMP-0FA73F3E33;Stuttgart;Baden-Württemberg;Vielfalt;;2024.0;Kommunalwahlprogramm Gemeinde;Gemeinde;Hauptkorpus: kommunales Wahlprogramm der Gemeinde;manifestos/Stuttgart_Vielfalt_2024.txt
main;Stuttgart_Volt_2024.txt;d8e339ada94362cff64bd37217cb8579ee1217a4db2b7f5a77a38ca01ec4de38;128158;GLMP-B738670071;Stuttgart;Baden-Württemberg;Volt;vlt;2024.0;Kommunalwahlprogramm Gemeinde;Gemeinde;Hauptkorpus: kommunales Wahlprogramm der Gemeinde;manifestos/Stuttgart_Volt_2024.txt
main;Stuttgart_ÖDP_2024.txt;64bc150f5c58ae23d2536f195328f7ebfd417ac93647de1df9a42e6f117e3141;1619;GLMP-85D76812B1;Stuttgart;Baden-Württemberg;ÖDP;;2024.0;Kommunalwahlprogramm Gemeinde;Gemeinde;Hauptkorpus: kommunales Wahlprogramm der Gemeinde;manifestos/Stuttgart_ÖDP_2024.txt
main;Sulz am Neckar_SPD_2024.txt;a1ab55eab767606467070bd3e63801178bfab3a21634ace7474c07edaf1ce75b;2287;GLMP-AB42317EB3;Sulz am Neckar;Baden-Württemberg;SPD;spd;2024.0;Kommunalwahlprogramm Gemeinde;Gemeinde;Hauptkorpus: kommunales Wahlprogramm der Gemeinde;manifestos/Sulz am Neckar_SPD_2024.txt
main;Sundhagen_AfD_2024.txt;b3315a5682a84f7cb95f563e02df74d0808c560821ba1086e558161a459c1403;15814;GLMP-CABA51A03A;Sundhagen;Mecklenburg-Vorpommern;AfD;;2024.0;anderes kommunales Wahlprogramm;Landkreis;Dokument in Zusatzordner klassifiziert;manifestos/Sundhagen_AfD_2024.txt
main;Sundhagen_BKW_2024.txt;9c3b58b5f708906a3c37811916b79fb7334cf7d25f0cab9af40b2cb3b577230a;1253;GLMP-6821C7FBAE;Sundhagen;Mecklenburg-Vorpommern;BKW;;2024.0;anderes kommunales Wahlprogramm;Gemeinde;Dokument in Zusatzordner klassifiziert;manifestos/Sundhagen_BKW_2024.txt
main;Sundhagen_CDU_2024.txt;54422068eb189e6eb084047880b444b66674d5376f394b2f42686f1b418c6f21;11675;GLMP-E4E0A0A4E3;Sundhagen;Mecklenburg-Vorpommern;CDU;cdu;2024.0;anderes kommunales Wahlprogramm;Landkreis und Gemeinden;Dokument in Zusatzordner klassifiziert;manifestos/Sundhagen_CDU_2024.txt
main;Sundhagen_Linke_2024.txt;0adee750734cbeccecf819b43c4b84c6e1fb55c94aba61b80c52df90cc474b06;18440;GLMP-38C5A3061E;Sundhagen;Mecklenburg-Vorpommern;Linke;;2024.0;anderes kommunales Wahlprogramm;Land;Dokument in Zusatzordner klassifiziert;manifestos/Sundhagen_Linke_2024.txt
main;Sömmerda_BIS_2024.txt;53fd2f6687000e520c58b8e19912e55a669ef8ee530cc0df26d016aa556160ab;2359;GLMP-D49FACDC70;Sömmerda;Thüringen;BIS;;2024.0;Kommunalwahlprogramm Gemeinde;Gemeinde;Hauptkorpus: kommunales Wahlprogramm der Gemeinde;manifestos/Sömmerda_BIS_2024.txt
main;Sömmerda_CDU_2024.txt;2587e4d042a2b6d4528a365c2db525e18d3cf8b6e2fac7335ab78bba57e93bb7;9957;GLMP-6B195CA4D1;Sömmerda;Thüringen;CDU;cdu;2024.0;Kommunalwahlprogramm Gemeinde;Gemeinde;Hauptkorpus: kommunales Wahlprogramm der Gemeinde;manifestos/Sömmerda_CDU_2024.txt
main;Sömmerda_FDP_2024.txt;feb75a3a5a8313b39e3f685b832f40c799b358d9ceac3acd5fa9ba7459eb3721;1875;GLMP-A6E2A74D9C;Sömmerda;Thüringen;FDP;fdp;2024.0;anderes kommunales Wahlprogramm;Landkreis;Dokument in Zusatzordner klassifiziert;manifestos/Sömmerda_FDP_2024.txt
main;Sömmerda_Grüne_2024.txt;8e1da8b7249df7934fdbb168965eb1886b37d58ac5ff15fc6d86d7261c894c6e;1089;GLMP-BB4660B2B1;Sömmerda;Thüringen;Grüne;gru;2024.0;anderes kommunales Wahlprogramm;Landkreis;Dokument in Zusatzordner klassifiziert;manifestos/Sömmerda_Grüne_2024.txt
main;Sömmerda_SPD_2024.txt;a1d4c79030e18cbc7d1bbf02e5a84612fca9963307c252a1f20f30230b45aa12;38555;GLMP-44D1E3CF38;Sömmerda;Thüringen;SPD;spd;2024.0;anderes kommunales Wahlprogramm;Landkreis und Gemeinden;Dokument in Zusatzordner klassifiziert;manifestos/Sömmerda_SPD_2024.txt
main;Tangermünde_SPD_2024.txt;55367ce75cd21ae8e49aa7887ac9217cd85e6c37c19c723b52a4fa85fd8ef2d2;683;GLMP-7168CECB29;Tangermünde;Sachsen-Anhalt;SPD;spd;2024.0;Kommunalwahlprogramm Gemeinde;Gemeinde;Hauptkorpus: kommunales Wahlprogramm der Gemeinde;manifestos/Tangermünde_SPD_2024.txt
main;Tholey_CDU_2024.txt;df350ae3a20ed58e84242e9e60aba4ccc665250bd8e172460a6a1edd78531c07;8753;GLMP-DCB42A6963;Tholey;Saarland;CDU;cdu;2024.0;Kommunalwahlprogramm Gemeinde;Gemeinde;Hauptkorpus: kommunales Wahlprogramm der Gemeinde;manifestos/Tholey_CDU_2024.txt
main;Tholey_FDP_2024.txt;8750e64ca370a7f8d28efc62e94bf298bdfa662497c3be14b877bdc2ffc8f3a8;9282;GLMP-45B8CAB8CC;Tholey;Saarland;FDP;fdp;2024.0;anderes kommunales Wahlprogramm;Landkreis;Dokument in Zusatzordner klassifiziert;manifestos/Tholey_FDP_2024.txt
main;Traben-Trarbach_CDU_2024.txt;22b7ef90cbb732ccaad71d33facce44874cb9fd5c0b1244d62babc2e7909bec7;43311;GLMP-DC8D897098;Traben-Trarbach;Rheinland-Pfalz;CDU;cdu;2024.0;Kommunalwahlprogramm Gemeinde;Gemeinde;Hauptkorpus: kommunales Wahlprogramm der Gemeinde;manifestos/Traben-Trarbach_CDU_2024.txt
main;Traben-Trarbach_FWG_2024.txt;34d92643f9a1b158e14ffc3e28338bad042959551754bffd04448c6bdbe27147;38169;GLMP-D37E1197D6;Traben-Trarbach;Rheinland-Pfalz;FWG;;2024.0;anderes kommunales Wahlprogramm;Landkreis;Dokument in Zusatzordner klassifiziert;manifestos/Traben-Trarbach_FWG_2024.txt
main;Traben-Trarbach_Grüne_2024.txt;f030cc86525b850eff83252a663ce273a64c25777754980e347f6074cc38d342;22513;GLMP-C5467183E5;Traben-Trarbach;Rheinland-Pfalz;Grüne;gru;2024.0;anderes kommunales Wahlprogramm;Landkreis und Gemeinden;Dokument in Zusatzordner klassifiziert;manifestos/Traben-Trarbach_Grüne_2024.txt
main;Traben-Trarbach_SPD_2024.txt;d8f4e016eaff4f4a2f030f33e7768b29d8f6967642dcefb4476be45b2fbb4382;41150;GLMP-E9A4FAE9D8;Traben-Trarbach;Rheinland-Pfalz;SPD;spd;2024.0;anderes kommunales Wahlprogramm;Land;Dokument in Zusatzordner klassifiziert;manifestos/Traben-Trarbach_SPD_2024.txt
main;Trier_AfD_2024.txt;3060518a419d070886fd295d37aa86227614dfc58f03a7bdba97078d846c0e30;35418;GLMP-CDC03A8038;Trier;Rheinland-Pfalz;AfD;;2024.0;Kommunalwahlprogramm Gemeinde;Gemeinde;Hauptkorpus: kommunales Wahlprogramm der Gemeinde;manifestos/Trier_AfD_2024.txt
main;Trier_CDU_2024.txt;5b220147a2714c01656beff97d8014e0fdac662a743d8641ea9a96e97e5afe75;23950;GLMP-00AE8B2E41;Trier;Rheinland-Pfalz;CDU;cdu;2024.0;Kommunalwahlprogramm Gemeinde;Gemeinde;Hauptkorpus: kommunales Wahlprogramm der Gemeinde;manifestos/Trier_CDU_2024.txt
main;Trier_FDP_2024.txt;391e5da35d450cf0231fc4c624c8af1018342a770c73b3c3cdb9bca8be5251bb;187816;GLMP-2FB0B822A6;Trier;Rheinland-Pfalz;FDP;fdp;2024.0;Kommunalwahlprogramm Gemeinde;Gemeinde;Hauptkorpus: kommunales Wahlprogramm der Gemeinde;manifestos/Trier_FDP_2024.txt
main;Trier_FWG_2024.txt;739084b11898af1660e23cb181bb17a22f7ee1c546818ff5e46b887dc3d2f5fe;13344;GLMP-FCAF765617;Trier;Rheinland-Pfalz;FWG;;2024.0;Kommunalwahlprogramm Gemeinde;Gemeinde;Hauptkorpus: kommunales Wahlprogramm der Gemeinde;manifestos/Trier_FWG_2024.txt
main;Trier_Grüne_2024.txt;446af0e67ad0a00316016788e626917d6bad7dc22569ad46fbadcc087f03b833;128877;GLMP-7E09D8F4FE;Trier;Rheinland-Pfalz;Grüne;gru;2024.0;Kommunalwahlprogramm Gemeinde;Gemeinde;Hauptkorpus: kommunales Wahlprogramm der Gemeinde;manifestos/Trier_Grüne_2024.txt
main;Trier_Linke_2024.txt;648047b6650f6ff8774f00e75fdc38deba78cad177f6a1f26d20372926749055;38255;GLMP-511408532A;Trier;Rheinland-Pfalz;Linke;;2024.0;Kommunalwahlprogramm Gemeinde;Gemeinde;Hauptkorpus: kommunales Wahlprogramm der Gemeinde;manifestos/Trier_Linke_2024.txt
main;Trier_SPD_2024.txt;cb7f56bf01254de9273cc8876b55060b4e07f63903931114a6a204c6e76f71ff;11921;GLMP-1E7856C14B;Trier;Rheinland-Pfalz;SPD;spd;2024.0;Kommunalwahlprogramm Gemeinde;Gemeinde;Hauptkorpus: kommunales Wahlprogramm der Gemeinde;manifestos/Trier_SPD_2024.txt
main;Trier_UBT_2024.txt;2c38e412c2de074e80ea9223cbe27864e3a50cee245ff709e99dd4380d1b2504;12295;GLMP-FE1CEABA14;Trier;Rheinland-Pfalz;UBT;;2024.0;Kommunalwahlprogramm Gemeinde;Gemeinde;Hauptkorpus: kommunales Wahlprogramm der Gemeinde;manifestos/Trier_UBT_2024.txt
main;Tübingen_CDU_2024.txt;c4da0d71cd29a042f9f2626d6970a6cd5599c8f37f6de3c4377bd9c975e01ec1;40837;GLMP-46CD22B038;Tübingen;Baden-Württemberg;CDU;cdu;2024.0;Kommunalwahlprogramm Gemeinde;Gemeinde;Hauptkorpus: kommunales Wahlprogramm der Gemeinde;manifestos/Tübingen_CDU_2024.txt
main;Tübingen_FDP_2024.txt;d5189537deb8a56d9c3258b966d7213af0956b799ffd95acfb9d8d951a03cd7c;17608;GLMP-F4EDE19F1E;Tübingen;Baden-Württemberg;FDP;fdp;2024.0;Kommunalwahlprogramm Gemeinde;Gemeinde;Hauptkorpus: kommunales Wahlprogramm der Gemeinde;manifestos/Tübingen_FDP_2024.txt
main;Tübingen_Grüne_2024.txt;40aa649bb8ef42379e3b3e43527cd51d1d707cf2eb5473de809380a322533db4;104875;GLMP-691135F386;Tübingen;Baden-Württemberg;Grüne;gru;2024.0;Kommunalwahlprogramm Gemeinde;Gemeinde;Hauptkorpus: kommunales Wahlprogramm der Gemeinde;manifestos/Tübingen_Grüne_2024.txt
main;Tübingen_Klimaliste_2024.txt;f442aa53ef53bd9fc1e08a1481c5db993ffbcc3b9c58a7beff00b6466a9199e4;95945;GLMP-CD7094266A;Tübingen;Baden-Württemberg;Klimaliste;;2024.0;Kommunalwahlprogramm Gemeinde;Gemeinde;Hauptkorpus: kommunales Wahlprogramm der Gemeinde;manifestos/Tübingen_Klimaliste_2024.txt
main;Tübingen_Linke_2024.txt;8b1d2588ae55c1004352d1975145d503b5c643afac33ab8e595a357e8197994b;68942;GLMP-6610C31BC0;Tübingen;Baden-Württemberg;Linke;;2024.0;Kommunalwahlprogramm Gemeinde;Gemeinde;Hauptkorpus: kommunales Wahlprogramm der Gemeinde;manifestos/Tübingen_Linke_2024.txt
main;Tübingen_SPD_2024.txt;41a0651e25262c9872ed5eed7fa6bf9bd44b32a64aac49c97233c7d96ab96f49;88429;GLMP-B1E0CE4A7C;Tübingen;Baden-Württemberg;SPD;spd;2024.0;Kommunalwahlprogramm Gemeinde;Gemeinde;Hauptkorpus: kommunales Wahlprogramm der Gemeinde;manifestos/Tübingen_SPD_2024.txt
main;Tübingen_Tübinger Liste_2024.txt;25482f5aedc7bd63fe574ee11cf011003f60d1f5387c4965e53d5868bf0791e7;56753;GLMP-CF32B0C0B9;Tübingen;Baden-Württemberg;Tübinger Liste;;2024.0;Kommunalwahlprogramm Gemeinde;Gemeinde;Hauptkorpus: kommunales Wahlprogramm der Gemeinde;manifestos/Tübingen_Tübinger Liste_2024.txt
main;Ulm_BLO_2024.txt;7ec6869c1d98558bef85d2d95ff67dbbe42016ff38bc0802c1909acd367e5bc4;19473;GLMP-B19D3FB773;Ulm;Baden-Württemberg;BLO;;2024.0;Kommunalwahlprogramm Gemeinde;Gemeinde;Hauptkorpus: kommunales Wahlprogramm der Gemeinde;manifestos/Ulm_BLO_2024.txt
main;Ulm_CDU_2024.txt;8ba10ba2098aad03e35b34474100fae08759fdfdd06a9de747425c814ffbd8b7;10707;GLMP-AFDEE5DC2E;Ulm;Baden-Württemberg;CDU;cdu;2024.0;Kommunalwahlprogramm Gemeinde;Gemeinde;Hauptkorpus: kommunales Wahlprogramm der Gemeinde;manifestos/Ulm_CDU_2024.txt
main;Ulm_FDP_2024.txt;0cf5e23ae8708cb91a944c135e7a2e14f99395519c6ad5c329d9998d8222eaaa;17026;GLMP-93A7485056;Ulm;Baden-Württemberg;FDP;fdp;2024.0;Kommunalwahlprogramm Gemeinde;Gemeinde;Hauptkorpus: kommunales Wahlprogramm der Gemeinde;manifestos/Ulm_FDP_2024.txt
main;Ulm_FWG_2024.txt;e178b73cd6ffc07bb8ad0f28d78e45a68dcccd3711fc82b77ac0d49b5c60b10d;1804;GLMP-D26F9E6552;Ulm;Baden-Württemberg;FWG;;2024.0;Grundsatzprogramm;übergeordnet;Dokument in Zusatzordner klassifiziert;manifestos/Ulm_FWG_2024.txt
main;Ulm_Grüne_2024.txt;4b154535d00b0cf29694322cb701d3cc36fd16d8be8b6899963b186d47c81755;2364;GLMP-9B24CC25D8;Ulm;Baden-Württemberg;Grüne;gru;2024.0;Kommunalwahlprogramm Gemeinde;Gemeinde;Hauptkorpus: kommunales Wahlprogramm der Gemeinde;manifestos/Ulm_Grüne_2024.txt
main;Ulm_Junge Ulmer Liste_2024.txt;f35a0c889a05c09d11d93c9ae3bf3ace7a3cc782f51a313bf6c72fcd2b031304;3329;GLMP-406BD06378;Ulm;Baden-Württemberg;Junge Ulmer Liste;;2024.0;Kommunalwahlprogramm Gemeinde;Gemeinde;Hauptkorpus: kommunales Wahlprogramm der Gemeinde;manifestos/Ulm_Junge Ulmer Liste_2024.txt
main;Ulm_Klimaliste Ulm_2024.txt;a6f46b5b88bda3e6a5aac05a7eba6d89ff7bdba339e921188cac48000574ea3d;32993;GLMP-E3925B1C37;Ulm;Baden-Württemberg;Klimaliste Ulm;;2024.0;Kommunalwahlprogramm Gemeinde;Gemeinde;Hauptkorpus: kommunales Wahlprogramm der Gemeinde;manifestos/Ulm_Klimaliste Ulm_2024.txt
main;Ulm_SPD_2024.txt;3956ca7f65d6cd10ab134de903c87ef568b8de6e60a231a780c23f20405ee69d;12245;GLMP-F012CDDE07;Ulm;Baden-Württemberg;SPD;spd;2024.0;Kommunalwahlprogramm Gemeinde;Gemeinde;Hauptkorpus: kommunales Wahlprogramm der Gemeinde;manifestos/Ulm_SPD_2024.txt
main;Ulm_UfA_2024.txt;a26fa37c9fb29b2c935a2c7df221e35d829c0e56043a7190bbb3c9bd74812a95;29253;GLMP-CA171F628E;Ulm;Baden-Württemberg;UfA;;2024.0;Kommunalwahlprogramm Gemeinde;Gemeinde;Hauptkorpus: kommunales Wahlprogramm der Gemeinde;manifestos/Ulm_UfA_2024.txt
main;Villingen-Schwenningen_CDU_2024.txt;0757f1e642a4bd2eb2cf052c09ac4176059f53f89cfee94773e5d6aeeac36ec2;12659;GLMP-6222371D8B;Villingen-Schwenningen;Baden-Württemberg;CDU;cdu;2024.0;Kommunalwahlprogramm Gemeinde;Gemeinde;Hauptkorpus: kommunales Wahlprogramm der Gemeinde;manifestos/Villingen-Schwenningen_CDU_2024.txt
main;Villingen-Schwenningen_FDP_2024.txt;6e32094c2eb1e79d3f52f3aa21b063ced7d925fe717f7933127fdb04e802655b;7721;GLMP-0CFC568156;Villingen-Schwenningen;Baden-Württemberg;FDP;fdp;2024.0;Kommunalwahlprogramm Gemeinde;Gemeinde;Hauptkorpus: kommunales Wahlprogramm der Gemeinde;manifestos/Villingen-Schwenningen_FDP_2024.txt
main;Villingen-Schwenningen_FWG_2024.txt;fef89a11a53da0104714e2be174cb9960cad1899bb570cc863f8000d39bd08fe;5452;GLMP-16B31B3469;Villingen-Schwenningen;Baden-Württemberg;FWG;;2024.0;Kommunalwahlprogramm Gemeinde;Gemeinde;Hauptkorpus: kommunales Wahlprogramm der Gemeinde;manifestos/Villingen-Schwenningen_FWG_2024.txt
main;Villingen-Schwenningen_Grüne_2024.txt;b730c636a911b8bea1087d842e1bf9a5eaebc3a42f12f3e8b435713c66e23641;3666;GLMP-88145A8990;Villingen-Schwenningen;Baden-Württemberg;Grüne;gru;2024.0;Kommunalwahlprogramm Gemeinde;Gemeinde;Hauptkorpus: kommunales Wahlprogramm der Gemeinde;manifestos/Villingen-Schwenningen_Grüne_2024.txt
main;Villingen-Schwenningen_SPD_2024.txt;6063cfc91cc0bc4433633505ab77e99a8cfafc87a706c76f29d76a50b81c22d7;8552;GLMP-4B79CA20A4;Villingen-Schwenningen;Baden-Württemberg;SPD;spd;2024.0;Kommunalwahlprogramm Gemeinde;Gemeinde;Hauptkorpus: kommunales Wahlprogramm der Gemeinde;manifestos/Villingen-Schwenningen_SPD_2024.txt
main;Völklingen_CDU_2024.txt;f905efe650262f5fd12cd5fc3f1421b7d0cee55677c1e7656cd19ee4f791c27d;23192;GLMP-A3389994F9;Völklingen;Saarland;CDU;cdu;2024.0;Kommunalwahlprogramm Gemeinde;Gemeinde;Hauptkorpus: kommunales Wahlprogramm der Gemeinde;manifestos/Völklingen_CDU_2024.txt
main;Völklingen_Linke_2024.txt;176067d127fb3136eed2664b5d5f600af7efd69a36680e0dabcda7661a5effea;2520;GLMP-50F5F6F493;Völklingen;Saarland;Linke;;2024.0;Kommunalwahlprogramm Gemeinde;Gemeinde;Hauptkorpus: kommunales Wahlprogramm der Gemeinde;manifestos/Völklingen_Linke_2024.txt
main;Völklingen_SPD_2024.txt;b223f3dc82f4801c712fe645600d83c478643358b3034a1f2607a90510cab721;7817;GLMP-1FE3BBABE4;Völklingen;Saarland;SPD;spd;2024.0;Kommunalwahlprogramm Gemeinde;Gemeinde;Hauptkorpus: kommunales Wahlprogramm der Gemeinde;manifestos/Völklingen_SPD_2024.txt
main;Waghäusel_CDU_2024.txt;a536325ecf27cd3575487a3320956d1bb6b9f8e85163451e0f1cb315988efcbf;2690;GLMP-CB62139773;Waghäusel;Baden-Württemberg;CDU;cdu;2024.0;Kommunalwahlprogramm Gemeinde;Gemeinde;Hauptkorpus: kommunales Wahlprogramm der Gemeinde;manifestos/Waghäusel_CDU_2024.txt
main;Waghäusel_FWG_2024.txt;9bbac4abb31a0425144a505cd8dadf2150d6b3b447ea6694134a09eda661986a;25075;GLMP-5CB67BDF8E;Waghäusel;Baden-Württemberg;FWG;;2024.0;Kommunalwahlprogramm Gemeinde;Gemeinde;Hauptkorpus: kommunales Wahlprogramm der Gemeinde;manifestos/Waghäusel_FWG_2024.txt
main;Waghäusel_Grüne_2024.txt;3c42cd3dece14b787f089b748a8d4b521f8db57fe04da113b256b4c9c03c34bf;22642;GLMP-A8FA30BC72;Waghäusel;Baden-Württemberg;Grüne;gru;2024.0;Kommunalwahlprogramm Gemeinde;Gemeinde;Hauptkorpus: kommunales Wahlprogramm der Gemeinde;manifestos/Waghäusel_Grüne_2024.txt
main;Waghäusel_SPD_2024.txt;751e2e8d9bd5777bca772affe88a6d1939495ecd8320405434baa04baec79612;22061;GLMP-D1269FEFC3;Waghäusel;Baden-Württemberg;SPD;spd;2024.0;Kommunalwahlprogramm Gemeinde;Gemeinde;Hauptkorpus: kommunales Wahlprogramm der Gemeinde;manifestos/Waghäusel_SPD_2024.txt
main;Waiblingen_Alternative Liste Waiblingen_2024.txt;3ba37f219edf458cff68fb432689a0081a58c6463e26c3b29eb44f20787189ad;15228;GLMP-8649E2C329;Waiblingen;Baden-Württemberg;Alternative Liste Waiblingen;;2024.0;Kommunalwahlprogramm Gemeinde;Gemeinde;Hauptkorpus: kommunales Wahlprogramm der Gemeinde;manifestos/Waiblingen_Alternative Liste Waiblingen_2024.txt
main;Waiblingen_BüBi_2024.txt;8c6071b785d85be7b54029da688cfde7268fd4a1208f0cb0ba3db664c3e4e417;1668;GLMP-51010C2990;Waiblingen;Baden-Württemberg;BüBi;;2024.0;Kommunalwahlprogramm Gemeinde;Gemeinde;Hauptkorpus: kommunales Wahlprogramm der Gemeinde;manifestos/Waiblingen_BüBi_2024.txt
main;Waiblingen_CDU_2024.txt;64d28e2925d2d4200d7e7f21847e530d0a195e508ce280f5040ca71c011cd5ae;2017;GLMP-433BFEC7C4;Waiblingen;Baden-Württemberg;CDU;cdu;2024.0;Kommunalwahlprogramm Gemeinde;Gemeinde;Hauptkorpus: kommunales Wahlprogramm der Gemeinde;manifestos/Waiblingen_CDU_2024.txt
main;Waiblingen_FDP_2024.txt;ea2ece025df809b4913cef895734a18eb206f1b2e9525271d0707b783dce3544;19958;GLMP-5257A28037;Waiblingen;Baden-Württemberg;FDP;fdp;2024.0;Kommunalwahlprogramm Gemeinde;Gemeinde;Hauptkorpus: kommunales Wahlprogramm der Gemeinde;manifestos/Waiblingen_FDP_2024.txt
main;Waiblingen_FWG_2024.txt;34d84ae19b59aa88f301aadfccfd4fa1d17fd9f1cd305ba9cf926f9c869ed428;2046;GLMP-5FEF79DAE0;Waiblingen;Baden-Württemberg;FWG;;2024.0;Kommunalwahlprogramm Gemeinde;Gemeinde;Hauptkorpus: kommunales Wahlprogramm der Gemeinde;manifestos/Waiblingen_FWG_2024.txt
main;Waiblingen_GRÜNT_2024.txt;0c0163136c9a074fd476272fb4466033693d43d86d0add9dd43a7976a1fbb7a1;4731;GLMP-EA9B6794CA;Waiblingen;Baden-Württemberg;GRÜNT;;2024.0;Kommunalwahlprogramm Gemeinde;Gemeinde;Hauptkorpus: kommunales Wahlprogramm der Gemeinde;manifestos/Waiblingen_GRÜNT_2024.txt
main;Waiblingen_Grüne_2024.txt;985ba24e6d9501e924d7ead3831c76e7934eef98bd486b7a853e604be2b2fd2e;8312;GLMP-082A96E8C8;Waiblingen;Baden-Württemberg;Grüne;gru;2024.0;Kommunalwahlprogramm Gemeinde;Gemeinde;Hauptkorpus: kommunales Wahlprogramm der Gemeinde;manifestos/Waiblingen_Grüne_2024.txt
main;Waiblingen_SPD_2024.txt;644d1720d9397c2eec90f089574a777e259024f6639b766744bfec27260b488a;7344;GLMP-D0CE40183E;Waiblingen;Baden-Württemberg;SPD;spd;2024.0;Kommunalwahlprogramm Gemeinde;Gemeinde;Hauptkorpus: kommunales Wahlprogramm der Gemeinde;manifestos/Waiblingen_SPD_2024.txt
main;Wallerfangen_FWG_2024.txt;4ec174da3f7c13d20bc64994f9bb61915442e92bf2975e504ac3932c4cbf5669;4944;GLMP-99675F4C5A;Wallerfangen;Saarland;FWG;;2024.0;Kommunalwahlprogramm Gemeinde;Gemeinde;Hauptkorpus: kommunales Wahlprogramm der Gemeinde;manifestos/Wallerfangen_FWG_2024.txt
main;Wallerfangen_Linke_2024.txt;488fb40791990841e8ebf6c4bb61c3be3645940988ba66d83a0d24e23e080c32;5065;GLMP-9020FB27B6;Wallerfangen;Saarland;Linke;;2024.0;anderes kommunales Wahlprogramm;Land;Dokument in Zusatzordner klassifiziert;manifestos/Wallerfangen_Linke_2024.txt
main;Waren (Müritz)_CDU_2024.txt;acc2aec3ba7a232990b53dfd47a2a285152eaa8fc29eb0c26c58f13b99936a4b;2782;GLMP-0060F83BCC;Waren (Müritz);Mecklenburg-Vorpommern;CDU;cdu;2024.0;Kommunalwahlprogramm Gemeinde;Gemeinde;Hauptkorpus: kommunales Wahlprogramm der Gemeinde;manifestos/Waren (Müritz)_CDU_2024.txt
main;Waren (Müritz)_FDP_2024.txt;510ea874505b62733d14b8978b3ee9616a95262bf8daf5715610dcdc0776ffd3;2662;GLMP-727D29CD08;Waren (Müritz);Mecklenburg-Vorpommern;FDP;fdp;2024.0;Kommunalwahlprogramm Gemeinde;Gemeinde;Hauptkorpus: kommunales Wahlprogramm der Gemeinde;manifestos/Waren (Müritz)_FDP_2024.txt
main;Waren (Müritz)_Grüne_2024.txt;cfd56493bc80efafadd083dbb7ccd1ba27d66e57b1954498213af0f012565017;21644;GLMP-3D30E4007E;Waren (Müritz);Mecklenburg-Vorpommern;Grüne;gru;2024.0;Kommunalwahlprogramm Gemeinde;Gemeinde;Hauptkorpus: kommunales Wahlprogramm der Gemeinde;manifestos/Waren (Müritz)_Grüne_2024.txt
main;Waren (Müritz)_SPD_2024.txt;618adaed63d269ddfd28a116e11156afe1818ccf42196c387d79d50dbde3a062;14594;GLMP-E394790B1F;Waren (Müritz);Mecklenburg-Vorpommern;SPD;spd;2024.0;Kommunalwahlprogramm Gemeinde;Gemeinde;Hauptkorpus: kommunales Wahlprogramm der Gemeinde;manifestos/Waren (Müritz)_SPD_2024.txt
main;Weimar_CDU_2024.txt;043e5ece8238662f78aca481451ef212451f47be38c62df5ff0bb1d2be5eb612;59951;GLMP-39CC728F4D;Weimar;Thüringen;CDU;cdu;2024.0;Kommunalwahlprogramm Gemeinde;Gemeinde;Hauptkorpus: kommunales Wahlprogramm der Gemeinde;manifestos/Weimar_CDU_2024.txt
main;Weimar_Die Basis_2024.txt;5682d3e1982293d042e2955e03f0eb8dad9d1e46f934400fc400569f75a01e96;2444;GLMP-923953ACF7;Weimar;Thüringen;Die Basis;;2024.0;Kommunalwahlprogramm Gemeinde;Gemeinde;Hauptkorpus: kommunales Wahlprogramm der Gemeinde;manifestos/Weimar_Die Basis_2024.txt
main;Weimar_Grüne_2024.txt;40e21bf628be02fe9560e48c90b50b447d305b720b0e548906f0fb7f60c73849;111541;GLMP-904964D50E;Weimar;Thüringen;Grüne;gru;2024.0;Kommunalwahlprogramm Gemeinde;Gemeinde;Hauptkorpus: kommunales Wahlprogramm der Gemeinde;manifestos/Weimar_Grüne_2024.txt
main;Weimar_Linke_2024.txt;cce149da8d075d77416f264c644a8556880e7305b506a14a03316cc23949ab44;34898;GLMP-5BAADF8D2A;Weimar;Thüringen;Linke;;2024.0;Kommunalwahlprogramm Gemeinde;Gemeinde;Hauptkorpus: kommunales Wahlprogramm der Gemeinde;manifestos/Weimar_Linke_2024.txt
main;Weimar_SPD_2024.txt;948c6286e1a216b9ea77e998b9aba01dc9c3d6569138d6f157888934d08f6f49;44099;GLMP-4B731B9AA5;Weimar;Thüringen;SPD;spd;2024.0;Kommunalwahlprogramm Gemeinde;Gemeinde;Hauptkorpus: kommunales Wahlprogramm der Gemeinde;manifestos/Weimar_SPD_2024.txt
main;Weimar_Weimarwerk_2024.txt;904493d5dfdad24632ba206fa30b0a9be8062d4c90031e1b079c8b53f0052bc0;13723;GLMP-98820292DD;Weimar;Thüringen;Weimarwerk;;2024.0;Kommunalwahlprogramm Gemeinde;Gemeinde;Hauptkorpus: kommunales Wahlprogramm der Gemeinde;manifestos/Weimar_Weimarwerk_2024.txt
main;Weinböhla_BiW_2024.txt;b4ceeeedbd4d08ebd114e3f632eb673f27a911364f0e6c74d6dcf0ac7865fdf4;1211;GLMP-F6DF4FA092;Weinböhla;Sachsen;BiW;;2024.0;Kommunalwahlprogramm Gemeinde;Gemeinde;Hauptkorpus: kommunales Wahlprogramm der Gemeinde;manifestos/Weinböhla_BiW_2024.txt
main;Weinböhla_Linke_2024.txt;be426fdf46c8181fce805ba2f3793680496285766d00b48a81c9b016da9a299c;2687;GLMP-9DD76DC66F;Weinböhla;Sachsen;Linke;;2024.0;Kommunalwahlprogramm Gemeinde;Gemeinde;Hauptkorpus: kommunales Wahlprogramm der Gemeinde;manifestos/Weinböhla_Linke_2024.txt
main;Weiskirchen_CDU_2024.txt;46c0562fb1d7d2ee2f442ecb5c39be659d3e14ea677ebd1c28bfb532ccb4d4a2;17551;GLMP-8F0330491E;Weiskirchen;Saarland;CDU;cdu;2024.0;anderes kommunales Wahlprogramm;Landkreis und Gemeinden;Dokument in Zusatzordner klassifiziert;manifestos/Weiskirchen_CDU_2024.txt
main;Weiskirchen_GAL_2024.txt;773fd1c87aaf5fa5e86505e5da4cf0fe8fdccd42f674a0a0a2ed6d83ce949c36;12122;GLMP-CA85ABD36A;Weiskirchen;Saarland;GAL;;2024.0;Kommunalwahlprogramm Gemeinde;Gemeinde;Hauptkorpus: kommunales Wahlprogramm der Gemeinde;manifestos/Weiskirchen_GAL_2024.txt
main;Weißenfels_CDU_2024.txt;0de6ff994f4c56ffcc20ef05a1a5d2f1db3ec09c50b60a292c27d8b9eae8c9bc;13824;GLMP-9E36A5C131;Weißenfels;Sachsen-Anhalt;CDU;cdu;2024.0;Kommunalwahlprogramm Gemeinde;Gemeinde;Hauptkorpus: kommunales Wahlprogramm der Gemeinde;manifestos/Weißenfels_CDU_2024.txt
main;Weißenfels_Linke_2024.txt;92c17841a8313b1c2bf5b95cab985dd3b530819b7c51e432e9db019a15d2e3f2;12409;GLMP-E3077D170F;Weißenfels;Sachsen-Anhalt;Linke;;2024.0;Kommunalwahlprogramm Gemeinde;Gemeinde;Hauptkorpus: kommunales Wahlprogramm der Gemeinde;manifestos/Weißenfels_Linke_2024.txt
main;Weißwasser_SPD_2024.txt;acbb9627988238ffb9bc60ba917d62c987c609631075afa05aaf9eeb98b43b8b;6771;GLMP-A9824C872B;Weißwasser;Sachsen;SPD;spd;2024.0;Kommunalwahlprogramm Gemeinde;Gemeinde;Hauptkorpus: kommunales Wahlprogramm der Gemeinde;manifestos/Weißwasser_SPD_2024.txt
main;Wettin-Löbejün_SPD_2024.txt;77564b0be9469c1665a851fc5c0370b5561c2a2b42655db7c244f941a9e170bc;7203;GLMP-E8D71A7B14;Wettin-Löbejün;Sachsen-Anhalt;SPD;spd;2024.0;Kommunalwahlprogramm Gemeinde;Gemeinde;Hauptkorpus: kommunales Wahlprogramm der Gemeinde;manifestos/Wettin-Löbejün_SPD_2024.txt
main;Wettin-Löbejün_WISE_2024.txt;007aaa40aec37530f488c885ce0c04da05e065e7074e9cf09ac2da261b745961;2489;GLMP-20112F241C;Wettin-Löbejün;Sachsen-Anhalt;WISE;;2024.0;Kommunalwahlprogramm Gemeinde;Gemeinde;Hauptkorpus: kommunales Wahlprogramm der Gemeinde;manifestos/Wettin-Löbejün_WISE_2024.txt
main;Winnweiler_CDU_2024.txt;8d9b1997e8e1dd7f19c9a453ac0045c0a8a253d2d7d79d6b0f52a9a80aeb03d7;42913;GLMP-BB9F9CAEBE;Winnweiler;Rheinland-Pfalz;CDU;cdu;2024.0;anderes kommunales Wahlprogramm;Land;Dokument in Zusatzordner klassifiziert;manifestos/Winnweiler_CDU_2024.txt
main;Winnweiler_Grüne_2024.txt;a7450dacb31b9ee3d92f9d0927fcede569cb45c4e214111f2835ec3c61e33e96;22099;GLMP-98C324001F;Winnweiler;Rheinland-Pfalz;Grüne;gru;2024.0;anderes kommunales Wahlprogramm;Landkreis und Gemeinden;Dokument in Zusatzordner klassifiziert;manifestos/Winnweiler_Grüne_2024.txt
main;Winnweiler_SPD_2024.txt;21f48d7b8cca5d6042888383c795f5c81870e04ec4e4d38e90979d55eb5a59bf;1997;GLMP-7D48C4C31D;Winnweiler;Rheinland-Pfalz;SPD;spd;2024.0;Kommunalwahlprogramm Gemeinde;Gemeinde;Hauptkorpus: kommunales Wahlprogramm der Gemeinde;manifestos/Winnweiler_SPD_2024.txt
main;Worms_CDU_2024.txt;6842080e1b1f4de1f7fe3058de4083e6dd3da19c1bdf534aa273c94345035618;34575;GLMP-0479656D48;Worms;Rheinland-Pfalz;CDU;cdu;2024.0;Kommunalwahlprogramm Gemeinde;Gemeinde;Hauptkorpus: kommunales Wahlprogramm der Gemeinde;manifestos/Worms_CDU_2024.txt
main;Worms_FDP_2024.txt;85cf30a892506bf9ad02ce83672f2e7a33867f8c3f571290a45614bd20785bb2;12625;GLMP-79C3606B2C;Worms;Rheinland-Pfalz;FDP;fdp;2024.0;Kommunalwahlprogramm Gemeinde;Gemeinde;Hauptkorpus: kommunales Wahlprogramm der Gemeinde;manifestos/Worms_FDP_2024.txt
main;Worms_Freie Liste_2024.txt;78d56bd9c51d207846c327bc247e686181fa9b3621262d772732090582f642be;4709;GLMP-7C6CAB8F3D;Worms;Rheinland-Pfalz;Freie Liste;;2024.0;Kommunalwahlprogramm Gemeinde;Gemeinde;Hauptkorpus: kommunales Wahlprogramm der Gemeinde;manifestos/Worms_Freie Liste_2024.txt
main;Worms_Grüne_2024.txt;eb6cd660c81b96497270b8de2544f5f1fa7b39bdc9fafc6ce64e0d8da9a44ba9;60859;GLMP-4E37C0CC8F;Worms;Rheinland-Pfalz;Grüne;gru;2024.0;Kommunalwahlprogramm Gemeinde;Gemeinde;Hauptkorpus: kommunales Wahlprogramm der Gemeinde;manifestos/Worms_Grüne_2024.txt
main;Worms_Linke_2024.txt;3d029678cc56aaeee598533777daab79a604eb6e1993964cb11d6e3189ccc7f4;25064;GLMP-280668B5FD;Worms;Rheinland-Pfalz;Linke;;2024.0;Kommunalwahlprogramm Gemeinde;Gemeinde;Hauptkorpus: kommunales Wahlprogramm der Gemeinde;manifestos/Worms_Linke_2024.txt
main;Worms_SPD_2024.txt;f311735298b246aa75d97b50999c3eb2eaec93d681abcdb9dbe376778f68cd37;34581;GLMP-1B7DCCE3AB;Worms;Rheinland-Pfalz;SPD;spd;2024.0;Kommunalwahlprogramm Gemeinde;Gemeinde;Hauptkorpus: kommunales Wahlprogramm der Gemeinde;manifestos/Worms_SPD_2024.txt
main;Worms_Worms will weiter_2024.txt;4a59e1a96f6efe492a243599cf534a3acc6481b00f85b197b18d072311df0d80;22215;GLMP-54566D0DA6;Worms;Rheinland-Pfalz;Worms will weiter;;2024.0;Kommunalwahlprogramm Gemeinde;Gemeinde;Hauptkorpus: kommunales Wahlprogramm der Gemeinde;manifestos/Worms_Worms will weiter_2024.txt
main;Wustermark_FDP_2024.txt;474be1ee399e3b59ea55651344874d0a00fe2372c2e7d7d58e7a4e792b0c931c;1282;GLMP-2918F0BD7F;Wustermark;Brandenburg;FDP;fdp;2024.0;Kommunalwahlprogramm Gemeinde;Gemeinde;Hauptkorpus: kommunales Wahlprogramm der Gemeinde;manifestos/Wustermark_FDP_2024.txt
main;Wustermark_Grüne_2024.txt;bfc7574501eff985b5fa126c278e25772df578bb3e03baf4917378393436c90b;2529;GLMP-8DA599C814;Wustermark;Brandenburg;Grüne;gru;2024.0;Kommunalwahlprogramm Gemeinde;Gemeinde;Hauptkorpus: kommunales Wahlprogramm der Gemeinde;manifestos/Wustermark_Grüne_2024.txt
main;Wustermark_SPD_2024.txt;a4664f1b16631e07987c5aa7e226f759bd93cf7fcae77deb0d0b41af55aabfa9;8977;GLMP-3FD4868956;Wustermark;Brandenburg;SPD;spd;2024.0;Kommunalwahlprogramm Gemeinde;Gemeinde;Hauptkorpus: kommunales Wahlprogramm der Gemeinde;manifestos/Wustermark_SPD_2024.txt
main;Wustermark_WWG_2024.txt;8532a37ad9045e2a1148d7987b395de73f41bc62b3596db1e982d1c869b9bf5f;8826;GLMP-5BAE44C946;Wustermark;Brandenburg;WWG;;2024.0;Kommunalwahlprogramm Gemeinde;Gemeinde;Hauptkorpus: kommunales Wahlprogramm der Gemeinde;manifestos/Wustermark_WWG_2024.txt
main;Wutha-Farnroda_Linke_2024.txt;d76f417744e7ac046e196abf7bf68d2322f9039d4546475a9fba8dc56ecbc65d;28355;GLMP-A5505914BE;Wutha-Farnroda;Thüringen;Linke;;2024.0;anderes kommunales Wahlprogramm;Landkreis;Dokument in Zusatzordner klassifiziert;manifestos/Wutha-Farnroda_Linke_2024.txt
main;Wörth am Rhein_CDU_2024.txt;53d13c3f183db821c606eb2a4e4464a3acc5138a2716aaf1dff795e03c2ac888;15056;GLMP-5E8F603038;Wörth am Rhein;Rheinland-Pfalz;CDU;cdu;2024.0;Kommunalwahlprogramm Gemeinde;Gemeinde;Hauptkorpus: kommunales Wahlprogramm der Gemeinde;manifestos/Wörth am Rhein_CDU_2024.txt
main;Wörth am Rhein_Grüne_2024.txt;f07fbf8765f7bebc75afbf22e396ed90103f18e37f9ea0d1cb24bae62a8f582b;2150;GLMP-F1249F891C;Wörth am Rhein;Rheinland-Pfalz;Grüne;gru;2024.0;Kommunalwahlprogramm Gemeinde;Gemeinde;Hauptkorpus: kommunales Wahlprogramm der Gemeinde;manifestos/Wörth am Rhein_Grüne_2024.txt
main;Zarrentin am Schaalsee_WG Bürgernähe_2024.txt;d8a0ec76f9cecb83293bc0f5fe8a66fcaaf48c8a1a647ccfc7dff1e55d568176;1786;GLMP-D8E3EE62A9;Zarrentin am Schaalsee;Mecklenburg-Vorpommern;WG Bürgernähe;;2024.0;Kommunalwahlprogramm Gemeinde;Gemeinde;Hauptkorpus: kommunales Wahlprogramm der Gemeinde;manifestos/Zarrentin am Schaalsee_WG Bürgernähe_2024.txt
main;Zerbst_AfD_2024.txt;54140f80b3029d79b8ba9c886bd99988b482ad1e444fcd7384703cba6c0247e6;22508;GLMP-7C4630BA6D;Zerbst;Sachsen-Anhalt;AfD;;2024.0;anderes kommunales Wahlprogramm;Landkreis und Gemeinden;Dokument in Zusatzordner klassifiziert;manifestos/Zerbst_AfD_2024.txt
main;Zerbst_CDU_2024.txt;b3eedec55239420641042cbfff5fbacaa372c6298fc97d7c984b9626fd34be97;2132;GLMP-18C80C8FCA;Zerbst;Sachsen-Anhalt;CDU;cdu;2024.0;Kommunalwahlprogramm Gemeinde;Gemeinde;Hauptkorpus: kommunales Wahlprogramm der Gemeinde;manifestos/Zerbst_CDU_2024.txt
main;Zerbst_FDP_2024.txt;57062eca1fa4a0aa9e01dd3e58375e4188af6c594008d6e3d4c00000336e2700;1318;GLMP-37CBF0A740;Zerbst;Sachsen-Anhalt;FDP;fdp;2024.0;Kommunalwahlprogramm Gemeinde;Gemeinde;Hauptkorpus: kommunales Wahlprogramm der Gemeinde;manifestos/Zerbst_FDP_2024.txt
main;Zerbst_SPD_2024.txt;3174790a4e03cad94193153cf03a8668618f5b9f41b986e9c48edf35be7c382d;16905;GLMP-E6696CA9DF;Zerbst;Sachsen-Anhalt;SPD;spd;2024.0;Kommunalwahlprogramm Gemeinde;Gemeinde;Hauptkorpus: kommunales Wahlprogramm der Gemeinde;manifestos/Zerbst_SPD_2024.txt
main;Zossen_AfD_2024.txt;e559105e374a4edf769e8b5ddcbddd918447ea29a075eb8ee53139db5c95c805;4631;GLMP-21B48FAB8B;Zossen;Brandenburg;AfD;;2024.0;anderes kommunales Wahlprogramm;Landkreis und Gemeinden;Dokument in Zusatzordner klassifiziert;manifestos/Zossen_AfD_2024.txt
main;Zossen_CDU_2024.txt;4b6a59854b95146ce022b29108288e9866396391a5b775307ec6417450c72ad8;13547;GLMP-64103D708F;Zossen;Brandenburg;CDU;cdu;2024.0;Kommunalwahlprogramm Gemeinde;Gemeinde;Hauptkorpus: kommunales Wahlprogramm der Gemeinde;manifestos/Zossen_CDU_2024.txt
main;Zossen_FWG_2024.txt;aaf0da4c58efe30979920afa0a47070a03c515850dc5b1dea651c9d93ea4011b;1968;GLMP-A718084084;Zossen;Brandenburg;FWG;;2024.0;Kommunalwahlprogramm Gemeinde;Gemeinde;Hauptkorpus: kommunales Wahlprogramm der Gemeinde;manifestos/Zossen_FWG_2024.txt
main;Zossen_Grüne_2024.txt;141b1f862ab071aff7702260489440e40ba489737f8b2003eb1a4dbdc937f662;5725;GLMP-DE13E553E5;Zossen;Brandenburg;Grüne;gru;2024.0;Kommunalwahlprogramm Gemeinde;Gemeinde;Hauptkorpus: kommunales Wahlprogramm der Gemeinde;manifestos/Zossen_Grüne_2024.txt
main;Zossen_Linke_2024.txt;e2d482956d7831e5475b51650dcea7d2a52d806ac6c594979789ca5a37b87f17;6165;GLMP-7F5C3DB3F6;Zossen;Brandenburg;Linke;;2024.0;anderes kommunales Wahlprogramm;Landkreis und Gemeinden;Dokument in Zusatzordner klassifiziert;manifestos/Zossen_Linke_2024.txt
main;Zossen_SPD_2024.txt;69ff01e94502ae5e98e76a49b52c8ed8cda40d4fefaaf68f8c765c65c45aaa6e;3644;GLMP-C5DF8AA634;Zossen;Brandenburg;SPD;spd;2024.0;Kommunalwahlprogramm Gemeinde;Gemeinde;Hauptkorpus: kommunales Wahlprogramm der Gemeinde;manifestos/Zossen_SPD_2024.txt
main;Zschorlau_CDU_2024.txt;b61bbae77d7891dcb64237b45feeaa6bbf702d72ab1fea3f2ab26aee00913c6a;2090;GLMP-17F16B05E8;Zschorlau;Sachsen;CDU;cdu;2024.0;Kommunalwahlprogramm Gemeinde;Gemeinde;Hauptkorpus: kommunales Wahlprogramm der Gemeinde;manifestos/Zschorlau_CDU_2024.txt
main;Zschorlau_SPD_2024.txt;d27f9fc881e9b8ad470737b9b74729e43b82935b40daccd815c95d617b8a6ae5;12049;GLMP-373F6601A9;Zschorlau;Sachsen;SPD;spd;2024.0;anderes kommunales Wahlprogramm;Landkreis und Gemeinden;Dokument in Zusatzordner klassifiziert;manifestos/Zschorlau_SPD_2024.txt
main;Zweibrücken_Grüne_2024.txt;0345c6b0d3c20ddc79d1e595dc6cc86888c4b954013d9855f6e6a236f0f7ba55;22808;GLMP-78EEDA4AA6;Zweibrücken;Rheinland-Pfalz;Grüne;gru;2024.0;Kommunalwahlprogramm Gemeinde;Gemeinde;Hauptkorpus: kommunales Wahlprogramm der Gemeinde;manifestos/Zweibrücken_Grüne_2024.txt
main;Zwickau_2ZG_2024.txt;f1830b5fd79b0c6afd6cc109cf1166492419abff41cf3d78b5dee1c93ef5336a;18710;GLMP-115A6B8653;Zwickau;Sachsen;2ZG;;2024.0;Kommunalwahlprogramm Gemeinde;Gemeinde;Hauptkorpus: kommunales Wahlprogramm der Gemeinde;manifestos/Zwickau_2ZG_2024.txt
main;Zwickau_BSW_2024.txt;9e0fa14be84a84feea792f13716cff0d9083cd711b1edd8670f921bd6a46189a;6682;GLMP-D75427A635;Zwickau;Sachsen;BSW;;2024.0;Kommunalwahlprogramm Gemeinde;Gemeinde;Hauptkorpus: kommunales Wahlprogramm der Gemeinde;manifestos/Zwickau_BSW_2024.txt
main;Zwickau_BfZ_2024.txt;fe15c9796f47bb2b3bafbede1d458731ca9ef1b2d5bd55e0358745eb0d3de803;29387;GLMP-16DA705E91;Zwickau;Sachsen;BfZ;;2024.0;Kommunalwahlprogramm Gemeinde;Gemeinde;Hauptkorpus: kommunales Wahlprogramm der Gemeinde;manifestos/Zwickau_BfZ_2024.txt
main;Zwickau_CDU_2024.txt;f642d2103ac94ee9ba1a2b9f4e1ff3038a36ade9fbb405bd4788ea3dee02d59e;19627;GLMP-38D00FBD98;Zwickau;Sachsen;CDU;cdu;2024.0;Kommunalwahlprogramm Gemeinde;Gemeinde;Hauptkorpus: kommunales Wahlprogramm der Gemeinde;manifestos/Zwickau_CDU_2024.txt
main;Zwickau_FDP_2024.txt;d8f9278fcf9698c6e544ed3227fa73a6b823cc5d214cbee80ac75328e2679ef8;8823;GLMP-D6990F7223;Zwickau;Sachsen;FDP;fdp;2024.0;anderes kommunales Wahlprogramm;Landkreis;Dokument in Zusatzordner klassifiziert;manifestos/Zwickau_FDP_2024.txt
main;Zwickau_Linke_2024.txt;2433395ed967bf51ecb7f359dc846e7d4f3b2dc2398476c0f37cbd86d7cb01df;1850;GLMP-17498476C5;Zwickau;Sachsen;Linke;;2024.0;anderes kommunales Wahlprogramm;Landkreis;Dokument in Zusatzordner klassifiziert;manifestos/Zwickau_Linke_2024.txt
main;Zwickau_SPD_2024.txt;b48d759e0dc9c7dd96d76e55e9f04db9b9cdf07f3eeb7e6f7794fdd8d8e20aa4;3490;GLMP-93D06FD2DF;Zwickau;Sachsen;SPD;spd;2024.0;Kommunalwahlprogramm Gemeinde;Gemeinde;Hauptkorpus: kommunales Wahlprogramm der Gemeinde;manifestos/Zwickau_SPD_2024.txt
main;acgpfwg.txt;8ade9a889bf477684ea603f5f5f867775e3eb610d7290d38ae97e3654d1d5ffb;16233;GLMP-FDBA9D1CEF;Aachen;Nordrhein-Westfalen;Freie Wähler;fwg;;Grundsatzprogramm;übergeordnet;bestehende GLMP-Klassifikation als Grundsatzprogramm;manifestos/acgpfwg.txt
main;bogpsol.txt;000d321cbf7c47cafa40f9478998c92ca194f8c32cf3d4ac05c6afdf5abbde86;27076;GLMP-7A2D792358;Bochum;Nordrhein-Westfalen;Soziale Liste Bochum;sol;;Grundsatzprogramm;übergeordnet;bestehende GLMP-Klassifikation als Grundsatzprogramm;manifestos/bogpsol.txt
main;dagpfwg.txt;bbcd8f862d72e7806ad5363106ffbd98b428ec509f27455d49c5a4e7a53f5376;1734;GLMP-41F57CB0A6;Darmstadt;Hessen;Freie Wähler;fwg;;Grundsatzprogramm;übergeordnet;bestehende GLMP-Klassifikation als Grundsatzprogramm;manifestos/dagpfwg.txt
main;dugpamp.txt;f0cc9632276797ce8256220b428f164a8c1947ef14c9ca1509d62893a6b53e41;17791;GLMP-D6EFE87A21;Duisburg;Nordrhein-Westfalen;Aufbruch Mittelstand Partei;amp;;Grundsatzprogramm;übergeordnet;bestehende GLMP-Klassifikation als Grundsatzprogramm;manifestos/dugpamp.txt
main;dugpbul.txt;64bd452c26944dcaeb41982aa9d3ffea9f995018ad9d1f927cff01ebec929573;6978;GLMP-6D56DE528C;Duisburg;Nordrhein-Westfalen;Bürgerliche Liberale;bul;;Grundsatzprogramm;übergeordnet;bestehende GLMP-Klassifikation als Grundsatzprogramm;manifestos/dugpbul.txt
main;ffgpagp.txt;4773ca19c71eb8f927e4340ac15c1aa0c2ef3d40fc9853aef19b9f2ed144c599;4642;GLMP-2568A859C4;Frankfurt am Main;Hessen;Allianz Graue Panther;agp;;Grundsatzprogramm;übergeordnet;bestehende GLMP-Klassifikation als Grundsatzprogramm;manifestos/ffgpagp.txt
main;hmgpdsp.txt;e6024e96f49a1f7424583167395a355e8b9d0130e5370ffe672570505a655b65;16577;GLMP-A20A04C0EB;Hamm;Nordrhein-Westfalen;Deutsche Seniorenpartei;dsp;;Grundsatzprogramm;übergeordnet;bestehende GLMP-Klassifikation als Grundsatzprogramm;manifestos/hmgpdsp.txt
main;kagpauf.txt;82b852323b0d7dcf8a3d23ea2f8af519cbeda573a30ab4494a05a5434665d81e;22475;GLMP-8F48386A9D;Kassel;Hessen;AUF Kassel (alternativ, unabhängig, fortschrittlich);auf;;Grundsatzprogramm;übergeordnet;bestehende GLMP-Klassifikation als Grundsatzprogramm;manifestos/kagpauf.txt
main;kogpdfr.txt;31053a14b2b07da4889696c24aab9fbe84e31e008f6a5788c5afb5f3f4c5f3a4;15421;GLMP-DA2255F155;Koeln;Nordrhein-Westfalen;Deine Freunde;dfr;;Grundsatzprogramm;übergeordnet;bestehende GLMP-Klassifikation als Grundsatzprogramm;manifestos/kogpdfr.txt
main;msgpuwg.txt;84b3529894caaf8cf3a3842ac488e6ac470e75790aca0c0eb848eb7cb827e220;44998;GLMP-9C10739FDA;Muenster;Nordrhein-Westfalen;Unabhängige Wählergemeinschaft (UWG);uwg;;Grundsatzprogramm;übergeordnet;bestehende GLMP-Klassifikation als Grundsatzprogramm;manifestos/msgpuwg.txt
main;regpubp.txt;4287d43057c89322ac9e74d5bed33da7b8cca691c88d9fb358883c737dcc66c1;12120;GLMP-D5249CE400;Recklinghausen;Nordrhein-Westfalen;Unabhängige-Bürger-Partei;ubp;;Grundsatzprogramm;übergeordnet;bestehende GLMP-Klassifikation als Grundsatzprogramm;manifestos/regpubp.txt
main;sigpsta.txt;db28bf5047a644af0433aebbb5736b04525edddb64b8da2abf8372cc64631ff8;4062;GLMP-9EE2589471;Siegen;Nordrhein-Westfalen;Statt Partei;sta;;Grundsatzprogramm;übergeordnet;bestehende GLMP-Klassifikation als Grundsatzprogramm;manifestos/sigpsta.txt
main;sggpbfs.txt;7c58891fd1f964b8391828449624850cd12f932f810960d5810814307536a6c1;11215;GLMP-5A62FCA64F;Solingen;Nordrhein-Westfalen;Bürgergemeinschaft für Solingen;bfs;;Grundsatzprogramm;übergeordnet;bestehende GLMP-Klassifikation als Grundsatzprogramm;manifestos/sggpbfs.txt
other;Bad Lausick_AfD_2024.txt;78d033ab515560d73bf7cfe372e52e1a696b4010e9b968eb3585810ac567e118;17215;GLMP-3095A9AD21;Bad Lausick;Sachsen;AfD;;2024.0;anderes kommunales Wahlprogramm;Landkreis und Gemeinden;explizite Doppeladressierung Kreis/Gemeinden;manifestos/Bad Lausick_AfD_2024.txt
other;Bad Lausick_CDU_2024.txt;bf706ea66dc5be9237f1cda39acc29f24248f6638c9ec98ab03a500788e70f80;22378;GLMP-484A93432D;Lossatal;Sachsen;CDU;cdu;2024.0;anderes kommunales Wahlprogramm;Landkreis und Gemeinden;explizite Doppeladressierung Kreis/Gemeinden;manifestos/Lossatal_CDU_2024.txt
other;Baiersbronn_CDU_2024.txt;f828eeb11e9bbb59d21fa4d0b0070a5e06c094d4cafd5216e15b0e0be4d53299;1840;GLMP-483F869580;Baiersbronn;Baden-Württemberg;CDU;cdu;2024.0;anderes kommunales Wahlprogramm;Landkreis;expliziter Kreis-/Landkreisbezug;manifestos/Baiersbronn_CDU_2024.txt
other;Barleben_Linke_2024.txt;0fb410a301efa6936481e6be23ae0385d96739cf2068d74923a7fbeca93bc703;4176;GLMP-3AEB30586D;Barleben;Sachsen-Anhalt;Linke;;2024.0;anderes kommunales Wahlprogramm;Landkreis und Gemeinden;explizite Doppeladressierung Kreis/Gemeinden;manifestos/Barleben_Linke_2024.txt
other;Beelitz_FDP_2024.txt;c79fb6ffe983d460cf9bd608fc9b164472a8adb4ce397481b741372d2691e852;2356;GLMP-374018326D;Beelitz;Brandenburg;FDP;fdp;2024.0;anderes kommunales Wahlprogramm;Landkreis;expliziter Kreis-/Landkreisbezug;manifestos/Beelitz_FDP_2024.txt
other;Brieselang_AfD_2024.txt;30290c652b61991706247277856e3d35271ac669959eec3a0aa2b66865bd646d;21352;GLMP-AE8560B857;Brieselang;Brandenburg;AfD;;2024.0;anderes kommunales Wahlprogramm;Landkreis und Gemeinden;explizite Doppeladressierung Kreis/Gemeinden;manifestos/Brieselang_AfD_2024.txt
other;Bützow_CDU_2024.txt;d63dbc527ca1e25ec013392f2e65457152835ca43702a829d3183ed26ec40619;6934;GLMP-3ACF58A635;Bützow;Mecklenburg-Vorpommern;CDU;cdu;2024.0;anderes kommunales Wahlprogramm;Landkreis und Gemeinden;explizite Doppeladressierung Kreis/Gemeinden;manifestos/Bützow_CDU_2024.txt
other;Bützow_Linke_2024.txt;a54b8a6a18290b794750bbeea350f7468e4b43b36e883160d503a378482da34e;4010;GLMP-AC44E002DD;Bützow;Mecklenburg-Vorpommern;Linke;;2024.0;anderes kommunales Wahlprogramm;Landkreis;expliziter Kreis-/Landkreisbezug;manifestos/Bützow_Linke_2024.txt
other;Ditzingen_AfD_2024.txt;c41e71a059342e37f42554bebee9747fd38fc34ca0ff56509c33e155a3b93a68;122240;GLMP-DEF6F6E9B3;Ditzingen;Baden-Württemberg;AfD;;2024.0;anderes kommunales Wahlprogramm;Landkreis und Gemeinden;explizite Doppeladressierung Kreis/Gemeinden;manifestos/Ditzingen_AfD_2024.txt
other;Ditzingen_FDP_2024.txt;1da17ab98d1330c9404521dab842af2cc0ebfbba4da350b5487fb6f7f5d3db64;38554;GLMP-35869FDBFF;Ditzingen;Baden-Württemberg;FDP;fdp;2024.0;anderes kommunales Wahlprogramm;Landkreis;expliziter Kreis-/Landkreisbezug;manifestos/Ditzingen_FDP_2024.txt
other;Dornburg-Camburg_AfD_2024.txt;31de037ba39d42e7c8eebab14536f0fa689699da63b8c7b6160a6d2a128caa65;2732;GLMP-0138AF57B8;Dornburg-Camburg;Thüringen;AfD;;2024.0;anderes kommunales Wahlprogramm;Landkreis und Gemeinden;explizite Doppeladressierung Kreis/Gemeinden;manifestos/Dornburg-Camburg_AfD_2024.txt
other;Ebersbach-Neugersdorf_CDU_2024.txt;7b47ecd29d5c7233563721c8445148e75c2945ad40245efb3caa042c7dfa3b31;36659;GLMP-803C1BB473;Ebersbach-Neugersdorf;Sachsen;CDU;cdu;2024.0;anderes kommunales Wahlprogramm;Landkreis und Gemeinden;explizite Doppeladressierung Kreis/Gemeinden;manifestos/Ebersbach-Neugersdorf_CDU_2024.txt
other;Ebersbach-Neugersdorf_Grüne_2024.txt;0ab85ecfcb6ff3c834a03d647a75a0bd516cdbd46711ca98069b30053925c603;19582;GLMP-0BE103AD80;Ebersbach-Neugersdorf;Sachsen;Grüne;gru;2024.0;anderes kommunales Wahlprogramm;Landkreis und Gemeinden;explizite Doppeladressierung Kreis/Gemeinden;manifestos/Ebersbach-Neugersdorf_Grüne_2024.txt
other;Ebersbach-Neugersdorf_Linke_2024.txt;5283dcbca5055b476a48c37697e76007956f74cd1667ed2d135be57751bef6a5;7108;GLMP-D39A787487;Ebersbach-Neugersdorf;Sachsen;Linke;;2024.0;anderes kommunales Wahlprogramm;Landkreis;expliziter Kreis-/Landkreisbezug;manifestos/Ebersbach-Neugersdorf_Linke_2024.txt
other;Eibenstock_SPD_2024.txt;d27f9fc881e9b8ad470737b9b74729e43b82935b40daccd815c95d617b8a6ae5;12049;GLMP-66443DC824;Eibenstock;Sachsen;SPD;spd;2024.0;anderes kommunales Wahlprogramm;Landkreis und Gemeinden;SPD-Erzgebirge regional programme reused across municipalities;manifestos/Eibenstock_SPD_2024.txt
other;Esslingen am Neckar_AfD_2024.txt;7672e1cdd72273755d76c66880d0d7ac86c95109bf536c23cd84c0525c583405;13807;GLMP-F14785B869;Esslingen am Neckar;Baden-Württemberg;AfD;;2024.0;anderes kommunales Wahlprogramm;Landkreis und Gemeinden;explizite Doppeladressierung Kreis/Gemeinden;manifestos/Esslingen am Neckar_AfD_2024.txt
other;Esslingen am Neckar_Linke_2024.txt;291d1e4626e76d636097c476a4577bcf70ec9e1792293a76d9f8e3efffb3c4fe;17351;GLMP-F7B17597F0;Esslingen am Neckar;Baden-Württemberg;Linke;;2024.0;anderes kommunales Wahlprogramm;Landkreis;expliziter Kreis-/Landkreisbezug;manifestos/Esslingen am Neckar_Linke_2024.txt
other;Forst (Lausitz)_CDU_2024.txt;5466804ced544191a670f21cd0bec94fe1d2beca9b9b2bf6aa13f737869185b2;17091;GLMP-D43FEBE777;Forst (Lausitz);Brandenburg;CDU;cdu;2024.0;anderes kommunales Wahlprogramm;Landkreis und Gemeinden;explizite Doppeladressierung Kreis/Gemeinden;manifestos/Forst (Lausitz)_CDU_2024.txt
other;Forst (Lausitz)_FDP_2024.txt;1b9453fbc55ede8a56e46f1fd23d90ced5cf4c101364fab063945ba0c348ba1b;25112;GLMP-022C052DFE;Forst (Lausitz);Brandenburg;FDP;fdp;2024.0;anderes kommunales Wahlprogramm;Landkreis und Gemeinden;explizite Doppeladressierung Kreis/Gemeinden;manifestos/Forst (Lausitz)_FDP_2024.txt
other;Forst (Lausitz)_Linke_2024.txt;1de2836d7158cc2fd2b32ed55e2e229e5c8a9585fa6cf0a2d19ba47068904465;39483;GLMP-97864C8C38;Forst (Lausitz);Brandenburg;Linke;;2024.0;anderes kommunales Wahlprogramm;Landkreis;expliziter Kreis-/Landkreisbezug;manifestos/Forst (Lausitz)_Linke_2024.txt
other;Frankenblick_AfD-AfF_2024.txt;da58ba08396ab413c67190505d6860bfd3b64ad707a75de9f5bc300aeb9c6efc;2371;GLMP-89BAF890E2;Frankenblick;Thüringen;AfD-AfF;;2024.0;anderes kommunales Wahlprogramm;Landkreis;expliziter Kreis-/Landkreisbezug;manifestos/Frankenblick_AfD-AfF_2024.txt
other;Fredersdorf-Vogelsdorf_Grüne_2024.txt;c2aafd2d08f67ff81ee0798707ee3cf8c162b38636187b9cdc9d154bc49ed5a5;39954;GLMP-6D618F4C8F;Fredersdorf-Vogelsdorf;Brandenburg;Grüne;gru;2024.0;anderes kommunales Wahlprogramm;Landkreis;expliziter Kreis-/Landkreisbezug;manifestos/Fredersdorf-Vogelsdorf_Grüne_2024.txt
other;Friedrichshafen_AfD_2024.txt;89c4e0ea91ff88ee5a74da042f213af860ce100b9ec3c9655b5b6d9ff699b716;28145;GLMP-D354949F7C;Friedrichshafen;Baden-Württemberg;AfD;;2024.0;anderes kommunales Wahlprogramm;Landkreis und Gemeinden;explizite Doppeladressierung Kreis/Gemeinden;manifestos/Friedrichshafen_AfD_2024.txt
other;Friedrichshafen_FWG_2024.txt;b2a575b8416d78d1f2554f1c72b19e97d8a423659b4fe52cef2679ad025a0e6b;4424;GLMP-EFD41574D3;Friedrichshafen;Baden-Württemberg;FWG;;2024.0;anderes kommunales Wahlprogramm;Landkreis und Gemeinden;explizite Doppeladressierung Kreis/Gemeinden;manifestos/Friedrichshafen_FWG_2024.txt
other;Friedrichshafen_Linke_2024.txt;432ffd3eaa017aed77796f154013c102bed6daba7d922d08d9ba1ba1c01cf994;76441;GLMP-85A48770C9;Friedrichshafen;Baden-Württemberg;Linke;;2024.0;anderes kommunales Wahlprogramm;Landkreis und Gemeinden;explizite Doppeladressierung Kreis/Gemeinden;manifestos/Friedrichshafen_Linke_2024.txt
other;Frohburg_AfD_2024.txt;2568f6d287cb031571e96e4279862632bccb8f1b07d3d089fe3f813cb3137058;17233;GLMP-C5479B6EB4;Frohburg;Sachsen;AfD;;2024.0;anderes kommunales Wahlprogramm;Landkreis und Gemeinden;explizite Doppeladressierung Kreis/Gemeinden;manifestos/Frohburg_AfD_2024.txt
other;Frohburg_Linke_2024.txt;0f08ec0b0cdf98b11d39eda8bab20885e3b3b8a18256f2b2acfb768496fb60b9;6620;GLMP-6DA5A15B48;Frohburg;Sachsen;Linke;;2024.0;anderes kommunales Wahlprogramm;Landkreis und Gemeinden;explizite Doppeladressierung Kreis/Gemeinden;manifestos/Frohburg_Linke_2024.txt
other;Fürstenberg (Havel)_FDP_2024.txt;81b69e7cca023b4ea02e4365691e7a8a658a44d40f6d2f35ba148072e3c88a65;63859;GLMP-63220D9F24;Fürstenberg (Havel);Brandenburg;FDP;fdp;2024.0;anderes kommunales Wahlprogramm;Land;Landesverband/Landesebene explizit;manifestos/Fürstenberg (Havel)_FDP_2024.txt
other;Fürstenberg (Havel)_SPD_2024.txt;a120e6236e396fd176ae9d2e0ffdbe4deb5bcbf7b55cd3b5bd9764170642754a;30196;GLMP-DC129C7532;Fürstenberg (Havel);Brandenburg;SPD;spd;2024.0;anderes kommunales Wahlprogramm;Land;Landesverband/Landesebene explizit;manifestos/Fürstenberg (Havel)_SPD_2024.txt
other;Grabow_CDU_2024 .txt;9db98a1296d8d0497cd07f1218a2c0d62184b5b5c7ad4d1289d65c6f68f4fadf;56082;GLMP-A4F7F39E48;Grabow;Mecklenburg-Vorpommern;CDU;cdu;2024.0;anderes kommunales Wahlprogramm;Landkreis und Gemeinden;explizite Doppeladressierung Kreis/Gemeinden;manifestos/Grabow_CDU_2024 .txt
other;Grabow_SPD_2024.txt;bb61fa93ce5b5a4b23157e7c9b62dae1f59817a95b051d4704e57367fdd30188;39655;GLMP-5BB1C96554;Grabow;Mecklenburg-Vorpommern;SPD;spd;2024.0;anderes kommunales Wahlprogramm;Landkreis und Gemeinden;explizite Doppeladressierung Kreis/Gemeinden;manifestos/Grabow_SPD_2024.txt
other;Greifswald_AfD_2024.txt;fbf0a972b23276de47f34ec423e0c1c85ad2bf2fcb7b93d9060f2286963f5177;45895;GLMP-2865F1C630;Greifswald;Mecklenburg-Vorpommern;AfD;;2024.0;anderes kommunales Wahlprogramm;Landkreis;expliziter Kreis-/Landkreisbezug;manifestos/Greifswald_AfD_2024.txt
other;Grimmen_CDU_2024.txt;8c8dce258ff9d4ecb35ac59c24ab14dfe0971ba39a0d698d6d244dda7898ce1b;11538;GLMP-C2F31F21BF;Grimmen;Mecklenburg-Vorpommern;CDU;cdu;2024.0;anderes kommunales Wahlprogramm;Landkreis und Gemeinden;explizite Doppeladressierung Kreis/Gemeinden;manifestos/Grimmen_CDU_2024.txt
other;Großröhrsdorf_SPD_2024.txt;9980855cd1d32502462acfcbd6500937387b746af4d8fd9c1c58c60e8ccd1abf;10697;GLMP-10DDBB3E3D;Großröhrsdorf;Sachsen;SPD;spd;2024.0;anderes kommunales Wahlprogramm;Landkreis und Gemeinden;explizite Doppeladressierung Kreis/Gemeinden;manifestos/Großröhrsdorf_SPD_2024.txt
other;Göppingen_AfD_2024.txt;118946f3df03af1218e1a694fae5da77a0fde9d3cb78ea02508a945468d14fa4;2881;GLMP-78C32325CF;Göppingen;Baden-Württemberg;AfD;;2024.0;anderes kommunales Wahlprogramm;Landkreis und Gemeinden;explizite Doppeladressierung Kreis/Gemeinden;manifestos/Göppingen_AfD_2024.txt
other;Görlitz_Grüne_2024.txt;3d061a69ce2c310ea7c5e5dc61d2b276ec301cae4c7e9d41c08e2071cf9297ef;19421;GLMP-AF2E138B90;Görlitz;Sachsen;Grüne;gru;2024.0;anderes kommunales Wahlprogramm;Landkreis und Gemeinden;explizite Doppeladressierung Kreis/Gemeinden;manifestos/Görlitz_Grüne_2024.txt
other;Görlitz_Linke_2024.txt;37873c951f5f5600a8f3d57b93c0d7b0472c521902ac969e960791df5ef58ef2;24709;GLMP-107AC94417;Görlitz;Sachsen;Linke;;2024.0;anderes kommunales Wahlprogramm;Landkreis;expliziter Kreis-/Landkreisbezug;manifestos/Görlitz_Linke_2024.txt
other;Güstrow_CDU_2024.txt;7e20e0e7e98f4d37e3ee6ef19b337148bd10e8fc6c2fed8951d7768abae3cc03;6925;GLMP-B60579B1B5;Güstrow;Mecklenburg-Vorpommern;CDU;cdu;2024.0;anderes kommunales Wahlprogramm;Landkreis und Gemeinden;explizite Doppeladressierung Kreis/Gemeinden;manifestos/Güstrow_CDU_2024.txt
other;Güstrow_Grüne_2024.txt;2ff6e5a06c770708c7dda92d3c9711aaa354b6ac3a5970d4ce036fb99f1bab44;12273;GLMP-10719C55B2;Güstrow;Mecklenburg-Vorpommern;Grüne;gru;2024.0;anderes kommunales Wahlprogramm;Landkreis und Gemeinden;explizite Doppeladressierung Kreis/Gemeinden;manifestos/Güstrow_Grüne_2024.txt
other;Güstrow_Linke_2024.txt;4933172e7e74799a795abfc625d073b30efe4f2357ac8ca152e3ca9cb1095661;3933;GLMP-26BBABB29E;Güstrow;Mecklenburg-Vorpommern;Linke;;2024.0;anderes kommunales Wahlprogramm;Landkreis;expliziter Kreis-/Landkreisbezug;manifestos/Güstrow_Linke_2024.txt
other;Güstrow_SPD_2024.txt;904acce393ad0e3153173ff02f2b39e888f396587cf009cb1283ccab899aa566;33821;GLMP-EEEBEB60C2;Güstrow;Mecklenburg-Vorpommern;SPD;spd;2024.0;anderes kommunales Wahlprogramm;Landkreis und Gemeinden;explizite Doppeladressierung Kreis/Gemeinden;manifestos/Güstrow_SPD_2024.txt
other;Hagenow_CDU_2024.txt;6e97cc3357b4aba968d105417173f54ed50042036eae8421fe9dcbb6ff54438d;56976;GLMP-1953DC2449;Hagenow;Mecklenburg-Vorpommern;CDU;cdu;2024.0;anderes kommunales Wahlprogramm;Landkreis und Gemeinden;explizite Doppeladressierung Kreis/Gemeinden;manifestos/Hagenow_CDU_2024.txt
other;Hagenow_FDP_2024.txt;450c5d92b2751cdf5b4b7574c5dec0a8947c30a00c7f4aecf2deebe726673d72;2666;GLMP-553314212B;Hagenow;Mecklenburg-Vorpommern;FDP;fdp;2024.0;anderes kommunales Wahlprogramm;Landkreis;expliziter Kreis-/Landkreisbezug;manifestos/Hagenow_FDP_2024.txt
other;Hagenow_Linke_2024.txt;78e7e5c7a48190cb6641e7d321d2f4541c2305bb45d1c5a78409023bb3f9e8d2;13257;GLMP-85E2D0C434;Hagenow;Mecklenburg-Vorpommern;Linke;;2024.0;anderes kommunales Wahlprogramm;Landkreis und Gemeinden;explizite Doppeladressierung Kreis/Gemeinden;manifestos/Hagenow_Linke_2024.txt
other;Haldensleben_AfD_2024.txt;1628e78a05ede544b9a5c5ca9b27759f843517a6dd7e01d286e661ee846bdeee;29767;GLMP-4E5A9D07A3;Haldensleben;Sachsen-Anhalt;AfD;;2024.0;anderes kommunales Wahlprogramm;Landkreis und Gemeinden;explizite Doppeladressierung Kreis/Gemeinden;manifestos/Haldensleben_AfD_2024.txt
other;Haldensleben_CDU_2024.txt;64e15fb33566f094601fd8c84558c6d8bb53948f25c2d34c02b57874e819e68d;13269;GLMP-0DF1DCA519;Haldensleben;Sachsen-Anhalt;CDU;cdu;2024.0;anderes kommunales Wahlprogramm;Landkreis und Gemeinden;explizite Doppeladressierung Kreis/Gemeinden;manifestos/Haldensleben_CDU_2024.txt
other;Heidenheim an der Brenz_AfD_2024.txt;9f63ebf7b52109d6bbee55515447764044e9fe9a749e1ffcfd4c8694670f63a6;27500;GLMP-1D43397574;Heidenheim an der Brenz;Baden-Württemberg;AfD;;2024.0;anderes kommunales Wahlprogramm;Landkreis und Gemeinden;explizite Doppeladressierung Kreis/Gemeinden;manifestos/Heidenheim an der Brenz_AfD_2024.txt
other;Heilbronn_AfD_2024.txt;0772d16c12dba98943c272bf5fe79935e5fde4719201fad36f6eed8445249f55;1196;GLMP-BFD67B8DB0;Heilbronn;Baden-Württemberg;AfD;;2024.0;anderes kommunales Wahlprogramm;Landkreis;expliziter Kreis-/Landkreisbezug;manifestos/Heilbronn_AfD_2024.txt
other;Heilbronn_Grüne_2024.txt;7c26025f1d538252a57ca307cb57ce7ec1a50fe8281841227ca79477684b073c;1335;GLMP-5EA0C6F21E;Heilbronn;Baden-Württemberg;Grüne;gru;2024.0;anderes kommunales Wahlprogramm;Landkreis;expliziter Kreis-/Landkreisbezug;manifestos/Heilbronn_Grüne_2024.txt
other;Heilbronn_Linke_2024.txt;5325505ab3a68302e1907ba8b22c56036fba5ae53ccb8b3905e91249c82ef10b;32791;GLMP-E2BFE96E45;Heilbronn;Baden-Württemberg;Linke;;2024.0;anderes kommunales Wahlprogramm;Landkreis und Gemeinden;explizite Doppeladressierung Kreis/Gemeinden;manifestos/Heilbronn_Linke_2024.txt
other;Heringsdorf_SPD_2024.txt;9caee34c22b32bb257d3481046022814388ddc4b64b938be5c95e1cfb889485c;19087;GLMP-07F4E5F529;Heringsdorf;Mecklenburg-Vorpommern;SPD;spd;2024.0;anderes kommunales Wahlprogramm;Landkreis und Gemeinden;explizite Doppeladressierung Kreis/Gemeinden;manifestos/Heringsdorf_SPD_2024.txt
other;Hohenmölsen_Grüne_2024.txt;2dd6281ace9f434a6def432dc91890c5e30cea16fbb706444dc50eee03506662;9697;GLMP-003EC2B698;Hohenmölsen;Sachsen-Anhalt;Grüne;gru;2024.0;anderes kommunales Wahlprogramm;Landkreis;expliziter Kreis-/Landkreisbezug;manifestos/Hohenmölsen_Grüne_2024.txt
other;Hohenmölsen_Linke_2024.txt;4b4802cfde74aefbae491887eb143bc65cff294a0546cbbaff8c0f47ef645c39;12425;GLMP-F5638D4AAC;Hohenmölsen;Sachsen-Anhalt;Linke;;2024.0;anderes kommunales Wahlprogramm;Landkreis und Gemeinden;explizite Doppeladressierung Kreis/Gemeinden;manifestos/Hohenmölsen_Linke_2024.txt
other;Kaiserslautern_FDP_2024.txt;fdc45c506098d5b6d460dcc3509989316cdf7e7b84783545fe9a8463bc8f38ca;136031;GLMP-BA81A12A5D;Kaiserslautern;Rheinland-Pfalz;FDP;fdp;2024.0;anderes kommunales Wahlprogramm;Land;Landesverband/Landesebene explizit;manifestos/Kaiserslautern_FDP_2024.txt
other;Königsee_CDU_2024.txt;216e477f75aa78c9b5afaf2ce7c0bb9aabb0ab1233ba15ea358e6b34efacb2fd;4550;GLMP-4CB73E2A7F;Königsee;Thüringen;CDU;cdu;2024.0;anderes kommunales Wahlprogramm;Landkreis;expliziter Kreis-/Landkreisbezug;manifestos/Königsee_CDU_2024.txt
other;Laage_CDU_2024.txt;4f743a4e52f955f6b16ac1c4a93940daf1309b9f508b14d2d7d9980fab447b13;6881;GLMP-4D7943CB2E;Laage;Mecklenburg-Vorpommern;CDU;cdu;2024.0;anderes kommunales Wahlprogramm;Landkreis und Gemeinden;explizite Doppeladressierung Kreis/Gemeinden;manifestos/Laage_CDU_2024.txt
other;Lahnstein_Linke_2024.txt;2f7f7f9fe3930343848d33ad55fbbed111d999c28cc700b691e7f6f1e45eafa1;22606;GLMP-958125F85D;Lahnstein;Rheinland-Pfalz;Linke;;2024.0;anderes kommunales Wahlprogramm;Land;Die Linke Rheinland-Pfalz kommunalpolitische Eckpunkte;manifestos/Lahnstein_Linke_2024.txt
other;Lauta_AfD_2024.txt;4009b72e0316bdd6b8b48ae8a629caa50314245f665a855ebba7e26d83f559c2;29915;GLMP-776BCF173B;Lauta;Sachsen;AfD;;2024.0;anderes kommunales Wahlprogramm;Landkreis und Gemeinden;explizite Doppeladressierung Kreis/Gemeinden;manifestos/Lauta_AfD_2024.txt
other;Lauta_CDU_2024.txt;fc614cff9b553187171f80527a7766f7521571db2bfb21f0cef9760ccd4b6755;17202;GLMP-A92B72DBC2;Lauta;Sachsen;CDU;cdu;2024.0;anderes kommunales Wahlprogramm;Landkreis und Gemeinden;explizite Doppeladressierung Kreis/Gemeinden;manifestos/Lauta_CDU_2024.txt
other;Lauta_Linke_2024.txt;e73fe15f0c374567ac966ecac93e86a5f7d1158cf2da798e1a0a71fcc0794eb0;13080;GLMP-BCE22E62FE;Lauta;Sachsen;Linke;;2024.0;anderes kommunales Wahlprogramm;Land;Landesverband/Landesebene explizit;manifestos/Lauta_Linke_2024.txt
other;Lauter-Bernsbach_CDU_2024.txt;565b534196c03172c7ef22c3c617c335ac4e74ec9d4e19d958f5408bd06c72b0;17574;GLMP-907CF595DB;Lauter-Bernsbach;Sachsen;CDU;cdu;2024.0;anderes kommunales Wahlprogramm;Landkreis und Gemeinden;explizite Doppeladressierung Kreis/Gemeinden;manifestos/Lauter-Bernsbach_CDU_2024.txt
other;Leinefelde-Worbis_CDU_2024.txt;7bfd2223e6289aa7000ba45a1faeb891f215ed511ea629ecca3845f83fa380d8;3249;GLMP-1254FA4F1D;Leinefelde-Worbis;Thüringen;CDU;cdu;2024.0;anderes kommunales Wahlprogramm;Landkreis;expliziter Kreis-/Landkreisbezug;manifestos/Leinefelde-Worbis_CDU_2024.txt
other;Leipzig_Freie Sachsen_2024.txt;382e33ef7f6725ecea59ea60704c27b66f07ad8405154e12de0df68c3490b27d;18123;GLMP-947F4CBF98;Leipzig;Sachsen;Freie Sachsen;;2024.0;Grundsatzprogramm;Landkreis;expliziter Kreis-/Landkreisbezug;manifestos/Leipzig_Freie Sachsen_2024.txt
other;Lossatal_AfD_2024.txt;78d033ab515560d73bf7cfe372e52e1a696b4010e9b968eb3585810ac567e118;17215;GLMP-3095A9AD21;Bad Lausick;Sachsen;AfD;;2024.0;anderes kommunales Wahlprogramm;Landkreis und Gemeinden;explizite Doppeladressierung Kreis/Gemeinden;manifestos/Bad Lausick_AfD_2024.txt
other;Lossatal_CDU_2024.txt;bf706ea66dc5be9237f1cda39acc29f24248f6638c9ec98ab03a500788e70f80;22378;GLMP-484A93432D;Lossatal;Sachsen;CDU;cdu;2024.0;anderes kommunales Wahlprogramm;Landkreis und Gemeinden;explizite Doppeladressierung Kreis/Gemeinden;manifestos/Lossatal_CDU_2024.txt
other;Lossatal_Linke_2024.txt;44c563e5310f3d2772cd43658a6071cf54067c65600aecc365429b738759bd87;6651;GLMP-D223089FC7;Lossatal;Sachsen;Linke;;2024.0;anderes kommunales Wahlprogramm;Landkreis und Gemeinden;explizite Doppeladressierung Kreis/Gemeinden;manifestos/Lossatal_Linke_2024.txt
other;Ludwigsburg_AfD_2024.txt;f991325477b0400f260d3738884ee6ef66c36fb610c20e862b9b66142506a801;13182;GLMP-8F953C72D7;Ludwigsburg;Baden-Württemberg;AfD;;2024.0;Grundsatzprogramm;Landkreis;expliziter Kreis-/Landkreisbezug;manifestos/Ludwigsburg_AfD_2024.txt
other;Ludwigshafen am Rhein_FDP_2024.txt;6e9fdffe06155d723c5da85085939762e1dc921a8f1cff46d546dc0a1b078ece;134034;GLMP-26CA32DD34;Ludwigshafen am Rhein;Rheinland-Pfalz;FDP;fdp;2024.0;anderes kommunales Wahlprogramm;Land;Landesverband/Landesebene explizit;manifestos/Ludwigshafen am Rhein_FDP_2024.txt
other;Ludwigshafen am Rhein_Linke_2024.txt;e03cebd5b499449bd205a008c82fd593206e6b92c644685273fa247b9e3e60ce;22206;GLMP-08EBFC72FD;Ludwigshafen am Rhein;Rheinland-Pfalz;Linke;;2024.0;anderes kommunales Wahlprogramm;Land;Die Linke Rheinland-Pfalz kommunalpolitische Eckpunkte;manifestos/Ludwigshafen am Rhein_Linke_2024.txt
other;Ludwigslust_CDU_2024.txt;ac5909af7a4e2b31c9914a2c3adeab0b1ba1911eedba8945c69b5193c930559d;56155;GLMP-FF7AFF5FEE;Ludwigslust;Mecklenburg-Vorpommern;CDU;cdu;2024.0;anderes kommunales Wahlprogramm;Landkreis und Gemeinden;explizite Doppeladressierung Kreis/Gemeinden;manifestos/Ludwigslust_CDU_2024.txt
other;Ludwigslust_Linke_2024.txt;78e7e5c7a48190cb6641e7d321d2f4541c2305bb45d1c5a78409023bb3f9e8d2;13257;GLMP-85E2D0C434;Hagenow;Mecklenburg-Vorpommern;Linke;;2024.0;anderes kommunales Wahlprogramm;Landkreis und Gemeinden;explizite Doppeladressierung Kreis/Gemeinden;manifestos/Hagenow_Linke_2024.txt
other;Ludwigslust_SPD_2024.txt;f0d5daa86cae21cf59418d60964958591c5d7f1ba68e24e98bf97ed144b485d4;39557;GLMP-7BE05691B5;Ludwigslust;Mecklenburg-Vorpommern;SPD;spd;2024.0;anderes kommunales Wahlprogramm;Landkreis und Gemeinden;explizite Doppeladressierung Kreis/Gemeinden;manifestos/Ludwigslust_SPD_2024.txt
other;Mengen_FWG_2024.txt;8823beea937f771944e0ffa2824a8bda14836d95c4ba5d37539f1fda8f42c4e5;3789;GLMP-4C17DC6211;Mengen;Baden-Württemberg;FWG;;2024.0;anderes kommunales Wahlprogramm;Landkreis und Gemeinden;explizite Doppeladressierung Kreis/Gemeinden;manifestos/Mengen_FWG_2024.txt
other;Mengen_Grüne_2024.txt;b9b466f5efbd37f0302078ab44b6cab539e56f7421e027da097870ec8d7124da;3085;GLMP-AE4CAF47B2;Mengen;Baden-Württemberg;Grüne;gru;2024.0;anderes kommunales Wahlprogramm;Gemeinde;local programme explicitly naming municipalities in the Sigmaringen area;manifestos/Mengen_Grüne_2024.txt
other;Mettlach_CDU_2024.txt;1df4a66de472e56381dd982b4f5001befd0a113d6bb389e39f61c67f62cb007f;17306;GLMP-1B359BF0D0;Mettlach;Saarland;CDU;cdu;2024.0;anderes kommunales Wahlprogramm;Landkreis und Gemeinden;explizite Doppeladressierung Kreis/Gemeinden;manifestos/Mettlach_CDU_2024.txt
other;Mettlach_Grüne_2024.txt;5a88a991df9c4b20b9bc1b5c93489e98a2169fd595e773442cc7448aa4a7d78f;12131;GLMP-86B9C1E3CE;Mettlach;Saarland;Grüne;gru;2024.0;anderes kommunales Wahlprogramm;Landkreis und Gemeinden;explizite Doppeladressierung Kreis/Gemeinden;manifestos/Mettlach_Grüne_2024.txt
other;Möckern_AfD_2024.txt;14342ae85dbd6da33be67c2ee3149d017122c989ae52d081ac5f7a55b1a8b17f;9385;GLMP-B6E18C0204;Möckern;Sachsen-Anhalt;AfD;;2024.0;anderes kommunales Wahlprogramm;Landkreis und Gemeinden;explizite Doppeladressierung Kreis/Gemeinden;manifestos/Möckern_AfD_2024.txt
other;Möckern_Grüne_2024.txt;5741114962101ba3de06eab0c14fd7a11ac688a97665b5c26b9cf710c3bcd121;57625;GLMP-536297C07A;Möckern;Sachsen-Anhalt;Grüne;gru;2024.0;anderes kommunales Wahlprogramm;Landkreis und Gemeinden;explizite Doppeladressierung Kreis/Gemeinden;manifestos/Möckern_Grüne_2024.txt
other;Möckern_SPD_2024.txt;430255e4e79580ae66dbe9b4fdff13f30cec0acaaba1fb271b9f30f20f8a6180;4883;GLMP-4DEC23FF92;Möckern;Sachsen-Anhalt;SPD;spd;2024.0;anderes kommunales Wahlprogramm;Landkreis;expliziter Kreis-/Landkreisbezug;manifestos/Möckern_SPD_2024.txt
other;Neubrandenburg_CDU_2024.txt;0c584e6f6683b05a86981f3d81821218e87b2f9eb6490f0ae11cf378faf7a5ef;12031;GLMP-29358E3CF1;Neubrandenburg;Mecklenburg-Vorpommern;CDU;cdu;2024.0;anderes kommunales Wahlprogramm;Landkreis und Gemeinden;explizite Doppeladressierung Kreis/Gemeinden;manifestos/Neubrandenburg_CDU_2024.txt
other;Neustadt-Glewe_CDU_2024.txt;abaaa5259d0242091af6f85f3a99f03c70643f5ab4171d66141d16ebfd852a70;56889;GLMP-E17211A41C;Neustadt-Glewe;Mecklenburg-Vorpommern;CDU;cdu;2024.0;anderes kommunales Wahlprogramm;Landkreis und Gemeinden;explizite Doppeladressierung Kreis/Gemeinden;manifestos/Neustadt-Glewe_CDU_2024.txt
other;Neustadt-Glewe_SPD_2024.txt;bc909a31de3ae58b95f14468c65350172ccc032027151d22c2c580affe17339a;40212;GLMP-6413351DB3;Neustadt-Glewe;Mecklenburg-Vorpommern;SPD;spd;2024.0;anderes kommunales Wahlprogramm;Landkreis und Gemeinden;explizite Doppeladressierung Kreis/Gemeinden;manifestos/Neustadt-Glewe_SPD_2024.txt
other;Neustrelitz_Grüne_2024.txt;a3e09209ef25cfaadc57d99a2df51bb64a5b584fd11e680477a90049549223b4;34042;GLMP-4AFC5C2B45;Neustrelitz;Mecklenburg-Vorpommern;Grüne;gru;2024.0;anderes kommunales Wahlprogramm;Landkreis;expliziter Kreis-/Landkreisbezug;manifestos/Neustrelitz_Grüne_2024.txt
other;Neuwied_Grüne_2024.txt;63dd8f89a059927de246d77daef927928cec46fd0bcb9756b972370f6f6c29ff;21609;GLMP-48EFBCFE17;Neuwied;Rheinland-Pfalz;Grüne;gru;2024.0;anderes kommunales Wahlprogramm;Landkreis;expliziter Kreis-/Landkreisbezug;manifestos/Neuwied_Grüne_2024.txt
other;Neuwied_Linke_2024.txt;b3c11769479752b8f451a22baf9a8a494b538ea3333dd4055c804640735fb9ec;21934;GLMP-47633153A3;Neuwied;Rheinland-Pfalz;Linke;;2024.0;anderes kommunales Wahlprogramm;Land;Die Linke Rheinland-Pfalz kommunalpolitische Eckpunkte;manifestos/Neuwied_Linke_2024.txt
other;Nobitz_Linke_2024.txt;65118614ed45a4cca77ecd46663eff00f70937f1c9f11e25fe5066383e946e96;19985;GLMP-743203AB16;Nobitz;Thüringen;Linke;;2024.0;anderes kommunales Wahlprogramm;Landkreis und Gemeinden;explizite Doppeladressierung Kreis/Gemeinden;manifestos/Nobitz_Linke_2024.txt
other;Nohfelden_CDU_2024.txt;0d8ac668a7cbaaa204de913acbfbc7b97db185276c73bd70ed0fadd3398d4e7e;54527;GLMP-B98ADAC857;Nohfelden;Saarland;CDU;cdu;2024.0;anderes kommunales Wahlprogramm;Landkreis;expliziter Kreis-/Landkreisbezug;manifestos/Nohfelden_CDU_2024.txt
other;Nohfelden_FDP_2024.txt;19974e010052e6daed7f3cfe1498f83162c863a824e81918f32664629904125e;9571;GLMP-1D079ECAA5;Nohfelden;Saarland;FDP;fdp;2024.0;anderes kommunales Wahlprogramm;Landkreis;expliziter Kreis-/Landkreisbezug;manifestos/Nohfelden_FDP_2024.txt
other;Oberlungwitz_CDU_2024.txt;8b05d5ba390f48c5c1f525e99e45d2028e899dbe7ae05ba4c1367a5471bc81b8;10205;GLMP-6C01AA3D50;Reinsdorf;Sachsen;CDU;cdu;2024.0;anderes kommunales Wahlprogramm;Landkreis und Gemeinden;explizite Doppeladressierung Kreis/Gemeinden;manifestos/Reinsdorf_CDU_2024.txt
other;Oberlungwitz_FDP_2024.txt;366014ccd3c541f2d7e3629277fca7547a30ee05e7d04af24fe8826d2ec6fb32;8675;GLMP-6DD991954D;Oberlungwitz;Sachsen;FDP;fdp;2024.0;anderes kommunales Wahlprogramm;Landkreis;expliziter Kreis-/Landkreisbezug;manifestos/Oberlungwitz_FDP_2024.txt
other;Oberlungwitz_Linke_2024.txt;bd7ffaea0556702ad0f0aca6532dd9f2309e8c6507061c1a193dfb77e725da5a;1854;GLMP-01EBE30606;Oberlungwitz;Sachsen;Linke;;2024.0;anderes kommunales Wahlprogramm;Landkreis;expliziter Kreis-/Landkreisbezug;manifestos/Oberlungwitz_Linke_2024.txt
other;Oberlungwitz_SPD_2024.txt;da0f23212ea4cb2b967f32d3612f2e2ddbe90a0ff2adf1bef8ba900394cd28e6;2312;GLMP-D103473C02;Oberlungwitz;Sachsen;SPD;spd;2024.0;anderes kommunales Wahlprogramm;Landkreis;expliziter Kreis-/Landkreisbezug;manifestos/Oberlungwitz_SPD_2024.txt
other;Oebisfelde-Weferlingen_AfD_2024.txt;2fe8e19ee3ccfdbaa931211e457c0f4cc394de72f2bd9487817a957952235456;29254;GLMP-227254B81A;Oebisfelde-Weferlingen;Sachsen-Anhalt;AfD;;2024.0;anderes kommunales Wahlprogramm;Landkreis und Gemeinden;explizite Doppeladressierung Kreis/Gemeinden;manifestos/Oebisfelde-Weferlingen_AfD_2024.txt
other;Oebisfelde-Weferlingen_SPD_204.txt;9e07baf5936fb432d600e85d1409abd868813c597a08ed6d6e1e1a379571da3e;5442;GLMP-18F920F7FB;Oebisfelde-Weferlingen;Sachsen-Anhalt;SPD;spd;2024.0;anderes kommunales Wahlprogramm;Landkreis und Gemeinden;explizite Doppeladressierung Kreis/Gemeinden;manifestos/Oebisfelde-Weferlingen_SPD_2024.txt
other;Offenburg_FDP_2024.txt;0234a24fc96993a5e366a5d3e02a5d2f31cde5d6781a77269a33588a0e82e452;10066;GLMP-82F79C6ADF;Offenburg;Baden-Württemberg;FDP;fdp;2024.0;anderes kommunales Wahlprogramm;Landkreis;expliziter Kreis-/Landkreisbezug;manifestos/Offenburg_FDP_2024.txt
other;Osthofen_AfD_2024.txt;728b8ca7d4bc863206cb61bdac4f65c837503a4edbdbab82dbe6fc64a1705f7c;15988;GLMP-EAB6050F50;Osthofen;Rheinland-Pfalz;AfD;;2024.0;anderes kommunales Wahlprogramm;Land;Landesverband/Landesebene explizit;manifestos/Osthofen_AfD_2024.txt
other;Osthofen_Grüne_2024.txt;1e432f46a27b23152fb575ff6d6aaf044e1b30421769059d7fe2e3588615ee82;5403;GLMP-8F2FC13E9A;Osthofen;Rheinland-Pfalz;Grüne;gru;2024.0;anderes kommunales Wahlprogramm;Landkreis und Gemeinden;explizite Doppeladressierung Kreis/Gemeinden;manifestos/Osthofen_Grüne_2024.txt
other;Plau am See_CDU_2024.txt;0e5bb3545ade354e35eef9e6070ce4f6d0db86596a29dad27f1e6781ac668f4c;56081;GLMP-4B12BADA2E;Plau am See;Mecklenburg-Vorpommern;CDU;cdu;2024.0;anderes kommunales Wahlprogramm;Landkreis und Gemeinden;explizite Doppeladressierung Kreis/Gemeinden;manifestos/Plau am See_CDU_2024.txt
other;Plau am See_SPD_2024.txt;b96e845ee9d3b63147bfe9d5b19ffd9e9cbd275e9dff05fadeef2e525aa8ec1c;39655;GLMP-203F8F465A;Plau am See;Mecklenburg-Vorpommern;SPD;spd;2024.0;anderes kommunales Wahlprogramm;Landkreis und Gemeinden;explizite Doppeladressierung Kreis/Gemeinden;manifestos/Plau am See_SPD_2024.txt
other;Plauen_FDP_2024.txt;b47b3ed9e15defd2b6687ddd7ef6bf76020c93aa7979b686c3ec2a23e3fcf2a9;19609;GLMP-41073082C4;Plauen;Sachsen;FDP;fdp;2024.0;anderes kommunales Wahlprogramm;Landkreis und Gemeinden;explizite Doppeladressierung Kreis/Gemeinden;manifestos/Plauen_FDP_2024.txt
other;Plauen_Grüne_2024.txt;d0c22c42b35e74970ddcf4b3d340732bb1b6f6f380945576a2908fc6e7999a2c;5365;GLMP-A6C838FC56;Plauen;Sachsen;Grüne;gru;2024.0;anderes kommunales Wahlprogramm;Landkreis;expliziter Kreis-/Landkreisbezug;manifestos/Plauen_Grüne_2024.txt
other;Plauen_Linke_2024.txt;de6981a0f3e9aab2ad5b42840e513687ddadc971b433a9f5e2489aed848881d8;4070;GLMP-79FCC77213;Plauen;Sachsen;Linke;;2024.0;anderes kommunales Wahlprogramm;Landkreis;expliziter Kreis-/Landkreisbezug;manifestos/Plauen_Linke_2024.txt
other;Premnitz_AfD_2024.txt;e6f218f31a3bc5e20eb6ce9b53f94f0a530ffe3c35b21857bab33a4081966c4e;21618;GLMP-99C1341016;Premnitz;Brandenburg;AfD;;2024.0;anderes kommunales Wahlprogramm;Landkreis und Gemeinden;explizite Doppeladressierung Kreis/Gemeinden;manifestos/Premnitz_AfD_2024.txt
other;Premnitz_CDU_2024.txt;381504d4e798c971a9b21c7e7c8f1970c10c585385d98a2e115c7bb028aa1700;14499;GLMP-DD08DB0B4D;Premnitz;Brandenburg;CDU;cdu;2024.0;anderes kommunales Wahlprogramm;Landkreis;expliziter Kreis-/Landkreisbezug;manifestos/Premnitz_CDU_2024.txt
other;Premnitz_Linke_2024.txt;bf70292f19bf6110aa3400195b6ddcb79b7d1cb4cddaa808cf0fd58bd5880e76;16865;GLMP-1C1A03728E;Premnitz;Brandenburg;Linke;;2024.0;anderes kommunales Wahlprogramm;Landkreis und Gemeinden;explizite Doppeladressierung Kreis/Gemeinden;manifestos/Premnitz_Linke_2024.txt
other;Premnitz_SPD_2024.txt;0dac5d878185c1af61a719da0e81452e45968c2d81ddf756308ca59326b0c9c9;27336;GLMP-49EF7B7F80;Premnitz;Brandenburg;SPD;spd;2024.0;anderes kommunales Wahlprogramm;Landkreis;expliziter Kreis-/Landkreisbezug;manifestos/Premnitz_SPD_2024.txt
other;Prüm_CDU_2024.txt;f3ad0b8ef940a5ba4366f7d79849e6a7968becf96664806c8589b6474b3109c8;42373;GLMP-450CBCCDF3;Prüm;Rheinland-Pfalz;CDU;cdu;2024.0;anderes kommunales Wahlprogramm;Land;Landesverband/Landesebene explizit;manifestos/Prüm_CDU_2024.txt
other;Pulsnitz_CDU_2024.txt;c30912839d0914aa6d57f1d8fa694d7f7e98e13c1c22dc29a2db40e7c2804dc4;17194;GLMP-35F3C1C3B7;Pulsnitz;Sachsen;CDU;cdu;2024.0;anderes kommunales Wahlprogramm;Landkreis und Gemeinden;explizite Doppeladressierung Kreis/Gemeinden;manifestos/Pulsnitz_CDU_2024.txt
other;Pulsnitz_Grüne_2024.txt;91216f0b1069963245f5040d75019583405ff3553ab3868bf9bd41460d9ee819;29548;GLMP-B2DD284E53;Pulsnitz;Sachsen;Grüne;gru;2024.0;anderes kommunales Wahlprogramm;Landkreis und Gemeinden;explizite Doppeladressierung Kreis/Gemeinden;manifestos/Pulsnitz_Grüne_2024.txt
other;Pößneck_Grüne_2024.txt;7cffaa79a26ece61498c8c0953cd8099df5c1823ac58469433287a58401dc81f;15351;GLMP-389C0771DD;Pößneck;Thüringen;Grüne;gru;2024.0;anderes kommunales Wahlprogramm;Landkreis und Gemeinden;explizite Doppeladressierung Kreis/Gemeinden;manifestos/Pößneck_Grüne_2024.txt
other;Rangsdorf_AfD_2024.txt;cda5cc89bc988dade9e70af0bcde48a1ce043ca761da94b957cf18b1b91979f2;4649;GLMP-77FF19CF0E;Rangsdorf;Brandenburg;AfD;;2024.0;anderes kommunales Wahlprogramm;Landkreis und Gemeinden;explizite Doppeladressierung Kreis/Gemeinden;manifestos/Rangsdorf_AfD_2024.txt
other;Rangsdorf_Linke_2024.txt;ec5c336a097ed86eb817852fd097d9655cad7c3b54ee0ee0f9b692cb5e6014a8;6178;GLMP-7D35CF573E;Rangsdorf;Brandenburg;Linke;;2024.0;anderes kommunales Wahlprogramm;Landkreis und Gemeinden;explizite Doppeladressierung Kreis/Gemeinden;manifestos/Rangsdorf_Linke_2024.txt
other;Ransbach-Baumbach_SPD_2024.txt;4349ca0a40d999260f88279dbf565c31bd3fcba91e8e0953069f24a523a26488;18200;GLMP-D17136AA4B;Ransbach-Baumbach;Rheinland-Pfalz;SPD;spd;2024.0;anderes kommunales Wahlprogramm;Landkreis;expliziter Kreis-/Landkreisbezug;manifestos/Ransbach-Baumbach_SPD_2024.txt
other;Reinsdorf_CDU_2024.txt;8b05d5ba390f48c5c1f525e99e45d2028e899dbe7ae05ba4c1367a5471bc81b8;10205;GLMP-6C01AA3D50;Reinsdorf;Sachsen;CDU;cdu;2024.0;anderes kommunales Wahlprogramm;Landkreis und Gemeinden;explizite Doppeladressierung Kreis/Gemeinden;manifestos/Reinsdorf_CDU_2024.txt
other;Reinsdorf_SPD_2024.txt;da0f23212ea4cb2b967f32d3612f2e2ddbe90a0ff2adf1bef8ba900394cd28e6;2312;GLMP-D103473C02;Oberlungwitz;Sachsen;SPD;spd;2024.0;anderes kommunales Wahlprogramm;Landkreis;expliziter Kreis-/Landkreisbezug;manifestos/Oberlungwitz_SPD_2024.txt
other;Rochlitz_CDU_2024.txt;397cf2c678ee03a9e09f57c08d344d8eefc4a9ccbb0a2de2b853b565a4ea0c72;13508;GLMP-9A4699CFF9;Rochlitz;Sachsen;CDU;cdu;2024.0;anderes kommunales Wahlprogramm;Landkreis und Gemeinden;explizite Doppeladressierung Kreis/Gemeinden;manifestos/Rochlitz_CDU_2024.txt
other;Rochlitz_Linke_2024.txt;9aadc52e99dd48ed1881ca58774e881f6109a831011b8f702627de80a2b5b639;27517;GLMP-B37B269974;Rochlitz;Sachsen;Linke;;2024.0;anderes kommunales Wahlprogramm;Landkreis und Gemeinden;explizite Doppeladressierung Kreis/Gemeinden;manifestos/Rochlitz_Linke_2024.txt
other;Rochlitz_RGG_2024.txt;96e5982584eb7b9093406348879298e78106c4b8d3f5dd643b0f7ca46e858a64;4837;GLMP-BC2593CD00;Rochlitz;Sachsen;RGG;;2024.0;anderes kommunales Wahlprogramm;Gemeinde;expliziter Gemeinde-/Stadtbezug;manifestos/Rochlitz_RGG_2024.txt
other;Rochlitz_SPD_2024.txt;ae46e72972468f06afc024363d63b1fc4a98e011cbf29eb9c529acf195edca58;43602;GLMP-B9AD573FBC;Rochlitz;Sachsen;SPD;spd;2024.0;anderes kommunales Wahlprogramm;Landkreis;expliziter Kreis-/Landkreisbezug;manifestos/Rochlitz_SPD_2024.txt
other;Saalfeld (Saale)_Linke_2024.txt;3227a2031a080438600c218250234ccb6f1ba8d78bdbbf32bad8c0d68a56b09c;9114;GLMP-8104916ABC;Saalfeld (Saale);Thüringen;Linke;;2024.0;anderes kommunales Wahlprogramm;Landkreis und Gemeinden;explizite Doppeladressierung Kreis/Gemeinden;manifestos/Saalfeld (Saale)_Linke_2024.txt
other;Saalfeld (Saale)_SPD_2024.txt;e475cb87380ef6a4ba9d69ba9d55d8ed9f6ac3d63562f85b625578378a3ab20b;29085;GLMP-3FEC4502C5;Saalfeld (Saale);Thüringen;SPD;spd;2024.0;anderes kommunales Wahlprogramm;Landkreis und Gemeinden;explizite Doppeladressierung Kreis/Gemeinden;manifestos/Saalfeld (Saale)_SPD_2024.txt
other;Saarwellingen_CDU_2024.txt;034bfefca7d50fd3246857641e17ef45973b202b2daa8588c773fd15d5efd7b4;20242;GLMP-1E409F8B34;Saarwellingen;Saarland;CDU;cdu;2024.0;anderes kommunales Wahlprogramm;Landkreis und Gemeinden;explizite Doppeladressierung Kreis/Gemeinden;manifestos/Saarwellingen_CDU_2024.txt
other;Salzwedel_Linke_2024.txt;8d2bf842fc2a2a998dd1f0e8de085c7cd1f471e63ca26f68ea7d2d325d646144;6847;GLMP-E08858D1B0;Salzwedel;Sachsen-Anhalt;Linke;;2024.0;anderes kommunales Wahlprogramm;Landkreis und Gemeinden;explizite Doppeladressierung Kreis/Gemeinden;manifestos/Salzwedel_Linke_2024.txt
other;Sandhausen_FDP_2024.txt;a52357499a58614281f9c07dff7726905a72d3962a791677b7ef90c40c3f3d17;2707;GLMP-B06594B89C;Sandhausen;Baden-Württemberg;FDP;fdp;2024.0;anderes kommunales Wahlprogramm;Landkreis und Gemeinden;explizite Doppeladressierung Kreis/Gemeinden;manifestos/Sandhausen_FDP_2024.txt
other;Sangerhausen_AfD_2024.txt;10cc69a21b68581e3b7761005226bdbf334bf2a012e460889d246c8a8111599b;10678;GLMP-6AFA242746;Sangerhausen;Sachsen-Anhalt;AfD;;2024.0;anderes kommunales Wahlprogramm;Landkreis und Gemeinden;explizite Doppeladressierung Kreis/Gemeinden;manifestos/Sangerhausen_AfD_2024.txt
other;Sangerhausen_Grüne_2024.txt;a81a34c81251640138f07b9556928b297d0f5c43c1cc9fb938e22d0e7fc5a63f;15174;GLMP-938D6D0CC3;Sangerhausen;Sachsen-Anhalt;Grüne;gru;2024.0;anderes kommunales Wahlprogramm;Landkreis und Gemeinden;explizite Doppeladressierung Kreis/Gemeinden;manifestos/Sangerhausen_Grüne_2024.txt
other;Schorfheide_SPD_2024.txt;5dfd4e133e27d8c3e0951b3eab12e235dcc50bd6c4d60f0f8c254311ef5f1880;89002;GLMP-242870E55D;Schorfheide;Brandenburg;SPD;spd;2024.0;anderes kommunales Wahlprogramm;Landkreis und Gemeinden;explizite Doppeladressierung Kreis/Gemeinden;manifestos/Schorfheide_SPD_2024.txt
other;Schwaan_CDU_2024.txt;2237a9a20d5bcdab7d5ecfa100ccdd95cc0ff110c21e48d05d404f77e8186345;6934;GLMP-60965F93FC;Schwaan;Mecklenburg-Vorpommern;CDU;cdu;2024.0;anderes kommunales Wahlprogramm;Landkreis und Gemeinden;explizite Doppeladressierung Kreis/Gemeinden;manifestos/Schwaan_CDU_2024.txt
other;Schwaan_Linke_2024.txt;79686d8da0e0106cbaa76125bb5ad0dcd753d75ca1764b6a9cbfe5572be907ea;3905;GLMP-7CC3C7CCFB;Schwaan;Mecklenburg-Vorpommern;Linke;;2024.0;anderes kommunales Wahlprogramm;Landkreis;expliziter Kreis-/Landkreisbezug;manifestos/Schwaan_Linke_2024.txt
other;Schwäbisch Gmünd_FDP_2024.txt;3c57ef86131e2be6e11861ed8cb441d3fc4dcda1c0731506b685a8223c856490;99158;GLMP-9DF09D8FBA;Schwäbisch Gmünd;Baden-Württemberg;FDP;fdp;2024.0;anderes kommunales Wahlprogramm;Land;Landesverband/Landesebene explizit;manifestos/Schwäbisch Gmünd_FDP_2024.txt
other;Schwäbisch Gmünd_Grüne_2024.txt;90aecb6427b6eb8d9f0e6e1b7dca075427fe41b327eda343f8fd88d3e652e6d7;62543;GLMP-E7DAE86850;Schwäbisch Gmünd;Baden-Württemberg;Grüne;gru;2024.0;anderes kommunales Wahlprogramm;Landkreis;expliziter Kreis-/Landkreisbezug;manifestos/Schwäbisch Gmünd_Grüne_2024.txt
other;Schwäbisch Gmünd_SPD_2024.txt;21424f5529cccbfc7ab0b62817d133c8f7478077d61138bed0534a2d4dcc12c8;23727;GLMP-4C29BA379E;Schwäbisch Gmünd;Baden-Württemberg;SPD;spd;2024.0;anderes kommunales Wahlprogramm;Landkreis;expliziter Kreis-/Landkreisbezug;manifestos/Schwäbisch Gmünd_SPD_2024.txt
other;Seelow_AfD_2024.txt;afb80bf32bc7d208c7fedc164ec6d93cecbd9d5dcc9e4a867c31c1e2b3aa190d;10817;GLMP-0BE7B805AC;Seelow;Brandenburg;AfD;;2024.0;anderes kommunales Wahlprogramm;Landkreis und Gemeinden;explizite Doppeladressierung Kreis/Gemeinden;manifestos/Seelow_AfD_2024.txt
other;Seelow_CDU_2024.txt;b8dee09fc4aa7ce5a2fdbada4b0bfdfd5ce8c420c080a11dc0eca8e386c3fd32;10154;GLMP-E80FF1CABF;Seelow;Brandenburg;CDU;cdu;2024.0;anderes kommunales Wahlprogramm;Landkreis und Gemeinden;explizite Doppeladressierung Kreis/Gemeinden;manifestos/Seelow_CDU_2024.txt
other;Seelow_SPD_2024.txt;d39b6ab8ae3766696574a30a25abacdd76fecc4649fba6fd003d029e6cf1a829;22683;GLMP-EAB0599510;Seelow;Brandenburg;SPD;spd;2024.0;anderes kommunales Wahlprogramm;Landkreis und Gemeinden;explizite Doppeladressierung Kreis/Gemeinden;manifestos/Seelow_SPD_2024.txt
other;Sonneberg_CDU_2024.txt;b5d1342b85b89439d85b61e8d69c519dde30e8f157bbb47b464bd1689d4c8a7a;6340;GLMP-285547FEFE;Sonneberg;Thüringen;CDU;cdu;2024.0;anderes kommunales Wahlprogramm;Landkreis;expliziter Kreis-/Landkreisbezug;manifestos/Sonneberg_CDU_2024.txt
other;Sonneberg_Grüne_2024.txt;1f9dd2fe52f65972f0170e236eb1e7765e38086772c483ac6d5ff985dc4d4a39;3920;GLMP-6CD7C8494E;Sonneberg;Thüringen;Grüne;gru;2024.0;anderes kommunales Wahlprogramm;Landkreis;expliziter Kreis-/Landkreisbezug;manifestos/Sonneberg_Grüne_2024.txt
other;Staßfurt_Grüne_2024.txt;67798fc26623a30ab16c2e6c611e1445ae07e334c7e60825ed838789167cb87f;4151;GLMP-CD5A4A18C2;Staßfurt;Sachsen-Anhalt;Grüne;gru;2024.0;anderes kommunales Wahlprogramm;Landkreis und Gemeinden;explizite Doppeladressierung Kreis/Gemeinden;manifestos/Staßfurt_Grüne_2024.txt
other;Staßfurt_SPD_2024.txt;d696d19cd7f9d3c860d5df7cc508227dc2babb4e10e40c32419c6117eb4b1e00;442;GLMP-973497691E;Staßfurt;Sachsen-Anhalt;SPD;spd;2024.0;anderes kommunales Wahlprogramm;Landkreis;expliziter Kreis-/Landkreisbezug;manifestos/Staßfurt_SPD_2024.txt
other;Stralsund_AfD_2024.txt;76dfd5499dddb9715310a54808c4f401816c316c3bf5bb5b28fffdaf1bc7b1ab;16155;GLMP-2DFB93A487;Stralsund;Mecklenburg-Vorpommern;AfD;;2024.0;anderes kommunales Wahlprogramm;Landkreis;expliziter Kreis-/Landkreisbezug;manifestos/Stralsund_AfD_2024.txt
other;Sundhagen_AfD_2024.txt;b3315a5682a84f7cb95f563e02df74d0808c560821ba1086e558161a459c1403;15814;GLMP-CABA51A03A;Sundhagen;Mecklenburg-Vorpommern;AfD;;2024.0;anderes kommunales Wahlprogramm;Landkreis;expliziter Kreis-/Landkreisbezug;manifestos/Sundhagen_AfD_2024.txt
other;Sundhagen_BKW_2024.txt;9c3b58b5f708906a3c37811916b79fb7334cf7d25f0cab9af40b2cb3b577230a;1253;GLMP-6821C7FBAE;Sundhagen;Mecklenburg-Vorpommern;BKW;;2024.0;anderes kommunales Wahlprogramm;Gemeinde;"local municipal campaign programme; local demands dominate";manifestos/Sundhagen_BKW_2024.txt
other;Sundhagen_CDU_2024.txt;54422068eb189e6eb084047880b444b66674d5376f394b2f42686f1b418c6f21;11675;GLMP-E4E0A0A4E3;Sundhagen;Mecklenburg-Vorpommern;CDU;cdu;2024.0;anderes kommunales Wahlprogramm;Landkreis und Gemeinden;explizite Doppeladressierung Kreis/Gemeinden;manifestos/Sundhagen_CDU_2024.txt
other;Sundhagen_Linke_2024.txt;0adee750734cbeccecf819b43c4b84c6e1fb55c94aba61b80c52df90cc474b06;18440;GLMP-38C5A3061E;Sundhagen;Mecklenburg-Vorpommern;Linke;;2024.0;anderes kommunales Wahlprogramm;Land;Landesverband/Landesebene explizit;manifestos/Sundhagen_Linke_2024.txt
other;Sömmerda_CDU_2024.txt;32a0deac1cb97cf98d075f313d5be191cd3c109a4cf616886e81363f1701db06;9955;;Sömmerda;;CDU;;2024;anderes kommunales Wahlprogramm;Landkreis und Gemeinden;explizite Doppeladressierung Kreis/Gemeinden;
other;Sömmerda_FDP_2024.txt;feb75a3a5a8313b39e3f685b832f40c799b358d9ceac3acd5fa9ba7459eb3721;1875;GLMP-A6E2A74D9C;Sömmerda;Thüringen;FDP;fdp;2024.0;anderes kommunales Wahlprogramm;Landkreis;expliziter Kreis-/Landkreisbezug;manifestos/Sömmerda_FDP_2024.txt
other;Sömmerda_Grüne_2024.txt;8e1da8b7249df7934fdbb168965eb1886b37d58ac5ff15fc6d86d7261c894c6e;1089;GLMP-BB4660B2B1;Sömmerda;Thüringen;Grüne;gru;2024.0;anderes kommunales Wahlprogramm;Landkreis;expliziter Kreis-/Landkreisbezug;manifestos/Sömmerda_Grüne_2024.txt
other;Sömmerda_SPD_2024.txt;a1d4c79030e18cbc7d1bbf02e5a84612fca9963307c252a1f20f30230b45aa12;38555;GLMP-44D1E3CF38;Sömmerda;Thüringen;SPD;spd;2024.0;anderes kommunales Wahlprogramm;Landkreis und Gemeinden;explizite Doppeladressierung Kreis/Gemeinden;manifestos/Sömmerda_SPD_2024.txt
other;Tholey_FDP_2024.txt;8750e64ca370a7f8d28efc62e94bf298bdfa662497c3be14b877bdc2ffc8f3a8;9282;GLMP-45B8CAB8CC;Tholey;Saarland;FDP;fdp;2024.0;anderes kommunales Wahlprogramm;Landkreis;expliziter Kreis-/Landkreisbezug;manifestos/Tholey_FDP_2024.txt
other;Traben-Trarbach_CDU_2024.txt;070f4d6e31275440d03f34a093074eed50c5454075320a2173dba7e05e0d5b8a;43715;;Traben-Trarbach;;CDU;;2024;anderes kommunales Wahlprogramm;Land;Landesverband/Landesebene explizit;
other;Traben-Trarbach_FWG_2024.txt;34d92643f9a1b158e14ffc3e28338bad042959551754bffd04448c6bdbe27147;38169;GLMP-D37E1197D6;Traben-Trarbach;Rheinland-Pfalz;FWG;;2024.0;anderes kommunales Wahlprogramm;Landkreis;expliziter Kreis-/Landkreisbezug;manifestos/Traben-Trarbach_FWG_2024.txt
other;Traben-Trarbach_Grüne_2024.txt;f030cc86525b850eff83252a663ce273a64c25777754980e347f6074cc38d342;22513;GLMP-C5467183E5;Traben-Trarbach;Rheinland-Pfalz;Grüne;gru;2024.0;anderes kommunales Wahlprogramm;Landkreis und Gemeinden;explizite Doppeladressierung Kreis/Gemeinden;manifestos/Traben-Trarbach_Grüne_2024.txt
other;Traben-Trarbach_SPD_2024.txt;d8f4e016eaff4f4a2f030f33e7768b29d8f6967642dcefb4476be45b2fbb4382;41150;GLMP-E9A4FAE9D8;Traben-Trarbach;Rheinland-Pfalz;SPD;spd;2024.0;anderes kommunales Wahlprogramm;Land;SPD Rheinland-Pfalz kommunalpolitische Leitlinien;manifestos/Traben-Trarbach_SPD_2024.txt
other;Ulm_FWG_2024.txt;e178b73cd6ffc07bb8ad0f28d78e45a68dcccd3711fc82b77ac0d49b5c60b10d;1804;GLMP-D26F9E6552;Ulm;Baden-Württemberg;FWG;;2024.0;Grundsatzprogramm;übergeordnet;document explicitly headed GRUNDSÄTZE and states general principles of Freie Wähler;manifestos/Ulm_FWG_2024.txt
other;Waiblingen_FWG_2024.txt;db60dd3ea30e0803b8dc21a81fca9b9c85838886902e34adbe97ae1d897341ce;3726;;Waiblingen;;FWG;;2024;anderes kommunales Wahlprogramm;Region;expliziter Bezug auf Region Stuttgart;
other;Wallerfangen_Linke_2024.txt;488fb40791990841e8ebf6c4bb61c3be3645940988ba66d83a0d24e23e080c32;5065;GLMP-9020FB27B6;Wallerfangen;Saarland;Linke;;2024.0;anderes kommunales Wahlprogramm;Land;"general Die-Linke Saarland municipal policy programme; not a municipality-specific council programme";manifestos/Wallerfangen_Linke_2024.txt
other;Weiskirchen_CDU_2024.txt;46c0562fb1d7d2ee2f442ecb5c39be659d3e14ea677ebd1c28bfb532ccb4d4a2;17551;GLMP-8F0330491E;Weiskirchen;Saarland;CDU;cdu;2024.0;anderes kommunales Wahlprogramm;Landkreis und Gemeinden;explizite Doppeladressierung Kreis/Gemeinden;manifestos/Weiskirchen_CDU_2024.txt
other;Winnweiler_CDU_2024.txt;8d9b1997e8e1dd7f19c9a453ac0045c0a8a253d2d7d79d6b0f52a9a80aeb03d7;42913;GLMP-BB9F9CAEBE;Winnweiler;Rheinland-Pfalz;CDU;cdu;2024.0;anderes kommunales Wahlprogramm;Land;Landesverband/Landesebene explizit;manifestos/Winnweiler_CDU_2024.txt
other;Winnweiler_Grüne_2024.txt;a7450dacb31b9ee3d92f9d0927fcede569cb45c4e214111f2835ec3c61e33e96;22099;GLMP-98C324001F;Winnweiler;Rheinland-Pfalz;Grüne;gru;2024.0;anderes kommunales Wahlprogramm;Landkreis und Gemeinden;explizite Doppeladressierung Kreis/Gemeinden;manifestos/Winnweiler_Grüne_2024.txt
other;Wutha-Farnroda_Linke_2024.txt;d76f417744e7ac046e196abf7bf68d2322f9039d4546475a9fba8dc56ecbc65d;28355;GLMP-A5505914BE;Wutha-Farnroda;Thüringen;Linke;;2024.0;anderes kommunales Wahlprogramm;Landkreis;expliziter Kreis-/Landkreisbezug;manifestos/Wutha-Farnroda_Linke_2024.txt
other;Zerbst_AfD_2024.txt;54140f80b3029d79b8ba9c886bd99988b482ad1e444fcd7384703cba6c0247e6;22508;GLMP-7C4630BA6D;Zerbst;Sachsen-Anhalt;AfD;;2024.0;anderes kommunales Wahlprogramm;Landkreis und Gemeinden;explizite Doppeladressierung Kreis/Gemeinden;manifestos/Zerbst_AfD_2024.txt
other;Zossen_AfD_2024.txt;e559105e374a4edf769e8b5ddcbddd918447ea29a075eb8ee53139db5c95c805;4631;GLMP-21B48FAB8B;Zossen;Brandenburg;AfD;;2024.0;anderes kommunales Wahlprogramm;Landkreis und Gemeinden;explizite Doppeladressierung Kreis/Gemeinden;manifestos/Zossen_AfD_2024.txt
other;Zossen_Linke_2024.txt;e2d482956d7831e5475b51650dcea7d2a52d806ac6c594979789ca5a37b87f17;6165;GLMP-7F5C3DB3F6;Zossen;Brandenburg;Linke;;2024.0;anderes kommunales Wahlprogramm;Landkreis und Gemeinden;explizite Doppeladressierung Kreis/Gemeinden;manifestos/Zossen_Linke_2024.txt
other;Zschorlau_SPD_2024.txt;d27f9fc881e9b8ad470737b9b74729e43b82935b40daccd815c95d617b8a6ae5;12049;GLMP-66443DC824;Eibenstock;Sachsen;SPD;spd;2024.0;anderes kommunales Wahlprogramm;Landkreis und Gemeinden;"same SPD-Erzgebirge programme; reused across municipalities";manifestos/Eibenstock_SPD_2024.txt
other;Zwickau_FDP_2024.txt;d8f9278fcf9698c6e544ed3227fa73a6b823cc5d214cbee80ac75328e2679ef8;8823;GLMP-D6990F7223;Zwickau;Sachsen;FDP;fdp;2024.0;anderes kommunales Wahlprogramm;Landkreis;expliziter Kreis-/Landkreisbezug;manifestos/Zwickau_FDP_2024.txt
other;Zwickau_Linke_2024.txt;2433395ed967bf51ecb7f359dc846e7d4f3b2dc2398476c0f37cbd86d7cb01df;1850;GLMP-17498476C5;Zwickau;Sachsen;Linke;;2024.0;anderes kommunales Wahlprogramm;Landkreis;expliziter Kreis-/Landkreisbezug;manifestos/Zwickau_Linke_2024.txt
