document_use_id;document_id;manifesto_id;municipality;state;ags;party;party_abbreviation;election_year;document_type;program_scope;use_type;filename;source;content_hash;ags_source
USE-a93460c0d053;DOC-58ce00388e1a;GLMP-5C13BBBD4D;Kassel;Hessen;06611000;CDU;cdu;1989.0;Kommunalwahlprogramm Gemeinde;Gemeinde;main_corpus_observation;ka89cdu.txt;main;58ce00388e1aaa8c3159d97a9523d7aceeb168fb994a2d1ec3dd74fbdddbedfd;manual_2024_reference
USE-c7631504f7cf;DOC-9f8680b6bd98;GLMP-EBE242CD2B;Kassel;Hessen;06611000;CDU;cdu;1993.0;Kommunalwahlprogramm Gemeinde;Gemeinde;main_corpus_observation;ka93cdu.txt;main;9f8680b6bd98f096d09c108cd7e2cfac3d97a02e98ea3be45cf47c511345bf4e;manual_2024_reference
USE-c1afc52ccf15;DOC-ba4d918f8f22;GLMP-D6622D73EF;Offenbach am Main;Hessen;06413000;FDP;fdp;1993.0;Kommunalwahlprogramm Gemeinde;Gemeinde;main_corpus_observation;of93fdp.txt;main;ba4d918f8f22f9fc671cc1d66d6560e067bbf2f1750d64327662425b5cf25b1c;manual_2024_reference
USE-7bd5e08ce0a9;DOC-6a3cd97e8eb2;GLMP-4D127DEB31;Offenbach am Main;Hessen;06413000;Grüne;gru;1993.0;Kommunalwahlprogramm Gemeinde;Gemeinde;main_corpus_observation;of93gru.txt;main;6a3cd97e8eb265e41024c34a2aba6f6b2653681f45e0209f327349117d59dc7a;manual_2024_reference
USE-3bf2093a3775;DOC-4a23157791dc;GLMP-98ED3253C4;Aachen;Nordrhein-Westfalen;05334002;SPD;spd;1994.0;Kommunalwahlprogramm Gemeinde;Gemeinde;main_corpus_observation;ac94spd.txt;main;4a23157791dc96a7e3544f33efbe755d6df0c852399fb2405e43f0b42c883220;manual_2024_reference
USE-a3757f568746;DOC-6a4085e27460;GLMP-D9821B418E;Bielefeld;Nordrhein-Westfalen;05711000;Grüne;gru;1994.0;Kommunalwahlprogramm Gemeinde;Gemeinde;main_corpus_observation;bi94gru.txt;main;6a4085e27460adf481d57a5430189b84dd87460769e80b70a7b6f85e093d26bd;manual_2024_reference
USE-58f3eab4037c;DOC-109c69826562;GLMP-A11301080C;Bonn;Nordrhein-Westfalen;05314000;CDU;cdu;1994.0;Kommunalwahlprogramm Gemeinde;Gemeinde;main_corpus_observation;bn94cdu.txt;main;109c69826562e95ce1fa03f52ec7f30dc4e6292368e1d68df37c4a08eb7778bf;manual_2024_reference
USE-0482ad3d8137;DOC-15b0672edb00;GLMP-1C49532B32;Essen;Nordrhein-Westfalen;05113000;FDP;fdp;1994.0;Kommunalwahlprogramm Gemeinde;Gemeinde;main_corpus_observation;es94fdp.txt;main;15b0672edb00f26a720a73c2b2dc5b444a6b25ba88a983ec78354f69a138d7a4;manual_2024_reference
USE-0bab7ef968e6;DOC-2fc1da0c9898;GLMP-1BE660B5BD;Hamm;Nordrhein-Westfalen;05915000;Grüne;gru;1994.0;Kommunalwahlprogramm Gemeinde;Gemeinde;main_corpus_observation;hm94gru.txt;main;2fc1da0c989851edccd04531649fc4b16e2ef5e12395956d8a8577e032c4f4a5;manual_2024_reference
USE-3a5d6364a922;DOC-dbf5ac530005;GLMP-5B5E76BBAC;Krefeld;Nordrhein-Westfalen;05114000;CDU;cdu;1994.0;Kommunalwahlprogramm Gemeinde;Gemeinde;main_corpus_observation;kr94cdu.txt;main;dbf5ac5300059bcd70d7a86e8f0b0933e9be3e520080387c5b82d02079877a1a;manual_2024_reference
USE-9c4fa7f7a2fd;DOC-2774b7653ac7;GLMP-BE5116D001;Leverkusen;Nordrhein-Westfalen;05316000;CDU;cdu;1994.0;Kommunalwahlprogramm Gemeinde;Gemeinde;main_corpus_observation;le94cdu.txt;main;2774b7653ac7dc1ad0e3b33e46f8aff510d726bdd57eae46e92bd6acf98a3dee;manual_2024_reference
USE-d124beaa54c8;DOC-e32b35c66215;GLMP-0436B165C9;Moenchengladbach;Nordrhein-Westfalen;05116000;FDP;fdp;1994.0;Kommunalwahlprogramm Gemeinde;Gemeinde;main_corpus_observation;mg94fdp.txt;main;e32b35c662155eca12f81c96103f5d77100876e8b96287ca1a5546b7682ea22d;manual_2024_reference
USE-25ce6ba4ff2d;DOC-0b6ba3066990;GLMP-5466071F66;Moers;Nordrhein-Westfalen;05170024;CDU;cdu;1994.0;Kommunalwahlprogramm Gemeinde;Gemeinde;main_corpus_observation;mo94cdu.txt;main;0b6ba3066990c1a0df038ec0e94ecfa24bfc8300d6386ff00f8a4058e1749893;manual_2024_reference
USE-0d4bec906132;DOC-68b2e6760bfe;GLMP-8881E7894B;Oberhausen;Nordrhein-Westfalen;05119000;CDU;cdu;1994.0;Kommunalwahlprogramm Gemeinde;Gemeinde;main_corpus_observation;ob94cdu.txt;main;68b2e6760bfebfefb511fefcc7b4e1f0e8b68edc7ae9a31e3e64e75f32e3de20;manual_2024_reference
USE-aa13fc905968;DOC-06e352148b6b;GLMP-61490BC93C;Siegen;Nordrhein-Westfalen;05970040;Grüne;gru;1994.0;Kommunalwahlprogramm Gemeinde;Gemeinde;main_corpus_observation;si94gru.txt;main;06e352148b6bb4cdf853848b27cca47f7af8af1aa55bbf9d59c29b357c62d5d0;manual_2024_reference
USE-a5f78dbda6f5;DOC-94ebe6cf843b;GLMP-141D77F62C;Darmstadt;Hessen;06411000;Die Frauen;die;1997.0;Kommunalwahlprogramm Gemeinde;Gemeinde;main_corpus_observation;da97die.txt;main;94ebe6cf843b2bc055ad38144cd1833c683df4c80066af0e51d5a308caf10bc4;manual_2024_reference
USE-6dd8ddecf1a8;DOC-5b84dd21b94e;GLMP-B0A0CC33E1;Kassel;Hessen;06611000;CDU;cdu;1997.0;Kommunalwahlprogramm Gemeinde;Gemeinde;main_corpus_observation;ka97cdu.txt;main;5b84dd21b94e6bbc79dddd9b7b21f141d3b23a8031d8ff84457d312d4e2e5f45;manual_2024_reference
USE-b681f2fc74c1;DOC-197f575c7012;GLMP-3865103051;Kassel;Hessen;06611000;Freie Wähler;fwg;1997.0;Kommunalwahlprogramm Gemeinde;Gemeinde;main_corpus_observation;ka97fwg.txt;main;197f575c701205591b58606a046e3584801ec57270411b39154c12ae6c0cd502;manual_2024_reference
USE-aa99fc171dae;DOC-72bd74b2939a;GLMP-42D957409F;Offenbach am Main;Hessen;06413000;FDP;fdp;1997.0;Kommunalwahlprogramm Gemeinde;Gemeinde;main_corpus_observation;of97fdp.txt;main;72bd74b2939a7bec1a01ed43345c437592a9e960e47e6285602d2ab9e9ad1e0c;manual_2024_reference
USE-9f362307b2a7;DOC-51c6eacce4d1;GLMP-D082DF80B9;Offenbach am Main;Hessen;06413000;Grüne;gru;1997.0;Kommunalwahlprogramm Gemeinde;Gemeinde;main_corpus_observation;of97gru.txt;main;51c6eacce4d18698ae4dd4955902e96ab1b7515c76fd0619005dfbef49daa721;manual_2024_reference
USE-98290892dbdf;DOC-43a4dd25cfd7;GLMP-0E35705B46;Aachen;Nordrhein-Westfalen;05334002;SPD;spd;1999.0;Kommunalwahlprogramm Gemeinde;Gemeinde;main_corpus_observation;ac99spd.txt;main;43a4dd25cfd7cb3b02f4d2d82d270b062138116c4c648d7e729ab754e98fa113;manual_2024_reference
USE-8e72e22e5eff;DOC-770194e16433;GLMP-5454851897;Bielefeld;Nordrhein-Westfalen;05711000;Grüne;gru;1999.0;Kommunalwahlprogramm Gemeinde;Gemeinde;main_corpus_observation;bi99gru.txt;main;770194e16433561afd01d4484ff4ac9f411a4e307268ad7295cab35af94be2aa;manual_2024_reference
USE-91af0a38d02f;DOC-4d790188360f;GLMP-38B32FB7BA;Bochum;Nordrhein-Westfalen;05911000;FDP;fdp;1999.0;Kommunalwahlprogramm Gemeinde;Gemeinde;main_corpus_observation;bo99fdp.txt;main;4d790188360f6be2ecab5e12458d19a25faba3bae9b4ff22fc8f002027a5eb1c;manual_2024_reference
USE-8611539f37e7;DOC-8158f7f60717;GLMP-02AA95C9ED;Bochum;Nordrhein-Westfalen;05911000;Grüne;gru;1999.0;Kommunalwahlprogramm Gemeinde;Gemeinde;main_corpus_observation;bo99gru.txt;main;8158f7f60717756f80211e0d59701509843df51aadeb173dd029418a21f6a398;manual_2024_reference
USE-1e970ef84c85;DOC-b0b114a1510f;GLMP-C14E2272AE;Bonn;Nordrhein-Westfalen;05314000;CDU;cdu;1999.0;Kommunalwahlprogramm Gemeinde;Gemeinde;main_corpus_observation;bn99cdu.txt;main;b0b114a1510f0ef8a95c38caa10375babfb25c54badd838369a70945bce73ce6;manual_2024_reference
USE-8021768ca69c;DOC-79cbe2640ca6;GLMP-B7B335DAD8;Bonn;Nordrhein-Westfalen;05314000;Grüne;gru;1999.0;Kommunalwahlprogramm Gemeinde;Gemeinde;main_corpus_observation;bn99gru.txt;main;79cbe2640ca6910187a2615f5de59f7a7580eba5d1208ddfd36adb7855bd1504;manual_2024_reference
USE-d334430e461e;DOC-f0dfa0ab8cfe;GLMP-6CABD85A43;Essen;Nordrhein-Westfalen;05113000;FDP;fdp;1999.0;Kommunalwahlprogramm Gemeinde;Gemeinde;main_corpus_observation;es99fdp.txt;main;f0dfa0ab8cfee906e42c7fa5588afd2c0cda79e8681f5690177b0a944be6f577;manual_2024_reference
USE-ded0e17f0413;DOC-e66d528e9467;GLMP-E4F514A69D;Hamm;Nordrhein-Westfalen;05915000;Grüne;gru;1999.0;Kommunalwahlprogramm Gemeinde;Gemeinde;main_corpus_observation;hm99gru.txt;main;e66d528e9467ff25da2bdecca969952347394db7805cc7df15a3dc411fa32d84;manual_2024_reference
USE-f7756e173946;DOC-6c54e3853445;GLMP-A044D9E4CA;Krefeld;Nordrhein-Westfalen;05114000;CDU;cdu;1999.0;Kommunalwahlprogramm Gemeinde;Gemeinde;main_corpus_observation;kr99cdu.txt;main;6c54e38534456dd4f1b680714f97f7216d91353463733ea4bcf7c29e6b6db8d1;manual_2024_reference
USE-a34a073cfb3e;DOC-a372c285ece3;GLMP-C24D4C250D;Leverkusen;Nordrhein-Westfalen;05316000;CDU;cdu;1999.0;Kommunalwahlprogramm Gemeinde;Gemeinde;main_corpus_observation;le99cdu.txt;main;a372c285ece34d85c84544e354ae31bd8de5f8387971363c85b0726606020c68;manual_2024_reference
USE-df5407accc7c;DOC-8ae350372c93;GLMP-87BE07890E;Moenchengladbach;Nordrhein-Westfalen;05116000;FDP;fdp;1999.0;Kommunalwahlprogramm Gemeinde;Gemeinde;main_corpus_observation;mg99fdp.txt;main;8ae350372c930e9b458dae19378f0546cf65ed503eda5b5d86e5075fff93435c;manual_2024_reference
USE-2c0f51519bdd;DOC-32fa6ef09c6d;GLMP-C9FB6B62C5;Moers;Nordrhein-Westfalen;05170024;CDU;cdu;1999.0;Kommunalwahlprogramm Gemeinde;Gemeinde;main_corpus_observation;mo99cdu.txt;main;32fa6ef09c6dd41f01f9579ba8e722c445202dd5561f683e65d47598c752b54f;manual_2024_reference
USE-23b6be9a4bd4;DOC-6d04cf839081;GLMP-45BA6CAEE3;Muelheim an der Ruhr;Nordrhein-Westfalen;05117000;Mülheimer Bürger Initiative;mbi;1999.0;Kommunalwahlprogramm Gemeinde;Gemeinde;main_corpus_observation;mh99mbi.txt;main;6d04cf83908124bf5018ad38d56812757e8bd0e67c367a841c8daaf5ad893fe1;manual_2024_reference
USE-ca30279859f1;DOC-5ce650e95e06;GLMP-682C28E632;Neuss;Nordrhein-Westfalen;05162024;SPD;spd;1999.0;Kommunalwahlprogramm Gemeinde;Gemeinde;main_corpus_observation;ne99spd.txt;main;5ce650e95e063a45f2ba7911440bd32522a642b1677891c8268792c96d9e256c;manual_2024_reference
USE-652182b99ca3;DOC-f30e052685bf;GLMP-3F92E72C89;Oberhausen;Nordrhein-Westfalen;05119000;CDU;cdu;1999.0;Kommunalwahlprogramm Gemeinde;Gemeinde;main_corpus_observation;ob99cdu.txt;main;f30e052685bf9bba4f7cde5a7fe279d5c200dd906f0b5973d97fcb4445e377c1;manual_2024_reference
USE-56ca0ce9212d;DOC-dd68ea1fbcb5;GLMP-4E1FA8FBB6;Siegen;Nordrhein-Westfalen;05970040;Grüne;gru;1999.0;Kommunalwahlprogramm Gemeinde;Gemeinde;main_corpus_observation;si99gru.txt;main;dd68ea1fbcb51d8b490686cc23db1bd1775fd29b89ae9fc5db047804ef580453;manual_2024_reference
USE-0f5c69b70c77;DOC-cb5717d4a6b4;GLMP-45D856A0FF;Wuppertal;Nordrhein-Westfalen;05124000;Grüne;gru;1999.0;Kommunalwahlprogramm Gemeinde;Gemeinde;main_corpus_observation;wu99gru.txt;main;cb5717d4a6b4e1e458f0eed6323a55cc9a23a9f1b515bd0c4f00ca57f221740a;manual_2024_reference
USE-6e6aab460725;DOC-76e9b62da455;GLMP-7A36313E1D;Darmstadt;Hessen;06411000;Die Frauen;die;2001.0;Kommunalwahlprogramm Gemeinde;Gemeinde;main_corpus_observation;da01die.txt;main;76e9b62da4556e16fa11269e002ddc89f1c2f2d7e54a12bbbae9f3da7fef37b1;manual_2024_reference
USE-430fd118eef0;DOC-63937c824176;GLMP-A3F70A2B00;Darmstadt;Hessen;06411000;SPD;spd;2001.0;Kommunalwahlprogramm Gemeinde;Gemeinde;main_corpus_observation;da01spd.txt;main;63937c8241767e3fa0af4c4026bac194b8b73a293e9f9dec6431f46c40e5b766;manual_2024_reference
USE-4d73e0d2c236;DOC-ffb8fc0dc8a3;GLMP-EB59D5802F;Frankfurt am Main;Hessen;06412000;CDU;cdu;2001.0;Kommunalwahlprogramm Gemeinde;Gemeinde;main_corpus_observation;ff01cdu.txt;main;ffb8fc0dc8a33f4276c45d2fbf966a46ed3ea29d37df7438ecb6c27f684c8006;manual_2024_reference
USE-36959afd86b5;DOC-803a14ab89fb;GLMP-5FCF999922;Frankfurt am Main;Hessen;06412000;Die Frauen;die;2001.0;Kommunalwahlprogramm Gemeinde;Gemeinde;main_corpus_observation;ff01die.txt;main;803a14ab89fb1525b9b02dc9952c6bbf077665562b8d87ddfade52a6da0adf15;manual_2024_reference
USE-5ff89f048829;DOC-f937ee3e2e12;GLMP-D3D6636029;Frankfurt am Main;Hessen;06412000;FlughafenAusbauGegner;fag;2001.0;Kommunalwahlprogramm Gemeinde;Gemeinde;main_corpus_observation;ff01fag.txt;main;f937ee3e2e121401ec0916382d877edd7d5d1293c2926921e146d0680cc7bb3f;manual_2024_reference
USE-5418e5c238a1;DOC-38f867d70f61;GLMP-4B14C4AAE2;Kassel;Hessen;06611000;CDU;cdu;2001.0;Kommunalwahlprogramm Gemeinde;Gemeinde;main_corpus_observation;ka01cdu.txt;main;38f867d70f61e1f45cb2897a6ab42d09ab2d191ba57b079b728a540984d9fca6;manual_2024_reference
USE-0fb36ad46871;DOC-e75244b09865;GLMP-7435AB24C0;Kassel;Hessen;06611000;Die Linke;lin;2001.0;Kommunalwahlprogramm Gemeinde;Gemeinde;main_corpus_observation;ka01lin.txt;main;e75244b098653a943ddc1cee61557aa0363a04e3171f8b82fe3f279bfcbc656a;manual_2024_reference
USE-893d0bb2a1b6;DOC-d28af60cbe68;GLMP-3113A5A9AD;Kassel;Hessen;06611000;FDP;fdp;2001.0;Kommunalwahlprogramm Gemeinde;Gemeinde;main_corpus_observation;ka01fdp.txt;main;d28af60cbe68fac67c7431318858c019d319709b216c3d9cb7c46c3256f04203;manual_2024_reference
USE-fd8ab5f60339;DOC-1631f9955667;GLMP-2C1908EB1B;Kassel;Hessen;06611000;Freie Wähler;fwg;2001.0;Kommunalwahlprogramm Gemeinde;Gemeinde;main_corpus_observation;ka01fwg.txt;main;1631f9955667eddb47f6d0db06f369654366e9adca095f8965434669b489c7b9;manual_2024_reference
USE-f85baa1b8746;DOC-c05d75353154;GLMP-7D8A3E2EFB;Kassel;Hessen;06611000;Grüne;gru;2001.0;Kommunalwahlprogramm Gemeinde;Gemeinde;main_corpus_observation;ka01gru.txt;main;c05d75353154f63736275f644263d82b66dd361d9c971348f76a85fd03c03558;manual_2024_reference
USE-91cb8f57dec9;DOC-810bbb40b5b4;GLMP-72046AECB3;Offenbach am Main;Hessen;06413000;Die Linke;lin;2001.0;Kommunalwahlprogramm Gemeinde;Gemeinde;main_corpus_observation;of01lin.txt;main;810bbb40b5b4482743fc4155298824a08192ad34cf39467115f73cfa9a8966d6;manual_2024_reference
USE-f793ae536a8c;DOC-4550784621e5;GLMP-5FA0E46AB5;Offenbach am Main;Hessen;06413000;FDP;fdp;2001.0;Kommunalwahlprogramm Gemeinde;Gemeinde;main_corpus_observation;of01fdp.txt;main;4550784621e598fbd8322fcc2d381ab2377df02c37f82b73116348ebd80762bf;manual_2024_reference
USE-98691cb42f84;DOC-1765c8c2c429;GLMP-BC27C241F6;Offenbach am Main;Hessen;06413000;Grüne;gru;2001.0;Kommunalwahlprogramm Gemeinde;Gemeinde;main_corpus_observation;of01gru.txt;main;1765c8c2c42989af36aa412daebc3037daa95849ef3e232ffaaf4a50b1ebf226;manual_2024_reference
USE-c3a28955ab30;DOC-3bbbfebf0302;GLMP-275B140B5F;Wiesbaden;Hessen;06414000;Die Linke;lin;2001.0;Kommunalwahlprogramm Gemeinde;Gemeinde;main_corpus_observation;wi01lin.txt;main;3bbbfebf03021a9b2b6f8fe240324f49f908526d10399e0fbc7507547a651ad0;manual_2024_reference
USE-16a02fc2ea66;DOC-175ef76a5e98;GLMP-D308FB959A;Wiesbaden;Hessen;06414000;FDP;fdp;2001.0;Kommunalwahlprogramm Gemeinde;Gemeinde;main_corpus_observation;wi01fdp.txt;main;175ef76a5e9828ef07754f3e44170c4135dd939b97703135a5175120c8237a43;manual_2024_reference
USE-811fff6fd5e5;DOC-1329be815673;GLMP-EE2D3C58F8;Aachen;Nordrhein-Westfalen;05334002;Gemeinsam gegen Sozialkahlschlag (GGS);ggs;2004.0;Kommunalwahlprogramm Gemeinde;Gemeinde;main_corpus_observation;ac04ggs.txt;main;1329be815673194fc873ad31add0d529c7bb522e99cc72769a890fd82ebd3ff2;manual_2024_reference
USE-86f1902ef877;DOC-e5d68f1ce7ac;GLMP-A169AE4653;Aachen;Nordrhein-Westfalen;05334002;SPD;spd;2004.0;Kommunalwahlprogramm Gemeinde;Gemeinde;main_corpus_observation;ac04spd.txt;main;e5d68f1ce7ac846ebdfdffdbb7eb6ed54d9e0cacf5206ca9d39e75b5a1fee529;manual_2024_reference
USE-32dbbffd8898;DOC-9c45ff7a7b0b;GLMP-C59B170C58;Bielefeld;Nordrhein-Westfalen;05711000;Grüne;gru;2004.0;Kommunalwahlprogramm Gemeinde;Gemeinde;main_corpus_observation;bi04gru.txt;main;9c45ff7a7b0b88ad2fe447f85049a8e3560e2a0176e19d311fb0767652991e44;manual_2024_reference
USE-b2ffbd6dd624;DOC-992e35ae3c90;GLMP-3C92C20C1E;Bochum;Nordrhein-Westfalen;05911000;CDU;cdu;2004.0;Kommunalwahlprogramm Gemeinde;Gemeinde;main_corpus_observation;bo04cdu.txt;main;992e35ae3c907792622503fbdc87bbb83ce43cb2bff3a8c4cb12eb2eb1fe46be;manual_2024_reference
USE-50a0fd46d138;DOC-6148376c4bbe;GLMP-878F5D02EE;Bochum;Nordrhein-Westfalen;05911000;FDP;fdp;2004.0;Kommunalwahlprogramm Gemeinde;Gemeinde;main_corpus_observation;bo04fdp.txt;main;6148376c4bbeb9590d594081b882d6b6ff927506c04e508443ca2acdc2c805be;manual_2024_reference
USE-4a6bff4c62f6;DOC-bff11fc0350a;GLMP-F6FA65D8C5;Bochum;Nordrhein-Westfalen;05911000;Grüne;gru;2004.0;Kommunalwahlprogramm Gemeinde;Gemeinde;main_corpus_observation;bo04gru.txt;main;bff11fc0350a030b072327e78cbf68b5f7181bbd90c9ba971de435707943cc49;manual_2024_reference
USE-f10799bf6c28;DOC-d105ac53e821;GLMP-09644ECC4C;Bonn;Nordrhein-Westfalen;05314000;CDU;cdu;2004.0;Kommunalwahlprogramm Gemeinde;Gemeinde;main_corpus_observation;bn04cdu.txt;main;d105ac53e82120de3bcdeaa2eb7a19d032522f5d28cf3982861a0bcc5401f295;manual_2024_reference
USE-5a0859305a97;DOC-9f75474a653c;GLMP-4EB03F034B;Bonn;Nordrhein-Westfalen;05314000;Grüne;gru;2004.0;Kommunalwahlprogramm Gemeinde;Gemeinde;main_corpus_observation;bn04gru.txt;main;9f75474a653ca286c9c5f5e2419bf83283bfb01d05a518d24494693b625ef6a9;manual_2024_reference
USE-51e656d9d4b5;DOC-d400ac094432;GLMP-88B9A478FD;Bonn;Nordrhein-Westfalen;05314000;SPD;spd;2004.0;Kommunalwahlprogramm Gemeinde;Gemeinde;main_corpus_observation;bn04spd.txt;main;d400ac094432e77794471684da072451c50fe3da6988ec58fa7390efa8eddf06;manual_2024_reference
USE-b8a66f73ddfe;DOC-fc7b44991ba9;GLMP-7F710AC8F0;Duesseldorf;Nordrhein-Westfalen;05111000;CDU;cdu;2004.0;Kommunalwahlprogramm Gemeinde;Gemeinde;main_corpus_observation;ds04cdu.txt;main;fc7b44991ba942fc3f81ef62d2cf4a2ff78b770391c03245dd7ca3453611e78b;manual_2024_reference
USE-ef4c09b8beb2;DOC-56c8adae8100;GLMP-540AE40898;Duisburg;Nordrhein-Westfalen;05112000;Die Linke;lin;2004.0;Kommunalwahlprogramm Gemeinde;Gemeinde;main_corpus_observation;du04lin.txt;main;56c8adae810019e4677f3387a459b81153a3421d10dfd37461f14a065dfd1054;manual_2024_reference
USE-f22bce095c4c;DOC-bede5d69969f;GLMP-40E7CC02F2;Duisburg;Nordrhein-Westfalen;05112000;FDP;fdp;2004.0;Kommunalwahlprogramm Gemeinde;Gemeinde;main_corpus_observation;du04fdp.txt;main;bede5d69969f8fae72b123ec4a53431157efd3c3aed644144d85b7f6c1f7a2f5;manual_2024_reference
USE-70c9b7b55d71;DOC-16d24cd566d3;GLMP-CCC81174CA;Essen;Nordrhein-Westfalen;05113000;FDP;fdp;2004.0;Kommunalwahlprogramm Gemeinde;Gemeinde;main_corpus_observation;es04fdp.txt;main;16d24cd566d3b15cb48fc556928df48cb15fa86899051145cfe55b088eaa926e;manual_2024_reference
USE-6785811cdff5;DOC-3a2018e2f712;GLMP-26DEC10118;Hagen;Nordrhein-Westfalen;05914000;Grüne;gru;2004.0;Kommunalwahlprogramm Gemeinde;Gemeinde;main_corpus_observation;ha04gru.txt;main;3a2018e2f712a9f21bad255c690eb3f1bbe9ce6f2905a37069b62e9c44906bc1;manual_2024_reference
USE-8790bbf80ed0;DOC-37c9cf9cc7f6;GLMP-9F6154F852;Hamm;Nordrhein-Westfalen;05915000;CDU;cdu;2004.0;Kommunalwahlprogramm Gemeinde;Gemeinde;main_corpus_observation;hm04cdu.txt;main;37c9cf9cc7f6c4f6eae6ca657a41525e39700ec1c6a3dc06377882fd8f9c0b50;manual_2024_reference
USE-e8cad66cd147;DOC-c976ab6755f7;GLMP-8CD92EE9D6;Hamm;Nordrhein-Westfalen;05915000;Grüne;gru;2004.0;Kommunalwahlprogramm Gemeinde;Gemeinde;main_corpus_observation;hm04gru.txt;main;c976ab6755f704a2d91c51940daa28ffe40eb90d07cab1f64eef78356f38288d;manual_2024_reference
USE-122b6449cc28;DOC-8d6155f25da8;GLMP-58F40DBC62;Koeln;Nordrhein-Westfalen;05315000;Die Linke;lin;2004.0;Kommunalwahlprogramm Gemeinde;Gemeinde;main_corpus_observation;ko04lin.txt;main;8d6155f25da8cde3edadd86eceab568f6d3b8b60dfd5fbc9e5f01fdfc2a49ba6;manual_2024_reference
USE-24d3c938e382;DOC-283903287a1c;GLMP-AD57D2732A;Koeln;Nordrhein-Westfalen;05315000;FDP;fdp;2004.0;Kommunalwahlprogramm Gemeinde;Gemeinde;main_corpus_observation;ko04fdp.txt;main;283903287a1cfade8a74fc6743179884407d8f4ded15c282215bd22a1422f8fa;manual_2024_reference
USE-16b5ac502ec3;DOC-105fc104b4bf;GLMP-61D5BE0131;Koeln;Nordrhein-Westfalen;05315000;Grüne;gru;2004.0;Kommunalwahlprogramm Gemeinde;Gemeinde;main_corpus_observation;ko04gru.txt;main;105fc104b4bf85e396291ecb917c6a7a8a50629ab372bd942232ec810adcd6a4;manual_2024_reference
USE-ef393547599f;DOC-bea30d824278;GLMP-7BA564C6EB;Koeln;Nordrhein-Westfalen;05315000;SPD;spd;2004.0;Kommunalwahlprogramm Gemeinde;Gemeinde;main_corpus_observation;ko04spd.txt;main;bea30d824278b67083d1a4018de9f82cab602145d264bcdc0ac6238ca7fc5c00;manual_2024_reference
USE-f306ece70349;DOC-4c1f3204d151;GLMP-17402F5EB8;Krefeld;Nordrhein-Westfalen;05114000;CDU;cdu;2004.0;Kommunalwahlprogramm Gemeinde;Gemeinde;main_corpus_observation;kr04cdu.txt;main;4c1f3204d151dc274f0738604a1b0396963e1b6631181687563225dcae432a60;manual_2024_reference
USE-bd3a1cf4a765;DOC-13455a9898ed;GLMP-C739DAD803;Krefeld;Nordrhein-Westfalen;05114000;SPD;spd;2004.0;Kommunalwahlprogramm Gemeinde;Gemeinde;main_corpus_observation;kr04spd.txt;main;13455a9898eddd766ef99fd391c08241e03f5e29344dd378976cb37f6f7c95aa;manual_2024_reference
USE-fd2685827f16;DOC-1dfb469ad9b4;GLMP-258DE1835D;Leverkusen;Nordrhein-Westfalen;05316000;Grüne;gru;2004.0;Kommunalwahlprogramm Gemeinde;Gemeinde;main_corpus_observation;le04gru.txt;main;1dfb469ad9b4a2eac96df38be8b20c6ba51f6779fabbf6b6067e5c6689542903;manual_2024_reference
USE-3edf17d28c3e;DOC-59aed3fbacbb;GLMP-5314DE51DF;Moenchengladbach;Nordrhein-Westfalen;05116000;FDP;fdp;2004.0;Kommunalwahlprogramm Gemeinde;Gemeinde;main_corpus_observation;mg04fdp.txt;main;59aed3fbacbb969caa94d23b08ecf4c7efb0636d8c4d3ef3d2fb5add69d6422b;manual_2024_reference
USE-f1c2b49d321a;DOC-57ad5da33e3c;GLMP-0D9FF48CD2;Moenchengladbach;Nordrhein-Westfalen;05116000;Freie Wähler;fwg;2004.0;Kommunalwahlprogramm Gemeinde;Gemeinde;main_corpus_observation;mg04fwg.txt;main;57ad5da33e3c0bc6ea2cf61bb73ad8fff8d7ce22d27ae16415ebaa64500a7356;manual_2024_reference
USE-2a47dfa6b0cc;DOC-4003338f65a4;GLMP-1F90DCCB14;Moenchengladbach;Nordrhein-Westfalen;05116000;SPD;spd;2004.0;Kommunalwahlprogramm Gemeinde;Gemeinde;main_corpus_observation;mg04spd.txt;main;4003338f65a413494f9e2e3576450d455e45e449ba58a1001954cd6b0d09aae5;manual_2024_reference
USE-3ef648bc78a8;DOC-8e40f1435765;GLMP-6AA0F5C0FC;Moers;Nordrhein-Westfalen;05170024;CDU;cdu;2004.0;Kommunalwahlprogramm Gemeinde;Gemeinde;main_corpus_observation;mo04cdu.txt;main;8e40f143576579e4d7d768e38fd74742a2e71834fce18f36af9335e77fe2d1db;manual_2024_reference
USE-b3869ec5fd1c;DOC-df4789a8e804;GLMP-2C43D7721D;Moers;Nordrhein-Westfalen;05170024;Die Linke;lin;2004.0;Kommunalwahlprogramm Gemeinde;Gemeinde;main_corpus_observation;mo04lin.txt;main;df4789a8e80436bb0acc77de4316d01d0d48a6079dd6383401b0ee813a9c4e99;manual_2024_reference
USE-20dbfc9b45e8;DOC-653b3fad3ec5;GLMP-A5BDE58441;Muelheim an der Ruhr;Nordrhein-Westfalen;05117000;Mülheimer Bürger Initiative;mbi;2004.0;Kommunalwahlprogramm Gemeinde;Gemeinde;main_corpus_observation;mh04mbi.txt;main;653b3fad3ec5efe8f2386425cf47742eae72b9f52cb45900690d4bf985c797c0;manual_2024_reference
USE-1d290c1eb682;DOC-5d4159545fad;GLMP-2AC03EA2A3;Muenster;Nordrhein-Westfalen;05515000;CDU;cdu;2004.0;Kommunalwahlprogramm Gemeinde;Gemeinde;main_corpus_observation;ms04cdu.txt;main;5d4159545fad56deeae888d432aba8e9c06c97aab0d3db6a0bde446740ba13df;manual_2024_reference
USE-ad0c5d29d67d;DOC-1b3aab1e1ccf;GLMP-A9093121A3;Muenster;Nordrhein-Westfalen;05515000;FDP;fdp;2004.0;Kommunalwahlprogramm Gemeinde;Gemeinde;main_corpus_observation;ms04fdp.txt;main;1b3aab1e1ccfe888be0be4cce8f1a55e991e5fd1bf93afe6155554ec2577a70c;manual_2024_reference
USE-ca1c855cbf5a;DOC-8ffa62420516;GLMP-25D7A20F35;Neuss;Nordrhein-Westfalen;05162024;SPD;spd;2004.0;Kommunalwahlprogramm Gemeinde;Gemeinde;main_corpus_observation;ne04spd.txt;main;8ffa624205169be99c9cb4bd80deea7ca7433ad91c3c3a1afa12303e5b794e4d;manual_2024_reference
USE-00edce07cd1c;DOC-0707af5b4d8c;GLMP-E964B63E2F;Oberhausen;Nordrhein-Westfalen;05119000;CDU;cdu;2004.0;Kommunalwahlprogramm Gemeinde;Gemeinde;main_corpus_observation;ob04cdu.txt;main;0707af5b4d8cc939afddd67d700bc2f2738be1ab23170239d7b90e8219970bb0;manual_2024_reference
USE-20e02463cee6;DOC-59004c70ae47;GLMP-10BC3DC6C3;Remscheid;Nordrhein-Westfalen;05120000;FDP;fdp;2004.0;Kommunalwahlprogramm Gemeinde;Gemeinde;main_corpus_observation;rs04fdp.txt;main;59004c70ae47627bf6cd94a4f1e2636cbf538324fcf83fe1b374533dcc6906a5;manual_2024_reference
USE-62b0c6daaab3;DOC-e83ace83aa00;GLMP-30662D0BA5;Siegen;Nordrhein-Westfalen;05970040;Grüne;gru;2004.0;Kommunalwahlprogramm Gemeinde;Gemeinde;main_corpus_observation;si04gru.txt;main;e83ace83aa00f85f0c0a3b84474a4ad9299f2f60d34da803ae3f3118a8d7325f;manual_2024_reference
USE-b98927bef0fb;DOC-021e8b523525;GLMP-21B6D94913;Wuppertal;Nordrhein-Westfalen;05124000;Grüne;gru;2004.0;Kommunalwahlprogramm Gemeinde;Gemeinde;main_corpus_observation;wu04gru.txt;main;021e8b523525a473da3ac5fb4511bce11d5fb44039e2563eec023fd12e47c02f;manual_2024_reference
USE-74202f8947a5;DOC-e0e16be5a92e;GLMP-49BFBA67EE;Darmstadt;Hessen;06411000;Die Frauen;die;2006.0;Kommunalwahlprogramm Gemeinde;Gemeinde;main_corpus_observation;da06die.txt;main;e0e16be5a92eee078d5bd67ff333ecb8eeb71c152ff93ad26deef1e4210def90;manual_2024_reference
USE-1f0df8480483;DOC-7b5710c3691d;GLMP-64C3635AB7;Darmstadt;Hessen;06411000;Die Linke;lin;2006.0;Kommunalwahlprogramm Gemeinde;Gemeinde;main_corpus_observation;da06lin.txt;main;7b5710c3691d7c2fbb62bf83b7ee0fde34f434294c4623861706d7b194ca972e;manual_2024_reference
USE-d3a68c87d42d;DOC-016593188561;GLMP-166E139D7A;Darmstadt;Hessen;06411000;SPD;spd;2006.0;Kommunalwahlprogramm Gemeinde;Gemeinde;main_corpus_observation;da06spd.txt;main;0165931885617a8fcd60060bde60a0a9c6a10bd9e98ea8baa029d58e0d7355f7;manual_2024_reference
USE-8345e0105e43;DOC-4a72f3f0c6b5;GLMP-13BFE377EC;Darmstadt;Hessen;06411000;Uffbasse;uff;2006.0;Kommunalwahlprogramm Gemeinde;Gemeinde;main_corpus_observation;da06uff.txt;main;4a72f3f0c6b57846b259091f05e01cd28b768a81cd43e634ba40b928288fd527;manual_2024_reference
USE-5b082b7f0e8c;DOC-f2c6a211360e;GLMP-0EAB27BD31;Delmenhorst;Niedersachsen;03401000;CDU;cdu;2006.0;Kommunalwahlprogramm Gemeinde;Gemeinde;main_corpus_observation;dl06cdu.txt;main;f2c6a211360e97cd0359b8db8de86f209746938af3004ebc06c6735356a8f816;manual_2024_reference
USE-c5b09d5d21cd;DOC-14671c10359c;GLMP-538589057C;Delmenhorst;Niedersachsen;03401000;SPD;spd;2006.0;Kommunalwahlprogramm Gemeinde;Gemeinde;main_corpus_observation;dl06spd.txt;main;14671c10359ca1bedacf1846595b9a5f4bceaf42e1d51473d8bd3a4bc363563c;manual_2024_reference
USE-656aac4589dd;DOC-7303087ff7f2;GLMP-43D8DA35BF;Emden;Niedersachsen;03402000;FDP;fdp;2006.0;Kommunalwahlprogramm Gemeinde;Gemeinde;main_corpus_observation;em06fdp.txt;main;7303087ff7f2b02803d6d1025588f250a829332c3baa7c8f861def7511ea9635;manual_2024_reference
USE-5c301e404026;DOC-076277e3b3da;GLMP-4E7A5F947B;Emden;Niedersachsen;03402000;SPD;spd;2006.0;Kommunalwahlprogramm Gemeinde;Gemeinde;main_corpus_observation;em06spd.txt;main;076277e3b3dabfec025f800e3ff56454517202f23669bc23c5d11c31f29ce360;manual_2024_reference
USE-4dabd910019f;DOC-8be4290962fa;GLMP-544382A18A;Frankfurt am Main;Hessen;06412000;CDU;cdu;2006.0;Kommunalwahlprogramm Gemeinde;Gemeinde;main_corpus_observation;ff06cdu.txt;main;8be4290962fab7883d98ff5138bb336a4226d7a1eb392b463ad64d7f96b1b770;manual_2024_reference
USE-89c8c4ad35af;DOC-8760f7f90b09;GLMP-5928515E39;Frankfurt am Main;Hessen;06412000;Die Linke;lin;2006.0;Kommunalwahlprogramm Gemeinde;Gemeinde;main_corpus_observation;ff06lin.txt;main;8760f7f90b0932decf203ed753cd2f64312e971e01ee2aa07f7e96e1d50e15e9;manual_2024_reference
USE-c30b008673bd;DOC-694d17a0a36f;GLMP-C43D29D662;Frankfurt am Main;Hessen;06412000;Europa-Liste Frankfurt;eul;2006.0;Kommunalwahlprogramm Gemeinde;Gemeinde;main_corpus_observation;ff06eul.txt;main;694d17a0a36f40bac952bfc11512b19b9ff58fed621f5b478ca540983e523d83;manual_2024_reference
USE-1255a4a8031f;DOC-ba586d577df2;GLMP-08413D063A;Frankfurt am Main;Hessen;06412000;FlughafenAusbauGegner;fag;2006.0;Kommunalwahlprogramm Gemeinde;Gemeinde;main_corpus_observation;ff06fag.txt;main;ba586d577df299c313971bb0af4d5962fdbc23ac6b8d12dde210ff09714cd9e6;manual_2024_reference
USE-c73ed304da42;DOC-9f4f6ebd9eea;GLMP-E06856AF7D;Frankfurt am Main;Hessen;06412000;Grüne;gru;2006.0;Kommunalwahlprogramm Gemeinde;Gemeinde;main_corpus_observation;ff06gru.txt;main;9f4f6ebd9eea95829b5c833d7b0c3801f3b9b5df4b774a07f004aa039d44c3ae;manual_2024_reference
USE-43a4dbfb304a;DOC-86ea5d1d50ff;GLMP-0DCD437833;Frankfurt am Main;Hessen;06412000;ÖkoLinX-ARL;oek;2006.0;Kommunalwahlprogramm Gemeinde;Gemeinde;main_corpus_observation;ff06oek.txt;main;86ea5d1d50ff3b85f5e772cc5198b84b5d64c663832aaccf2d5660281319e60c;manual_2024_reference
USE-4731cc994744;DOC-f0cba5f646ad;GLMP-EDAF772468;Hannover;Niedersachsen;03241001;CDU;cdu;2006.0;Kommunalwahlprogramm Gemeinde;Gemeinde;main_corpus_observation;hv06cdu.txt;main;f0cba5f646adafb72038e955067208d779b09b5c85c72c042c6a9af9f216d5d6;manual_2024_reference
USE-81b98cbbebf0;DOC-11eaa31f437a;GLMP-DAA094C6B5;Hannover;Niedersachsen;03241001;SPD;spd;2006.0;Kommunalwahlprogramm Gemeinde;Gemeinde;main_corpus_observation;hv06spd.txt;main;11eaa31f437a992b1d83d4f177ec2f8212e9dd1e5353041e038d378e5e33dac1;manual_2024_reference
USE-39698d064f38;DOC-efe1b334cf31;GLMP-632DE91C78;Kassel;Hessen;06611000;CDU;cdu;2006.0;Kommunalwahlprogramm Gemeinde;Gemeinde;main_corpus_observation;ka06cdu.txt;main;efe1b334cf311d49b4239582a591994b1f70b265cbde7ff1536477db21aa05f0;manual_2024_reference
USE-74cb18848527;DOC-24c73e2441cd;GLMP-823BECBE11;Kassel;Hessen;06611000;Die Linke;lin;2006.0;Kommunalwahlprogramm Gemeinde;Gemeinde;main_corpus_observation;ka06lin.txt;main;24c73e2441cd25ef7341a0fb120c510d6877ef48b22126476cfcb276fa492f97;manual_2024_reference
USE-844f399ca023;DOC-3dad2586d7eb;GLMP-743AD81778;Kassel;Hessen;06611000;Freie Wähler;fwg;2006.0;Kommunalwahlprogramm Gemeinde;Gemeinde;main_corpus_observation;ka06fwg.txt;main;3dad2586d7ebca7fc2b15733d8d393489f7fbafe90d6c4610a86a087f6e43f89;manual_2024_reference
USE-6ee6b7af93ba;DOC-906ff23a0844;GLMP-A0B5124F9C;Kassel;Hessen;06611000;Grüne;gru;2006.0;Kommunalwahlprogramm Gemeinde;Gemeinde;main_corpus_observation;ka06gru.txt;main;906ff23a084417af1178452d85b1b64f587cdc3b5bd26eedb578a53c4ca48624;manual_2024_reference
USE-e5c662a36492;DOC-59407dede40b;GLMP-62ECBB8E54;Kassel;Hessen;06611000;SPD;spd;2006.0;Kommunalwahlprogramm Gemeinde;Gemeinde;main_corpus_observation;ka06spd.txt;main;59407dede40bf16ab52ee35c89dea7e44b3fe739b229c31c51568f9d7f53aac2;manual_2024_reference
USE-3a52b263ecd7;DOC-410f225b0c97;GLMP-09A7F5ECD3;Offenbach am Main;Hessen;06413000;Die Linke;lin;2006.0;Kommunalwahlprogramm Gemeinde;Gemeinde;main_corpus_observation;of06lin.txt;main;410f225b0c97a136d6d6e0f2e48d280cc0eb5f9fbd1831cf26ba8bda376df497;manual_2024_reference
USE-78a5ebcdbe3c;DOC-616f2dd6312e;GLMP-101791B860;Offenbach am Main;Hessen;06413000;FDP;fdp;2006.0;Kommunalwahlprogramm Gemeinde;Gemeinde;main_corpus_observation;of06fdp.txt;main;616f2dd6312e5d90eb493b2b6452777d282760f2b43d43ebe075e27b543a01ef;manual_2024_reference
USE-63ba4bb44f14;DOC-b03479758eed;GLMP-78CDA2F554;Offenbach am Main;Hessen;06413000;Grüne;gru;2006.0;Kommunalwahlprogramm Gemeinde;Gemeinde;main_corpus_observation;of06gru.txt;main;b03479758eed0dcf53cffc402077d8c12ed406808feec44fa12c15685c1b1597;manual_2024_reference
USE-5a16f96dfe59;DOC-39b03abc5370;GLMP-08187B708E;Oldenburg;Niedersachsen;03403000;FDP;fdp;2006.0;Kommunalwahlprogramm Gemeinde;Gemeinde;main_corpus_observation;ol06fdp.txt;main;39b03abc53702943ceb5bf3afc2c4145aec107c1eed07377ddd65ab683392be5;manual_2024_reference
USE-d359fce4abd5;DOC-1540b128d98e;GLMP-2D4F16A88D;Oldenburg;Niedersachsen;03403000;Grüne;gru;2006.0;Kommunalwahlprogramm Gemeinde;Gemeinde;main_corpus_observation;ol06gru.txt;main;1540b128d98e0688124732255c4520aaa2bfbdd2c9307ecdada648adc4c68f59;manual_2024_reference
USE-82c53397b2d1;DOC-e5950eb5c6aa;GLMP-32EE5FC4F6;Oldenburg;Niedersachsen;03403000;SPD;spd;2006.0;Kommunalwahlprogramm Gemeinde;Gemeinde;main_corpus_observation;ol06spd.txt;main;e5950eb5c6aaba5bec75c7bfb0e69f410eee3ab1e7fb2a06378903f04bef95b1;manual_2024_reference
USE-318d4f59eda5;DOC-6138ec605997;GLMP-C8CD4DD86D;Salzgitter;Niedersachsen;03102000;SPD;spd;2006.0;Kommunalwahlprogramm Gemeinde;Gemeinde;main_corpus_observation;sa06spd.txt;main;6138ec605997f6957d273c7bed771ee38a7e9af7daa73bc02a165bf3768b3d2b;manual_2024_reference
USE-ace47e0addcb;DOC-3464f6e755c4;GLMP-C32354A867;Wiesbaden;Hessen;06414000;Bürgerliste Wiesbaden;blw;2006.0;Kommunalwahlprogramm Gemeinde;Gemeinde;main_corpus_observation;wi06blw.txt;main;3464f6e755c4dc0de5558bdc040b968552fb2b56bb9e883f4c2ac7a7045ffae2;manual_2024_reference
USE-f500980df409;DOC-d90be3849df0;GLMP-3863DF0E6F;Wiesbaden;Hessen;06414000;Die Linke;lin;2006.0;Kommunalwahlprogramm Gemeinde;Gemeinde;main_corpus_observation;wi06lin.txt;main;d90be3849df0c730c70285d069fb551adf0c13b76e5209dc207c62947b46c7b3;manual_2024_reference
USE-03d697af0530;DOC-8f8809d25cbb;GLMP-1EBA4B7028;Wiesbaden;Hessen;06414000;FDP;fdp;2006.0;Kommunalwahlprogramm Gemeinde;Gemeinde;main_corpus_observation;wi06fdp.txt;main;8f8809d25cbbab43342abec43c733e3bb3c7e8da1d2d5b607dc614f840c5be55;manual_2024_reference
USE-c83fe4a3031b;DOC-2500b7ba0351;GLMP-CEEFBFDB0A;Wiesbaden;Hessen;06414000;SPD;spd;2006.0;Kommunalwahlprogramm Gemeinde;Gemeinde;main_corpus_observation;wi06spd.txt;main;2500b7ba03517bc57289b1dd0c235ace564ce95c631ffb28a575717c57f4d5eb;manual_2024_reference
USE-4183109924ed;DOC-349539cb68af;GLMP-35B5215B24;Wilhelmshaven;Niedersachsen;03405000;FDP;fdp;2006.0;Kommunalwahlprogramm Gemeinde;Gemeinde;main_corpus_observation;wv06fdp.txt;main;349539cb68af0648e34412eb9a2f68d33e14985f049de23d7fdd2be9c0fcb9c5;manual_2024_reference
USE-1f42c01605e0;DOC-e3fd7d945311;GLMP-9DC2A70FDA;Luebeck;Schleswig-Holstein;01003000;Bürger für Lübeck;bfl;2008.0;Kommunalwahlprogramm Gemeinde;Gemeinde;main_corpus_observation;lb08bfl.txt;main;e3fd7d945311d5d6184288e005059373363919770b5a7685864a3fd21ea51e7e;manual_2024_reference
USE-eba7f3400530;DOC-c7a039635235;GLMP-949EA36C8A;Luebeck;Schleswig-Holstein;01003000;Grüne;gru;2008.0;Kommunalwahlprogramm Gemeinde;Gemeinde;main_corpus_observation;lb08gru.txt;main;c7a039635235202c046fc22e79d38a9093ab8b813904c399c8377a3e8aa7ce9e;manual_2024_reference
USE-c3598bc43aba;DOC-01a2639dd737;GLMP-BCC8FFBE61;Luebeck;Schleswig-Holstein;01003000;SPD;spd;2008.0;Kommunalwahlprogramm Gemeinde;Gemeinde;main_corpus_observation;lb08spd.txt;main;01a2639dd7374d1326dcc6e1f99f8b9ae48bceb0780fdc3655c8ccced9d14149;manual_2024_reference
USE-8add2d60ec59;DOC-96119d36cb25;GLMP-C24C2FD48C;Muenchen;Bayern;09162000;Grüne;gru;2008.0;Kommunalwahlprogramm Gemeinde;Gemeinde;main_corpus_observation;mu08gru.txt;main;96119d36cb25787545b2a639d142b952c12aa911996bee73ce5d4ddff1e236d4;manual_2024_reference
USE-2804c6723ec2;DOC-b56561ac441c;GLMP-6647C388E9;Wuerzburg;Bayern;09663000;FDP;fdp;2008.0;Kommunalwahlprogramm Gemeinde;Gemeinde;main_corpus_observation;wz08fdp.txt;main;b56561ac441c1f486f7827db57847f34dd8d8cad2bbdd8d3e0acde9c12110f9b;manual_2024_reference
USE-b869f5a9e387;DOC-f6d14c242db2;GLMP-BB09B6CC9D;Aachen;Nordrhein-Westfalen;05334002;CDU;cdu;2009.0;Kommunalwahlprogramm Gemeinde;Gemeinde;main_corpus_observation;ac09cdu.txt;main;f6d14c242db2a9a39cf58a17f89a23b6bcc4c4d198d707442f7d18fba06b45ee;manual_2024_reference
USE-28397479d00e;DOC-6ea2c998a420;GLMP-B80F5D68BD;Aachen;Nordrhein-Westfalen;05334002;Die Linke;lin;2009.0;Kommunalwahlprogramm Gemeinde;Gemeinde;main_corpus_observation;ac09lin.txt;main;6ea2c998a420339b72059678743adc5b296eca6e13809fcf518eb3d7d784ca7e;manual_2024_reference
USE-89a20b7a11f7;DOC-43349714deb3;GLMP-B4E839FBD2;Aachen;Nordrhein-Westfalen;05334002;FDP;fdp;2009.0;Kommunalwahlprogramm Gemeinde;Gemeinde;main_corpus_observation;ac09fdp.txt;main;43349714deb3a90564e131acffdb34842969517b3c67aaaa503cc44d3105dc30;manual_2024_reference
USE-ebe9870d3b02;DOC-836d895d3960;GLMP-E16B10BD1B;Aachen;Nordrhein-Westfalen;05334002;Grüne;gru;2009.0;Kommunalwahlprogramm Gemeinde;Gemeinde;main_corpus_observation;ac09gru.txt;main;836d895d3960b35460a37a6fe776df86c5ec4b86fe7c932fdb7281f77688408c;manual_2024_reference
USE-d9b52530fbef;DOC-9efa6bbcbfab;GLMP-6C88BDE4EA;Aachen;Nordrhein-Westfalen;05334002;SPD;spd;2009.0;Kommunalwahlprogramm Gemeinde;Gemeinde;main_corpus_observation;ac09spd.txt;main;9efa6bbcbfabc8c10b99477696facff67eba9ea6e092bc24f9a1af61f2329a72;manual_2024_reference
USE-3c3d36175d9c;DOC-d55d5b4dc925;GLMP-C45D058BBB;Bergisch Gladbach;Nordrhein-Westfalen;05378004;Bürger für Bergisch Gladbach und Benserg (BfBB);bfb;2009.0;Kommunalwahlprogramm Gemeinde;Gemeinde;main_corpus_observation;bg09bfb.txt;main;d55d5b4dc9257d600d1848946fee347cb5a6f82172f6579284e2d0d6097e9e46;manual_2024_reference
USE-ed9e282f1ed0;DOC-5e475512f784;GLMP-7B1DDBBD94;Bergisch Gladbach;Nordrhein-Westfalen;05378004;CDU;cdu;2009.0;Kommunalwahlprogramm Gemeinde;Gemeinde;main_corpus_observation;bg09cdu.txt;main;5e475512f7841a914f14c448aedd11ccef38cc8e9289bbd821f5fc44653981c9;manual_2024_reference
USE-a883264b8580;DOC-17d282c2459e;GLMP-5511499214;Bergisch Gladbach;Nordrhein-Westfalen;05378004;Die Kinder- und Jugendpartei KIDitiative;kid;2009.0;Kommunalwahlprogramm Gemeinde;Gemeinde;main_corpus_observation;bg09kid.txt;main;17d282c2459ecc879b929c4123c4293f2f3bd720dfd6b1180e59498c85d3d650;manual_2024_reference
USE-7205ec2c0e00;DOC-2f699f7a65dd;GLMP-6D733C93C3;Bergisch Gladbach;Nordrhein-Westfalen;05378004;Die Linke;lin;2009.0;Kommunalwahlprogramm Gemeinde;Gemeinde;main_corpus_observation;bg09lin.txt;main;2f699f7a65ddadbca401e853441f4da579c90b1bdd9559d0a0527e031244512e;manual_2024_reference
USE-339e4494a5c5;DOC-3e7784cb6203;GLMP-07AE47DAD1;Bergisch Gladbach;Nordrhein-Westfalen;05378004;FDP;fdp;2009.0;Kommunalwahlprogramm Gemeinde;Gemeinde;main_corpus_observation;bg09fdp.txt;main;3e7784cb620379d2ec57f4e392df1b4f9e22d0730cbd0a42ccdbc5b754ab36eb;manual_2024_reference
USE-25a1a107a5ac;DOC-988e1e3b0c0e;GLMP-9287B665A9;Bergisch Gladbach;Nordrhein-Westfalen;05378004;Grüne;gru;2009.0;Kommunalwahlprogramm Gemeinde;Gemeinde;main_corpus_observation;bg09gru.txt;main;988e1e3b0c0ed9a377f4752a1e46d2a883161f936edad7b1e7fd287f9dfbcb25;manual_2024_reference
USE-4ca73b8d11ce;DOC-216d0703d713;GLMP-B253BB821A;Bergisch Gladbach;Nordrhein-Westfalen;05378004;SPD;spd;2009.0;Kommunalwahlprogramm Gemeinde;Gemeinde;main_corpus_observation;bg09spd.txt;main;216d0703d713246e46afc83b53697ba68c11d0474ad7fc6e7966822f9294605b;manual_2024_reference
USE-074135967890;DOC-9caea67e0c88;GLMP-38CD6F6F60;Bielefeld;Nordrhein-Westfalen;05711000;Bürgernähe - Initiativen für Bielefeld;wgb;2009.0;Kommunalwahlprogramm Gemeinde;Gemeinde;main_corpus_observation;bi09wgb.txt;main;9caea67e0c88490a55a01b3ac3ccdbb0b2b20af11b8708271fc58dda4be11924;manual_2024_reference
USE-cc358c73edb3;DOC-fa3d099907e1;GLMP-8D7B2DF3B6;Bielefeld;Nordrhein-Westfalen;05711000;FDP;fdp;2009.0;Kommunalwahlprogramm Gemeinde;Gemeinde;main_corpus_observation;bi09fdp.txt;main;fa3d099907e167d4b8fed43b6982a0046eaad4b3401bc09124d95f0a59bb675d;manual_2024_reference
USE-baf76f4ebbe9;DOC-810ee914f0a3;GLMP-AB2EA1CDC7;Bielefeld;Nordrhein-Westfalen;05711000;Grüne;gru;2009.0;Kommunalwahlprogramm Gemeinde;Gemeinde;main_corpus_observation;bi09gru.txt;main;810ee914f0a3d1e1b397722a1b69ef5efa4375c3f38215f69dab06c7fd8317c1;manual_2024_reference
USE-d1413eb06184;DOC-431a93fc2146;GLMP-C914A15154;Bielefeld;Nordrhein-Westfalen;05711000;SPD;spd;2009.0;Kommunalwahlprogramm Gemeinde;Gemeinde;main_corpus_observation;bi09spd.txt;main;431a93fc2146a814d80f4584b2184894403000af3e03549a1792007d907fb36f;manual_2024_reference
USE-b6c5abf67ed8;DOC-32cad57e23b6;GLMP-A7C8FBEAC8;Bochum;Nordrhein-Westfalen;05911000;CDU;cdu;2009.0;Kommunalwahlprogramm Gemeinde;Gemeinde;main_corpus_observation;bo09cdu.txt;main;32cad57e23b611b03f6e9fdd5158fc091c6ec11c06130ebdb54b234538b9ef3b;manual_2024_reference
USE-e8065c3d38db;DOC-8733fccb4fb4;GLMP-B3F7884318;Bochum;Nordrhein-Westfalen;05911000;Die Linke;lin;2009.0;Kommunalwahlprogramm Gemeinde;Gemeinde;main_corpus_observation;bo09lin.txt;main;8733fccb4fb43e267d1cafec196e1b1d5a64591d28fe095b69ee785bbd16940e;manual_2024_reference
USE-82211ff8e9ae;DOC-0a6c89c13948;GLMP-BCA21E69A6;Bochum;Nordrhein-Westfalen;05911000;FDP;fdp;2009.0;Kommunalwahlprogramm Gemeinde;Gemeinde;main_corpus_observation;bo09fdp.txt;main;0a6c89c13948989a26820e81673daca97290170709cc30df4956687f8c853426;manual_2024_reference
USE-9d03aa4eca03;DOC-3c0226fac691;GLMP-BAF99FDBA0;Bochum;Nordrhein-Westfalen;05911000;Grüne;gru;2009.0;Kommunalwahlprogramm Gemeinde;Gemeinde;main_corpus_observation;bo09gru.txt;main;3c0226fac691a772b6bac6898df98ba457a3f21d06f11a50626878b1d0093cec;manual_2024_reference
USE-b650b71d2321;DOC-2510590b8b16;GLMP-9DF9A8E616;Bochum;Nordrhein-Westfalen;05911000;SPD;spd;2009.0;Kommunalwahlprogramm Gemeinde;Gemeinde;main_corpus_observation;bo09spd.txt;main;2510590b8b166dd41b6e983cb0bc1eb49c45e6a0b3cb02325f2bc7f5047ad9d1;manual_2024_reference
USE-47bc17a40d56;DOC-7824b904d46e;GLMP-A8441C190F;Bonn;Nordrhein-Westfalen;05314000;Bündnis für Frieden und Fairness;bff;2009.0;Kommunalwahlprogramm Gemeinde;Gemeinde;main_corpus_observation;bn09bff.txt;main;7824b904d46e01d9c7df00a77adc49b21ec98410304e657b12f522a903f6ecb3;manual_2024_reference
USE-73ba00b11712;DOC-1595a3b69f33;GLMP-9D8388BA74;Bonn;Nordrhein-Westfalen;05314000;CDU;cdu;2009.0;Kommunalwahlprogramm Gemeinde;Gemeinde;main_corpus_observation;bn09cdu.txt;main;1595a3b69f331e30d21d122539b175dab6b36876bb3bd3ae7aaed799f3a0b453;manual_2024_reference
USE-bd994d098d40;DOC-bd8a95977e06;GLMP-A906C1AC21;Bonn;Nordrhein-Westfalen;05314000;Die Linke;lin;2009.0;Kommunalwahlprogramm Gemeinde;Gemeinde;main_corpus_observation;bn09lin.txt;main;bd8a95977e0609c3e66db8c2e560c3acde1684a75bdbffe66deccc1587dc23d8;manual_2024_reference
USE-9de913763b04;DOC-c5cd6719299b;GLMP-4EA73282D8;Bonn;Nordrhein-Westfalen;05314000;FDP;fdp;2009.0;Kommunalwahlprogramm Gemeinde;Gemeinde;main_corpus_observation;bn09fdp.txt;main;c5cd6719299b86520913e18cda15b52dbbf561f2a9d60548e5660764addd3aba;manual_2024_reference
USE-c77fc10071f0;DOC-93a880bf1458;GLMP-C805E4604F;Bonn;Nordrhein-Westfalen;05314000;Grüne;gru;2009.0;Kommunalwahlprogramm Gemeinde;Gemeinde;main_corpus_observation;bn09gru.txt;main;93a880bf14586516eee2d58a5f8fb6bf3c3a845175a6ebca05c7169a7190e591;manual_2024_reference
USE-bd420a2716bd;DOC-a24da0a0af45;GLMP-5E426761DC;Bonn;Nordrhein-Westfalen;05314000;SPD;spd;2009.0;Kommunalwahlprogramm Gemeinde;Gemeinde;main_corpus_observation;bn09spd.txt;main;a24da0a0af4566a046bd9164ba383a2ef2212c02ad51e42190eab6f6df3bf788;manual_2024_reference
USE-79d52a60a7d2;DOC-c7d9a24e6bee;GLMP-C41E73E58B;Bottrop;Nordrhein-Westfalen;05512000;FDP;fdp;2009.0;Kommunalwahlprogramm Gemeinde;Gemeinde;main_corpus_observation;bt09fdp.txt;main;c7d9a24e6bee693b9da743a6160a2c59cb7c431212b2287270dfa2ed81422a14;manual_2024_reference
USE-dc9eb544c514;DOC-18d103c5b580;GLMP-55CF13B9CE;Bottrop;Nordrhein-Westfalen;05512000;SPD;spd;2009.0;Kommunalwahlprogramm Gemeinde;Gemeinde;main_corpus_observation;bt09spd.txt;main;18d103c5b580982d2ef8e8cbc69386369ca4e4e54be677edb990eeddb5d1594c;manual_2024_reference
USE-f2ed13ac9ad7;DOC-27636aa81a34;GLMP-B236593025;Bottrop;Nordrhein-Westfalen;05512000;Ökologisch-Demokratische Partei (ÖDP);odp;2009.0;Kommunalwahlprogramm Gemeinde;Gemeinde;main_corpus_observation;bt09odp.txt;main;27636aa81a3457bfdfdf564066db417c73d757be606ae5490f5a92f59193c658;manual_2024_reference
USE-97fa2b346c01;DOC-666cd0fa88a4;GLMP-9E8A8897B9;Dortmund;Nordrhein-Westfalen;05913000;CDU;cdu;2009.0;Kommunalwahlprogramm Gemeinde;Gemeinde;main_corpus_observation;do09cdu.txt;main;666cd0fa88a4fa7b777544317471099512af5bcb212d8b5340acd2061b6d220d;manual_2024_reference
USE-4f28f8579a17;DOC-cda6d66fffdb;GLMP-74D7180925;Dortmund;Nordrhein-Westfalen;05913000;Die Linke;lin;2009.0;Kommunalwahlprogramm Gemeinde;Gemeinde;main_corpus_observation;do09lin.txt;main;cda6d66fffdbe925432e48897df9c45d5337a54941446a867f19b0773fc6396c;manual_2024_reference
USE-3304adcfb7f5;DOC-780781835745;GLMP-9283F4513E;Dortmund;Nordrhein-Westfalen;05913000;Grüne;gru;2009.0;Kommunalwahlprogramm Gemeinde;Gemeinde;main_corpus_observation;do09gru.txt;main;78078183574586e26e67c300266b5292312b43a28687459a9a7d8116f1f88752;manual_2024_reference
USE-c13f56d40a37;DOC-b53fe5bd1b16;GLMP-9288303E7F;Dortmund;Nordrhein-Westfalen;05913000;Lokaldemokratie in Bielefeld;lib;2009.0;Kommunalwahlprogramm Gemeinde;Gemeinde;main_corpus_observation;do09lib.txt;main;b53fe5bd1b162026611804c43a488e23a5b8cc0ae9e591f4df1ff9fef7d593d2;manual_2024_reference
USE-604e75b9fc0f;DOC-fe6bfa8a1350;GLMP-D63C88D2E0;Dortmund;Nordrhein-Westfalen;05913000;SPD;spd;2009.0;Kommunalwahlprogramm Gemeinde;Gemeinde;main_corpus_observation;do09spd.txt;main;fe6bfa8a1350e842ebad568271b4562823bda8aa0060237bc9e3229135c2869c;manual_2024_reference
USE-2a7304c7631a;DOC-3b747321f9f2;GLMP-AD14B1705A;Duesseldorf;Nordrhein-Westfalen;05111000;CDU;cdu;2009.0;Kommunalwahlprogramm Gemeinde;Gemeinde;main_corpus_observation;ds09cdu.txt;main;3b747321f9f210c159e8964571561eacbabb7a73bbc70ffe9e9189b9d1e0a51d;manual_2024_reference
USE-19eca9a62488;DOC-18877abc68ff;GLMP-4A891D4E9B;Duesseldorf;Nordrhein-Westfalen;05111000;FDP;fdp;2009.0;Kommunalwahlprogramm Gemeinde;Gemeinde;main_corpus_observation;ds09fdp.txt;main;18877abc68ff225d91037f8597cbb9d7da09e7d3dc2c48381b82eb35b3765aef;manual_2024_reference
USE-af37bc5cc2ff;DOC-a1f4612d695a;GLMP-05AE87802B;Duesseldorf;Nordrhein-Westfalen;05111000;Freie Wähler;fwg;2009.0;Kommunalwahlprogramm Gemeinde;Gemeinde;main_corpus_observation;ds09fwg.txt;main;a1f4612d695ad3ecc4f61c2ba356d8ae6db82a1db2f134a8858a4163e72ffdf3;manual_2024_reference
USE-b62783a9df05;DOC-0b0aabbb52b9;GLMP-7C991A6AAD;Duesseldorf;Nordrhein-Westfalen;05111000;Grüne;gru;2009.0;Kommunalwahlprogramm Gemeinde;Gemeinde;main_corpus_observation;ds09gru.txt;main;0b0aabbb52b9b979f7a9293b9256b711754573d5d31f5f40813d02d62e602bcb;manual_2024_reference
USE-f824da737ebe;DOC-c039c236129d;GLMP-62E60E60DF;Duisburg;Nordrhein-Westfalen;05112000;CDU;cdu;2009.0;Kommunalwahlprogramm Gemeinde;Gemeinde;main_corpus_observation;du09cdu.txt;main;c039c236129dbb6150172e796564684f98773f47cbb3741d2f82f3ba84bec768;manual_2024_reference
USE-d59cc67512d6;DOC-186c346afffb;GLMP-986758D8A9;Duisburg;Nordrhein-Westfalen;05112000;Die Linke;lin;2009.0;Kommunalwahlprogramm Gemeinde;Gemeinde;main_corpus_observation;du09lin.txt;main;186c346afffb4f9c4b6f6cc1bc6e76363343701f0d79f7515346562cd04e93fa;manual_2024_reference
USE-5559dc778c66;DOC-c0a01da831df;GLMP-272B1945EC;Duisburg;Nordrhein-Westfalen;05112000;FDP;fdp;2009.0;Kommunalwahlprogramm Gemeinde;Gemeinde;main_corpus_observation;du09fdp.txt;main;c0a01da831dfc549f6de39260a542dfe879be53cfeedc1770c1b24b4d8fe54fa;manual_2024_reference
USE-4f49767f6fb6;DOC-71b38c00a2f2;GLMP-7C8C559AFF;Duisburg;Nordrhein-Westfalen;05112000;Grüne;gru;2009.0;Kommunalwahlprogramm Gemeinde;Gemeinde;main_corpus_observation;du09gru.txt;main;71b38c00a2f29b729be7dadd8ebfd759d733d941d07524f700983bbfde1a5609;manual_2024_reference
USE-2fe0d454aad9;DOC-32eb952cb55a;GLMP-2D5C441DF6;Duisburg;Nordrhein-Westfalen;05112000;Junges Duisburg;jud;2009.0;Kommunalwahlprogramm Gemeinde;Gemeinde;main_corpus_observation;du09jud.txt;main;32eb952cb55a779b2e56771a6a397415ffdfe7e9e8708b6c1fc023c9197d37ae;manual_2024_reference
USE-b83b4046a405;DOC-8ec265a60686;GLMP-160EE54BA0;Duisburg;Nordrhein-Westfalen;05112000;SPD;spd;2009.0;Kommunalwahlprogramm Gemeinde;Gemeinde;main_corpus_observation;du09spd.txt;main;8ec265a60686d581208b73410aebf7427d35c677559e6f92d9a63efc481f5798;manual_2024_reference
USE-44cc1652caaa;DOC-fd103744f002;GLMP-506A225DBB;Duisburg;Nordrhein-Westfalen;05112000;Sozial, Gerecht, Unabhängig;sgu;2009.0;Kommunalwahlprogramm Gemeinde;Gemeinde;main_corpus_observation;du09sgu.txt;main;fd103744f002304178496e8e3c924317beccbe61015c427034db6f0d28a5ca6e;manual_2024_reference
USE-7091ab2497ca;DOC-5b9449495601;GLMP-F053FA94E9;Essen;Nordrhein-Westfalen;05113000;Die Linke;lin;2009.0;Kommunalwahlprogramm Gemeinde;Gemeinde;main_corpus_observation;es09lin.txt;main;5b944949560128effbd0786f4812c65256c2b159fa7e4a9e7ad6df3fabf4481f;manual_2024_reference
USE-9c0813a90167;DOC-1ac0873544b4;GLMP-3DFA4C86F2;Essen;Nordrhein-Westfalen;05113000;Essener Bürger Bündnis;ebb;2009.0;Kommunalwahlprogramm Gemeinde;Gemeinde;main_corpus_observation;es09ebb.txt;main;1ac0873544b49ae5b10fc3c313400a5a73003571cf82d8cba5ae0790e7851ffe;manual_2024_reference
USE-f0a3e1a13527;DOC-0aab1cb88516;GLMP-E77708571D;Essen;Nordrhein-Westfalen;05113000;FDP;fdp;2009.0;Kommunalwahlprogramm Gemeinde;Gemeinde;main_corpus_observation;es09fdp.txt;main;0aab1cb885166b6b96264ff6958b65129b535003fc28d2e9ea490c27d70bd6c8;manual_2024_reference
USE-442dc58eee48;DOC-a4cae11ba3e9;GLMP-86E6B8065B;Essen;Nordrhein-Westfalen;05113000;Grüne;gru;2009.0;Kommunalwahlprogramm Gemeinde;Gemeinde;main_corpus_observation;es09gru.txt;main;a4cae11ba3e9a9339d06c75ef1b0790df7f0ee04a11ce802efebfaba0f57744f;manual_2024_reference
USE-28871db0be15;DOC-fef1415ae69e;GLMP-373D63D8D7;Gelsenkirchen;Nordrhein-Westfalen;05513000;Bürger Initiative Gelsenkirchen;big;2009.0;Kommunalwahlprogramm Gemeinde;Gemeinde;main_corpus_observation;ge09big.txt;main;fef1415ae69e19905fc7383357f387a72e6eb97eb4627faa531db70c736d167d;manual_2024_reference
USE-a9e353cea105;DOC-ae23260025e0;GLMP-1B2F183821;Gelsenkirchen;Nordrhein-Westfalen;05513000;FDP;fdp;2009.0;Kommunalwahlprogramm Gemeinde;Gemeinde;main_corpus_observation;ge09fdp.txt;main;ae23260025e0e3ddc13a746dc8e701ef56c10e58c2fe8090e7c3fcb7b623c22a;manual_2024_reference
USE-27080cb3f923;DOC-0505000df9d8;GLMP-A53908EDD2;Gelsenkirchen;Nordrhein-Westfalen;05513000;Grüne;gru;2009.0;Kommunalwahlprogramm Gemeinde;Gemeinde;main_corpus_observation;ge09gru.txt;main;0505000df9d8960a47d2850729151aa3aff395baf9267c35f9db2e40846d07eb;manual_2024_reference
USE-88f605470f3b;DOC-2f48b8e5613e;GLMP-0AACDCB7CD;Hagen;Nordrhein-Westfalen;05914000;CDU;cdu;2009.0;Kommunalwahlprogramm Gemeinde;Gemeinde;main_corpus_observation;ha09cdu.txt;main;2f48b8e5613e1002720ae7211a3a95556b734397fec38b29a3f5776efaee4372;manual_2024_reference
USE-52b2ea451372;DOC-54e8a7f4e0fb;GLMP-9BEA2CBB21;Hagen;Nordrhein-Westfalen;05914000;FDP;fdp;2009.0;Kommunalwahlprogramm Gemeinde;Gemeinde;main_corpus_observation;ha09fdp.txt;main;54e8a7f4e0fb303be1f39b7d064a67a037eb5b10917c67bac748065136a69b25;manual_2024_reference
USE-406897219e0c;DOC-95eba789c504;GLMP-5CB8AF89E3;Hagen;Nordrhein-Westfalen;05914000;Grüne;gru;2009.0;Kommunalwahlprogramm Gemeinde;Gemeinde;main_corpus_observation;ha09gru.txt;main;95eba789c504a4c448c237b4f75b89b89ab0dbbc7ea9877157fb484706a74f5a;manual_2024_reference
USE-05d6faeb2c1d;DOC-c113c85b8c8b;GLMP-907E408F77;Hagen;Nordrhein-Westfalen;05914000;Hagen Aktiv;hak;2009.0;Kommunalwahlprogramm Gemeinde;Gemeinde;main_corpus_observation;ha09hak.txt;main;c113c85b8c8bc4aa98c04c1bac66e60e56ad0faaf8b002b782660c460674383f;manual_2024_reference
USE-762d14a525d8;DOC-2fb6a1509168;GLMP-0BED9222DD;Hagen;Nordrhein-Westfalen;05914000;SPD;spd;2009.0;Kommunalwahlprogramm Gemeinde;Gemeinde;main_corpus_observation;ha09spd.txt;main;2fb6a15091684a36ff944c5230c5a2a42717d36bc06568c42b429f1f61afaa52;manual_2024_reference
USE-7172bc7dd6e2;DOC-ef5bfe49ff4f;GLMP-F6AADFF00A;Hamm;Nordrhein-Westfalen;05915000;CDU;cdu;2009.0;Kommunalwahlprogramm Gemeinde;Gemeinde;main_corpus_observation;hm09cdu.txt;main;ef5bfe49ff4f258644e10f4b797a8e6f2d6f85fb896cc89b4f8541e57e468647;manual_2024_reference
USE-f79fb54e22b6;DOC-9b72be1dc6b7;GLMP-282E12CAD9;Hamm;Nordrhein-Westfalen;05915000;Grüne;gru;2009.0;Kommunalwahlprogramm Gemeinde;Gemeinde;main_corpus_observation;hm09gru.txt;main;9b72be1dc6b7b5a8433822ac803c99f62fe2213ef93db475756fb8c2cadf9e7f;manual_2024_reference
USE-a73baa2c0306;DOC-d339166fd809;GLMP-0ECDD89B99;Koeln;Nordrhein-Westfalen;05315000;CDU;cdu;2009.0;Kommunalwahlprogramm Gemeinde;Gemeinde;main_corpus_observation;ko09cdu.txt;main;d339166fd8093bc0cdd46160ae89a0193f2c62972c677745a56aa9f54e462eb9;manual_2024_reference
USE-e0e147c805cc;DOC-29db15fa960e;GLMP-B1BA963242;Koeln;Nordrhein-Westfalen;05315000;Die Linke;lin;2009.0;Kommunalwahlprogramm Gemeinde;Gemeinde;main_corpus_observation;ko09lin.txt;main;29db15fa960e8fd36aec792c1583e5d290e9295937139ebfb56f1253f594b6ab;manual_2024_reference
USE-795b0542078c;DOC-311dcff71f2e;GLMP-FCE0F128ED;Koeln;Nordrhein-Westfalen;05315000;Grüne;gru;2009.0;Kommunalwahlprogramm Gemeinde;Gemeinde;main_corpus_observation;ko09gru.txt;main;311dcff71f2ee6ef68aa35a75fa52a66c552b4a5ac4f775cac15c011dc6b50ef;manual_2024_reference
USE-80038c4fd292;DOC-8526b02baad9;GLMP-D68AA04016;Koeln;Nordrhein-Westfalen;05315000;SPD;spd;2009.0;Kommunalwahlprogramm Gemeinde;Gemeinde;main_corpus_observation;ko09spd.txt;main;8526b02baad91dd5b8bc23d5b097e5ef5d981dbf29e1e26caaddc4833f685cce;manual_2024_reference
USE-993ad318eb0b;DOC-5b9d4692775d;GLMP-D95B53294B;Krefeld;Nordrhein-Westfalen;05114000;CDU;cdu;2009.0;Kommunalwahlprogramm Gemeinde;Gemeinde;main_corpus_observation;kr09cdu.txt;main;5b9d4692775d81c9ea581e85c3d841a5efee3084d38a3e5bf859dae666eeea75;manual_2024_reference
USE-3411a7a6d3a6;DOC-b5d17d7ff8fe;GLMP-0CA7A19D28;Krefeld;Nordrhein-Westfalen;05114000;FDP;fdp;2009.0;Kommunalwahlprogramm Gemeinde;Gemeinde;main_corpus_observation;kr09fdp.txt;main;b5d17d7ff8fe70c43840c8c1a0a1c8e680ce78fc3a6a59438894297d198fbd72;manual_2024_reference
USE-db824d280bd7;DOC-7bd45e8ddcf2;GLMP-47194E11D9;Krefeld;Nordrhein-Westfalen;05114000;SPD;spd;2009.0;Kommunalwahlprogramm Gemeinde;Gemeinde;main_corpus_observation;kr09spd.txt;main;7bd45e8ddcf2967321e23ba8803a944b0093f627f70f495e1ea9ae9f355e7ff4;manual_2024_reference
USE-39550c2be39e;DOC-4f4b8be29272;GLMP-57425C12E6;Leverkusen;Nordrhein-Westfalen;05316000;CDU;cdu;2009.0;Kommunalwahlprogramm Gemeinde;Gemeinde;main_corpus_observation;le09cdu.txt;main;4f4b8be2927293f7e4d4d0a187808559ec5fc7888f57fcbf18025fce41ceeedc;manual_2024_reference
USE-eb884d07dcbf;DOC-51c78001d6a1;GLMP-C9B3BF30FE;Leverkusen;Nordrhein-Westfalen;05316000;FDP;fdp;2009.0;Kommunalwahlprogramm Gemeinde;Gemeinde;main_corpus_observation;le09fdp.txt;main;51c78001d6a14afa4efe9239d164b0199240753f409ad823d03a1275b298a793;manual_2024_reference
USE-4f5f922ca6e3;DOC-64d2fba423d2;GLMP-188E157FA9;Leverkusen;Nordrhein-Westfalen;05316000;Freie Wähler;fwg;2009.0;Kommunalwahlprogramm Gemeinde;Gemeinde;main_corpus_observation;le09fwg.txt;main;64d2fba423d207bae238cfb408da5c45438fde9e98882f9a20976b05d6018da3;manual_2024_reference
USE-1d50dbf63d66;DOC-37e06f9e11c2;GLMP-DE5F047925;Leverkusen;Nordrhein-Westfalen;05316000;SPD;spd;2009.0;Kommunalwahlprogramm Gemeinde;Gemeinde;main_corpus_observation;le09spd.txt;main;37e06f9e11c2acb149460482685bf92903aea049f3012d164d36a8861696a82c;manual_2024_reference
USE-593f17cf5592;DOC-be0ed1177386;GLMP-4937F3D413;Moenchengladbach;Nordrhein-Westfalen;05116000;Die Linke;lin;2009.0;Kommunalwahlprogramm Gemeinde;Gemeinde;main_corpus_observation;mg09lin.txt;main;be0ed11773861b4b459b7a8b95e2750d0cefc5d8febce9fe37e9b6e881cc5148;manual_2024_reference
USE-777133f3dec5;DOC-61ab63f938dc;GLMP-4F05D236B1;Moenchengladbach;Nordrhein-Westfalen;05116000;FDP;fdp;2009.0;Kommunalwahlprogramm Gemeinde;Gemeinde;main_corpus_observation;mg09fdp.txt;main;61ab63f938dc8ee479af8c980fc0769f0bf706461058a686302d9a083c05667c;manual_2024_reference
USE-d9d500d55252;DOC-6899e3508633;GLMP-5F1A607537;Moenchengladbach;Nordrhein-Westfalen;05116000;Grüne;gru;2009.0;Kommunalwahlprogramm Gemeinde;Gemeinde;main_corpus_observation;mg09gru.txt;main;6899e350863376a9d0343a689af2acc7751e5209d3b24478d77d8aaf36098c56;manual_2024_reference
USE-f58f5d85f0a1;DOC-0dc1bd76ebe7;GLMP-3ABE926D5C;Moenchengladbach;Nordrhein-Westfalen;05116000;SPD;spd;2009.0;Kommunalwahlprogramm Gemeinde;Gemeinde;main_corpus_observation;mg09spd.txt;main;0dc1bd76ebe7886a363b1f3a398a83c50313f1d6c23848d6301ab9e0df4e24a9;manual_2024_reference
USE-5109707c0aa5;DOC-0186ab29760a;GLMP-C02205BF5B;Moers;Nordrhein-Westfalen;05170024;CDU;cdu;2009.0;Kommunalwahlprogramm Gemeinde;Gemeinde;main_corpus_observation;mo09cdu.txt;main;0186ab29760a97b06bcb04d448e54c4d2fa42403b31288ad82fa26f2462bd3cb;manual_2024_reference
USE-d13a5dc25c11;DOC-c0c8dee6a80a;GLMP-3FB9BB7AE8;Moers;Nordrhein-Westfalen;05170024;Die Linke;lin;2009.0;Kommunalwahlprogramm Gemeinde;Gemeinde;main_corpus_observation;mo09lin.txt;main;c0c8dee6a80ab2485a5fdd0f33441bd5982d65edd53f6a463e2268119848b638;manual_2024_reference
USE-53fb3085c14f;DOC-e6244e6cf659;GLMP-4A1BE43E5F;Moers;Nordrhein-Westfalen;05170024;FDP;fdp;2009.0;Kommunalwahlprogramm Gemeinde;Gemeinde;main_corpus_observation;mo09fdp.txt;main;e6244e6cf65930a71308b1a5073debd02138323235431b36092c00dd72a6ea8f;manual_2024_reference
USE-46e424d168d4;DOC-5387790fd8c3;GLMP-A409DF06CF;Moers;Nordrhein-Westfalen;05170024;Freie Bürger-Gemeinschaft Moers;fbg;2009.0;Kommunalwahlprogramm Gemeinde;Gemeinde;main_corpus_observation;mo09fbg.txt;main;5387790fd8c34e48d2fcdbe5338fa0d246bd75e8589195fdc7df6d3c1943fda2;manual_2024_reference
USE-96066cb23536;DOC-a665298544ce;GLMP-98CF77A715;Muelheim an der Ruhr;Nordrhein-Westfalen;05117000;CDU;cdu;2009.0;Kommunalwahlprogramm Gemeinde;Gemeinde;main_corpus_observation;mh09cdu.txt;main;a665298544ce07ae574435e5b716d72cb099866a6e1ab75678305aae3dc57fba;manual_2024_reference
USE-9edeaed69cc5;DOC-7ccf0f9fb338;GLMP-D246A97818;Muelheim an der Ruhr;Nordrhein-Westfalen;05117000;FDP;fdp;2009.0;Kommunalwahlprogramm Gemeinde;Gemeinde;main_corpus_observation;mh09fdp.txt;main;7ccf0f9fb3386642324d421fdf058d589c1b450d382d6ae2d5f27f82511b032b;manual_2024_reference
USE-8d4fe23933f4;DOC-d7663b576ef9;GLMP-3043298F44;Muelheim an der Ruhr;Nordrhein-Westfalen;05117000;Mülheimer Bürger Initiative;mbi;2009.0;Kommunalwahlprogramm Gemeinde;Gemeinde;main_corpus_observation;mh09mbi.txt;main;d7663b576ef998c1a37748449be65cf32f10e3e690a3421440854316623d8230;manual_2024_reference
USE-1a2a64bf4b29;DOC-af4223469e00;GLMP-4E93EB455C;Muenster;Nordrhein-Westfalen;05515000;CDU;cdu;2009.0;Kommunalwahlprogramm Gemeinde;Gemeinde;main_corpus_observation;ms09cdu.txt;main;af4223469e0009ca8d7b79b618030628f90c1a656730dcfcc5e10c70d19e868f;manual_2024_reference
USE-e8faeb0bafbb;DOC-272e2c8bc8ea;GLMP-35AD972814;Muenster;Nordrhein-Westfalen;05515000;Die Linke;lin;2009.0;Kommunalwahlprogramm Gemeinde;Gemeinde;main_corpus_observation;ms09lin.txt;main;272e2c8bc8eace98998613603bce6de062f7b27719dca7ef8fe51d80a915de72;manual_2024_reference
USE-747127d87695;DOC-acb441c53c67;GLMP-4EFC76BB57;Muenster;Nordrhein-Westfalen;05515000;FDP;fdp;2009.0;Kommunalwahlprogramm Gemeinde;Gemeinde;main_corpus_observation;ms09fdp.txt;main;acb441c53c671aa7e8e5675d080ba4313977b22c5186188134e70180511a5ce6;manual_2024_reference
USE-3998570dc67a;DOC-c0a8f9571013;GLMP-931A894A51;Muenster;Nordrhein-Westfalen;05515000;SPD;spd;2009.0;Kommunalwahlprogramm Gemeinde;Gemeinde;main_corpus_observation;ms09spd.txt;main;c0a8f9571013a7b156f95d5beba0b47797ec2ba7189eaf7b7354f81d98e4468a;manual_2024_reference
USE-a997e5bea4a5;DOC-78e4991ddcfc;GLMP-59F28CCE99;Muenster;Nordrhein-Westfalen;05515000;Ökologisch-Demokratische Partei (ÖDP);odp;2009.0;Kommunalwahlprogramm Gemeinde;Gemeinde;main_corpus_observation;ms09odp.txt;main;78e4991ddcfc7f9f0fc64687be9d6f6c73bd6ecc1c0ce2d8ba7874b9394f09c3;manual_2024_reference
USE-357918f6ad9d;DOC-491f8cb9c9e6;GLMP-32780BB8A2;Neuss;Nordrhein-Westfalen;05162024;CDU;cdu;2009.0;Kommunalwahlprogramm Gemeinde;Gemeinde;main_corpus_observation;ne09cdu.txt;main;491f8cb9c9e68c58357bc0c8d950f741f332a5b01b37e2b225fbcbc20a5e83af;manual_2024_reference
USE-26cbff1f5850;DOC-c89d8f4e2077;GLMP-797115F3EB;Neuss;Nordrhein-Westfalen;05162024;Grüne;gru;2009.0;Kommunalwahlprogramm Gemeinde;Gemeinde;main_corpus_observation;ne09gru.txt;main;c89d8f4e207732fbb95172b2c95bbe1fa27a7595e15bc76d14e70d0033c8b7fe;manual_2024_reference
USE-f77af47e950f;DOC-2d7d82efa5b4;GLMP-293DA1E198;Neuss;Nordrhein-Westfalen;05162024;SPD;spd;2009.0;Kommunalwahlprogramm Gemeinde;Gemeinde;main_corpus_observation;ne09spd.txt;main;2d7d82efa5b46985ed64401ff1da67f77f8af9a95b284767f99a344a8e39e738;manual_2024_reference
USE-7fdb723fc117;DOC-b359764b3e5d;GLMP-D583C9265D;Oberhausen;Nordrhein-Westfalen;05119000;CDU;cdu;2009.0;Kommunalwahlprogramm Gemeinde;Gemeinde;main_corpus_observation;ob09cdu.txt;main;b359764b3e5d10dfe7b42d604aec92d63297003209072e4f161e18b341c94fcf;manual_2024_reference
USE-77a32aff9e9d;DOC-f502c3978f0d;GLMP-87B1945028;Oberhausen;Nordrhein-Westfalen;05119000;Die Linke;lin;2009.0;Kommunalwahlprogramm Gemeinde;Gemeinde;main_corpus_observation;ob09lin.txt;main;f502c3978f0dc503c7efbc076171f29c999ab95038262ba19851856a1b6c27df;manual_2024_reference
USE-f7dd921768d1;DOC-7339cde6cc7c;GLMP-0519521122;Paderborn;Nordrhein-Westfalen;05774032;CDU;cdu;2009.0;Kommunalwahlprogramm Gemeinde;Gemeinde;main_corpus_observation;pb09cdu.txt;main;7339cde6cc7c1f5eef55aee5e7b06bb51b6e7f2768441019a428f2867ed9131a;manual_2024_reference
USE-417cd02d3c96;DOC-641aa2f29030;GLMP-81D27EB3D9;Paderborn;Nordrhein-Westfalen;05774032;Demokratische Initiative Parderborn;dip;2009.0;Kommunalwahlprogramm Gemeinde;Gemeinde;main_corpus_observation;pb09dip.txt;main;641aa2f29030051d53c5f62c93342bbb34a95a2f0ed842ef48ec7167ff8b5e6f;manual_2024_reference
USE-2cc5bb80a5af;DOC-ca5a660327ce;GLMP-7E18E1FED1;Paderborn;Nordrhein-Westfalen;05774032;FDP;fdp;2009.0;Kommunalwahlprogramm Gemeinde;Gemeinde;main_corpus_observation;pb09fdp.txt;main;ca5a660327ce6007b318368a0cf1ec07eb42d350876002e1b5da2f8fc32ce8ec;manual_2024_reference
USE-7a5a0c710a1d;DOC-83cf9b4cc28e;GLMP-1D5C98EE35;Paderborn;Nordrhein-Westfalen;05774032;Grüne;gru;2009.0;Kommunalwahlprogramm Gemeinde;Gemeinde;main_corpus_observation;pb09gru.txt;main;83cf9b4cc28eaeef9854a623bf2453d3ff7bc9e890cc7ceb54481139e329401c;manual_2024_reference
USE-10a9c8131a78;DOC-d991af9ce5ca;GLMP-B4B7B353E2;Paderborn;Nordrhein-Westfalen;05774032;SPD;spd;2009.0;Kommunalwahlprogramm Gemeinde;Gemeinde;main_corpus_observation;pb09spd.txt;main;d991af9ce5ca4ffd50efc71946e601683477d9c66bda219edd89f2634c81a410;manual_2024_reference
USE-da56f578a06b;DOC-943ea244e97f;GLMP-82A2A2482D;Recklinghausen;Nordrhein-Westfalen;05562032;Grüne;gru;2009.0;Kommunalwahlprogramm Gemeinde;Gemeinde;main_corpus_observation;re09gru.txt;main;943ea244e97f56627e768be107400799b2c60e952f8114f95826338ff7e27c4d;manual_2024_reference
USE-b30db24359f3;DOC-45d7614267d0;GLMP-6ECDB31A16;Recklinghausen;Nordrhein-Westfalen;05562032;SPD;spd;2009.0;Kommunalwahlprogramm Gemeinde;Gemeinde;main_corpus_observation;re09spd.txt;main;45d7614267d05e1bc82f1a7cf8e07a36cd6119e0f5387d92d1843adf52525dc0;manual_2024_reference
USE-5051cc190c73;DOC-1b2b0e737ca4;GLMP-9242A9F295;Remscheid;Nordrhein-Westfalen;05120000;CDU;cdu;2009.0;Kommunalwahlprogramm Gemeinde;Gemeinde;main_corpus_observation;rs09cdu.txt;main;1b2b0e737ca4e001fca6c58ad7f9257d14ff9f1c2035c47646e9e4d36e49c755;manual_2024_reference
USE-a062606e12ce;DOC-2ddb2b9949cc;GLMP-BCE4AD7D8E;Remscheid;Nordrhein-Westfalen;05120000;FDP;fdp;2009.0;Kommunalwahlprogramm Gemeinde;Gemeinde;main_corpus_observation;rs09fdp.txt;main;2ddb2b9949ccd739fb3f1860e9313f34b85d0abda6b4d15fc07a38e007587f24;manual_2024_reference
USE-01738f502491;DOC-4482da339c45;GLMP-350745BE57;Remscheid;Nordrhein-Westfalen;05120000;SPD;spd;2009.0;Kommunalwahlprogramm Gemeinde;Gemeinde;main_corpus_observation;rs09spd.txt;main;4482da339c45d48d205417b57169cd7038bb17259035d515ae8820f8c2241446;manual_2024_reference
USE-abec59a13c00;DOC-a7a1a59b9aef;GLMP-2710825467;Remscheid;Nordrhein-Westfalen;05120000;Wählergemeinschaft in Remscheid (W.i.R.);wir;2009.0;Kommunalwahlprogramm Gemeinde;Gemeinde;main_corpus_observation;rs09wir.txt;main;a7a1a59b9aef84a2c0f58d83c404b6d11ceb9ba61f5b5e97f815b0fb2b523f5e;manual_2024_reference
USE-9d1b4ac186a2;DOC-ddd252cf0523;GLMP-81353936E6;Siegen;Nordrhein-Westfalen;05970040;CDU;cdu;2009.0;Kommunalwahlprogramm Gemeinde;Gemeinde;main_corpus_observation;si09cdu.txt;main;ddd252cf052328c9cd05dee51dfce6416ec7cf534f3af67ea0991e71bbf7071d;manual_2024_reference
USE-7063a692ad9e;DOC-95d3d8faafed;GLMP-D22EFC2FCE;Siegen;Nordrhein-Westfalen;05970040;Grüne;gru;2009.0;Kommunalwahlprogramm Gemeinde;Gemeinde;main_corpus_observation;si09gru.txt;main;95d3d8faafedc90f7f5ba11535b9842890d9250b01a36d9652678e177c97fde9;manual_2024_reference
USE-6cda3c3e0a70;DOC-dcde26b4a961;GLMP-7A5EEE821B;Solingen;Nordrhein-Westfalen;05122000;CDU;cdu;2009.0;Kommunalwahlprogramm Gemeinde;Gemeinde;main_corpus_observation;sg09cdu.txt;main;dcde26b4a961f2cec11fdb95d5e5f85295c0d74494517298627de4b73bb4a598;manual_2024_reference
USE-ff7d7d8522b5;DOC-dd88bd0e97c3;GLMP-F7A0C9A1B6;Solingen;Nordrhein-Westfalen;05122000;FDP;fdp;2009.0;Kommunalwahlprogramm Gemeinde;Gemeinde;main_corpus_observation;sg09fdp.txt;main;dd88bd0e97c314a4c97ebc90af0bb759c9f70552cb966e9fbaf3629a6b2a742f;manual_2024_reference
USE-189c9db8a721;DOC-c2260b32e273;GLMP-44B2E8BB07;Solingen;Nordrhein-Westfalen;05122000;Freie Bürger Union;fbu;2009.0;Kommunalwahlprogramm Gemeinde;Gemeinde;main_corpus_observation;sg09fbu.txt;main;c2260b32e273d938cb8638cecc107d521c46b0720580d913e1977d4362ce37dd;manual_2024_reference
USE-ce42982dd871;DOC-6e39fd70f4b4;GLMP-640DD1DB71;Ulm;Baden-Württemberg;08421000;Ulmer Vorort-Liste;uvl;2009.0;Kommunalwahlprogramm Gemeinde;Gemeinde;main_corpus_observation;ul09uvl.txt;main;6e39fd70f4b43d2f166f591f11f576d48e547e38943dd1fccf46ad798aff3414;local_cities_components
USE-7cfb2ce8efb9;DOC-a21d8b6bf4cd;GLMP-545C4F3E22;Wuppertal;Nordrhein-Westfalen;05124000;CDU;cdu;2009.0;Kommunalwahlprogramm Gemeinde;Gemeinde;main_corpus_observation;wu09cdu.txt;main;a21d8b6bf4cd690dc5d6e7f132424474c264873833ff0191c618042a6314bb40;manual_2024_reference
USE-6e0bbfba2f74;DOC-9283e2bb5556;GLMP-3D6F5D4E8C;Wuppertal;Nordrhein-Westfalen;05124000;Die Linke;lin;2009.0;Kommunalwahlprogramm Gemeinde;Gemeinde;main_corpus_observation;wu09lin.txt;main;9283e2bb555669c42f235b1ded928dbcf0def467af5f63e99bfa032a31568315;manual_2024_reference
USE-4552e4f12825;DOC-2c3441f614e0;GLMP-52374756CD;Wuppertal;Nordrhein-Westfalen;05124000;FDP;fdp;2009.0;Kommunalwahlprogramm Gemeinde;Gemeinde;main_corpus_observation;wu09fdp.txt;main;2c3441f614e0003dfb482b50beea3985f18504b583e73cc81e1bcd41dc0f2a77;manual_2024_reference
USE-69dfd01d582b;DOC-6c208e9d6423;GLMP-08AFEC0D3C;Wuppertal;Nordrhein-Westfalen;05124000;Grüne;gru;2009.0;Kommunalwahlprogramm Gemeinde;Gemeinde;main_corpus_observation;wu09gru.txt;main;6c208e9d6423b7ff8da5cdc5f56b4cc44502f729854919b4ec9ca94cb66f3779;manual_2024_reference
USE-9facf557ebbd;DOC-6fdf77c11b5a;GLMP-8306BDC506;Wuppertal;Nordrhein-Westfalen;05124000;SPD;spd;2009.0;Kommunalwahlprogramm Gemeinde;Gemeinde;main_corpus_observation;wu09spd.txt;main;6fdf77c11b5ae2e0ea15b3937b611c4199b3173d5338418450d6260d254063d0;manual_2024_reference
USE-2f146a2db768;DOC-d0e968afd579;GLMP-DC465AE909;Wuppertal;Nordrhein-Westfalen;05124000;Wählergemeinschaft für Wuppertal;wfw;2009.0;Kommunalwahlprogramm Gemeinde;Gemeinde;main_corpus_observation;wu09wfw.txt;main;d0e968afd5798d408dd295e408a4966e8c216d95889d95d3af7413fe00289028;manual_2024_reference
USE-7bbc87cc53c4;DOC-e40f38eea9ed;GLMP-97549B2EA6;Braunschweig;Niedersachsen;03101000;Die Linke;lin;2011.0;Kommunalwahlprogramm Gemeinde;Gemeinde;main_corpus_observation;bs11lin.txt;main;e40f38eea9ed1b29e8f79b6aa5f3ab582d0d41f941150ab350d88aea2b1dd05c;manual_2024_reference
USE-a4c635f0fa95;DOC-93ef53c824c5;GLMP-3E1029D327;Braunschweig;Niedersachsen;03101000;FDP;fdp;2011.0;Kommunalwahlprogramm Gemeinde;Gemeinde;main_corpus_observation;bs11fdp.txt;main;93ef53c824c5baa79723bb9502ca54f4492b9f0f64ee00c600599e2381437316;manual_2024_reference
USE-6a5cd60181c6;DOC-d0090524f940;GLMP-4A1746F0C9;Braunschweig;Niedersachsen;03101000;SPD;spd;2011.0;Kommunalwahlprogramm Gemeinde;Gemeinde;main_corpus_observation;bs11spd.txt;main;d0090524f9401babdbc5d8bb16806e69e165d833a92a6a64e3f282b1656da509;manual_2024_reference
USE-4133b0c42ae7;DOC-12873309ab75;GLMP-6E6CCF9735;Darmstadt;Hessen;06411000;CDU;cdu;2011.0;Kommunalwahlprogramm Gemeinde;Gemeinde;main_corpus_observation;da11cdu.txt;main;12873309ab75beeb811bc02ecb5c5f86c45a75a83edd0864c3089405e9790d14;manual_2024_reference
USE-76464dbeb8fb;DOC-7c963b37cb2a;GLMP-5003196905;Darmstadt;Hessen;06411000;Die Linke;lin;2011.0;Kommunalwahlprogramm Gemeinde;Gemeinde;main_corpus_observation;da11lin.txt;main;7c963b37cb2a969b506d519dceb6bac48386d1119fbbc8f5a2c89d1924bc1efa;manual_2024_reference
USE-1970d4405767;DOC-24ee10a9860f;GLMP-34FCB8D753;Darmstadt;Hessen;06411000;FDP;fdp;2011.0;Kommunalwahlprogramm Gemeinde;Gemeinde;main_corpus_observation;da11fdp.txt;main;24ee10a9860fd2bd5840b589189a4b9f7992d8084809c925b74fda51be0ac5fb;manual_2024_reference
USE-bf4d2d480874;DOC-49c0580ad117;GLMP-0709F4D933;Darmstadt;Hessen;06411000;Freie Wähler;fwg;2011.0;Kommunalwahlprogramm Gemeinde;Gemeinde;main_corpus_observation;da11fwg.txt;main;49c0580ad11736fd9cb44ac4399fe9f4987d491934253e122b6d9564eab4cf78;manual_2024_reference
USE-3a7c74b68214;DOC-ba51d6dacac6;GLMP-8BA40A904E;Darmstadt;Hessen;06411000;Grüne;gru;2011.0;Kommunalwahlprogramm Gemeinde;Gemeinde;main_corpus_observation;da11gru.txt;main;ba51d6dacac650d490a5b35ef1429935e8740228723b2e2bafc2112ab5b27edf;manual_2024_reference
USE-f4224362c262;DOC-8b9e9a3af3c5;GLMP-E1045748AB;Darmstadt;Hessen;06411000;Piraten;pir;2011.0;Kommunalwahlprogramm Gemeinde;Gemeinde;main_corpus_observation;da11pir.txt;main;8b9e9a3af3c53b3591ede530280763bb596658cc032570b12172a294adb65113;manual_2024_reference
USE-449a41cf6ac8;DOC-ddb822a1fadc;GLMP-D2FCDC91A2;Darmstadt;Hessen;06411000;SPD;spd;2011.0;Kommunalwahlprogramm Gemeinde;Gemeinde;main_corpus_observation;da11spd.txt;main;ddb822a1fadca3019e1fafbc66d523b319d0a6470daf9bbdcea5e148ded005c8;manual_2024_reference
USE-892e5cb6f45d;DOC-b2dfa366478c;GLMP-FE27956573;Darmstadt;Hessen;06411000;UWIGA (nabhängige Wählergemeinschaft hervor gegangen aus  IG Abwasser);uwi;2011.0;Kommunalwahlprogramm Gemeinde;Gemeinde;main_corpus_observation;da11uwi.txt;main;b2dfa366478c83fb5a99bbf2b9b4abecbda4add15703bc07bd49bc1e5754110b;manual_2024_reference
USE-edba32403ed8;DOC-f0ccad1f52ae;GLMP-7A093A7A45;Darmstadt;Hessen;06411000;Uffbasse;uff;2011.0;Kommunalwahlprogramm Gemeinde;Gemeinde;main_corpus_observation;da11uff.txt;main;f0ccad1f52ae4bf307c2b5a72d35f20d3b4ecb701ec10797892eaeeaf516636a;manual_2024_reference
USE-0aa6922aa02e;DOC-58aeda1c3c66;GLMP-51143BE2CF;Delmenhorst;Niedersachsen;03401000;CDU;cdu;2011.0;Kommunalwahlprogramm Gemeinde;Gemeinde;main_corpus_observation;dl11cdu.txt;main;58aeda1c3c6694e3bd25962ffc3beb8f71618815b5149883ffca5a19ae73361d;manual_2024_reference
USE-c8c73f0ea807;DOC-304c6e2a58ee;GLMP-DA5239BE9A;Delmenhorst;Niedersachsen;03401000;FDP;fdp;2011.0;Kommunalwahlprogramm Gemeinde;Gemeinde;main_corpus_observation;dl11fdp.txt;main;304c6e2a58ee80742a9fe53e1cc139ac5e4ccbdd56be5f43ce9547e88ab4b0a4;manual_2024_reference
USE-a34112c7652c;DOC-c5c8b73781c5;GLMP-3D04026C15;Delmenhorst;Niedersachsen;03401000;SPD;spd;2011.0;Kommunalwahlprogramm Gemeinde;Gemeinde;main_corpus_observation;dl11spd.txt;main;c5c8b73781c5aa5339cfc630e806882a45a60d65e866b647f3745ec219ffd97b;manual_2024_reference
USE-207cdbe22e5c;DOC-6aa5c5f5aee7;GLMP-659E4A8CC6;Emden;Niedersachsen;03402000;CDU;cdu;2011.0;Kommunalwahlprogramm Gemeinde;Gemeinde;main_corpus_observation;em11cdu.txt;main;6aa5c5f5aee77f5ab6a2334e5a78e3ced4c6e389d35ef05bf378f1bfe71a7ab1;manual_2024_reference
USE-e11ee361582b;DOC-514133004044;GLMP-3C6BD567A3;Emden;Niedersachsen;03402000;FDP;fdp;2011.0;Kommunalwahlprogramm Gemeinde;Gemeinde;main_corpus_observation;em11fdp.txt;main;514133004044a7870abf56ba30ac851f307f1f0c9669ef8c3c8df7cdfac42042;manual_2024_reference
USE-2198ed49b722;DOC-0b81c2e1e103;GLMP-F6A4029258;Emden;Niedersachsen;03402000;SPD;spd;2011.0;Kommunalwahlprogramm Gemeinde;Gemeinde;main_corpus_observation;em11spd.txt;main;0b81c2e1e103244d9c27b62b54bcdd85c611de1b9e8ede2db53525171fff1172;manual_2024_reference
USE-853e3c93c1ef;DOC-f671e1b080ff;GLMP-C497DFCF9C;Frankfurt am Main;Hessen;06412000;CDU;cdu;2011.0;Kommunalwahlprogramm Gemeinde;Gemeinde;main_corpus_observation;ff11cdu.txt;main;f671e1b080ffed0ae646c3f7fe82a4164c9bcec4e352a0f6cbd140603667767f;manual_2024_reference
USE-cbb5dd539121;DOC-dd95afc7f4fd;GLMP-B6DB5F9DEA;Frankfurt am Main;Hessen;06412000;Die Linke;lin;2011.0;Kommunalwahlprogramm Gemeinde;Gemeinde;main_corpus_observation;ff11lin.txt;main;dd95afc7f4fda618ad1554d898cd1cb3bcf5eef929920282c25be3f55090d688;manual_2024_reference
USE-33c27d2e96ee;DOC-8c581e50adfe;GLMP-18C2F279CF;Frankfurt am Main;Hessen;06412000;Europa-Liste Frankfurt;eul;2011.0;Kommunalwahlprogramm Gemeinde;Gemeinde;main_corpus_observation;ff11eul.txt;main;8c581e50adfe9509377428a6555463cf656e248e136ff9504e2b8cd1819fa52f;manual_2024_reference
USE-a26a9ae0da52;DOC-c2eed36a6c35;GLMP-4A87373A5A;Frankfurt am Main;Hessen;06412000;FDP;fdp;2011.0;Kommunalwahlprogramm Gemeinde;Gemeinde;main_corpus_observation;ff11fdp.txt;main;c2eed36a6c35f4cf5b980d3768703af00c2e6693eaa3b06a32bec728d2115a32;manual_2024_reference
USE-0988f2a51d95;DOC-466ea5633908;GLMP-912BBB4DC0;Frankfurt am Main;Hessen;06412000;FlughafenAusbauGegner;fag;2011.0;Kommunalwahlprogramm Gemeinde;Gemeinde;main_corpus_observation;ff11fag.txt;main;466ea563390801d2e2b571fed296ef6936ebcd0b01ce2fdcf07d4670290e7a04;manual_2024_reference
USE-ce6122331c8b;DOC-2f459563ae35;GLMP-AABCB6B48B;Frankfurt am Main;Hessen;06412000;Freie Wähler;fwg;2011.0;Kommunalwahlprogramm Gemeinde;Gemeinde;main_corpus_observation;ff11fwg.txt;main;2f459563ae3571a84bea0c88043307c098ed4bba4e7d2ec496ecd54f7156011d;manual_2024_reference
USE-d242404a8bcd;DOC-4d4b709f64e8;GLMP-4A7E9AC9DF;Frankfurt am Main;Hessen;06412000;Grüne;gru;2011.0;Kommunalwahlprogramm Gemeinde;Gemeinde;main_corpus_observation;ff11gru.txt;main;4d4b709f64e8060199156757d08c0c289e65eb5c561ef5960a5c2f1c6c92e5a4;manual_2024_reference
USE-908159815d6b;DOC-97065ba26f53;GLMP-D0CEA2831C;Frankfurt am Main;Hessen;06412000;Piraten;pir;2011.0;Kommunalwahlprogramm Gemeinde;Gemeinde;main_corpus_observation;ff11pir.txt;main;97065ba26f53f2fb67d90c22873d1cf849a92c5c7ab8f792b03a2a2ff63e6521;manual_2024_reference
USE-9d05c7eb9548;DOC-eea7e3bc3907;GLMP-37B808F7E4;Frankfurt am Main;Hessen;06412000;SPD;spd;2011.0;Kommunalwahlprogramm Gemeinde;Gemeinde;main_corpus_observation;ff11spd.txt;main;eea7e3bc3907499ff85aaef036e4845c0ffde3e337b3f346374a8a98e7c0775e;manual_2024_reference
USE-647c24a77b6c;DOC-f37694c9543c;GLMP-6574608501;Frankfurt am Main;Hessen;06412000;ÖkoLinX-ARL;oek;2011.0;Kommunalwahlprogramm Gemeinde;Gemeinde;main_corpus_observation;ff11oek.txt;main;f37694c9543c44d8994ed57cd0a7739bb438d63612ca1643610304469def3f17;manual_2024_reference
USE-22272544a3cf;DOC-7e2a7fe39e8c;GLMP-C2CC27EAFB;Goettingen;Niedersachsen;03159016;CDU;cdu;2011.0;Kommunalwahlprogramm Gemeinde;Gemeinde;main_corpus_observation;go11cdu.txt;main;7e2a7fe39e8c6c65d9d94711cbc40f68a63b9c94de51b0e03e2a0e5e812c6c60;manual_2024_reference
USE-c3ee498208a3;DOC-8dd737313066;GLMP-E5B38130BD;Goettingen;Niedersachsen;03159016;FDP;fdp;2011.0;Kommunalwahlprogramm Gemeinde;Gemeinde;main_corpus_observation;go11fdp.txt;main;8dd7373130660826d1dd0075898d89a0f17afbc965515bc639e82c9d96a78f35;manual_2024_reference
USE-d7334b083143;DOC-e3e7e6700b6b;GLMP-E45C45E04B;Goettingen;Niedersachsen;03159016;SPD;spd;2011.0;Kommunalwahlprogramm Gemeinde;Gemeinde;main_corpus_observation;go11spd.txt;main;e3e7e6700b6b9e1d438c28d7d33cc40154c6d2c96a614bb1259e78a51bcca21c;manual_2024_reference
USE-babdc12a29c6;DOC-8df50a5ac661;GLMP-80D03A0808;Hannover;Niedersachsen;03241001;CDU;cdu;2011.0;Kommunalwahlprogramm Gemeinde;Gemeinde;main_corpus_observation;hv11cdu.txt;main;8df50a5ac661ea178e66bd152323b58fa181139ea828d8448d75a8658afad889;manual_2024_reference
USE-f178eb8b7cf9;DOC-bd51ce23f411;GLMP-B1C665A34F;Hannover;Niedersachsen;03241001;Die Linke;lin;2011.0;Kommunalwahlprogramm Gemeinde;Gemeinde;main_corpus_observation;hv11lin.txt;main;bd51ce23f4115534616be0217921926cc210f82948765110aa3b6c5b6fddd66b;manual_2024_reference
USE-4f005381084d;DOC-b675b5169a9c;GLMP-FAC1431AE4;Hannover;Niedersachsen;03241001;SPD;spd;2011.0;Kommunalwahlprogramm Gemeinde;Gemeinde;main_corpus_observation;hv11spd.txt;main;b675b5169a9c095c0621d4be15247ed75d1afdbb6715af67c407a1010568eca2;manual_2024_reference
USE-08b13a31275d;DOC-14c3a92d93c8;GLMP-ED035E7522;Kassel;Hessen;06611000;CDU;cdu;2011.0;Kommunalwahlprogramm Gemeinde;Gemeinde;main_corpus_observation;ka11cdu.txt;main;14c3a92d93c84139b38778fe8fa03e69c98fb1f6bbffc1d7f393995135c00993;manual_2024_reference
USE-ff64a19f1895;DOC-eb98136b67ba;GLMP-B644438326;Kassel;Hessen;06611000;Die Linke;lin;2011.0;Kommunalwahlprogramm Gemeinde;Gemeinde;main_corpus_observation;ka11lin.txt;main;eb98136b67baa511fe27da33d1336b3647828037dce73545ff735c04fcef07a4;manual_2024_reference
USE-7775583b9fe0;DOC-c5089d966670;GLMP-BA5605B1AC;Kassel;Hessen;06611000;FDP;fdp;2011.0;Kommunalwahlprogramm Gemeinde;Gemeinde;main_corpus_observation;ka11fdp.txt;main;c5089d9666704e664af0d84689e6fe3c86f360ee3d7cd11da6ad445a049943c1;manual_2024_reference
USE-26ea70bd453d;DOC-985f5ed13d48;GLMP-C152C4BE57;Kassel;Hessen;06611000;Grüne;gru;2011.0;Kommunalwahlprogramm Gemeinde;Gemeinde;main_corpus_observation;ka11gru.txt;main;985f5ed13d4874a3a231cce5e259c27127e7ab7548c0805b86daad3a3c3175b3;manual_2024_reference
USE-94b89d2e9c95;DOC-e2113b6a537c;GLMP-C643CAF9C0;Kassel;Hessen;06611000;Piraten;pir;2011.0;Kommunalwahlprogramm Gemeinde;Gemeinde;main_corpus_observation;ka11pir.txt;main;e2113b6a537ce629a09f35736bc460db61a6a454197f5795d34914751c094479;manual_2024_reference
USE-919d72ddcfd4;DOC-01e78d5e8868;GLMP-6916584166;Kassel;Hessen;06611000;SPD;spd;2011.0;Kommunalwahlprogramm Gemeinde;Gemeinde;main_corpus_observation;ka11spd.txt;main;01e78d5e8868d141f0bb17f9a3f58c32845dceabe8a937455067dba8dd87b1e8;manual_2024_reference
USE-ebae6e9c592b;DOC-1668bd79dbfd;GLMP-3A12FCA4A4;Offenbach am Main;Hessen;06413000;CDU;cdu;2011.0;Kommunalwahlprogramm Gemeinde;Gemeinde;main_corpus_observation;of11cdu.txt;main;1668bd79dbfd078cbb7474584d763d77fb15424e32e7f937937bd3e779e6d78d;manual_2024_reference
USE-a9f402557d06;DOC-02d421bb099a;GLMP-0B3A8E04C6;Offenbach am Main;Hessen;06413000;Die Linke;lin;2011.0;Kommunalwahlprogramm Gemeinde;Gemeinde;main_corpus_observation;of11lin.txt;main;02d421bb099a8db7925e7376de90b1d3ffb183b880395e5fc58b8276cd9987bc;manual_2024_reference
USE-8d7e5805533a;DOC-772579af3b1f;GLMP-408A055262;Offenbach am Main;Hessen;06413000;Die Republikaner;rep;2011.0;Kommunalwahlprogramm Gemeinde;Gemeinde;main_corpus_observation;of11rep.txt;main;772579af3b1f25b69c4fade92d442b53cb0f679b7042d6d26cfd6a087c8511cb;manual_2024_reference
USE-04afcf73d21a;DOC-d4c5adab3542;GLMP-67D4A4D611;Offenbach am Main;Hessen;06413000;FDP;fdp;2011.0;Kommunalwahlprogramm Gemeinde;Gemeinde;main_corpus_observation;of11fdp.txt;main;d4c5adab3542b448d65019ac7bb3f45d5a853d7e77953c441eaaa08b786b42e8;manual_2024_reference
USE-13a4d62a6dc2;DOC-2cf80c47c0a7;GLMP-FE04AFC637;Offenbach am Main;Hessen;06413000;Forum Neues Offenbach;fno;2011.0;Kommunalwahlprogramm Gemeinde;Gemeinde;main_corpus_observation;of11fno.txt;main;2cf80c47c0a76923774b9fda5d376086a3e347bdb932c5c09aeba5af5be7e8b0;manual_2024_reference
USE-6667c03b9fdd;DOC-a805b66a7e63;GLMP-D51488E16C;Offenbach am Main;Hessen;06413000;Freie Wähler;fwg;2011.0;Kommunalwahlprogramm Gemeinde;Gemeinde;main_corpus_observation;of11fwg.txt;main;a805b66a7e631affc7f7e54f8d95230a7b1d24333faeaac8a0fe98d1cc4bad64;manual_2024_reference
USE-97d210e0e8c4;DOC-ceeb435066ab;GLMP-9559DE53D3;Offenbach am Main;Hessen;06413000;Grüne;gru;2011.0;Kommunalwahlprogramm Gemeinde;Gemeinde;main_corpus_observation;of11gru.txt;main;ceeb435066ab50818bbcc3fc094a9fe7218d41aceef599fb845b4a6b4aaa40f6;manual_2024_reference
USE-fa3b949d984e;DOC-e163070cdeb5;GLMP-55222AE30E;Offenbach am Main;Hessen;06413000;Piraten;pir;2011.0;Kommunalwahlprogramm Gemeinde;Gemeinde;main_corpus_observation;of11pir.txt;main;e163070cdeb53909aa7ebbbfe6a089f5f3598800a58bab68da0251cabcab87a0;manual_2024_reference
USE-1cca6ecb3ef0;DOC-edd11f131cad;GLMP-AD3F56E2DF;Offenbach am Main;Hessen;06413000;SPD;spd;2011.0;Kommunalwahlprogramm Gemeinde;Gemeinde;main_corpus_observation;of11spd.txt;main;edd11f131cadfda5f82a8d372da69b151c47a0cf4ad7da1ceb24a5e308a31e9f;manual_2024_reference
USE-f49ac8b42808;DOC-c29098aced84;GLMP-08C87DE050;Oldenburg;Niedersachsen;03403000;CDU;cdu;2011.0;Kommunalwahlprogramm Gemeinde;Gemeinde;main_corpus_observation;ol11cdu.txt;main;c29098aced847fff95d510b2ab81649de7eb9c11eca5cad92b0673d0eb98fbfd;manual_2024_reference
USE-b02010af3228;DOC-efa88037f67b;GLMP-253AE9BC8A;Oldenburg;Niedersachsen;03403000;Die Linke;lin;2011.0;Kommunalwahlprogramm Gemeinde;Gemeinde;main_corpus_observation;ol11lin.txt;main;efa88037f67bd09ec23290e5bb0f3dc2cd29c6f6c4cf5304e1838539959e0342;manual_2024_reference
USE-eda48eda398a;DOC-13ad3f1a069d;GLMP-F1506548ED;Oldenburg;Niedersachsen;03403000;FDP;fdp;2011.0;Kommunalwahlprogramm Gemeinde;Gemeinde;main_corpus_observation;ol11fdp.txt;main;13ad3f1a069d3bf6ac8f88cfd0c80d40c1becf7989f26fbe5d6ed75ad97f8f6b;manual_2024_reference
USE-f4d18fa0e774;DOC-e6584870b435;GLMP-0C48D0D4C9;Oldenburg;Niedersachsen;03403000;Grüne;gru;2011.0;Kommunalwahlprogramm Gemeinde;Gemeinde;main_corpus_observation;ol11gru.txt;main;e6584870b4356f7ad2d6b30bb7d2f79b84aa1f80ea1674314dc405799a3aba1e;manual_2024_reference
USE-991f0b105b6d;DOC-a2a2bc0063a6;GLMP-61C5AE4441;Oldenburg;Niedersachsen;03403000;SPD;spd;2011.0;Kommunalwahlprogramm Gemeinde;Gemeinde;main_corpus_observation;ol11spd.txt;main;a2a2bc0063a6f2ae3d556276de95fc7d460e4c47df4098eefd1b5726e1b7ff2b;manual_2024_reference
USE-11726df10e4f;DOC-e0eabb8fcc9c;GLMP-CCF17E2743;Osnabrueck;Niedersachsen;03404000;CDU;cdu;2011.0;Kommunalwahlprogramm Gemeinde;Gemeinde;main_corpus_observation;os11cdu.txt;main;e0eabb8fcc9c9f865bef49b7323d77232d91fc027e3edd790744458f7336bef3;manual_2024_reference
USE-0b7e8c964491;DOC-57b3d2297db9;GLMP-38AC9D8AAC;Salzgitter;Niedersachsen;03102000;CDU;cdu;2011.0;Kommunalwahlprogramm Gemeinde;Gemeinde;main_corpus_observation;sa11cdu.txt;main;57b3d2297db9c12c2a193b1acf3d26ffc49c645f4c53a1fdd35e32d0470ffb94;manual_2024_reference
USE-42a1cd756ee7;DOC-c53ccf19619d;GLMP-FD6ABE9226;Salzgitter;Niedersachsen;03102000;Die Linke;lin;2011.0;Kommunalwahlprogramm Gemeinde;Gemeinde;main_corpus_observation;sa11lin.txt;main;c53ccf19619d05c88cdd5f32a1d9d37e033cb02fa14dc8347182db7c20b3c190;manual_2024_reference
USE-d7bc2e399d30;DOC-4e2666ab4aad;GLMP-AD5B3B1D3F;Salzgitter;Niedersachsen;03102000;SPD;spd;2011.0;Kommunalwahlprogramm Gemeinde;Gemeinde;main_corpus_observation;sa11spd.txt;main;4e2666ab4aad842d2b84a85182643ab145df2e497ffa02b953a52f3a4ad5b509;manual_2024_reference
USE-7b789c709d31;DOC-3464f6e755c4;GLMP-C53F979023;Wiesbaden;Hessen;06414000;Bürgerliste Wiesbaden;blw;2011.0;Kommunalwahlprogramm Gemeinde;Gemeinde;main_corpus_observation;wi11blw.txt;main;3464f6e755c4dc0de5558bdc040b968552fb2b56bb9e883f4c2ac7a7045ffae2;manual_2024_reference
USE-39f7fc22e5bd;DOC-a7b05204ebbc;GLMP-B52D7F897F;Wiesbaden;Hessen;06414000;CDU;cdu;2011.0;Kommunalwahlprogramm Gemeinde;Gemeinde;main_corpus_observation;wi11cdu.txt;main;a7b05204ebbc45890b3cf5588d20a7c4d6339c72910f3e5843b74ae36c0d9280;manual_2024_reference
USE-41ff7028947a;DOC-2bff78da38fb;GLMP-FA341781A4;Wiesbaden;Hessen;06414000;Die Linke;lin;2011.0;Kommunalwahlprogramm Gemeinde;Gemeinde;main_corpus_observation;wi11lin.txt;main;2bff78da38fb4cad3ae35fbd4e1595edadaa2cf54aba98c5c30d80f557d3eab9;manual_2024_reference
USE-71eff78bbc3f;DOC-8aa90e06f8a3;GLMP-603A51980F;Wiesbaden;Hessen;06414000;FDP;fdp;2011.0;Kommunalwahlprogramm Gemeinde;Gemeinde;main_corpus_observation;wi11fdp.txt;main;8aa90e06f8a39159644a5aaee87e88384eb9c60c1941ac5d1db18fd297fe53e5;manual_2024_reference
USE-5f72b00ced14;DOC-c4fdeaea140d;GLMP-CDACE59A82;Wiesbaden;Hessen;06414000;Grüne;gru;2011.0;Kommunalwahlprogramm Gemeinde;Gemeinde;main_corpus_observation;wi11gru.txt;main;c4fdeaea140dcb667b609c745b9918f10360b5bb147156920a56271f9a8e9a59;manual_2024_reference
USE-56d8e21be130;DOC-b62b7b2febcb;GLMP-CF293E0397;Wiesbaden;Hessen;06414000;Piraten;pir;2011.0;Kommunalwahlprogramm Gemeinde;Gemeinde;main_corpus_observation;wi11pir.txt;main;b62b7b2febcb59913f594760883695f4435da8a9b6a430fcc47157695de25699;manual_2024_reference
USE-e17b2ffc6967;DOC-002a66a0f48d;GLMP-95E9CC2D4A;Wiesbaden;Hessen;06414000;SPD;spd;2011.0;Kommunalwahlprogramm Gemeinde;Gemeinde;main_corpus_observation;wi11spd.txt;main;002a66a0f48d83aafbe5703614feef05e8fc4c6bb539f7e5f2c5885e675be0eb;manual_2024_reference
USE-ecf132093885;DOC-4c0d42fc0b4f;GLMP-0DA696D337;Wilhelmshaven;Niedersachsen;03405000;FDP;fdp;2011.0;Kommunalwahlprogramm Gemeinde;Gemeinde;main_corpus_observation;wv11fdp.txt;main;4c0d42fc0b4f02d1e0635c46ac6f5a1f4bbef467df1fb36436d7e418cf5be3f4;manual_2024_reference
USE-44c8ac59a1d7;DOC-7033cb94e47e;GLMP-488FAE0184;Wilhelmshaven;Niedersachsen;03405000;Grüne;gru;2011.0;Kommunalwahlprogramm Gemeinde;Gemeinde;main_corpus_observation;wv11gru.txt;main;7033cb94e47e126d53ed1fe0af603445ae13e4049981eedc7a3647b139353436;manual_2024_reference
USE-07e7ad6b8cda;DOC-f72f5a366bbf;GLMP-9C1EF06A2D;Wolfsburg;Niedersachsen;03103000;SPD;spd;2011.0;Kommunalwahlprogramm Gemeinde;Gemeinde;main_corpus_observation;wo11spd.txt;main;f72f5a366bbf367f23a7de9a8ce014c9bb6d08484ab9938ab6dc4508bb258c03;manual_2024_reference
USE-ef4f04034b58;DOC-7ea375333e79;GLMP-B7C7CC55B2;Dortmund;Nordrhein-Westfalen;05913000;Bürgerliste Freie Wähler;bli;2012.0;Kommunalwahlprogramm Gemeinde;Gemeinde;main_corpus_observation;do12bli.txt;main;7ea375333e7942dd73dd591624621b89b8b9b9cce41256862943e8bb495dcdc6;manual_2024_reference
USE-9818b34852a8;DOC-77a831b6c894;GLMP-0CEC76576B;Dortmund;Nordrhein-Westfalen;05913000;FDP;fdp;2012.0;Kommunalwahlprogramm Gemeinde;Gemeinde;main_corpus_observation;do12fdp.txt;main;77a831b6c8948e254c9754f8be8708795a7706f8a985748b39f1945386d994a1;manual_2024_reference
USE-21adc2e61f85;DOC-3836efdd910b;GLMP-375BFA6D2B;Dortmund;Nordrhein-Westfalen;05913000;Freie Bürger Initiative;fbi;2012.0;Kommunalwahlprogramm Gemeinde;Gemeinde;main_corpus_observation;do12fbi.txt;main;3836efdd910b76580460788ec00d9ed9b5845a78a6553f8d09ca02f37f299aff;manual_2024_reference
USE-c1fcd4724fb0;DOC-d09ecb5ab94c;GLMP-0C228C65B6;Dortmund;Nordrhein-Westfalen;05913000;Grüne;gru;2012.0;Kommunalwahlprogramm Gemeinde;Gemeinde;main_corpus_observation;do12gru.txt;main;d09ecb5ab94cf37239678acb9b52df805564a00b9ca25a44591925e2c4009bdc;manual_2024_reference
USE-6aa347809c0b;DOC-656f7993e0dc;GLMP-E94EEF800C;Kiel;Schleswig-Holstein;01002000;CDU;cdu;2013.0;Kommunalwahlprogramm Gemeinde;Gemeinde;main_corpus_observation;ki13cdu.txt;main;656f7993e0dc0242a957d916d6a7ba8fdddfc3e9244da901a8fb03d22d820ab7;manual_2024_reference
USE-3fb52206737b;DOC-7d743b5db85f;GLMP-96A084B843;Kiel;Schleswig-Holstein;01002000;Die Linke;lin;2013.0;Kommunalwahlprogramm Gemeinde;Gemeinde;main_corpus_observation;ki13lin.txt;main;7d743b5db85f461ccefe7c7c52a37f5ebf63d8744d434e08a07a60bf609e286a;manual_2024_reference
USE-33c86668683a;DOC-797df61bdd1c;GLMP-22A7A047D4;Kiel;Schleswig-Holstein;01002000;FDP;fdp;2013.0;Kommunalwahlprogramm Gemeinde;Gemeinde;main_corpus_observation;ki13fdp.txt;main;797df61bdd1cd77381199c264493153a5e409c6a6bdcf4571b881339e9cf4ef0;manual_2024_reference
USE-82044f0c75dc;DOC-4141e79ca82d;GLMP-1A9AE7EC1C;Kiel;Schleswig-Holstein;01002000;Grüne;gru;2013.0;Kommunalwahlprogramm Gemeinde;Gemeinde;main_corpus_observation;ki13gru.txt;main;4141e79ca82d562b79a0ca04fd345673c9225b95183420dd20264720e0f79910;manual_2024_reference
USE-08e785fd3807;DOC-9f868774e6c7;GLMP-2E06BCE854;Kiel;Schleswig-Holstein;01002000;Piraten;pir;2013.0;Kommunalwahlprogramm Gemeinde;Gemeinde;main_corpus_observation;ki13pir.txt;main;9f868774e6c779e092ac5aa9a43eb2a3793c454a3d70f41a2a0435852b9eacf5;manual_2024_reference
USE-ad3a273934d1;DOC-8d41e39d5125;GLMP-8CC74A7F69;Kiel;Schleswig-Holstein;01002000;SPD;spd;2013.0;Kommunalwahlprogramm Gemeinde;Gemeinde;main_corpus_observation;ki13spd.txt;main;8d41e39d51251d8dbed9e593a85aabd5f3d9381d8a9473af6d19512fd2293f48;manual_2024_reference
USE-506b96237da2;DOC-be3695d7931c;GLMP-B24B00D85F;Kiel;Schleswig-Holstein;01002000;Südschleswigsche Wählerverband;ssw;2013.0;Kommunalwahlprogramm Gemeinde;Gemeinde;main_corpus_observation;ki13ssw.txt;main;be3695d7931c569f8aa1f005cfafcb24b8a26de642b0283af21a98039f656620;manual_2024_reference
USE-34f2ff61643b;DOC-9be47964ff47;GLMP-627BE3DC1D;Kiel;Schleswig-Holstein;01002000;WIR;wir;2013.0;Kommunalwahlprogramm Gemeinde;Gemeinde;main_corpus_observation;ki13wir.txt;main;9be47964ff478e287714011c797a728fd4f67b24fddca7e498d8260b542a632f;manual_2024_reference
USE-d63f3aeeedb4;DOC-f5a37a07983f;GLMP-FFE9B33F46;Kiel;Schleswig-Holstein;01002000;Wahlalternative Kieler Bürger;wak;2013.0;Kommunalwahlprogramm Gemeinde;Gemeinde;main_corpus_observation;ki13wak.txt;main;f5a37a07983f54190ca9d6b4f70ac6204ecb6e56c101a4076abbca8fdae3840e;manual_2024_reference
USE-c6c384c17685;DOC-6f4c1a6ddfbb;GLMP-115C0F0CCE;Luebeck;Schleswig-Holstein;01003000;Bürger für Lübeck;bfl;2013.0;Kommunalwahlprogramm Gemeinde;Gemeinde;main_corpus_observation;lb13bfl.txt;main;6f4c1a6ddfbbcaa772db6a9acd08555b5dcf4719290d1c3e25800e6ab0b9a4ed;manual_2024_reference
USE-2e8a95bf67cd;DOC-d4bfc9f1c42a;GLMP-BC3BFCE3BD;Luebeck;Schleswig-Holstein;01003000;CDU;cdu;2013.0;Kommunalwahlprogramm Gemeinde;Gemeinde;main_corpus_observation;lb13cdu.txt;main;d4bfc9f1c42aa6d0cf5312ca9655b25c94f8cc880c66e26cc22c8ad39d69d42e;manual_2024_reference
USE-f06406ef52cb;DOC-9667b6e029e1;GLMP-7336B08D62;Luebeck;Schleswig-Holstein;01003000;Die Linke;lin;2013.0;Kommunalwahlprogramm Gemeinde;Gemeinde;main_corpus_observation;lb13lin.txt;main;9667b6e029e1061428eeee22bee9cdfd2096b2a3caa3928dcd7ca2bf1b947ca6;manual_2024_reference
USE-266bff304eb7;DOC-9d6102a8bb18;GLMP-9B40CBBB6A;Luebeck;Schleswig-Holstein;01003000;Die Partei;par;2013.0;Kommunalwahlprogramm Gemeinde;Gemeinde;main_corpus_observation;lb13par.txt;main;9d6102a8bb1851f58333b8007bee437a3af7d63fd174046352a3033d773a1c36;manual_2024_reference
USE-b544377bf463;DOC-e3a669c7c7d1;GLMP-FA9FBD0189;Luebeck;Schleswig-Holstein;01003000;FDP;fdp;2013.0;Kommunalwahlprogramm Gemeinde;Gemeinde;main_corpus_observation;lb13fdp.txt;main;e3a669c7c7d131e9a023eb947469d20cd30cf98e2a28bdc58673844c6ef49930;manual_2024_reference
USE-159aaaa9fc5d;DOC-5bf08e99a62f;GLMP-B385864E0B;Luebeck;Schleswig-Holstein;01003000;Freie Wähler;fwg;2013.0;Kommunalwahlprogramm Gemeinde;Gemeinde;main_corpus_observation;lb13fwg.txt;main;5bf08e99a62f52b042cb0d1ba679debe3451d116c0fed1538dc118600d033506;manual_2024_reference
USE-c6d1f9575be3;DOC-198ba1f7bbbb;GLMP-67A971F0F2;Luebeck;Schleswig-Holstein;01003000;Für Unser Lübeck;ful;2013.0;Kommunalwahlprogramm Gemeinde;Gemeinde;main_corpus_observation;lb13ful.txt;main;198ba1f7bbbbd0c54be0befaed0ceeaecd6e54017c6597b38d2ec3ab3de5c0b9;manual_2024_reference
USE-9275a308148a;DOC-0bde892d0659;GLMP-139BCEB7FE;Luebeck;Schleswig-Holstein;01003000;Grüne;gru;2013.0;Kommunalwahlprogramm Gemeinde;Gemeinde;main_corpus_observation;lb13gru.txt;main;0bde892d06598f7ca2737a4f91ed53aacfe9840ac83487a1bd4651a7dd47ff72;manual_2024_reference
USE-37325fe2aca9;DOC-b53a71551e09;GLMP-290670F893;Luebeck;Schleswig-Holstein;01003000;Piraten;pir;2013.0;Kommunalwahlprogramm Gemeinde;Gemeinde;main_corpus_observation;lb13pir.txt;main;b53a71551e09d4a0ab81c556dd4e930f28fba0f9344c1cd019bcabdfd57c4eed;manual_2024_reference
USE-8ab7e66d62e7;DOC-f92fa32fed11;GLMP-D6592160C1;Luebeck;Schleswig-Holstein;01003000;SPD;spd;2013.0;Kommunalwahlprogramm Gemeinde;Gemeinde;main_corpus_observation;lb13spd.txt;main;f92fa32fed11b57de91879f7856f2aad4a116e89a356ba8ec4d21133df56b2e7;manual_2024_reference
USE-852b6d5287ac;DOC-77ec3eb2a96a;GLMP-8CE6038E96;Aachen;Nordrhein-Westfalen;05334002;Alternative für Deutschland;afd;2014.0;Kommunalwahlprogramm Gemeinde;Gemeinde;main_corpus_observation;ac14afd.txt;main;77ec3eb2a96a632e2f288cc68153e2a049d4ae52797eaf0733433310c91d8f54;manual_2024_reference
USE-ced95ea143f2;DOC-6153cc7f0331;GLMP-EBFFBFAEAC;Aachen;Nordrhein-Westfalen;05334002;CDU;cdu;2014.0;Kommunalwahlprogramm Gemeinde;Gemeinde;main_corpus_observation;ac14cdu.txt;main;6153cc7f03313edcb9a414394b9e2c64538007c4b4626cbd860614f52ead5949;manual_2024_reference
USE-049a9e13f71e;DOC-1425c818aa6a;GLMP-9E550B1D88;Aachen;Nordrhein-Westfalen;05334002;Die Linke;lin;2014.0;Kommunalwahlprogramm Gemeinde;Gemeinde;main_corpus_observation;ac14lin.txt;main;1425c818aa6ab578e21ae54861f0e479927d78c149f377a0e09bd3de00b6c44d;manual_2024_reference
USE-f8b67e0c8446;DOC-6102608a8001;GLMP-3FA6299081;Aachen;Nordrhein-Westfalen;05334002;FDP;fdp;2014.0;Kommunalwahlprogramm Gemeinde;Gemeinde;main_corpus_observation;ac14fdp.txt;main;6102608a80018a7dfa46dcf8995ae3a10c213704d21b5d993ac34e48e4f4ab08;manual_2024_reference
USE-7104f04042ab;DOC-b762da09ad02;GLMP-D7FC4363D9;Aachen;Nordrhein-Westfalen;05334002;Grüne;gru;2014.0;Kommunalwahlprogramm Gemeinde;Gemeinde;main_corpus_observation;ac14gru.txt;main;b762da09ad021c69500b94b9db2ff5ff2e4c3730a61fbe3c4d1f5cee1c32e5b0;manual_2024_reference
USE-df7cb002bf49;DOC-1f0cc233687b;GLMP-5DBACC308A;Aachen;Nordrhein-Westfalen;05334002;Piraten;pir;2014.0;Kommunalwahlprogramm Gemeinde;Gemeinde;main_corpus_observation;ac14pir.txt;main;1f0cc233687bdb7ed3490249e76d54d2ca1836fcd82ecd218f444ff301d0bbc5;manual_2024_reference
USE-809cb951967a;DOC-6a0c4c8be7eb;GLMP-95A998A62E;Aachen;Nordrhein-Westfalen;05334002;SPD;spd;2014.0;Kommunalwahlprogramm Gemeinde;Gemeinde;main_corpus_observation;ac14spd.txt;main;6a0c4c8be7eb05837c908b66175edc8662168225107adfcd1b5d8311acc3b431;manual_2024_reference
USE-b9115e9695ba;DOC-4424f80fccd1;GLMP-72F6857DE0;Augsburg;Bayern;09761000;Alternative für Deutschland;afd;2014.0;Kommunalwahlprogramm Gemeinde;Gemeinde;main_corpus_observation;au14afd.txt;main;4424f80fccd1ef1f883a90f923d665dc74f29f40d1903a36d34ad010be53828e;manual_2024_reference
USE-16173c854fff;DOC-7c4c7f18a7a5;GLMP-5A12F27B2E;Augsburg;Bayern;09761000;CSU;csu;2014.0;Kommunalwahlprogramm Gemeinde;Gemeinde;main_corpus_observation;au14csu.txt;main;7c4c7f18a7a53a1e1508f7ff3ba6934ca1e91261049d31812ba245028259c349;manual_2024_reference
USE-8022b6952157;DOC-ecc3d42416c9;GLMP-DB0F901DE6;Augsburg;Bayern;09761000;Die Linke;lin;2014.0;Kommunalwahlprogramm Gemeinde;Gemeinde;main_corpus_observation;au14lin.txt;main;ecc3d42416c976ab86b6d9b8b43f59c34692d5ff489b5300914587f6dcd107a8;manual_2024_reference
USE-c2beedc6d89f;DOC-cae6f08a84ff;GLMP-76EC2CB68B;Augsburg;Bayern;09761000;FDP;fdp;2014.0;Kommunalwahlprogramm Gemeinde;Gemeinde;main_corpus_observation;au14fdp.txt;main;cae6f08a84ff71d597574a6c757925566921b5d1fe330c14647b376525a4b465;manual_2024_reference
USE-763f544169bd;DOC-8714490e9c5a;GLMP-59EBA23F15;Augsburg;Bayern;09761000;Freie Wähler;fwg;2014.0;Kommunalwahlprogramm Gemeinde;Gemeinde;main_corpus_observation;au14fwg.txt;main;8714490e9c5ae747da28f7bf0fec83b036c556255f90fe32c5b4e02d57cc986f;manual_2024_reference
USE-6175a152b3aa;DOC-fd1eac21367e;GLMP-CFDCAF1275;Augsburg;Bayern;09761000;Grüne;gru;2014.0;Kommunalwahlprogramm Gemeinde;Gemeinde;main_corpus_observation;au14gru.txt;main;fd1eac21367e182e8ed9def4fb0c4befe6fac7fdd852430e451a8b7946933891;manual_2024_reference
USE-5f6ffef4e920;DOC-59fe3356f026;GLMP-762D83A6E0;Augsburg;Bayern;09761000;Polit-WG;pol;2014.0;Kommunalwahlprogramm Gemeinde;Gemeinde;main_corpus_observation;au14pol.txt;main;59fe3356f0263da8adcecd21e64f1f85682c1b3faf72bcf915526a52acda9456;manual_2024_reference
USE-82bf5f9e99af;DOC-42f4b520b1bb;GLMP-DFD14FF1A3;Augsburg;Bayern;09761000;SPD;spd;2014.0;Kommunalwahlprogramm Gemeinde;Gemeinde;main_corpus_observation;au14spd.txt;main;42f4b520b1bb3af07d4acedae3ffea0f2086d690ad62aee49cd1d1111f686679;manual_2024_reference
USE-75b334360731;DOC-7c3dcbec2e47;GLMP-6E68FC13CA;Augsburg;Bayern;09761000;Ökologisch-Demokratische Partei (ÖDP);odp;2014.0;Kommunalwahlprogramm Gemeinde;Gemeinde;main_corpus_observation;au14odp.txt;main;7c3dcbec2e470730b0c475082c37215bca9d7ffde2adf1c49f2e00a03f5d65c0;manual_2024_reference
USE-d54c982d2bcd;DOC-455a13007414;GLMP-166B566B43;Bergisch Gladbach;Nordrhein-Westfalen;05378004;Alternative für Deutschland;afd;2014.0;Kommunalwahlprogramm Gemeinde;Gemeinde;main_corpus_observation;bg14afd.txt;main;455a13007414787c773e22071dd0065818434fd0ca3e4145c1b2f284276894dc;manual_2024_reference
USE-f5892e3890f2;DOC-a453671219e2;GLMP-346B8B06B1;Bergisch Gladbach;Nordrhein-Westfalen;05378004;Bürger Partei GL (Bergisch Gladbach);bgl;2014.0;Kommunalwahlprogramm Gemeinde;Gemeinde;main_corpus_observation;bg14bgl.txt;main;a453671219e2fb9c6f8d90d2997e9fdb0ae0a36059bcb62528fd3639a014e36b;manual_2024_reference
USE-0dee0cd5c455;DOC-8b828f0a6786;GLMP-24D3D5762D;Bergisch Gladbach;Nordrhein-Westfalen;05378004;CDU;cdu;2014.0;Kommunalwahlprogramm Gemeinde;Gemeinde;main_corpus_observation;bg14cdu.txt;main;8b828f0a678605273a2f4a7a17488b8da4a7e42896f25a12b3343035a5dc50fe;manual_2024_reference
USE-61b1db0c7ab3;DOC-430a9b85e440;GLMP-965DE0C401;Bergisch Gladbach;Nordrhein-Westfalen;05378004;Die Linke;lin;2014.0;Kommunalwahlprogramm Gemeinde;Gemeinde;main_corpus_observation;bg14lin.txt;main;430a9b85e4402a50d296548307bd00e90a0fa15bb93812c3a13275da0ecf3e5e;manual_2024_reference
USE-d230db10f42c;DOC-ea9f0f4cccc8;GLMP-97DCCC9FB4;Bergisch Gladbach;Nordrhein-Westfalen;05378004;FDP;fdp;2014.0;Kommunalwahlprogramm Gemeinde;Gemeinde;main_corpus_observation;bg14fdp.txt;main;ea9f0f4cccc890b030a9d3cd8bdb6a7bda100fc716f6ddd0e6f16365c8c8b359;manual_2024_reference
USE-1dbd1147ac1b;DOC-049ab4a8bf1e;GLMP-ECC7B96074;Bergisch Gladbach;Nordrhein-Westfalen;05378004;Grüne;gru;2014.0;Kommunalwahlprogramm Gemeinde;Gemeinde;main_corpus_observation;bg14gru.txt;main;049ab4a8bf1e186c97daf13d686bdce2823143266e74da94b0b6ca82b1c16109;manual_2024_reference
USE-56dc7cf9cafc;DOC-98591e8f89b2;GLMP-772270971D;Bergisch Gladbach;Nordrhein-Westfalen;05378004;SPD;spd;2014.0;Kommunalwahlprogramm Gemeinde;Gemeinde;main_corpus_observation;bg14spd.txt;main;98591e8f89b27a23a60fd4c86a231a715984853c6934a5d04a2b413ff305c8af;manual_2024_reference
USE-61b1a0800c7d;DOC-8af118bf8c58;GLMP-02B889A11F;Bielefeld;Nordrhein-Westfalen;05711000;Bürgergemeinschaft für Bielefeld;bfb;2014.0;Kommunalwahlprogramm Gemeinde;Gemeinde;main_corpus_observation;bi14bfb.txt;main;8af118bf8c5856f32c7efa71368d77a6976d1b34bf1e32766ea1b8c73c659132;manual_2024_reference
USE-7c1bf79922c9;DOC-259c6ae2ff70;GLMP-B1C9B2DA74;Bielefeld;Nordrhein-Westfalen;05711000;CDU;cdu;2014.0;Kommunalwahlprogramm Gemeinde;Gemeinde;main_corpus_observation;bi14cdu.txt;main;259c6ae2ff70c14324b54bda5f27d7d11c9f81e0eb8327019506df71e3b69dee;manual_2024_reference
USE-300e555e5199;DOC-1ac9d1602666;GLMP-CC9C86DD52;Bielefeld;Nordrhein-Westfalen;05711000;Die Linke;lin;2014.0;Kommunalwahlprogramm Gemeinde;Gemeinde;main_corpus_observation;bi14lin.txt;main;1ac9d16026665fa4e9e2f4b783cb4f5ec51c1512db9f6d96195aa002a15cd2c1;manual_2024_reference
USE-3fdaa20129ab;DOC-1b5607db91f0;GLMP-D6BE8B1EE4;Bielefeld;Nordrhein-Westfalen;05711000;FDP;fdp;2014.0;Kommunalwahlprogramm Gemeinde;Gemeinde;main_corpus_observation;bi14fdp.txt;main;1b5607db91f0ff3206a430f11249f6f2166f114198ad1ba8582a0834abf37490;manual_2024_reference
USE-19d30383d679;DOC-71082eac366d;GLMP-2405C9D22C;Bielefeld;Nordrhein-Westfalen;05711000;Grüne;gru;2014.0;Kommunalwahlprogramm Gemeinde;Gemeinde;main_corpus_observation;bi14gru.txt;main;71082eac366d992eb22367ceb05f6729861ab3be802969e850a06a1a04a27fbf;manual_2024_reference
USE-ae53bd9859db;DOC-5873c48906e9;GLMP-12561D5935;Bielefeld;Nordrhein-Westfalen;05711000;Piraten;pir;2014.0;Kommunalwahlprogramm Gemeinde;Gemeinde;main_corpus_observation;bi14pir.txt;main;5873c48906e9fb7f32448990f1d44a3f67a1f144e4c4ed411c82560104f5e8e3;manual_2024_reference
USE-ea3e79b8a0f0;DOC-9e12ee5fc60d;GLMP-8EE47CF82A;Bielefeld;Nordrhein-Westfalen;05711000;SPD;spd;2014.0;Kommunalwahlprogramm Gemeinde;Gemeinde;main_corpus_observation;bi14spd.txt;main;9e12ee5fc60dfb287e35547544086c5b9af8060893ebb52b694323d31ef335a1;manual_2024_reference
USE-5233b18b54ae;DOC-08cb03fa9979;GLMP-AB20244073;Bochum;Nordrhein-Westfalen;05911000;Alternative für Deutschland;afd;2014.0;Kommunalwahlprogramm Gemeinde;Gemeinde;main_corpus_observation;bo14afd.txt;main;08cb03fa9979e32e5289b832b5798115e2ce85a4e34cf962018fb9a3a77caa7f;manual_2024_reference
USE-a8fd9854b52b;DOC-9a1013b4da8d;GLMP-D2C6F8BDBE;Bochum;Nordrhein-Westfalen;05911000;CDU;cdu;2014.0;Kommunalwahlprogramm Gemeinde;Gemeinde;main_corpus_observation;bo14cdu.txt;main;9a1013b4da8da33d32e514d1ff4fde417addf74e4c9dd5a297c1a1013a74638f;manual_2024_reference
USE-0c3a9e39d697;DOC-4e6ffd973733;GLMP-B7A3CCCEC9;Bochum;Nordrhein-Westfalen;05911000;Die Linke;lin;2014.0;Kommunalwahlprogramm Gemeinde;Gemeinde;main_corpus_observation;bo14lin.txt;main;4e6ffd973733ff5b7afd01b5fb99376f2d38d31bf8cb8cba67658b4ad6e3ada7;manual_2024_reference
USE-25369f36754c;DOC-70e833068c69;GLMP-E4E15960A3;Bochum;Nordrhein-Westfalen;05911000;FDP;fdp;2014.0;Kommunalwahlprogramm Gemeinde;Gemeinde;main_corpus_observation;bo14fdp.txt;main;70e833068c697bd35ce6d9fb1eb07af9c21efa20227774ca6b776847989a4324;manual_2024_reference
USE-21a9b2e6cdc1;DOC-c0ba0e5b89da;GLMP-3FEB833EB9;Bochum;Nordrhein-Westfalen;05911000;Freie Bürger Bochum;fbb;2014.0;Kommunalwahlprogramm Gemeinde;Gemeinde;main_corpus_observation;bo14fbb.txt;main;c0ba0e5b89da13d06e1b9f66f5bb11d3f1dd377cf706fa7933b9634f61b5f1c4;manual_2024_reference
USE-7468790f7f5e;DOC-e34ba4c6a381;GLMP-89EFE48EA3;Bochum;Nordrhein-Westfalen;05911000;Grüne;gru;2014.0;Kommunalwahlprogramm Gemeinde;Gemeinde;main_corpus_observation;bo14gru.txt;main;e34ba4c6a38145b8b8313ff2875643621ae055d39aed4c9d9388661152f3feaf;manual_2024_reference
USE-9f0f76605249;DOC-f62e92ef6ac9;GLMP-0DCFB241F2;Bochum;Nordrhein-Westfalen;05911000;Piraten;pir;2014.0;Kommunalwahlprogramm Gemeinde;Gemeinde;main_corpus_observation;bo14pir.txt;main;f62e92ef6ac9ee97611c54d79cb0792f74123c141377f49eb70568fdfad00f8c;manual_2024_reference
USE-6963522b5e02;DOC-27b20a4f1f46;GLMP-8489B77EBF;Bochum;Nordrhein-Westfalen;05911000;SPD;spd;2014.0;Kommunalwahlprogramm Gemeinde;Gemeinde;main_corpus_observation;bo14spd.txt;main;27b20a4f1f466c3c23674173fdd71da83eea7f9c1fd2c7af488124a7d2debfdd;manual_2024_reference
USE-959c7298f1be;DOC-ecbc1bc5e3a2;GLMP-6E60A3263E;Bochum;Nordrhein-Westfalen;05911000;Soziale Liste Bochum;sol;2014.0;Kommunalwahlprogramm Gemeinde;Gemeinde;main_corpus_observation;bo14sol.txt;main;ecbc1bc5e3a2025f62fb332047547a8b0be432deecbc2517405ed6d289c455ad;manual_2024_reference
USE-bf64ce50b08b;DOC-b4b7d1f00300;GLMP-6BC981E19C;Bochum;Nordrhein-Westfalen;05911000;Stadtgestalter Bochum;sgb;2014.0;Kommunalwahlprogramm Gemeinde;Gemeinde;main_corpus_observation;bo14sgb.txt;main;b4b7d1f003003c8817ec18bda40d7645518927925b95009bfe9e7efe5891d3e9;manual_2024_reference
USE-bc19fa92704d;DOC-7e1d45ef78ed;GLMP-BA8B17091F;Bochum;Nordrhein-Westfalen;05911000;Unabhängige Wählergemeinschaft (UWG);uwg;2014.0;Kommunalwahlprogramm Gemeinde;Gemeinde;main_corpus_observation;bo14uwg.txt;main;7e1d45ef78ed1b907065a66731fc4feba96bf13f9e0aa1f792503bccb3ca7a7c;manual_2024_reference
USE-7579dc27ba28;DOC-72ee1150adff;GLMP-D5AC1FA4A2;Bonn;Nordrhein-Westfalen;05314000;Alternative für Deutschland;afd;2014.0;Kommunalwahlprogramm Gemeinde;Gemeinde;main_corpus_observation;bn14afd.txt;main;72ee1150adff6957516223bd591c50d2f3554f100456447c66151c98dce692a4;manual_2024_reference
USE-4770f7a5b8d6;DOC-c8f33a58d6fe;GLMP-590B77DB63;Bonn;Nordrhein-Westfalen;05314000;Bürger Bund Bonn;bbb;2014.0;Kommunalwahlprogramm Gemeinde;Gemeinde;main_corpus_observation;bn14bbb.txt;main;c8f33a58d6fe9ce161d3f4ea24d352b4fc427c297074b40a5e385fb50370fb2b;manual_2024_reference
USE-9310e0943242;DOC-889b718970ba;GLMP-C530E0D592;Bonn;Nordrhein-Westfalen;05314000;CDU;cdu;2014.0;Kommunalwahlprogramm Gemeinde;Gemeinde;main_corpus_observation;bn14cdu.txt;main;889b718970ba282e9c1df9b159340fed47d9d4aa5ce80143479aab00213032ca;manual_2024_reference
USE-7576417f85bc;DOC-d4435fc7208f;GLMP-2735CBD0EA;Bonn;Nordrhein-Westfalen;05314000;Die Linke;lin;2014.0;Kommunalwahlprogramm Gemeinde;Gemeinde;main_corpus_observation;bn14lin.txt;main;d4435fc7208fc2fad5f1c32b76bdc18d6f0aa259496ce1eacb0431b953b3ab86;manual_2024_reference
USE-9582139470f4;DOC-927aad152f0c;GLMP-99EDDA4D5B;Bonn;Nordrhein-Westfalen;05314000;FDP;fdp;2014.0;Kommunalwahlprogramm Gemeinde;Gemeinde;main_corpus_observation;bn14fdp.txt;main;927aad152f0ccaf50f2899776f58d0230096820dc1f269eeeb044b868cbbd196;manual_2024_reference
USE-17a29afc0975;DOC-c84c60083dd9;GLMP-8C8EB767A1;Bonn;Nordrhein-Westfalen;05314000;Grüne;gru;2014.0;Kommunalwahlprogramm Gemeinde;Gemeinde;main_corpus_observation;bn14gru.txt;main;c84c60083dd9eacd65fd059a501404ad39b85894a96268cb89ae32f4830702d8;manual_2024_reference
USE-fe51356f062d;DOC-90328c100b6d;GLMP-072AE9DFA3;Bonn;Nordrhein-Westfalen;05314000;Piraten;pir;2014.0;Kommunalwahlprogramm Gemeinde;Gemeinde;main_corpus_observation;bn14pir.txt;main;90328c100b6d69c6c0936a9b84d43bb95c5f782a66e846a57ee00122c2b3919c;manual_2024_reference
USE-41834269ed25;DOC-49170a2ee6b6;GLMP-88D5EC6D60;Bonn;Nordrhein-Westfalen;05314000;SPD;spd;2014.0;Kommunalwahlprogramm Gemeinde;Gemeinde;main_corpus_observation;bn14spd.txt;main;49170a2ee6b6bac5b3f2f478dc3a743a90d25d1f28c03e869e8900a2460ef817;manual_2024_reference
USE-84fa24d3c0c9;DOC-2410e4b940fd;GLMP-889DE73B8D;Bottrop;Nordrhein-Westfalen;05512000;CDU;cdu;2014.0;Kommunalwahlprogramm Gemeinde;Gemeinde;main_corpus_observation;bt14cdu.txt;main;2410e4b940fde2e83e8505c91edb0f70fc3e2b8e933278811904b00d155e084c;manual_2024_reference
USE-f20b36f05ffa;DOC-28c8beab8904;GLMP-332F1F2DF6;Bottrop;Nordrhein-Westfalen;05512000;Deutsche Kommunistische Partei;dkp;2014.0;Kommunalwahlprogramm Gemeinde;Gemeinde;main_corpus_observation;bt14dkp.txt;main;28c8beab8904209ae38ed92dfbfcc3b75a8efd094e31b19b019fa22290fdb25d;manual_2024_reference
USE-daecfdb0b3e5;DOC-eb062f44bf5c;GLMP-CEDFB7DCD5;Bottrop;Nordrhein-Westfalen;05512000;Die Linke;lin;2014.0;Kommunalwahlprogramm Gemeinde;Gemeinde;main_corpus_observation;bt14lin.txt;main;eb062f44bf5c11f2f06c3b0a2dfa8cfbd137dcc24d2cb1597dad31737b60f2fc;manual_2024_reference
USE-43c1f34e9b97;DOC-ae9bfee455ce;GLMP-903BB4BDC8;Bottrop;Nordrhein-Westfalen;05512000;FDP;fdp;2014.0;Kommunalwahlprogramm Gemeinde;Gemeinde;main_corpus_observation;bt14fdp.txt;main;ae9bfee455ce1646ba1f94c0d732f4b08e4e54e74694779a2634e66360b7f0dc;manual_2024_reference
USE-2ab8359ae33b;DOC-a62ef652eb5c;GLMP-DCCB7EB807;Bottrop;Nordrhein-Westfalen;05512000;Piraten;pir;2014.0;Kommunalwahlprogramm Gemeinde;Gemeinde;main_corpus_observation;bt14pir.txt;main;a62ef652eb5c557968cb06195cff7965e56e66c3f1c4db127e25731908142fa2;manual_2024_reference
USE-68096f40c93e;DOC-1b81d05f9b16;GLMP-D292B27AEA;Bottrop;Nordrhein-Westfalen;05512000;SPD;spd;2014.0;Kommunalwahlprogramm Gemeinde;Gemeinde;main_corpus_observation;bt14spd.txt;main;1b81d05f9b1656f69ceb88c8bfae47ef230c1d37a00a4ae89681812ef7f67ff9;manual_2024_reference
USE-3297a0b6bf3b;DOC-8adbc574c610;GLMP-EF23A71848;Chemnitz;Sachsen;14511000;CDU;cdu;2014.0;Kommunalwahlprogramm Gemeinde;Gemeinde;main_corpus_observation;ch14cdu.txt;main;8adbc574c61080f38cff9c9c62b50e847dde0632605bdef9eb7e804a3dd015bb;local_cities_components
USE-defe00e5d5e3;DOC-57c41fe8a444;GLMP-6E7049BEE1;Chemnitz;Sachsen;14511000;Die Linke;lin;2014.0;Kommunalwahlprogramm Gemeinde;Gemeinde;main_corpus_observation;ch14lin.txt;main;57c41fe8a444c54b35f9ea879a2becddf057ab27eb916430dec0f4542a8a9233;local_cities_components
USE-41b5ad45e3cc;DOC-55142f92b934;GLMP-A326F78F16;Chemnitz;Sachsen;14511000;Die Partei;par;2014.0;Kommunalwahlprogramm Gemeinde;Gemeinde;main_corpus_observation;ch14par.txt;main;55142f92b9341ee8a0e2c9004e891a491b73fb130979c2ac949948a78cdf2c8d;local_cities_components
USE-ae65a397a42e;DOC-2e1cc36e1afc;GLMP-532F41A4C2;Chemnitz;Sachsen;14511000;FDP;fdp;2014.0;Kommunalwahlprogramm Gemeinde;Gemeinde;main_corpus_observation;ch14fdp.txt;main;2e1cc36e1afce470f3ee03695311e706cf42385b0e55ea8e0d9d2da71a69fe3e;local_cities_components
USE-9887bc62ef8c;DOC-ae64d8b2cb63;GLMP-D5954CDF73;Chemnitz;Sachsen;14511000;Grüne;gru;2014.0;Kommunalwahlprogramm Gemeinde;Gemeinde;main_corpus_observation;ch14gru.txt;main;ae64d8b2cb632f883eaa9cd7b567ef7454dfcf2529f054b325901ddd5b3c8e2e;local_cities_components
USE-a6ab971c0735;DOC-b9570c781119;GLMP-2E77E20504;Chemnitz;Sachsen;14511000;Piraten;pir;2014.0;Kommunalwahlprogramm Gemeinde;Gemeinde;main_corpus_observation;ch14pir.txt;main;b9570c7811190d9ff34fde6ed678c2b61224080d125acccf1037e34a29633acd;local_cities_components
USE-adf1f2ce0b1b;DOC-4c8443316f8c;GLMP-2971E9D7DD;Chemnitz;Sachsen;14511000;Pro Chemnitz;pro;2014.0;Kommunalwahlprogramm Gemeinde;Gemeinde;main_corpus_observation;ch14pro.txt;main;4c8443316f8ccacbb76e5c258f123bc06910b268665828f93ff80fa6ac782240;local_cities_components
USE-f3728714a276;DOC-750d751b28d8;GLMP-E16BBAA898;Chemnitz;Sachsen;14511000;SPD;spd;2014.0;Kommunalwahlprogramm Gemeinde;Gemeinde;main_corpus_observation;ch14spd.txt;main;750d751b28d86d9402bcc197234b007c95e42862699b4b204bcc0219ba004be0;local_cities_components
USE-3fa278264e77;DOC-a1c6c6ecf40c;GLMP-D81E4D2FE1;Chemnitz;Sachsen;14511000;VOSI (Wählervereinigung Volksslidarität Chemnitz);vos;2014.0;Kommunalwahlprogramm Gemeinde;Gemeinde;main_corpus_observation;ch14vos.txt;main;a1c6c6ecf40cce0de723009b707f458d3cf6524a4dfd8c31decb6ddbc29f98b1;local_cities_components
USE-3b39905f0bcd;DOC-09ae7368ac35;GLMP-B37E5B7055;Cottbus;Brandenburg;12052000;Alternative für Deutschland;afd;2014.0;Kommunalwahlprogramm Gemeinde;Gemeinde;main_corpus_observation;co14afd.txt;main;09ae7368ac35c0378d35da97e20653e708f9a9449f426e6aa217233ffa9a3dca;local_cities_components
USE-ed930343816b;DOC-3eb68f75fc78;GLMP-C8FACE0718;Cottbus;Brandenburg;12052000;CDU;cdu;2014.0;Kommunalwahlprogramm Gemeinde;Gemeinde;main_corpus_observation;co14cdu.txt;main;3eb68f75fc78d8da9c06413ca5f242636102e64d06ed72c31635d7f7c766324e;local_cities_components
USE-fc50ca3c36fa;DOC-51b1344ba159;GLMP-6667D11692;Cottbus;Brandenburg;12052000;Die Linke;lin;2014.0;Kommunalwahlprogramm Gemeinde;Gemeinde;main_corpus_observation;co14lin.txt;main;51b1344ba159e3efd00cb576d8cb47a147aba16b672eb2008d53318a77357c9a;local_cities_components
USE-0b4b9a7b796e;DOC-297c8569d696;GLMP-777B0960A3;Cottbus;Brandenburg;12052000;Frauenliste;fra;2014.0;Kommunalwahlprogramm Gemeinde;Gemeinde;main_corpus_observation;co14fra.txt;main;297c8569d696de4e9cc9f6d66b893521067b32d47236aeb6d0a94b41f1b598bf;local_cities_components
USE-92e3ad8fc438;DOC-6dcab0e11d75;GLMP-48B0CFCAB1;Cottbus;Brandenburg;12052000;Grüne;gru;2014.0;Kommunalwahlprogramm Gemeinde;Gemeinde;main_corpus_observation;co14gru.txt;main;6dcab0e11d750a7de2a8ff57acc1fae2bbcd28012eefa52ce6dfc00ef370d389;local_cities_components
USE-f0dadf076452;DOC-c7df3bfd5833;GLMP-6168162259;Cottbus;Brandenburg;12052000;SPD;spd;2014.0;Kommunalwahlprogramm Gemeinde;Gemeinde;main_corpus_observation;co14spd.txt;main;c7df3bfd5833ed5c884e9bf4b68ee12bc91a19b923d0146ac807a1c768eb9e9f;local_cities_components
USE-b0bbd2cdc431;DOC-d7d64de3d701;GLMP-9EC203C260;Dortmund;Nordrhein-Westfalen;05913000;Alternative für Deutschland;afd;2014.0;Kommunalwahlprogramm Gemeinde;Gemeinde;main_corpus_observation;do14afd.txt;main;d7d64de3d701697271302375bdf6993d4b964c1a109cb4a772528d045bda3808;manual_2024_reference
USE-4619b78770e1;DOC-b10f807bd9c1;GLMP-E96B322FC2;Dortmund;Nordrhein-Westfalen;05913000;Bürgerliste Freie Wähler;bli;2014.0;Kommunalwahlprogramm Gemeinde;Gemeinde;main_corpus_observation;do14bli.txt;main;b10f807bd9c19011e3c6c073af93376e08a23585b910b68fe8039f7c6647a496;manual_2024_reference
USE-2f07a555b7ee;DOC-a494b504d349;GLMP-B898489D46;Dortmund;Nordrhein-Westfalen;05913000;CDU;cdu;2014.0;Kommunalwahlprogramm Gemeinde;Gemeinde;main_corpus_observation;do14cdu.txt;main;a494b504d34920fec72e8439471ab7755d6cf53af6a4072af29fd83857febbbd;manual_2024_reference
USE-dc26e21ca929;DOC-e0245718d2fc;GLMP-EE0A8A672C;Dortmund;Nordrhein-Westfalen;05913000;Die Linke;lin;2014.0;Kommunalwahlprogramm Gemeinde;Gemeinde;main_corpus_observation;do14lin.txt;main;e0245718d2fcc721bcbe1c7888263c25c1524b3bd3751b662a45a5a03156fd6c;manual_2024_reference
USE-c9c716791e0d;DOC-dcd2f29d460f;GLMP-C182301DE8;Dortmund;Nordrhein-Westfalen;05913000;Die Rechte;rec;2014.0;Kommunalwahlprogramm Gemeinde;Gemeinde;main_corpus_observation;do14rec.txt;main;dcd2f29d460ff6164831d8a488fe1df2d91847f7148c3d26b140258071e58042;manual_2024_reference
USE-de3c949a8c2f;DOC-9c2c05a02f3f;GLMP-7A98BFFCD8;Dortmund;Nordrhein-Westfalen;05913000;FDP;fdp;2014.0;Kommunalwahlprogramm Gemeinde;Gemeinde;main_corpus_observation;do14fdp.txt;main;9c2c05a02f3fb9afb2f9683e44e3f3e0b4406042442ec56b1d63522714a6afa7;manual_2024_reference
USE-6130f0acda96;DOC-afeefc2aa347;GLMP-0BF3BF8407;Dortmund;Nordrhein-Westfalen;05913000;Freie Bürger Initiative;fbi;2014.0;Kommunalwahlprogramm Gemeinde;Gemeinde;main_corpus_observation;do14fbi.txt;main;afeefc2aa347abc52821a42ba5a6ae648b444af32e76b5dcbb15415499837e21;manual_2024_reference
USE-0e0ab5b52733;DOC-e62bea23c2c3;GLMP-8C023B71EB;Dortmund;Nordrhein-Westfalen;05913000;Grüne;gru;2014.0;Kommunalwahlprogramm Gemeinde;Gemeinde;main_corpus_observation;do14gru.txt;main;e62bea23c2c3cbcb941bc8502b13f45fa2683950289dc56234656a6d839a0e15;manual_2024_reference
USE-66c026feecf9;DOC-142cfa6f6e6e;GLMP-5B72519506;Dortmund;Nordrhein-Westfalen;05913000;Piraten;pir;2014.0;Kommunalwahlprogramm Gemeinde;Gemeinde;main_corpus_observation;do14pir.txt;main;142cfa6f6e6ec5e0f2bdca24fd8ab5fee6d3092ea401e9d76606ce50b3c35468;manual_2024_reference
USE-fb524dec7ec4;DOC-d3f327e4d111;GLMP-A40CBC940E;Dortmund;Nordrhein-Westfalen;05913000;SPD;spd;2014.0;Kommunalwahlprogramm Gemeinde;Gemeinde;main_corpus_observation;do14spd.txt;main;d3f327e4d1111a39907437d3b7f8cab686ce9a364e04f6e791dff475edb8d900;manual_2024_reference
USE-eab9c7cc15cc;DOC-1094399fef9e;GLMP-00ECD2B05C;Dresden;Sachsen;14612000;Alternative für Deutschland;afd;2014.0;Kommunalwahlprogramm Gemeinde;Gemeinde;main_corpus_observation;dr14afd.txt;main;1094399fef9eccd60c5b021c6bc1da9ba475666f4940954e82132ec66f44e59c;local_cities_components
USE-0377ca16d398;DOC-e39d93da9a51;GLMP-51A2F06258;Dresden;Sachsen;14612000;Bündnis für Bürger;bfb;2014.0;Kommunalwahlprogramm Gemeinde;Gemeinde;main_corpus_observation;dr14bfb.txt;main;e39d93da9a51ef4c39297f9bee87f5f2340584b7690f90bac4bbddc89fdff9d3;local_cities_components
USE-b9f072e5c93f;DOC-49447509816a;GLMP-E5DBF5406E;Dresden;Sachsen;14612000;CDU;cdu;2014.0;Kommunalwahlprogramm Gemeinde;Gemeinde;main_corpus_observation;dr14cdu.txt;main;49447509816aa515329e909ea0af5e29dd7fe38e88c7a8a2cac65580dcdef7d7;local_cities_components
USE-6352e0c2a6a5;DOC-e25b58144a7b;GLMP-CD1CDB522A;Dresden;Sachsen;14612000;Die Linke;lin;2014.0;Kommunalwahlprogramm Gemeinde;Gemeinde;main_corpus_observation;dr14lin.txt;main;e25b58144a7b7ea1e76d982ff99eaf6a450b2871b42b7a3002f170ac17fe1eae;local_cities_components
USE-396779f38d5c;DOC-4de1cd636f38;GLMP-58F0018D74;Dresden;Sachsen;14612000;Die Partei;par;2014.0;Kommunalwahlprogramm Gemeinde;Gemeinde;main_corpus_observation;dr14par.txt;main;4de1cd636f386080713efaf72d9dbccf0a04b8ca7f891c1fc8596b906d5dd9ad;local_cities_components
USE-c0065d25bdff;DOC-3cff55de3cde;GLMP-0223F14512;Dresden;Sachsen;14612000;FDP;fdp;2014.0;Kommunalwahlprogramm Gemeinde;Gemeinde;main_corpus_observation;dr14fdp.txt;main;3cff55de3cdeaf673e93f172e6056c72d66dec3a21925b93e3c2196088bb9d72;local_cities_components
USE-492d88889fdf;DOC-712e021fe9a1;GLMP-1123C59EF3;Dresden;Sachsen;14612000;Grüne;gru;2014.0;Kommunalwahlprogramm Gemeinde;Gemeinde;main_corpus_observation;dr14gru.txt;main;712e021fe9a1e11ad5fc7661e91adcf97f2484c8a0e24dec240d997ff86de653;local_cities_components
USE-7c7d8214e4a7;DOC-75c62e654913;GLMP-8A04F19C66;Dresden;Sachsen;14612000;Junge Freie Wähler;jfw;2014.0;Kommunalwahlprogramm Gemeinde;Gemeinde;main_corpus_observation;dr14jfw.txt;main;75c62e654913f65ce63154f3f65a3126aeceb2f84732ce64082be8f7d42f63e5;local_cities_components
USE-aeec726af173;DOC-fba63dfa79f1;GLMP-EC5BA8DDBD;Dresden;Sachsen;14612000;Piraten;pir;2014.0;Kommunalwahlprogramm Gemeinde;Gemeinde;main_corpus_observation;dr14pir.txt;main;fba63dfa79f165cb29e780fdfc86fd0c8af4f2d189c69aef601abc770b4e58cb;local_cities_components
USE-d432cb40785a;DOC-f7a9b34d2119;GLMP-88A562DF4D;Dresden;Sachsen;14612000;SPD;spd;2014.0;Kommunalwahlprogramm Gemeinde;Gemeinde;main_corpus_observation;dr14spd.txt;main;f7a9b34d2119d42ff07fd4188fed387ba3fcd123b14a78fe0a9a560bbde93b93;local_cities_components
USE-8497207373ee;DOC-7e299a445bb3;GLMP-EB463872D4;Duesseldorf;Nordrhein-Westfalen;05111000;Alternative für Deutschland;afd;2014.0;Kommunalwahlprogramm Gemeinde;Gemeinde;main_corpus_observation;ds14afd.txt;main;7e299a445bb301bd35f722f96b1181261284d3b60cb1f392a17d2d4ea6b247ed;manual_2024_reference
USE-4456bacde744;DOC-4ef43dd9b3e3;GLMP-8CD110E83E;Duesseldorf;Nordrhein-Westfalen;05111000;CDU;cdu;2014.0;Kommunalwahlprogramm Gemeinde;Gemeinde;main_corpus_observation;ds14cdu.txt;main;4ef43dd9b3e304784d141141551514b48ede843ced19cf0f4dc46eae10b66af5;manual_2024_reference
USE-f229a9044461;DOC-7e7d012e9d66;GLMP-8F23E18ED2;Duesseldorf;Nordrhein-Westfalen;05111000;Die Linke;lin;2014.0;Kommunalwahlprogramm Gemeinde;Gemeinde;main_corpus_observation;ds14lin.txt;main;7e7d012e9d66f428e4d190028635caba5c502b290013fb8e7a58f8d1a863bb05;manual_2024_reference
USE-ddfa7b8613df;DOC-2b3da288c2e8;GLMP-313DCBCEBB;Duesseldorf;Nordrhein-Westfalen;05111000;FDP;fdp;2014.0;Kommunalwahlprogramm Gemeinde;Gemeinde;main_corpus_observation;ds14fdp.txt;main;2b3da288c2e8bf36f061ec2740e949006a29544f4f102f17fb18fe9bafc7c3e2;manual_2024_reference
USE-c34453f92e9a;DOC-b8ee354c1898;GLMP-89A7558C14;Duesseldorf;Nordrhein-Westfalen;05111000;Grüne;gru;2014.0;Kommunalwahlprogramm Gemeinde;Gemeinde;main_corpus_observation;ds14gru.txt;main;b8ee354c18989b2318e73e61c8c36ed27d13d1933880b4c8e6b314027ab099e6;manual_2024_reference
USE-3d6cd4dee327;DOC-c4f9ef7ffc04;GLMP-BC9EA363AD;Duesseldorf;Nordrhein-Westfalen;05111000;Piraten;pir;2014.0;Kommunalwahlprogramm Gemeinde;Gemeinde;main_corpus_observation;ds14pir.txt;main;c4f9ef7ffc04f439f9cd07f59090c785a7de8dbe3ce85ce4244a3eb107075bfd;manual_2024_reference
USE-c50431ac6cf6;DOC-44a06b341256;GLMP-3C0DC1F329;Duesseldorf;Nordrhein-Westfalen;05111000;SPD;spd;2014.0;Kommunalwahlprogramm Gemeinde;Gemeinde;main_corpus_observation;ds14spd.txt;main;44a06b341256e0e346fba746cf63b6a10c88bc212ab4ce47fa0dec0de1e47c47;manual_2024_reference
USE-60926d8d64cf;DOC-148d2dee5b39;GLMP-92C64FD537;Duisburg;Nordrhein-Westfalen;05112000;Alternative für Deutschland;afd;2014.0;Kommunalwahlprogramm Gemeinde;Gemeinde;main_corpus_observation;du14afd.txt;main;148d2dee5b39f41ffdaf76b797783730f13527344c84706838543af356e77df6;manual_2024_reference
USE-094afe01dc59;DOC-33aeae790a65;GLMP-BB94E44942;Duisburg;Nordrhein-Westfalen;05112000;Bürgerliche Liberale;bul;2014.0;Kommunalwahlprogramm Gemeinde;Gemeinde;main_corpus_observation;du14bul.txt;main;33aeae790a654e40ff97ae0a0d7cb2d1b47e40f13a9304e245e6c7a25ea1e502;manual_2024_reference
USE-1fef3407640e;DOC-98e40cc3c989;GLMP-E6BFCD9A08;Duisburg;Nordrhein-Westfalen;05112000;CDU;cdu;2014.0;Kommunalwahlprogramm Gemeinde;Gemeinde;main_corpus_observation;du14cdu.txt;main;98e40cc3c989f3af51e4de47011a848f91ce2b8107d0189241689bd5f833d075;manual_2024_reference
USE-2a9439c63823;DOC-cb1cd37da9f1;GLMP-C47B973881;Duisburg;Nordrhein-Westfalen;05112000;Die Linke;lin;2014.0;Kommunalwahlprogramm Gemeinde;Gemeinde;main_corpus_observation;du14lin.txt;main;cb1cd37da9f18e3a4ce650c896675ca29eaab6da332c9f2424e04ba776e6abb8;manual_2024_reference
USE-39be8e8e2b8d;DOC-96d6ed0e90c1;GLMP-65A2F7CEC5;Duisburg;Nordrhein-Westfalen;05112000;FDP;fdp;2014.0;Kommunalwahlprogramm Gemeinde;Gemeinde;main_corpus_observation;du14fdp.txt;main;96d6ed0e90c169851a454867600b89881c3d8402cda2d51342e203d6d88f16c6;manual_2024_reference
USE-881ced28e7ce;DOC-dfbdcddc520f;GLMP-87263664D3;Duisburg;Nordrhein-Westfalen;05112000;Grüne;gru;2014.0;Kommunalwahlprogramm Gemeinde;Gemeinde;main_corpus_observation;du14gru.txt;main;dfbdcddc520f41193df3744c5db441736313762dffdb35206d9885d90502f91e;manual_2024_reference
USE-9d6cbc8e1bb5;DOC-6bb0f35f092c;GLMP-A645122153;Duisburg;Nordrhein-Westfalen;05112000;Junges Duisburg;jud;2014.0;Kommunalwahlprogramm Gemeinde;Gemeinde;main_corpus_observation;du14jud.txt;main;6bb0f35f092ca2a317bef4e92f4d7ce9e15c8da18ba5569f931c3114c832faae;manual_2024_reference
USE-b214b4b3657a;DOC-4071a40df2e7;GLMP-E58F122E0E;Duisburg;Nordrhein-Westfalen;05112000;Piraten;pir;2014.0;Kommunalwahlprogramm Gemeinde;Gemeinde;main_corpus_observation;du14pir.txt;main;4071a40df2e7d1f86e64927fd7c44020ded20318e21eff4e1299636babbaeba2;manual_2024_reference
USE-54f80f335024;DOC-17924445e4b9;GLMP-29F090636A;Duisburg;Nordrhein-Westfalen;05112000;SPD;spd;2014.0;Kommunalwahlprogramm Gemeinde;Gemeinde;main_corpus_observation;du14spd.txt;main;17924445e4b917c0c706a694b19649b410a123129807159351134d3914865b67;manual_2024_reference
USE-244f9d997793;DOC-3f4877777191;GLMP-63622642CE;Erfurt;Thüringen;16051000;CDU;cdu;2014.0;Kommunalwahlprogramm Gemeinde;Gemeinde;main_corpus_observation;ef14cdu.txt;main;3f487777719188352b33d966d291c83e6f8ef2b265dd6f7ca1f69bf2290f607f;local_cities_components
USE-9df604f394a1;DOC-7a3c4cf10282;GLMP-659BB6681E;Erfurt;Thüringen;16051000;Die Linke;lin;2014.0;Kommunalwahlprogramm Gemeinde;Gemeinde;main_corpus_observation;ef14lin.txt;main;7a3c4cf102825cf9901d7fbbb6b4b2dc990321aaa13a59f2f3d3b20e923ceb58;local_cities_components
USE-be4e4a3ed509;DOC-1ad1133b1ade;GLMP-0B4E9C880D;Erfurt;Thüringen;16051000;Freie Wähler;fwg;2014.0;Kommunalwahlprogramm Gemeinde;Gemeinde;main_corpus_observation;ef14fwg.txt;main;1ad1133b1ade8fdbb1fcecaf7d2fab4d7e6032e2fd8ef554631e290024a44e71;local_cities_components
USE-794ce46fcb6c;DOC-8cd3b4406a8c;GLMP-54972586A6;Erfurt;Thüringen;16051000;Grüne;gru;2014.0;Kommunalwahlprogramm Gemeinde;Gemeinde;main_corpus_observation;ef14gru.txt;main;8cd3b4406a8c2e68be39456c7d57eaab254188a5426f672bdec0c45e00a61ed0;local_cities_components
USE-df3f094b616a;DOC-bbb714077128;GLMP-1167E1F14A;Erfurt;Thüringen;16051000;SPD;spd;2014.0;Kommunalwahlprogramm Gemeinde;Gemeinde;main_corpus_observation;ef14spd.txt;main;bbb714077128c3cde436e8685a8233a54d7149c93ac2357047bfdfe9438b1a2c;local_cities_components
USE-031562db700f;DOC-64f2c3933ede;GLMP-06DF8C21A2;Erlangen;Bayern;09562000;CSU;csu;2014.0;Kommunalwahlprogramm Gemeinde;Gemeinde;main_corpus_observation;er14csu.txt;main;64f2c3933ede0f49a308883344b0d333d8e2422fe7fd5f3522ea5f5e08704b35;manual_2024_reference
USE-356bc0f200ba;DOC-b28c2365845c;GLMP-EBFF82A69B;Erlangen;Bayern;09562000;Die Linke;lin;2014.0;Kommunalwahlprogramm Gemeinde;Gemeinde;main_corpus_observation;er14lin.txt;main;b28c2365845c4e475de8d2a5855fd03a6abc6aedcfe215fb488f0de7aad1b58e;manual_2024_reference
USE-2aea144db05a;DOC-b5dfc953ad08;GLMP-196425668D;Erlangen;Bayern;09562000;FDP;fdp;2014.0;Kommunalwahlprogramm Gemeinde;Gemeinde;main_corpus_observation;er14fdp.txt;main;b5dfc953ad083936c734b6c0027f0e5e5566db10313c4da91aa978308208921a;manual_2024_reference
USE-684e3e846fb4;DOC-e173cd461a64;GLMP-87BC093528;Erlangen;Bayern;09562000;Freie Wähler;fwg;2014.0;Kommunalwahlprogramm Gemeinde;Gemeinde;main_corpus_observation;er14fwg.txt;main;e173cd461a647d778618f1f071ea59b6f5e44bb85ffa4445b198eb71e84d4d7b;manual_2024_reference
USE-ee0a8a2751fc;DOC-1eca15d08ca8;GLMP-0104C9155D;Erlangen;Bayern;09562000;Grüne;gru;2014.0;Kommunalwahlprogramm Gemeinde;Gemeinde;main_corpus_observation;er14gru.txt;main;1eca15d08ca8733c96e2d840a07dd3053a3bffa117c1227d3412c76a67bc1a64;manual_2024_reference
USE-ff2aaeaf5bc6;DOC-3961c29687a7;GLMP-0E32F31481;Erlangen;Bayern;09562000;SPD;spd;2014.0;Kommunalwahlprogramm Gemeinde;Gemeinde;main_corpus_observation;er14spd.txt;main;3961c29687a78f12837ce0054b29a7e01a7f8c999c49bbab0a79744e674039b7;manual_2024_reference
USE-a3751c8eb9b1;DOC-85fd61597b2e;GLMP-25FAB0A70A;Erlangen;Bayern;09562000;Ökologisch-Demokratische Partei (ÖDP);odp;2014.0;Kommunalwahlprogramm Gemeinde;Gemeinde;main_corpus_observation;er14odp.txt;main;85fd61597b2e6d02a5e8459e8d7919a2fb851909cb89cf9f68e79cddcb48e645;manual_2024_reference
USE-bc71aac34539;DOC-b265d2078efc;GLMP-E03902959C;Essen;Nordrhein-Westfalen;05113000;Alternative für Deutschland;afd;2014.0;Kommunalwahlprogramm Gemeinde;Gemeinde;main_corpus_observation;es14afd.txt;main;b265d2078efcd120b6dd05e814a342da6a8cbf29363ee94e241c7a69d62b623f;manual_2024_reference
USE-b77a3a78242a;DOC-7ad6c8a7c2ef;GLMP-9F88560E1F;Essen;Nordrhein-Westfalen;05113000;CDU;cdu;2014.0;Kommunalwahlprogramm Gemeinde;Gemeinde;main_corpus_observation;es14cdu.txt;main;7ad6c8a7c2ef6efc784be65003c7a328d95639ae293e6358813a0ba859050b82;manual_2024_reference
USE-53bae093405e;DOC-9eb58ee16766;GLMP-46479D868D;Essen;Nordrhein-Westfalen;05113000;Die Linke;lin;2014.0;Kommunalwahlprogramm Gemeinde;Gemeinde;main_corpus_observation;es14lin.txt;main;9eb58ee16766c9a56cfe18e3d16e8eeebbd81ea856f0e5e0905745dba06d8e18;manual_2024_reference
USE-dec5e0fcea38;DOC-37a47a9cef3a;GLMP-E08E1DDE5D;Essen;Nordrhein-Westfalen;05113000;Die Partei;par;2014.0;Kommunalwahlprogramm Gemeinde;Gemeinde;main_corpus_observation;es14par.txt;main;37a47a9cef3a584e4407f53e70bb1bb5dd65b35b8d3aea69e04ae233e5edde84;manual_2024_reference
USE-2cf21944e1c8;DOC-e024c7cddfac;GLMP-9DE651A87E;Essen;Nordrhein-Westfalen;05113000;Essener Bürger Bündnis;ebb;2014.0;Kommunalwahlprogramm Gemeinde;Gemeinde;main_corpus_observation;es14ebb.txt;main;e024c7cddfacc872004fd11cfe0b22cfbc1a4bb1f05f3f94365db333c9363848;manual_2024_reference
USE-ef2089d2e1f4;DOC-eeec6e340cee;GLMP-859E845435;Essen;Nordrhein-Westfalen;05113000;FDP;fdp;2014.0;Kommunalwahlprogramm Gemeinde;Gemeinde;main_corpus_observation;es14fdp.txt;main;eeec6e340cee4b5e7d17cb5ddba8bed4f49ad45158fded1853868ec96ca087b0;manual_2024_reference
USE-cd85e2567f0b;DOC-cf39e19cc31e;GLMP-7EBB1B4F43;Essen;Nordrhein-Westfalen;05113000;Grüne;gru;2014.0;Kommunalwahlprogramm Gemeinde;Gemeinde;main_corpus_observation;es14gru.txt;main;cf39e19cc31eb588c604d8d5235f673779a322e3ae38b8aa6469d3f275a39e4c;manual_2024_reference
USE-5350d97a47b4;DOC-cc095c36f4e9;GLMP-FE53F65525;Essen;Nordrhein-Westfalen;05113000;Piraten;pir;2014.0;Kommunalwahlprogramm Gemeinde;Gemeinde;main_corpus_observation;es14pir.txt;main;cc095c36f4e9cc87c39bdd96f2f079e437c4837beadeb88fb03879b6516fb19c;manual_2024_reference
USE-5d8d3c6e43c3;DOC-43c94ae64576;GLMP-A3AEA0527A;Essen;Nordrhein-Westfalen;05113000;SPD;spd;2014.0;Kommunalwahlprogramm Gemeinde;Gemeinde;main_corpus_observation;es14spd.txt;main;43c94ae645760cd8444bdaabfb85a796306326cfaa1ba0f24fa9fad6367fa746;manual_2024_reference
USE-0323a869d23d;DOC-b677819efec0;GLMP-D4ECC21519;Freiburg im Breisgau;Baden-Württemberg;08311000;CDU;cdu;2014.0;Kommunalwahlprogramm Gemeinde;Gemeinde;main_corpus_observation;fr14cdu.txt;main;b677819efec0aeebd074197e339acb1c9152051b5346363dee4dc48ce8a4fe9b;local_cities_components
USE-e2456b08748e;DOC-0ce94352ee97;GLMP-3070E18C61;Freiburg im Breisgau;Baden-Württemberg;08311000;Die Linke;lin;2014.0;Kommunalwahlprogramm Gemeinde;Gemeinde;main_corpus_observation;fr14lin.txt;main;0ce94352ee97b7a5ad1f18f2095a0454c71a2209deb7a6a239925921e76955f6;local_cities_components
USE-435a9287cf02;DOC-4b0f4072c3bd;GLMP-E5354620A9;Freiburg im Breisgau;Baden-Württemberg;08311000;Die Partei;par;2014.0;Kommunalwahlprogramm Gemeinde;Gemeinde;main_corpus_observation;fr14par.txt;main;4b0f4072c3bd96450a37ad2d5bcd043ea7022f37b8535370d829e340d4cc062e;local_cities_components
USE-ff5529f704e0;DOC-8601c10435a3;GLMP-4B64BBEB5A;Freiburg im Breisgau;Baden-Württemberg;08311000;FDP;fdp;2014.0;Kommunalwahlprogramm Gemeinde;Gemeinde;main_corpus_observation;fr14fdp.txt;main;8601c10435a35f58049f2302206069593eb6703b3e701110bd0539815ce1ddcb;local_cities_components
USE-28f14859af8d;DOC-1949ef93527f;GLMP-73834D8F23;Freiburg im Breisgau;Baden-Württemberg;08311000;Freie Wähler;fwg;2014.0;Kommunalwahlprogramm Gemeinde;Gemeinde;main_corpus_observation;fr14fwg.txt;main;1949ef93527f26d81a634b4d1f3c576ea2098ecf3b8df6f776afa623ead32d48;local_cities_components
USE-2acfcae610b8;DOC-c5f3280212ed;GLMP-06B46A46AB;Freiburg im Breisgau;Baden-Württemberg;08311000;Für Freiburg;ffr;2014.0;Kommunalwahlprogramm Gemeinde;Gemeinde;main_corpus_observation;fr14ffr.txt;main;c5f3280212edffd69463428fdaf37755dcc50e4e951f3f080e86c4404e95428b;local_cities_components
USE-f6f5d75cb019;DOC-dd77751bab0a;GLMP-6872CCF48D;Freiburg im Breisgau;Baden-Württemberg;08311000;Grüne;gru;2014.0;Kommunalwahlprogramm Gemeinde;Gemeinde;main_corpus_observation;fr14gru.txt;main;dd77751bab0a3a9a0ce5e2680d862b0de8825ba5baa84e25eb4b921fb8b36ab0;local_cities_components
USE-e877d934db98;DOC-79c309b0e9aa;GLMP-F4542514F6;Freiburg im Breisgau;Baden-Württemberg;08311000;Junges Freiburg;juf;2014.0;Kommunalwahlprogramm Gemeinde;Gemeinde;main_corpus_observation;fr14juf.txt;main;79c309b0e9aa87a841551113db680c00107edc6619ee386d25fd20760df516a7;local_cities_components
USE-07c63261863a;DOC-bafe14bb9574;GLMP-5953F8C6CE;Freiburg im Breisgau;Baden-Württemberg;08311000;SPD;spd;2014.0;Kommunalwahlprogramm Gemeinde;Gemeinde;main_corpus_observation;fr14spd.txt;main;bafe14bb957461657906f826db727abee7758b1eae59901009fbd4fc05cf6614;local_cities_components
USE-25063fbcc0ff;DOC-5bf5104a3f6e;GLMP-ADAE75B771;Freiburg im Breisgau;Baden-Württemberg;08311000;Unabhängige Frauen Freiburg;uff;2014.0;Kommunalwahlprogramm Gemeinde;Gemeinde;main_corpus_observation;fr14uff.txt;main;5bf5104a3f6ea63df11bcaaadf3166a0f38174212f9696ff34c77bac3c10ee4c;local_cities_components
USE-93be11d5d1c7;DOC-e37a89aa2775;GLMP-9B0719C31E;Fuerth;Bayern;09563000;CSU;csu;2014.0;Kommunalwahlprogramm Gemeinde;Gemeinde;main_corpus_observation;fu14csu.txt;main;e37a89aa2775cef0f967f2fd573ab5a401dc7260c9925c8a330b699b958b2c95;manual_2024_reference
USE-4f51dfafee09;DOC-38309cadfeb5;GLMP-86A7C6D8BD;Fuerth;Bayern;09563000;Die Linke;lin;2014.0;Kommunalwahlprogramm Gemeinde;Gemeinde;main_corpus_observation;fu14lin.txt;main;38309cadfeb59a98b7c151d91790157c38a9fdc3041b3870a5c58a685a8185d4;manual_2024_reference
USE-cf812b282804;DOC-0a830fe7ad04;GLMP-9F725627E3;Fuerth;Bayern;09563000;FDP;fdp;2014.0;Kommunalwahlprogramm Gemeinde;Gemeinde;main_corpus_observation;fu14fdp.txt;main;0a830fe7ad040f573b71f11d10bf2fbe41ed85d041a780299394ecb924d6c316;manual_2024_reference
USE-f31a5e7eb443;DOC-700b73e9f903;GLMP-CAE080BD50;Fuerth;Bayern;09563000;Freie Wähler;fwg;2014.0;Kommunalwahlprogramm Gemeinde;Gemeinde;main_corpus_observation;fu14fwg.txt;main;700b73e9f903180c953e6cd9fdaccd7295b46d86f766c6886db2984ccfaeec5b;manual_2024_reference
USE-c3c78c74ac7a;DOC-d66002e0917a;GLMP-04A57BFE35;Fuerth;Bayern;09563000;Grüne;gru;2014.0;Kommunalwahlprogramm Gemeinde;Gemeinde;main_corpus_observation;fu14gru.txt;main;d66002e0917a5b019d6182f4755d0f665aabfd3e8143560a267cf83d3573e37f;manual_2024_reference
USE-2c0eb35ba1cf;DOC-9658e610b144;GLMP-7A3113FA9B;Fuerth;Bayern;09563000;SPD;spd;2014.0;Kommunalwahlprogramm Gemeinde;Gemeinde;main_corpus_observation;fu14spd.txt;main;9658e610b1449ea6a5a668486ef1caccbde98e19e75b283b245d953a2c5db27b;manual_2024_reference
USE-2b1e6d90ae35;DOC-00805f98d2b5;GLMP-342ACC533F;Gelsenkirchen;Nordrhein-Westfalen;05513000;Alternative für Deutschland;afd;2014.0;Kommunalwahlprogramm Gemeinde;Gemeinde;main_corpus_observation;ge14afd.txt;main;00805f98d2b59d4b1ae8bae2b1a2c746e178418352021bf85d2be03fc4567fac;manual_2024_reference
USE-fc98420d02e1;DOC-1bbe88fed866;GLMP-E10AC72E90;Gelsenkirchen;Nordrhein-Westfalen;05513000;CDU;cdu;2014.0;Kommunalwahlprogramm Gemeinde;Gemeinde;main_corpus_observation;ge14cdu.txt;main;1bbe88fed8665a2cff8a20b1ebe6b7ec7e7569bd4a366db244014afda0aa6008;manual_2024_reference
USE-0bf5801d6902;DOC-3296e7fdd08b;GLMP-0FED2F9720;Gelsenkirchen;Nordrhein-Westfalen;05513000;Die Linke;lin;2014.0;Kommunalwahlprogramm Gemeinde;Gemeinde;main_corpus_observation;ge14lin.txt;main;3296e7fdd08b3bb33daadbf36449efa3df7e3381a06fbc8ae13dfd50276acb5a;manual_2024_reference
USE-cbbe205392f3;DOC-0ab38cba10e7;GLMP-B00266D1A3;Gelsenkirchen;Nordrhein-Westfalen;05513000;Grüne;gru;2014.0;Kommunalwahlprogramm Gemeinde;Gemeinde;main_corpus_observation;ge14gru.txt;main;0ab38cba10e7cb1accba215f925c894849fe0060992c48b523855ee7f5d8c90c;manual_2024_reference
USE-318546b2f159;DOC-497a94063104;GLMP-0488CD81AE;Gelsenkirchen;Nordrhein-Westfalen;05513000;SPD;spd;2014.0;Kommunalwahlprogramm Gemeinde;Gemeinde;main_corpus_observation;ge14spd.txt;main;497a940631045fa07618603bb486210712308d2b2a2fed2575302eb584a4a19e;manual_2024_reference
USE-24fa6bc8aee4;DOC-87c9420c5af6;GLMP-556AA3F8D8;Gelsenkirchen;Nordrhein-Westfalen;05513000;Wähler Initiative NRW;win;2014.0;Kommunalwahlprogramm Gemeinde;Gemeinde;main_corpus_observation;ge14win.txt;main;87c9420c5af611660698576c8b833651394c0fd5caffbca4164bc1198c2b27fe;manual_2024_reference
USE-246099b66f81;DOC-2f3b4fd19f6d;GLMP-4A74C3A44E;Hagen;Nordrhein-Westfalen;05914000;Bürger für  (BfHO);bfh;2014.0;Kommunalwahlprogramm Gemeinde;Gemeinde;main_corpus_observation;ha14bfh.txt;main;2f3b4fd19f6ddbe4bdce70711809f8928ab542f0af150735b67e881407d8bcbb;manual_2024_reference
USE-4132103e4785;DOC-c8f65765b036;GLMP-0A8A57DC1C;Hagen;Nordrhein-Westfalen;05914000;CDU;cdu;2014.0;Kommunalwahlprogramm Gemeinde;Gemeinde;main_corpus_observation;ha14cdu.txt;main;c8f65765b0362f3b4258ece2875b0779d34273e8c7eda03c8364125f35f71c9c;manual_2024_reference
USE-ab87841c54cd;DOC-10721eddd8fe;GLMP-1D01E74464;Hagen;Nordrhein-Westfalen;05914000;Die Linke;lin;2014.0;Kommunalwahlprogramm Gemeinde;Gemeinde;main_corpus_observation;ha14lin.txt;main;10721eddd8fe21ff93b912712cc58dae82f3ac7d87557881f866751aae2f17e8;manual_2024_reference
USE-4e11192caf8d;DOC-2dcc34a121ec;GLMP-680778D9A8;Hagen;Nordrhein-Westfalen;05914000;FDP;fdp;2014.0;Kommunalwahlprogramm Gemeinde;Gemeinde;main_corpus_observation;ha14fdp.txt;main;2dcc34a121ec97a723cacb0a05eef3d10db4005e09ee4b27382a7f885b3fbd74;manual_2024_reference
USE-0f7e197e6aff;DOC-bc851b52abcf;GLMP-A233372655;Hagen;Nordrhein-Westfalen;05914000;Grüne;gru;2014.0;Kommunalwahlprogramm Gemeinde;Gemeinde;main_corpus_observation;ha14gru.txt;main;bc851b52abcf247a9ff201229ded8c403a6305fae0a8a3e8ce7d1a37759a0d5d;manual_2024_reference
USE-8e0301730a49;DOC-832e883e138e;GLMP-6FAB5FCA28;Hagen;Nordrhein-Westfalen;05914000;Piraten;pir;2014.0;Kommunalwahlprogramm Gemeinde;Gemeinde;main_corpus_observation;ha14pir.txt;main;832e883e138e6fddfc876561468a8c59af2a1b63a2cd954c04e110821fd1d7b9;manual_2024_reference
USE-5a94a126f436;DOC-647acd859c8d;GLMP-74B2A2A8EE;Hagen;Nordrhein-Westfalen;05914000;SPD;spd;2014.0;Kommunalwahlprogramm Gemeinde;Gemeinde;main_corpus_observation;ha14spd.txt;main;647acd859c8dc28ecdf8f1832f28b6cf2196f934c9a3323dad59ed117154e005;manual_2024_reference
USE-d3c78a3012b0;DOC-fe69ebb2cab3;GLMP-16D275C09C;Halle (Saale);Sachsen-Anhalt;15002000;CDU;cdu;2014.0;Kommunalwahlprogramm Gemeinde;Gemeinde;main_corpus_observation;hl14cdu.txt;main;fe69ebb2cab36b3b5632b9bc09d53dde84e69289786ba97d33213e2107387341;local_cities_components
USE-045085602a90;DOC-1b7fb594e127;GLMP-F5D5275A80;Halle (Saale);Sachsen-Anhalt;15002000;Die Linke;lin;2014.0;Kommunalwahlprogramm Gemeinde;Gemeinde;main_corpus_observation;hl14lin.txt;main;1b7fb594e1270469f5a6f27937f6591e6008aaf56535bae5d36bb33cbe5a505a;local_cities_components
USE-47d47f6aa19a;DOC-f2a014525e57;GLMP-7DCA8CEC5B;Halle (Saale);Sachsen-Anhalt;15002000;Die Partei;par;2014.0;Kommunalwahlprogramm Gemeinde;Gemeinde;main_corpus_observation;hl14par.txt;main;f2a014525e5740cb16a795e42a3fc3908da097edc923cdb08c9b8ad76971f167;local_cities_components
USE-8e134ff252db;DOC-66ff95d228bb;GLMP-D238AD77DC;Halle (Saale);Sachsen-Anhalt;15002000;FDP;fdp;2014.0;Kommunalwahlprogramm Gemeinde;Gemeinde;main_corpus_observation;hl14fdp.txt;main;66ff95d228bb1b1fda95075fec66060555c2d81a777795c129de5d13f5320c08;local_cities_components
USE-1dda663dd7ed;DOC-3c68305ef1ec;GLMP-22072CC823;Halle (Saale);Sachsen-Anhalt;15002000;Grüne;gru;2014.0;Kommunalwahlprogramm Gemeinde;Gemeinde;main_corpus_observation;hl14gru.txt;main;3c68305ef1ecdce37a83d8fb3b92f3d3d54db3de86f95eb03e3e08f7e5caddcf;local_cities_components
USE-d44f94255c24;DOC-94a2e231b9fe;GLMP-D4769DF4FB;Halle (Saale);Sachsen-Anhalt;15002000;MitBürger;mit;2014.0;Kommunalwahlprogramm Gemeinde;Gemeinde;main_corpus_observation;hl14mit.txt;main;94a2e231b9fe3cfe1406a8d0ccb19fd705342775b14ce31b3e3607d7d1155d51;local_cities_components
USE-a9ad7c8aef2b;DOC-15b46ca0e1c6;GLMP-7A89C9552A;Halle (Saale);Sachsen-Anhalt;15002000;SPD;spd;2014.0;Kommunalwahlprogramm Gemeinde;Gemeinde;main_corpus_observation;hl14spd.txt;main;15b46ca0e1c6f4808d7f883e79efc4ef7529187ed45a410d74af6f280cb08cbc;local_cities_components
USE-a1194428bb3b;DOC-4eec0febdc5d;GLMP-633028EB86;Hamm;Nordrhein-Westfalen;05915000;CDU;cdu;2014.0;Kommunalwahlprogramm Gemeinde;Gemeinde;main_corpus_observation;hm14cdu.txt;main;4eec0febdc5dcfb3ede450a5ae001109c4b304749c4d15a0e2fd852fe2006773;manual_2024_reference
USE-7b3f04263927;DOC-94eab2a471f0;GLMP-0995804617;Hamm;Nordrhein-Westfalen;05915000;Die Linke;lin;2014.0;Kommunalwahlprogramm Gemeinde;Gemeinde;main_corpus_observation;hm14lin.txt;main;94eab2a471f05393adc3a2fab7701718f1978f251f16b4425409b61e40feb63a;manual_2024_reference
USE-e3afcaa40013;DOC-eb6cf24e3ce5;GLMP-8FED162918;Hamm;Nordrhein-Westfalen;05915000;Die Rechte;rec;2014.0;Kommunalwahlprogramm Gemeinde;Gemeinde;main_corpus_observation;hm14rec.txt;main;eb6cf24e3ce59164cae1ecb2ade44b297b4e5d0198e8efd3ec927d597547d1c4;manual_2024_reference
USE-562f7ef7b472;DOC-0cefa4757bef;GLMP-C6DBF357E6;Hamm;Nordrhein-Westfalen;05915000;FDP;fdp;2014.0;Kommunalwahlprogramm Gemeinde;Gemeinde;main_corpus_observation;hm14fdp.txt;main;0cefa4757bef61e1bbdd92d31e73194febc5f68f488db4c9791f05cb48b24eed;manual_2024_reference
USE-4d1ea4322fe7;DOC-49ba329996d7;GLMP-D0F28D8A47;Hamm;Nordrhein-Westfalen;05915000;Grüne;gru;2014.0;Kommunalwahlprogramm Gemeinde;Gemeinde;main_corpus_observation;hm14gru.txt;main;49ba329996d7a08aba7ed258f82d9a5a8bf0f1503de7c2f22e86ed57fe02e1b7;manual_2024_reference
USE-b0b164272433;DOC-a339db39fc50;GLMP-8EABED6479;Hamm;Nordrhein-Westfalen;05915000;Piraten;pir;2014.0;Kommunalwahlprogramm Gemeinde;Gemeinde;main_corpus_observation;hm14pir.txt;main;a339db39fc5061ecb3b8da0efdd57fc0b4616d16317f999902a0815cf8eb2ab8;manual_2024_reference
USE-58e8b8f529e8;DOC-78dc4c6b994e;GLMP-45737E6BF4;Hamm;Nordrhein-Westfalen;05915000;Pro Hamm;prh;2014.0;Kommunalwahlprogramm Gemeinde;Gemeinde;main_corpus_observation;hm14prh.txt;main;78dc4c6b994eae4c0919cf3674c56b1d7f757c6937188bffcd5515d62405ba34;manual_2024_reference
USE-8e64e7567f35;DOC-ca2f6f3f5df4;GLMP-7BC5C623EB;Hamm;Nordrhein-Westfalen;05915000;SPD;spd;2014.0;Kommunalwahlprogramm Gemeinde;Gemeinde;main_corpus_observation;hm14spd.txt;main;ca2f6f3f5df4c1be374b6ec7b35a471033c9ff5888978afc4581f3c72d1e6c7c;manual_2024_reference
USE-74140fc69927;DOC-40a24f539d5e;GLMP-2407BCF861;Heidelberg;Baden-Württemberg;08221000;Bunte Linke Heidelberg;bul;2014.0;Kommunalwahlprogramm Gemeinde;Gemeinde;main_corpus_observation;hd14bul.txt;main;40a24f539d5e7ba2294481903e3f2571ea6ac9772f2d9b707c387c9a9d50ec38;local_cities_components
USE-61cedc0bddec;DOC-ddbea3ce2281;GLMP-F69F7EE538;Heidelberg;Baden-Württemberg;08221000;CDU;cdu;2014.0;Kommunalwahlprogramm Gemeinde;Gemeinde;main_corpus_observation;hd14cdu.txt;main;ddbea3ce228146e87a761d63bee53fcfe680dabe53fbc5dc255197208974f49e;local_cities_components
USE-9dd8d7626991;DOC-63e449af4242;GLMP-0F0CC6D42C;Heidelberg;Baden-Württemberg;08221000;Die Linke;lin;2014.0;Kommunalwahlprogramm Gemeinde;Gemeinde;main_corpus_observation;hd14lin.txt;main;63e449af424235c3d8812386ad7466cce92016d3ab8fd95fd082aa44fdf8c70f;local_cities_components
USE-3153b5ae1c3d;DOC-c92c87689e5c;GLMP-55D08BCF89;Heidelberg;Baden-Württemberg;08221000;FDP;fdp;2014.0;Kommunalwahlprogramm Gemeinde;Gemeinde;main_corpus_observation;hd14fdp.txt;main;c92c87689e5c0b6fff287719032d05ebbeca0c41bab063da1439a2b811fb313d;local_cities_components
USE-8ebb38700a42;DOC-c7ffdf5339c3;GLMP-80D4FD1ADF;Heidelberg;Baden-Württemberg;08221000;Grüne;gru;2014.0;Kommunalwahlprogramm Gemeinde;Gemeinde;main_corpus_observation;hd14gru.txt;main;c7ffdf5339c3b0794bb2d0cc8fb76e717672bc503fc1fd1c21ff1c7839dc5048;local_cities_components
USE-4c48c9755fe9;DOC-8ce15d8d5c46;GLMP-1D25A572AF;Heidelberg;Baden-Württemberg;08221000;Grüne Alternative Liste;gal;2014.0;Kommunalwahlprogramm Gemeinde;Gemeinde;main_corpus_observation;hd14gal.txt;main;8ce15d8d5c46af263bab230b8edf34c11b987a1a78be6119e1511b84837b0dbc;local_cities_components
USE-347288921ef0;DOC-5e9ea2bdc905;GLMP-00608D2348;Heidelberg;Baden-Württemberg;08221000;Piraten;pir;2014.0;Kommunalwahlprogramm Gemeinde;Gemeinde;main_corpus_observation;hd14pir.txt;main;5e9ea2bdc905503b463f9708d8b2d0cafe59b73a3552a702db8663f5da76122b;local_cities_components
USE-926ee613d907;DOC-7b605a2101ad;GLMP-F1D15A13B8;Heidelberg;Baden-Württemberg;08221000;SPD;spd;2014.0;Kommunalwahlprogramm Gemeinde;Gemeinde;main_corpus_observation;hd14spd.txt;main;7b605a2101adf8c0b8503bddfd936d060c7ce65b1802dd543255114647c9a47e;local_cities_components
USE-77a479fc8928;DOC-072755aca9f2;GLMP-F4F885AA5C;Heilbronn;Baden-Württemberg;08121000;CDU;cdu;2014.0;Kommunalwahlprogramm Gemeinde;Gemeinde;main_corpus_observation;hn14cdu.txt;main;072755aca9f2257e2ad36ade5bbb6820f5ec5b960b5b3cf3c76db52e3334161f;local_cities_components
USE-7ffb2c587c64;DOC-cd34079580e6;GLMP-16B951D171;Heilbronn;Baden-Württemberg;08121000;Die Linke;lin;2014.0;Kommunalwahlprogramm Gemeinde;Gemeinde;main_corpus_observation;hn14lin.txt;main;cd34079580e62e2b5cfe99495f8d8e46bfa84eff4b1f2fb83ce5d98891fd330c;local_cities_components
USE-3f6d40d00c4b;DOC-187bcc28e4fa;GLMP-7053E730A1;Heilbronn;Baden-Württemberg;08121000;FDP;fdp;2014.0;Kommunalwahlprogramm Gemeinde;Gemeinde;main_corpus_observation;hn14fdp.txt;main;187bcc28e4fa04f542743f34fe427a28baffdbe686d20939bcfd5488608abc1c;local_cities_components
USE-2c7beacd3f6c;DOC-c5062119eb2c;GLMP-3E37F5854F;Heilbronn;Baden-Württemberg;08121000;Grüne;gru;2014.0;Kommunalwahlprogramm Gemeinde;Gemeinde;main_corpus_observation;hn14gru.txt;main;c5062119eb2cd4bed419ebbf95a1c50a9083ba80894d4a4b6c344a4943dc4114;local_cities_components
USE-2036c3b2c6da;DOC-cce09d0199df;GLMP-EC59EF0EA8;Heilbronn;Baden-Württemberg;08121000;SPD;spd;2014.0;Kommunalwahlprogramm Gemeinde;Gemeinde;main_corpus_observation;hn14spd.txt;main;cce09d0199df494686e04869b9d542f94bd75a283a3516dfea19204e8959278f;local_cities_components
USE-3411c33b2b82;DOC-4a4c5396486f;GLMP-0B671417B9;Ingolstadt;Bayern;09161000;Bürgergemeinschaft Ingolstadt;bgi;2014.0;Kommunalwahlprogramm Gemeinde;Gemeinde;main_corpus_observation;in14bgi.txt;main;4a4c5396486f14b63506a0823aa874cc275ebcde3e0e41f6c08fc9dc1ce561c1;manual_2024_reference
USE-85ba8f1ce17c;DOC-f5fe02606823;GLMP-1D8E440927;Ingolstadt;Bayern;09161000;CSU;csu;2014.0;Kommunalwahlprogramm Gemeinde;Gemeinde;main_corpus_observation;in14csu.txt;main;f5fe026068237258e0a8828ea79e4d0e630d801a4d8125f67eb3c63cc5a869a1;manual_2024_reference
USE-f75a64ce6ab2;DOC-74fa14ae9c17;GLMP-955BA0432C;Ingolstadt;Bayern;09161000;Die Linke;lin;2014.0;Kommunalwahlprogramm Gemeinde;Gemeinde;main_corpus_observation;in14lin.txt;main;74fa14ae9c175bc861b9fb78bf1e0b74666eceb997924b9d719aa7efbf096862;manual_2024_reference
USE-012a1d166423;DOC-a50271a17db1;GLMP-CFE8D015A1;Ingolstadt;Bayern;09161000;FDP;fdp;2014.0;Kommunalwahlprogramm Gemeinde;Gemeinde;main_corpus_observation;in14fdp.txt;main;a50271a17db19e7b69d4016cf7685594c304a5fd4f1e1837ca0acf7eed53fb2e;manual_2024_reference
USE-e0984bc3230c;DOC-663ee1cacf66;GLMP-2F3E22A103;Ingolstadt;Bayern;09161000;Freie Wähler;fwg;2014.0;Kommunalwahlprogramm Gemeinde;Gemeinde;main_corpus_observation;in14fwg.txt;main;663ee1cacf669f04d37cafa3d206e0a2eab9582da2c77d9cb39a5ae911b56ae9;manual_2024_reference
USE-48df0d3e6c01;DOC-a5ea88aea3a5;GLMP-86BC3E2CBB;Ingolstadt;Bayern;09161000;Grüne;gru;2014.0;Kommunalwahlprogramm Gemeinde;Gemeinde;main_corpus_observation;in14gru.txt;main;a5ea88aea3a598ba460d5d47977aaee1c3777fd40c7ec64dc05dfd0c41b47aa2;manual_2024_reference
USE-2944b8a1b25a;DOC-27f468df53d5;GLMP-8FE3120EB8;Jena;Thüringen;16053000;Bürger für Jena;bfj;2014.0;Kommunalwahlprogramm Gemeinde;Gemeinde;main_corpus_observation;je14bfj.txt;main;27f468df53d5150abc5a932b19a65b01ac8c87fc4748565d47001d1d74358ace;local_cities_components
USE-b4908fa6bfcc;DOC-b1c588441fec;GLMP-3EE8CD4634;Jena;Thüringen;16053000;CDU;cdu;2014.0;Kommunalwahlprogramm Gemeinde;Gemeinde;main_corpus_observation;je14cdu.txt;main;b1c588441fec2a49ce2804dde65b8d15579e0c77f46da1675c07be465bc8965f;local_cities_components
USE-fe8db6db5d7c;DOC-c5fff2db3a84;GLMP-A13850AF29;Jena;Thüringen;16053000;Die Guten;gut;2014.0;Kommunalwahlprogramm Gemeinde;Gemeinde;main_corpus_observation;je14gut.txt;main;c5fff2db3a840145ed7ad01f4f3d5466273590b317a95cb60b54e9a45ee0dc3d;local_cities_components
USE-2aaa83d5ee69;DOC-bbd6a038ba0c;GLMP-C94CEA3078;Jena;Thüringen;16053000;Die Linke;lin;2014.0;Kommunalwahlprogramm Gemeinde;Gemeinde;main_corpus_observation;je14lin.txt;main;bbd6a038ba0cf7f4467a3bf826503c09a1e55288f81b6e7711e80188ce35c8c5;local_cities_components
USE-c61a20832348;DOC-b5e34690d463;GLMP-C641CA8FDF;Jena;Thüringen;16053000;FDP;fdp;2014.0;Kommunalwahlprogramm Gemeinde;Gemeinde;main_corpus_observation;je14fdp.txt;main;b5e34690d463c813d9ced403ce4797752317595ed7f5281ded694a0ec90c9711;local_cities_components
USE-dc5312e3c3c7;DOC-fc4584406937;GLMP-8D15D08020;Jena;Thüringen;16053000;Grüne;gru;2014.0;Kommunalwahlprogramm Gemeinde;Gemeinde;main_corpus_observation;je14gru.txt;main;fc45844069371d1cc7a81d5c3118bc66c92b07d0193caf2d026fc3dae1a8ac66;local_cities_components
USE-0523d661ead7;DOC-2e5bba4761f0;GLMP-95A1C65D44;Jena;Thüringen;16053000;Piraten;pir;2014.0;Kommunalwahlprogramm Gemeinde;Gemeinde;main_corpus_observation;je14pir.txt;main;2e5bba4761f000c03e575b82188673a7d6d670725c16d22f3dcbf6b7e9adbae1;local_cities_components
USE-7e189fabd624;DOC-842540149a64;GLMP-53422C76FF;Jena;Thüringen;16053000;SPD;spd;2014.0;Kommunalwahlprogramm Gemeinde;Gemeinde;main_corpus_observation;je14spd.txt;main;842540149a64bfde23f3aabba5d333a9fb9d2f93e687de6a8a12bc8278ba0ebe;local_cities_components
USE-7df55929f83e;DOC-eedbd32cd23c;GLMP-D96E6930C4;Karlsruhe;Baden-Württemberg;08212000;Alternative für Deutschland;afd;2014.0;Kommunalwahlprogramm Gemeinde;Gemeinde;main_corpus_observation;ks14afd.txt;main;eedbd32cd23c2772e3f365fcd3950a5aea5d21b1e9761d58e3c91ce23160874c;local_cities_components
USE-7f470c9a6697;DOC-4bbb45f3326d;GLMP-A0F143D466;Karlsruhe;Baden-Württemberg;08212000;CDU;cdu;2014.0;Kommunalwahlprogramm Gemeinde;Gemeinde;main_corpus_observation;ks14cdu.txt;main;4bbb45f3326dce1549bec2dd25877b1fc7fc9b51a6f0f650686ade5b2150b66d;local_cities_components
USE-d389da34ea40;DOC-095b2f803961;GLMP-85A5875AE8;Karlsruhe;Baden-Württemberg;08212000;Die Linke;lin;2014.0;Kommunalwahlprogramm Gemeinde;Gemeinde;main_corpus_observation;ks14lin.txt;main;095b2f803961ccb51d4bcc61c9608cf517efa2bd2ff02651660152c9f3f43385;local_cities_components
USE-046044edf44a;DOC-c33246c96ff3;GLMP-309CC75DFA;Karlsruhe;Baden-Württemberg;08212000;Die Partei;par;2014.0;Kommunalwahlprogramm Gemeinde;Gemeinde;main_corpus_observation;ks14par.txt;main;c33246c96ff33228a3a9801efb41e3862bcfad8263fafce49a5eee0468573ddf;local_cities_components
USE-14d798a15a72;DOC-57fa3c781b11;GLMP-7BA7AABF44;Karlsruhe;Baden-Württemberg;08212000;FDP;fdp;2014.0;Kommunalwahlprogramm Gemeinde;Gemeinde;main_corpus_observation;ks14fdp.txt;main;57fa3c781b1145619bcf6141d4c56a6e77ea4c08949c30296f694247dc752a4c;local_cities_components
USE-164c0f0ba8f5;DOC-71d64ac1d86f;GLMP-2005B618AA;Karlsruhe;Baden-Württemberg;08212000;Freie Wähler;fwg;2014.0;Kommunalwahlprogramm Gemeinde;Gemeinde;main_corpus_observation;ks14fwg.txt;main;71d64ac1d86fa4124ee4c2c9582eea59ee0f5a96806b30430a25d1617fa714df;local_cities_components
USE-bc2ec19047c9;DOC-18802d455055;GLMP-BEA5F7369B;Karlsruhe;Baden-Württemberg;08212000;Gemeinsam für Karlsruhe;gfk;2014.0;Kommunalwahlprogramm Gemeinde;Gemeinde;main_corpus_observation;ks14gfk.txt;main;18802d455055b65c69b0d77c2a6ebfdc53068b93256a7c5f19cd56c24df607e3;local_cities_components
USE-80ad66206d9f;DOC-8940b1c3f159;GLMP-DA04484BFF;Karlsruhe;Baden-Württemberg;08212000;Grüne;gru;2014.0;Kommunalwahlprogramm Gemeinde;Gemeinde;main_corpus_observation;ks14gru.txt;main;8940b1c3f15915ba3ef5867bb2dade64145180c9bae0b1c0d3911e3a97173fc7;local_cities_components
USE-c0ed822af738;DOC-d62fa581c59f;GLMP-3802E11059;Karlsruhe;Baden-Württemberg;08212000;Karlsruher Liste;kal;2014.0;Kommunalwahlprogramm Gemeinde;Gemeinde;main_corpus_observation;ks14kal.txt;main;d62fa581c59f8eb719c60342f866faf0390460348820c878f0a7a70c0363baea;local_cities_components
USE-9eeebf4e7a4a;DOC-e8e4c859198e;GLMP-82538ADCAD;Karlsruhe;Baden-Württemberg;08212000;Piraten;pir;2014.0;Kommunalwahlprogramm Gemeinde;Gemeinde;main_corpus_observation;ks14pir.txt;main;e8e4c859198ef337a9fb29b4bbfe42b2923ed7501e7dfe2798968c85b42c1188;local_cities_components
USE-026d71e20545;DOC-0b5765c2119f;GLMP-093A42CC0E;Karlsruhe;Baden-Württemberg;08212000;SPD;spd;2014.0;Kommunalwahlprogramm Gemeinde;Gemeinde;main_corpus_observation;ks14spd.txt;main;0b5765c2119f1758c1eaffec243e21967ef2ce04d98ed24d6cd534efa6c0c220;local_cities_components
USE-7de77e93c690;DOC-8907c1dc413c;GLMP-71FB57A406;Koblenz;Rheinland-Pfalz;07111000;Alternative für Deutschland;afd;2014.0;Kommunalwahlprogramm Gemeinde;Gemeinde;main_corpus_observation;kb14afd.txt;main;8907c1dc413c23e34d946e3c983c8cff4a6a79bc0869c747e701674fb7d2776b;local_cities_components
USE-1cad71787e0b;DOC-e65b218c4bfe;GLMP-662107E16D;Koblenz;Rheinland-Pfalz;07111000;Bürgerinitiative für Koblenz;biz;2014.0;Kommunalwahlprogramm Gemeinde;Gemeinde;main_corpus_observation;kb14biz.txt;main;e65b218c4bfebc1cd724cfb025dec878b2ce43a138ab1d0d6a60f6a25ec02df4;local_cities_components
USE-fa411558ad49;DOC-16f0685fa1ac;GLMP-62CFA9AE25;Koblenz;Rheinland-Pfalz;07111000;CDU;cdu;2014.0;Kommunalwahlprogramm Gemeinde;Gemeinde;main_corpus_observation;kb14cdu.txt;main;16f0685fa1acdbca6d09e5c0e65be8a6e9f3705acd31f93ea05558c67af5a89a;local_cities_components
USE-fd159a2bc1b3;DOC-9b1a96ee97f4;GLMP-AE92219431;Koblenz;Rheinland-Pfalz;07111000;Die Linke;lin;2014.0;Kommunalwahlprogramm Gemeinde;Gemeinde;main_corpus_observation;kb14lin.txt;main;9b1a96ee97f46d71b7d21f138b8299fe18b24f287a1972be018ce422bc6016e2;local_cities_components
USE-2cc657d3d54b;DOC-efcbe0d23b9b;GLMP-75607FF7FC;Koblenz;Rheinland-Pfalz;07111000;Freie Bürgergruppe Koblenz;fbg;2014.0;Kommunalwahlprogramm Gemeinde;Gemeinde;main_corpus_observation;kb14fbg.txt;main;efcbe0d23b9ba8a61e34ff033bdea7d41a2d80751109ee1353a6b3c828daae13;local_cities_components
USE-89135e67f83f;DOC-0f877e03b95b;GLMP-3B86B63E15;Koblenz;Rheinland-Pfalz;07111000;Grüne;gru;2014.0;Kommunalwahlprogramm Gemeinde;Gemeinde;main_corpus_observation;kb14gru.txt;main;0f877e03b95b71060d2fda1dc7c8bfa971610957862cd22fee966f7d40784ce9;local_cities_components
USE-fd5ef2811d25;DOC-deeaaf802543;GLMP-E03F69AA58;Koblenz;Rheinland-Pfalz;07111000;SPD;spd;2014.0;Kommunalwahlprogramm Gemeinde;Gemeinde;main_corpus_observation;kb14spd.txt;main;deeaaf802543e2c25d5d5760b8e98be46b4120ebe0a734cb12b71e7a681ebb19;local_cities_components
USE-2a148a5309f4;DOC-45efe8e20d6f;GLMP-33C0989C9E;Koeln;Nordrhein-Westfalen;05315000;Alternative für Deutschland;afd;2014.0;Kommunalwahlprogramm Gemeinde;Gemeinde;main_corpus_observation;ko14afd.txt;main;45efe8e20d6f8433d54b5e65eb4641a84a429dbf285aae10465925dd17db7ad5;manual_2024_reference
USE-c0620fae3e96;DOC-2af7eba641ae;GLMP-4803A50E0A;Koeln;Nordrhein-Westfalen;05315000;CDU;cdu;2014.0;Kommunalwahlprogramm Gemeinde;Gemeinde;main_corpus_observation;ko14cdu.txt;main;2af7eba641aef4944a3f36ca29f6f68fbd93790eccfdbc84f3dbf30c31b8a19b;manual_2024_reference
USE-a450410da510;DOC-9a3e2a91a80e;GLMP-321A09B64A;Koeln;Nordrhein-Westfalen;05315000;Deine Freunde;dfr;2014.0;Kommunalwahlprogramm Gemeinde;Gemeinde;main_corpus_observation;ko14dfr.txt;main;9a3e2a91a80e56b9dfe7f03f523d123738ebf1dd468ed0025df00e2db693e50f;manual_2024_reference
USE-de3eda2ae885;DOC-2183c4ab86a9;GLMP-186FB4FCBB;Koeln;Nordrhein-Westfalen;05315000;Die Linke;lin;2014.0;Kommunalwahlprogramm Gemeinde;Gemeinde;main_corpus_observation;ko14lin.txt;main;2183c4ab86a99e80fff912b4773a877842a128076e471b238f40939edd4a09a1;manual_2024_reference
USE-998918706b41;DOC-5a8051b03292;GLMP-3B60D4D134;Koeln;Nordrhein-Westfalen;05315000;FDP;fdp;2014.0;Kommunalwahlprogramm Gemeinde;Gemeinde;main_corpus_observation;ko14fdp.txt;main;5a8051b0329223808cd57c9e6120d7dd00cf865d0c93eddfeaccd7488acf7753;manual_2024_reference
USE-47623c570034;DOC-a6ff51b19c93;GLMP-D9FC08BC0D;Koeln;Nordrhein-Westfalen;05315000;Freie Wähler;fwg;2014.0;Kommunalwahlprogramm Gemeinde;Gemeinde;main_corpus_observation;ko14fwg.txt;main;a6ff51b19c93732770fded9a027677a5478eb7b8c0401fae387993ac186bcd60;manual_2024_reference
USE-976a3ed58353;DOC-45629ae6fc75;GLMP-0BE923A4FC;Koeln;Nordrhein-Westfalen;05315000;Grüne;gru;2014.0;Kommunalwahlprogramm Gemeinde;Gemeinde;main_corpus_observation;ko14gru.txt;main;45629ae6fc75174d7787576fe5d512fe17dec11ee8a9b01eae4ead60fce410da;manual_2024_reference
USE-4d0a7adf595c;DOC-543ead3bbfb0;GLMP-FE80EDFA1D;Koeln;Nordrhein-Westfalen;05315000;Piraten;pir;2014.0;Kommunalwahlprogramm Gemeinde;Gemeinde;main_corpus_observation;ko14pir.txt;main;543ead3bbfb0654bc46d586c0ab7a3e80047d14fe32703b5f4471ceec7a7d852;manual_2024_reference
USE-484feb89940c;DOC-4fef75989374;GLMP-AC547F7637;Koeln;Nordrhein-Westfalen;05315000;SPD;spd;2014.0;Kommunalwahlprogramm Gemeinde;Gemeinde;main_corpus_observation;ko14spd.txt;main;4fef75989374057691d79b749e55e6b2cc82d42739575a24790ecbba50e438d3;manual_2024_reference
USE-f386c16ad236;DOC-a1eff7dca972;GLMP-8EC7DEBDB4;Krefeld;Nordrhein-Westfalen;05114000;Alternative für Deutschland;afd;2014.0;Kommunalwahlprogramm Gemeinde;Gemeinde;main_corpus_observation;kr14afd.txt;main;a1eff7dca97294b1f66a8946c25c35d453d69fa71057a5b550653849aa686c3a;manual_2024_reference
USE-bc5e36657006;DOC-67e88b315435;GLMP-7765C91433;Krefeld;Nordrhein-Westfalen;05114000;CDU;cdu;2014.0;Kommunalwahlprogramm Gemeinde;Gemeinde;main_corpus_observation;kr14cdu.txt;main;67e88b315435e53c4889cb33c9a3f21b9bde214ab722a568c63327f3f22f6550;manual_2024_reference
USE-d5deae53477a;DOC-87e2f933726b;GLMP-27410EC48C;Krefeld;Nordrhein-Westfalen;05114000;Die Linke;lin;2014.0;Kommunalwahlprogramm Gemeinde;Gemeinde;main_corpus_observation;kr14lin.txt;main;87e2f933726b750bc0b37b03aa6c448686a04fff2783eaa3144dddbd38b253b1;manual_2024_reference
USE-67dfdaee6cc0;DOC-1bbdf0691ad9;GLMP-DE7732F01B;Krefeld;Nordrhein-Westfalen;05114000;Die Partei;par;2014.0;Kommunalwahlprogramm Gemeinde;Gemeinde;main_corpus_observation;kr14par.txt;main;1bbdf0691ad9fe47df3250e0b6702b7d2e5577f00b6a80a19dc244946e792be2;manual_2024_reference
USE-c3d54a5b6abe;DOC-462254a1ba2d;GLMP-E8332D28BD;Krefeld;Nordrhein-Westfalen;05114000;FDP;fdp;2014.0;Kommunalwahlprogramm Gemeinde;Gemeinde;main_corpus_observation;kr14fdp.txt;main;462254a1ba2d266389b90cceeafffbdfa42981fa7425fe0aa1592a00dd9dc281;manual_2024_reference
USE-b436a9abf272;DOC-e6d251f8a0fc;GLMP-70898CEA8E;Krefeld;Nordrhein-Westfalen;05114000;Grüne;gru;2014.0;Kommunalwahlprogramm Gemeinde;Gemeinde;main_corpus_observation;kr14gru.txt;main;e6d251f8a0fc396d0d8da8516340f6938d34a3d551c93c36fb724130f9c996aa;manual_2024_reference
USE-84ec88245c7b;DOC-dffb8c90a8d0;GLMP-3F856DB2D4;Krefeld;Nordrhein-Westfalen;05114000;SPD;spd;2014.0;Kommunalwahlprogramm Gemeinde;Gemeinde;main_corpus_observation;kr14spd.txt;main;dffb8c90a8d02dad359f5f77073021247fab71a4d4c6335fa70db60c7dfa75f8;manual_2024_reference
USE-c7ec22f0248f;DOC-9ec47d1ace09;GLMP-F3F020A16B;Krefeld;Nordrhein-Westfalen;05114000;Unabhängige Wählergemeinschaft (UWG);uwg;2014.0;Kommunalwahlprogramm Gemeinde;Gemeinde;main_corpus_observation;kr14uwg.txt;main;9ec47d1ace090a676cbcb8cacf0837a4a0163b3424b6459888aadb02fb26ac76;manual_2024_reference
USE-670ab804e387;DOC-84430d94be32;GLMP-3C4225F24B;Leipzig;Sachsen;14713000;CDU;cdu;2014.0;Kommunalwahlprogramm Gemeinde;Gemeinde;main_corpus_observation;lp14cdu.txt;main;84430d94be32c78e407fb3a44690273ab50a1e7faf50e568c64f90f9cd0fa3f4;local_cities_components
USE-dca1ee231ae2;DOC-d86f7314651a;GLMP-A593C2A8F3;Leipzig;Sachsen;14713000;Die Linke;lin;2014.0;Kommunalwahlprogramm Gemeinde;Gemeinde;main_corpus_observation;lp14lin.txt;main;d86f7314651ac293e505af53d69ceaf81661b167e80eb11958ea3c695effe61a;local_cities_components
USE-c2e5d355de51;DOC-e154135eea0f;GLMP-495518959E;Leipzig;Sachsen;14713000;FDP;fdp;2014.0;Kommunalwahlprogramm Gemeinde;Gemeinde;main_corpus_observation;lp14fdp.txt;main;e154135eea0f41e3d3325bd27c5de0ba45819f6b623526eaa2b011398473f1d2;local_cities_components
USE-d030e2b35813;DOC-829d68722efc;GLMP-05AED50235;Leipzig;Sachsen;14713000;Grüne;gru;2014.0;Kommunalwahlprogramm Gemeinde;Gemeinde;main_corpus_observation;lp14gru.txt;main;829d68722efce066479cf56cb45c4fa518862bc93ab65e6f6f2961d6b58643f6;local_cities_components
USE-d660b874b70a;DOC-15d26f093440;GLMP-1145B3254B;Leipzig;Sachsen;14713000;Piraten;pir;2014.0;Kommunalwahlprogramm Gemeinde;Gemeinde;main_corpus_observation;lp14pir.txt;main;15d26f093440328ac95b4b64dddc18f346dbc45c5c3b8f64c1f54c9d63d12904;local_cities_components
USE-5001e6b0afcf;DOC-02e3731ef20b;GLMP-99F9290AC4;Leipzig;Sachsen;14713000;SPD;spd;2014.0;Kommunalwahlprogramm Gemeinde;Gemeinde;main_corpus_observation;lp14spd.txt;main;02e3731ef20b9ab924870be19ec5b1f9c47b739ba82c17f5c1f3bc6456dae385;local_cities_components
USE-35b3ee9c3264;DOC-c59bda231f11;GLMP-2FC6EA6557;Leverkusen;Nordrhein-Westfalen;05316000;CDU;cdu;2014.0;Kommunalwahlprogramm Gemeinde;Gemeinde;main_corpus_observation;le14cdu.txt;main;c59bda231f11d6a2cae917c93b2e1349aad873e0033866d191b49e5df0adabc9;manual_2024_reference
USE-e591eca7f745;DOC-b4be8ed99a14;GLMP-25F7BE378B;Leverkusen;Nordrhein-Westfalen;05316000;Die Linke;lin;2014.0;Kommunalwahlprogramm Gemeinde;Gemeinde;main_corpus_observation;le14lin.txt;main;b4be8ed99a1435d8777cc090afd0944e4d2d714749ce36d77c0565d939f5dfb4;manual_2024_reference
USE-04d1fda91629;DOC-c350ca9b8ad9;GLMP-25C712D115;Leverkusen;Nordrhein-Westfalen;05316000;FDP;fdp;2014.0;Kommunalwahlprogramm Gemeinde;Gemeinde;main_corpus_observation;le14fdp.txt;main;c350ca9b8ad9b887fc6cfc9d905bd65e40f3ab5979b1dbb40a23096933cf3fc7;manual_2024_reference
USE-f2e6e336b81d;DOC-1d87ae673734;GLMP-FFB3B8DF2D;Leverkusen;Nordrhein-Westfalen;05316000;Freie Wähler;fwg;2014.0;Kommunalwahlprogramm Gemeinde;Gemeinde;main_corpus_observation;le14fwg.txt;main;1d87ae67373475da303cc93f857e266b5558ea2a5b1e9cc2bf70f6fe49cc95a9;manual_2024_reference
USE-ecdacb5e1a9e;DOC-a793602c570c;GLMP-076B7731AA;Leverkusen;Nordrhein-Westfalen;05316000;Grüne;gru;2014.0;Kommunalwahlprogramm Gemeinde;Gemeinde;main_corpus_observation;le14gru.txt;main;a793602c570c8c8e880a9f464f4e0e829e8984118e33255b01212be78895b742;manual_2024_reference
USE-dbcffbffb958;DOC-b4a6b8c10896;GLMP-1B0F27CF43;Leverkusen;Nordrhein-Westfalen;05316000;LEV Partei;lev;2014.0;Kommunalwahlprogramm Gemeinde;Gemeinde;main_corpus_observation;le14lev.txt;main;b4a6b8c10896af12d642f1a266efbe7d5e9b7cd4e6a324d45650ff7c808f0c70;manual_2024_reference
USE-053ce51919ee;DOC-7edd5e68fd82;GLMP-20AAEB0663;Leverkusen;Nordrhein-Westfalen;05316000;Opladen Plus;poo;2014.0;Kommunalwahlprogramm Gemeinde;Gemeinde;main_corpus_observation;le14poo.txt;main;7edd5e68fd82ea048e4b089bfc2d8959281fbbd662f73fe2a7822dcb02b775af;manual_2024_reference
USE-883f5b76f1f4;DOC-1595263316dc;GLMP-75854E2E3A;Leverkusen;Nordrhein-Westfalen;05316000;Piraten;pir;2014.0;Kommunalwahlprogramm Gemeinde;Gemeinde;main_corpus_observation;le14pir.txt;main;1595263316dcada4a375aeed50c0eb42d3b2a27c886a2387c87ac432a5e895b1;manual_2024_reference
USE-9d5235b1b900;DOC-65bdf9fcb83d;GLMP-3B8E4AED6E;Leverkusen;Nordrhein-Westfalen;05316000;SPD;spd;2014.0;Kommunalwahlprogramm Gemeinde;Gemeinde;main_corpus_observation;le14spd.txt;main;65bdf9fcb83d9545c589b6d4b1fa09d0e565266a271db83bec2c894dd6e62b6e;manual_2024_reference
USE-d6ee9c04ff50;DOC-03c37ec10a40;GLMP-1CF15E813C;Ludwigshafen am Rhein;Rheinland-Pfalz;07314000;CDU;cdu;2014.0;Kommunalwahlprogramm Gemeinde;Gemeinde;main_corpus_observation;lu14cdu.txt;main;03c37ec10a4036ac1cfa28e6b77cceb244e0e87b0a11f6d7129304313974031b;local_cities_components
USE-17aab727d93a;DOC-171134a8557a;GLMP-63FD320693;Ludwigshafen am Rhein;Rheinland-Pfalz;07314000;FDP;fdp;2014.0;Kommunalwahlprogramm Gemeinde;Gemeinde;main_corpus_observation;lu14fdp.txt;main;171134a8557a0d4a25c9922720cffdc0ca8a1a9fdfdaa14bcc66ff641923abaf;local_cities_components
USE-179d0d8799a5;DOC-973199081166;GLMP-8C1416BDFE;Ludwigshafen am Rhein;Rheinland-Pfalz;07314000;Grüne;gru;2014.0;Kommunalwahlprogramm Gemeinde;Gemeinde;main_corpus_observation;lu14gru.txt;main;973199081166c96b9425e3b3ac05408d528f857418f1b32e454cce57d3b609ab;local_cities_components
USE-fa00a7f6f5eb;DOC-086876bd4f94;GLMP-8A2524A1B1;Ludwigshafen am Rhein;Rheinland-Pfalz;07314000;Piraten;pir;2014.0;Kommunalwahlprogramm Gemeinde;Gemeinde;main_corpus_observation;lu14pir.txt;main;086876bd4f94d8a3552f738588a0cbf5b8267646da71875ebc16256da90c5c05;local_cities_components
USE-824f6bf3ddbc;DOC-6f6f01602bb9;GLMP-A5021FA1A8;Ludwigshafen am Rhein;Rheinland-Pfalz;07314000;SPD;spd;2014.0;Kommunalwahlprogramm Gemeinde;Gemeinde;main_corpus_observation;lu14spd.txt;main;6f6f01602bb90806c1117a93d4ccbde18e4f42dce58a2a3c336e265b525418e8;local_cities_components
USE-f32a993ec278;DOC-d106f0009e1d;GLMP-612F794F26;Magdeburg;Sachsen-Anhalt;15003000;???;fut;2014.0;Kommunalwahlprogramm Gemeinde;Gemeinde;main_corpus_observation;mb14fut.txt;main;d106f0009e1d83e104838c961d63130312bab7b3f7afa335a4308f78fc4e979d;local_cities_components
USE-e69392850873;DOC-2a3f624dbb8a;GLMP-89041F17C4;Magdeburg;Sachsen-Anhalt;15003000;Bund für Magedeburg - Freie Wähler;bfm;2014.0;Kommunalwahlprogramm Gemeinde;Gemeinde;main_corpus_observation;mb14bfm.txt;main;2a3f624dbb8a177f3c4380737e1236c39d9e1404c015d87d61bcca2b8da167d5;local_cities_components
USE-b39dbdf85ebe;DOC-1170a7ac2d2d;GLMP-8184A264E7;Magdeburg;Sachsen-Anhalt;15003000;CDU;cdu;2014.0;Kommunalwahlprogramm Gemeinde;Gemeinde;main_corpus_observation;mb14cdu.txt;main;1170a7ac2d2d93731f2aa3f877d3fb6bd0241287a32b0c0f58a575be5e1e5607;local_cities_components
USE-f31f133a9062;DOC-370da95009d8;GLMP-3B72E60883;Magdeburg;Sachsen-Anhalt;15003000;Die Linke;lin;2014.0;Kommunalwahlprogramm Gemeinde;Gemeinde;main_corpus_observation;mb14lin.txt;main;370da95009d8589d10330762ee79281e4022b824f032caff305f94cb35000b01;local_cities_components
USE-827c9564c527;DOC-51dcc9062d3c;GLMP-66B1D870A2;Magdeburg;Sachsen-Anhalt;15003000;FDP;fdp;2014.0;Kommunalwahlprogramm Gemeinde;Gemeinde;main_corpus_observation;mb14fdp.txt;main;51dcc9062d3c3573f6b5dee2160cb5db53fe401c3c1728d295051a28f322b0fa;local_cities_components
USE-804ac439b9c3;DOC-34df3a6b36a2;GLMP-4879FA7709;Magdeburg;Sachsen-Anhalt;15003000;Grüne;gru;2014.0;Kommunalwahlprogramm Gemeinde;Gemeinde;main_corpus_observation;mb14gru.txt;main;34df3a6b36a23c57d28a88bb8366a1f78a9f2669db48786f731f87866c2e829e;local_cities_components
USE-b80dae6a2775;DOC-3f20142a2c26;GLMP-2FA97785BA;Magdeburg;Sachsen-Anhalt;15003000;SPD;spd;2014.0;Kommunalwahlprogramm Gemeinde;Gemeinde;main_corpus_observation;mb14spd.txt;main;3f20142a2c26ec68d84bac1cb2ed2eab37dd787830d3d918e7659f4e4edace89;local_cities_components
USE-f1fe3a50d628;DOC-a7a5ca3337f1;GLMP-4F744B09DD;Mainz;Rheinland-Pfalz;07315000;Alternative für Deutschland;afd;2014.0;Kommunalwahlprogramm Gemeinde;Gemeinde;main_corpus_observation;mz14afd.txt;main;a7a5ca3337f13ca42f97c3e685786aadb73b4c07f8ec0c4869af8940604fe428;local_cities_components
USE-cd2caad35a3b;DOC-f8f22c6b75e2;GLMP-43433A81E5;Mainz;Rheinland-Pfalz;07315000;CDU;cdu;2014.0;Kommunalwahlprogramm Gemeinde;Gemeinde;main_corpus_observation;mz14cdu.txt;main;f8f22c6b75e285b01ae74e50e67061ae10b87dd66d22718fb4c1997b5f610263;local_cities_components
USE-ee0878857dff;DOC-7b172baf6c56;GLMP-A0A1A6262B;Mainz;Rheinland-Pfalz;07315000;Die Linke;lin;2014.0;Kommunalwahlprogramm Gemeinde;Gemeinde;main_corpus_observation;mz14lin.txt;main;7b172baf6c560a2ea5f275808b7601d0a7376cfb108331865789ee2408818058;local_cities_components
USE-8115af69dcc2;DOC-20cced51f08d;GLMP-AC173CDF8B;Mainz;Rheinland-Pfalz;07315000;FDP;fdp;2014.0;Kommunalwahlprogramm Gemeinde;Gemeinde;main_corpus_observation;mz14fdp.txt;main;20cced51f08d54b2e0486095d1ea76fdce3462cc163bfe72f78dcf54c9367bbf;local_cities_components
USE-7dcb68a38dc5;DOC-b1de393ba00a;GLMP-D28DC77230;Mainz;Rheinland-Pfalz;07315000;Freie Wähler;fwg;2014.0;Kommunalwahlprogramm Gemeinde;Gemeinde;main_corpus_observation;mz14fwg.txt;main;b1de393ba00a029388caf1544a3b90d3ec18895b2a476d7221b4de006bfefe51;local_cities_components
USE-5d69e02a205d;DOC-1df9b223e40a;GLMP-44783E536F;Mainz;Rheinland-Pfalz;07315000;Grüne;gru;2014.0;Kommunalwahlprogramm Gemeinde;Gemeinde;main_corpus_observation;mz14gru.txt;main;1df9b223e40aa8fb4a32010cc8607b3bf09d40d5a00717e1105aa51b742a2c29;local_cities_components
USE-35af0bc2db14;DOC-3be68d3e63c7;GLMP-DBF203AD1F;Mainz;Rheinland-Pfalz;07315000;Piraten;pir;2014.0;Kommunalwahlprogramm Gemeinde;Gemeinde;main_corpus_observation;mz14pir.txt;main;3be68d3e63c714eed7b3d64187ed57e2648025b758e14248f1be74d245b710db;local_cities_components
USE-69a1f4ed0d61;DOC-2a73860d4a99;GLMP-160E415108;Mainz;Rheinland-Pfalz;07315000;Pro Mainz;pro;2014.0;Kommunalwahlprogramm Gemeinde;Gemeinde;main_corpus_observation;mz14pro.txt;main;2a73860d4a99b70f832b541fe704b69c7bd3ab5e4c20df0f3883b1c050e0a964;local_cities_components
USE-5fb2af49ac37;DOC-f6f57f4c53bb;GLMP-F13DDB3B2C;Mainz;Rheinland-Pfalz;07315000;SPD;spd;2014.0;Kommunalwahlprogramm Gemeinde;Gemeinde;main_corpus_observation;mz14spd.txt;main;f6f57f4c53bbafbccab0992e4dfbba4db1c733f64c93dc0b78a83764a572489a;local_cities_components
USE-c1a3f8885612;DOC-6b0bcdb3d556;GLMP-8916EA0019;Mainz;Rheinland-Pfalz;07315000;Ökologisch-Demokratische Partei (ÖDP);odp;2014.0;Kommunalwahlprogramm Gemeinde;Gemeinde;main_corpus_observation;mz14odp.txt;main;6b0bcdb3d556050f3313843a4f56014d87bcccd49aee63820ac2c1a300c3c36b;local_cities_components
USE-0866ebc8ba5a;DOC-2087bdf2da8b;GLMP-2FC0E278D7;Mannheim;Baden-Württemberg;08222000;Alternative für Deutschland;afd;2014.0;Kommunalwahlprogramm Gemeinde;Gemeinde;main_corpus_observation;ma14afd.txt;main;2087bdf2da8b316ba9b94f55907ee6733f1189c96fb85409f3a2128dc9842ca9;local_cities_components
USE-bad64c3bd10e;DOC-13de7f1f6bb9;GLMP-568F3DAD89;Mannheim;Baden-Württemberg;08222000;CDU;cdu;2014.0;Kommunalwahlprogramm Gemeinde;Gemeinde;main_corpus_observation;ma14cdu.txt;main;13de7f1f6bb9f23c55d9d48b165a420973197ed3b8a925a1bec9a85da50ab3cb;local_cities_components
USE-276914591a8d;DOC-241c8c69f87c;GLMP-FD01773F08;Mannheim;Baden-Württemberg;08222000;Die Linke;lin;2014.0;Kommunalwahlprogramm Gemeinde;Gemeinde;main_corpus_observation;ma14lin.txt;main;241c8c69f87c3b5894fff56cae2c588c16550d2953302a886b3681ab5a43de69;local_cities_components
USE-e534ec88a3a6;DOC-929753ed01b1;GLMP-CBD82E6FA9;Mannheim;Baden-Württemberg;08222000;FDP;fdp;2014.0;Kommunalwahlprogramm Gemeinde;Gemeinde;main_corpus_observation;ma14fdp.txt;main;929753ed01b16a21f37f73ab15d23978d79f0913420de19773201c40a2ede1f8;local_cities_components
USE-11a0f8cb6f18;DOC-594e8a884567;GLMP-F73771CCD7;Mannheim;Baden-Württemberg;08222000;Freie Wähler;fwg;2014.0;Kommunalwahlprogramm Gemeinde;Gemeinde;main_corpus_observation;ma14fwg.txt;main;594e8a884567ebfb1e097cc17c8969e215c41436be12a21c1c041e591a015f87;local_cities_components
USE-97e54c9f126b;DOC-360336ca2be3;GLMP-31F81F8091;Mannheim;Baden-Württemberg;08222000;Grüne;gru;2014.0;Kommunalwahlprogramm Gemeinde;Gemeinde;main_corpus_observation;ma14gru.txt;main;360336ca2be3ba17e9800f888f36ac872140d13bb94eb44e40751dac1f195ea3;local_cities_components
USE-70bcbee2fbaa;DOC-01a770a4b059;GLMP-B23AA586E6;Mannheim;Baden-Württemberg;08222000;SPD;spd;2014.0;Kommunalwahlprogramm Gemeinde;Gemeinde;main_corpus_observation;ma14spd.txt;main;01a770a4b059bdd9bbc6b3923e0316bf3a44cbdd9b1161b5cae521719261eb57;local_cities_components
USE-607b6fde5b69;DOC-2a3ba9947897;GLMP-555EA727DD;Moenchengladbach;Nordrhein-Westfalen;05116000;Alternative für Deutschland;afd;2014.0;Kommunalwahlprogramm Gemeinde;Gemeinde;main_corpus_observation;mg14afd.txt;main;2a3ba9947897b9b9e5414fe137a4564e6f24e654c9a1bb4be7e96bca91abb093;manual_2024_reference
USE-cf3d1dff6588;DOC-280044db839a;GLMP-CE59718ADD;Moenchengladbach;Nordrhein-Westfalen;05116000;CDU;cdu;2014.0;Kommunalwahlprogramm Gemeinde;Gemeinde;main_corpus_observation;mg14cdu.txt;main;280044db839a61c579ece359e7895a3507cd7b88240ae613505eed800ab9a87e;manual_2024_reference
USE-44e8488fa342;DOC-27cabe78b16f;GLMP-7242C802E7;Moenchengladbach;Nordrhein-Westfalen;05116000;Die Linke;lin;2014.0;Kommunalwahlprogramm Gemeinde;Gemeinde;main_corpus_observation;mg14lin.txt;main;27cabe78b16f85971586dc0d67937a3ec25229283ea024eaafd0e3d18782bd93;manual_2024_reference
USE-b9373e9f5f75;DOC-ed3d14b7291b;GLMP-ECAEEDD560;Moenchengladbach;Nordrhein-Westfalen;05116000;FDP;fdp;2014.0;Kommunalwahlprogramm Gemeinde;Gemeinde;main_corpus_observation;mg14fdp.txt;main;ed3d14b7291b16295e4f804b2a63f54712dfd294097351cefb895d7877c18b97;manual_2024_reference
USE-04f7b37615c1;DOC-22c916332008;GLMP-0364C012A6;Moenchengladbach;Nordrhein-Westfalen;05116000;Freie Wähler;fwg;2014.0;Kommunalwahlprogramm Gemeinde;Gemeinde;main_corpus_observation;mg14fwg.txt;main;22c9163320086cf533ca5874f31e062a681128de7d262abb74a67fdbc8629c31;manual_2024_reference
USE-a8259b5db418;DOC-32fb0d3292e5;GLMP-08B8656E3E;Moenchengladbach;Nordrhein-Westfalen;05116000;Grüne;gru;2014.0;Kommunalwahlprogramm Gemeinde;Gemeinde;main_corpus_observation;mg14gru.txt;main;32fb0d3292e515a22b67cc78c1bedabffbf16410487a2cf77ae1d4d076ae6ece;manual_2024_reference
USE-023c7dbd4ad2;DOC-7ddbe5614476;GLMP-E5377CDE34;Moenchengladbach;Nordrhein-Westfalen;05116000;Piraten;pir;2014.0;Kommunalwahlprogramm Gemeinde;Gemeinde;main_corpus_observation;mg14pir.txt;main;7ddbe56144765b852b0462adb5811eb8662427053cffe848e1ac66409a9fcdb1;manual_2024_reference
USE-e68f49fb6735;DOC-2a0d6b7f9ada;GLMP-2A541AA815;Moenchengladbach;Nordrhein-Westfalen;05116000;SPD;spd;2014.0;Kommunalwahlprogramm Gemeinde;Gemeinde;main_corpus_observation;mg14spd.txt;main;2a0d6b7f9ada76e06aa4cb2433fdf1e08622e4171402750aa9d425c456a95f71;manual_2024_reference
USE-7363e1ab1ff4;DOC-242c276df13d;GLMP-5140699472;Moers;Nordrhein-Westfalen;05170024;Die Linke;lin;2014.0;Kommunalwahlprogramm Gemeinde;Gemeinde;main_corpus_observation;mo14lin.txt;main;242c276df13d2e794fb49fa0a11d7f166e3b7f04b7eb559747b198f6903ec2b6;manual_2024_reference
USE-e596e8ca604a;DOC-e80096ec95b5;GLMP-F075463425;Moers;Nordrhein-Westfalen;05170024;FDP;fdp;2014.0;Kommunalwahlprogramm Gemeinde;Gemeinde;main_corpus_observation;mo14fdp.txt;main;e80096ec95b578185744bc182786e32dd4c90c156f8e42eaaf3ddc1afc54acd8;manual_2024_reference
USE-c121c772c0ba;DOC-c47312b3c8f3;GLMP-5FB996924F;Moers;Nordrhein-Westfalen;05170024;Freie Bürger-Gemeinschaft Moers;fbg;2014.0;Kommunalwahlprogramm Gemeinde;Gemeinde;main_corpus_observation;mo14fbg.txt;main;c47312b3c8f3c893d3948d8e53258b5b1c9b6b557d75f1dfc99e4574612437e2;manual_2024_reference
USE-278bfce5008a;DOC-03f28497bafb;GLMP-7233FB76E3;Moers;Nordrhein-Westfalen;05170024;Grüne;gru;2014.0;Kommunalwahlprogramm Gemeinde;Gemeinde;main_corpus_observation;mo14gru.txt;main;03f28497bafbcb003d9320184ad18a807a89233f6b251e0d6b6899dd8ecfe002;manual_2024_reference
USE-ef4559eac77f;DOC-5059ffb5d15c;GLMP-5052AE5686;Moers;Nordrhein-Westfalen;05170024;SPD;spd;2014.0;Kommunalwahlprogramm Gemeinde;Gemeinde;main_corpus_observation;mo14spd.txt;main;5059ffb5d15c9824ab72a187d94fbebe4190574249dffef4eb85237ffac04bd8;manual_2024_reference
USE-8db15fc3b86d;DOC-c6731ba3f697;GLMP-8BB3B82C7B;Muelheim an der Ruhr;Nordrhein-Westfalen;05117000;Alternative für Deutschland;afd;2014.0;Kommunalwahlprogramm Gemeinde;Gemeinde;main_corpus_observation;mh14afd.txt;main;c6731ba3f697d2be869456d85c8af57b1305b3fcec20127517c2b0719ef7c122;manual_2024_reference
USE-4756db5a627e;DOC-4ad26b9796c1;GLMP-71FA2D889F;Muelheim an der Ruhr;Nordrhein-Westfalen;05117000;Bündnis für Bildung;bub;2014.0;Kommunalwahlprogramm Gemeinde;Gemeinde;main_corpus_observation;mh14bub.txt;main;4ad26b9796c1acb2900cadf6e5391d6180014e0f7ee499e624df0319795b161e;manual_2024_reference
USE-79354296af09;DOC-b453911db28b;GLMP-F9DD534E0C;Muelheim an der Ruhr;Nordrhein-Westfalen;05117000;Bündnis für Bürger;bfb;2014.0;Kommunalwahlprogramm Gemeinde;Gemeinde;main_corpus_observation;mh14bfb.txt;main;b453911db28bd421b7cd8457cb9569d8274c895f4fc6447f1c2cdd1ab76dbe0d;manual_2024_reference
USE-bc8fd96a223d;DOC-ffa373a8d86e;GLMP-A4459ACA6B;Muelheim an der Ruhr;Nordrhein-Westfalen;05117000;CDU;cdu;2014.0;Kommunalwahlprogramm Gemeinde;Gemeinde;main_corpus_observation;mh14cdu.txt;main;ffa373a8d86e855033735ecd8df6b1361b1f49d203bf47d69b3492aa0182b266;manual_2024_reference
USE-1c4d2044a864;DOC-31fe17ba76a3;GLMP-7355D51853;Muelheim an der Ruhr;Nordrhein-Westfalen;05117000;Die Linke;lin;2014.0;Kommunalwahlprogramm Gemeinde;Gemeinde;main_corpus_observation;mh14lin.txt;main;31fe17ba76a3a83ed7b90643d331c2e028e8684268c02c161585acccfc74162f;manual_2024_reference
USE-a027cf90bb57;DOC-aa4e9d75ec26;GLMP-968F414F5F;Muelheim an der Ruhr;Nordrhein-Westfalen;05117000;FDP;fdp;2014.0;Kommunalwahlprogramm Gemeinde;Gemeinde;main_corpus_observation;mh14fdp.txt;main;aa4e9d75ec267664f6b05ec171ee07cd84789cc9178cff9a17dbde8d208ed3ff;manual_2024_reference
USE-f5ca1f198468;DOC-8f60d6729833;GLMP-432FE3CCA2;Muelheim an der Ruhr;Nordrhein-Westfalen;05117000;Grüne;gru;2014.0;Kommunalwahlprogramm Gemeinde;Gemeinde;main_corpus_observation;mh14gru.txt;main;8f60d6729833a93f48d829aabbf5969cea6cce57b7b2258d2a31f9cb6688dbf5;manual_2024_reference
USE-af6dcd038514;DOC-8d6da9f08b77;GLMP-824192B00F;Muelheim an der Ruhr;Nordrhein-Westfalen;05117000;Mülheimer Bürger Initiative;mbi;2014.0;Kommunalwahlprogramm Gemeinde;Gemeinde;main_corpus_observation;mh14mbi.txt;main;8d6da9f08b7718711b77b333fad01549ee49757eb239dd5ca2d08981eefeb555;manual_2024_reference
USE-0fc9f552eecb;DOC-967c9558b00e;GLMP-20A7792578;Muelheim an der Ruhr;Nordrhein-Westfalen;05117000;Piraten;pir;2014.0;Kommunalwahlprogramm Gemeinde;Gemeinde;main_corpus_observation;mh14pir.txt;main;967c9558b00e4ae83180282c9772785967496ef744c601081536d548a831ec73;manual_2024_reference
USE-10efae221980;DOC-c103524788ad;GLMP-CFD102C90A;Muelheim an der Ruhr;Nordrhein-Westfalen;05117000;SPD;spd;2014.0;Kommunalwahlprogramm Gemeinde;Gemeinde;main_corpus_observation;mh14spd.txt;main;c103524788add3bb5e8e7b5d3a943475ff3e88d30a96e4523a5ebf0437227723;manual_2024_reference
USE-0a2194d5b620;DOC-2c409612e99f;GLMP-F65630D8FB;Muelheim an der Ruhr;Nordrhein-Westfalen;05117000;Wir aus Mülheim;wam;2014.0;Kommunalwahlprogramm Gemeinde;Gemeinde;main_corpus_observation;mh14wam.txt;main;2c409612e99fef154843ce5857a369515ea1da53f9d20125ba933a5ebaefa911;manual_2024_reference
USE-49c37a7fcae9;DOC-6876bc76e88b;GLMP-B7484AD1C0;Muenchen;Bayern;09162000;Alternative für Deutschland;afd;2014.0;Kommunalwahlprogramm Gemeinde;Gemeinde;main_corpus_observation;mu14afd.txt;main;6876bc76e88b7c394a6d76dee8b398277b02c56ec12d4d65465d84257f3f9779;manual_2024_reference
USE-ab7822c529c8;DOC-a163b0aa7503;GLMP-34856D3FDC;Muenchen;Bayern;09162000;CSU;csu;2014.0;Kommunalwahlprogramm Gemeinde;Gemeinde;main_corpus_observation;mu14csu.txt;main;a163b0aa75035b6b1136969416a1174ae3e6425d27c054ad30483f175915f80d;manual_2024_reference
USE-db614a1cf983;DOC-7624c87b50e9;GLMP-27E50B8236;Muenchen;Bayern;09162000;Die Linke;lin;2014.0;Kommunalwahlprogramm Gemeinde;Gemeinde;main_corpus_observation;mu14lin.txt;main;7624c87b50e9a2550fcdf68b5bcc6dc8668071dfea915b0b5bd41522b415fc89;manual_2024_reference
USE-905909c6a210;DOC-1d329a0c387c;GLMP-DF58A35A18;Muenchen;Bayern;09162000;FDP;fdp;2014.0;Kommunalwahlprogramm Gemeinde;Gemeinde;main_corpus_observation;mu14fdp.txt;main;1d329a0c387cad90a30a50dbaea56a9503f41034b7cac28175f724f753f380d4;manual_2024_reference
USE-7fe99748210c;DOC-b3349c6eccd3;GLMP-796DE955A9;Muenchen;Bayern;09162000;Freie Wähler;fwg;2014.0;Kommunalwahlprogramm Gemeinde;Gemeinde;main_corpus_observation;mu14fwg.txt;main;b3349c6eccd3767f89107c7bcaafb42907708bc1badd214f6303f1f0b6496142;manual_2024_reference
USE-3b555f6e4087;DOC-e1e695700a45;GLMP-E21C077C09;Muenchen;Bayern;09162000;Grüne;gru;2014.0;Kommunalwahlprogramm Gemeinde;Gemeinde;main_corpus_observation;mu14gru.txt;main;e1e695700a456035464bfebcb07b0a7a30227dbbb89b710f020cd7d4379fb48c;manual_2024_reference
USE-a8bb1c077b56;DOC-e5e6a0a5ba88;GLMP-BA51E38068;Muenchen;Bayern;09162000;Piraten;pir;2014.0;Kommunalwahlprogramm Gemeinde;Gemeinde;main_corpus_observation;mu14pir.txt;main;e5e6a0a5ba88513f11661773d5126ad689e85dd6be9e326571b246b914fb5ee9;manual_2024_reference
USE-f2060e9d10f6;DOC-5d0c1ce6161e;GLMP-9E1E863C7E;Muenchen;Bayern;09162000;SPD;spd;2014.0;Kommunalwahlprogramm Gemeinde;Gemeinde;main_corpus_observation;mu14spd.txt;main;5d0c1ce6161e1d27b5332eb4e49b98aa1cb4be3a9d186d885529863d98812164;manual_2024_reference
USE-6b42dbda12f8;DOC-e7a7785e4c9a;GLMP-CDD8C18E4B;Muenster;Nordrhein-Westfalen;05515000;Alternative für Deutschland;afd;2014.0;Kommunalwahlprogramm Gemeinde;Gemeinde;main_corpus_observation;ms14afd.txt;main;e7a7785e4c9ab6e8006952bb477623f68c6a8e91ea95f4cc94fb2f8130853d17;manual_2024_reference
USE-8606b1df5ad3;DOC-19b81bd26ef9;GLMP-1FE4BB9750;Muenster;Nordrhein-Westfalen;05515000;CDU;cdu;2014.0;Kommunalwahlprogramm Gemeinde;Gemeinde;main_corpus_observation;ms14cdu.txt;main;19b81bd26ef9ec0b043017c7050c5cb492bb0371a016dc5b62397857779085b7;manual_2024_reference
USE-6fa5509837f7;DOC-d0f8d300fabe;GLMP-8179B20B7F;Muenster;Nordrhein-Westfalen;05515000;Die Linke;lin;2014.0;Kommunalwahlprogramm Gemeinde;Gemeinde;main_corpus_observation;ms14lin.txt;main;d0f8d300fabee64e9cb3653a64426470bed9fa4c2b1129e3a4ab647a3c71df83;manual_2024_reference
USE-9e2480cdb0c2;DOC-737477f9f334;GLMP-EE8AEF2F96;Muenster;Nordrhein-Westfalen;05515000;FDP;fdp;2014.0;Kommunalwahlprogramm Gemeinde;Gemeinde;main_corpus_observation;ms14fdp.txt;main;737477f9f3347a75a97fb33552b0070bfba481b4b6f41d01f4a94ddef734824f;manual_2024_reference
USE-cdc512baafbc;DOC-5136cb632c5d;GLMP-4559248EE3;Muenster;Nordrhein-Westfalen;05515000;Grüne;gru;2014.0;Kommunalwahlprogramm Gemeinde;Gemeinde;main_corpus_observation;ms14gru.txt;main;5136cb632c5d7ed8f009d696299216e6dbf2d009d523f0658da3096a5923b626;manual_2024_reference
USE-1f6d0816e22a;DOC-def6d4f387d5;GLMP-5D08F306A8;Muenster;Nordrhein-Westfalen;05515000;Piraten;pir;2014.0;Kommunalwahlprogramm Gemeinde;Gemeinde;main_corpus_observation;ms14pir.txt;main;def6d4f387d5d242f6f914fd84bf887e7d7ad2ea0ecf96b5655ed978c99d6699;manual_2024_reference
USE-9d92929ea330;DOC-a5426037ad5f;GLMP-4316593874;Muenster;Nordrhein-Westfalen;05515000;SPD;spd;2014.0;Kommunalwahlprogramm Gemeinde;Gemeinde;main_corpus_observation;ms14spd.txt;main;a5426037ad5f1d60be93d8e465c9757cc257e3b651ff4c2d8ff833b604d077a6;manual_2024_reference
USE-cbff8819b8c9;DOC-591aaa256368;GLMP-8FF40EBEAB;Muenster;Nordrhein-Westfalen;05515000;Unabhängige Wählergemeinschaft (UWG);uwg;2014.0;Kommunalwahlprogramm Gemeinde;Gemeinde;main_corpus_observation;ms14uwg.txt;main;591aaa2563684dad417dc5f9b2b01248727337e78e035e0d682f055500edbc59;manual_2024_reference
USE-44901c451bac;DOC-399b4f56580e;GLMP-6CCB9CFD2F;Muenster;Nordrhein-Westfalen;05515000;Ökologisch-Demokratische Partei (ÖDP);odp;2014.0;Kommunalwahlprogramm Gemeinde;Gemeinde;main_corpus_observation;ms14odp.txt;main;399b4f56580e982a8b59668701f3203f893a0822e0e46727e06f5debbddbb879;manual_2024_reference
USE-a19310ca6096;DOC-23d76cde16e9;GLMP-BC2C935882;Neuss;Nordrhein-Westfalen;05162024;CDU;cdu;2014.0;Kommunalwahlprogramm Gemeinde;Gemeinde;main_corpus_observation;ne14cdu.txt;main;23d76cde16e93b38a9959b348a33e35da2c90b25c9d6867b956e3e7de013e713;manual_2024_reference
USE-6f75130c2a0e;DOC-8da3c747a3cd;GLMP-100A45E1F5;Neuss;Nordrhein-Westfalen;05162024;Die Linke;lin;2014.0;Kommunalwahlprogramm Gemeinde;Gemeinde;main_corpus_observation;ne14lin.txt;main;8da3c747a3cd23dba04384f926f0e11bc7d16d8c85a7ccfbe9c890dd35da7141;manual_2024_reference
USE-91e23411dfb7;DOC-0d2835baeda2;GLMP-FC85150484;Neuss;Nordrhein-Westfalen;05162024;FDP;fdp;2014.0;Kommunalwahlprogramm Gemeinde;Gemeinde;main_corpus_observation;ne14fdp.txt;main;0d2835baeda254ba91beedc843afdd52a2f8c8c1a95369def8683f3145d46451;manual_2024_reference
USE-d4948014adee;DOC-e46d6ab86210;GLMP-139096CE83;Neuss;Nordrhein-Westfalen;05162024;Grüne;gru;2014.0;Kommunalwahlprogramm Gemeinde;Gemeinde;main_corpus_observation;ne14gru.txt;main;e46d6ab86210d759173b51d6a0645a0d1239193bf0b2ea0a7f8a26c2e8f15b5e;manual_2024_reference
USE-d52efd8ea4bc;DOC-6c7d228dca0f;GLMP-599AE40B4E;Neuss;Nordrhein-Westfalen;05162024;SPD;spd;2014.0;Kommunalwahlprogramm Gemeinde;Gemeinde;main_corpus_observation;ne14spd.txt;main;6c7d228dca0f693fce2e328d901fbcb7dd53d2865332057a1a548290c415b9ce;manual_2024_reference
USE-30a6ade13dee;DOC-cb38ec3d1670;GLMP-3F6DAE0573;Nuernberg;Bayern;09564000;Bürgerinitiative Ausländerstopp;bia;2014.0;Kommunalwahlprogramm Gemeinde;Gemeinde;main_corpus_observation;nu14bia.txt;main;cb38ec3d167053c8b213f85f74513b5dc3dbb767e024d773140d3ffb2c92ce6b;manual_2024_reference
USE-cee3e70bf758;DOC-1f683e78c1eb;GLMP-C3DFD395FE;Nuernberg;Bayern;09564000;CSU;csu;2014.0;Kommunalwahlprogramm Gemeinde;Gemeinde;main_corpus_observation;nu14csu.txt;main;1f683e78c1eb7169269c6a4d1d44125dc2a601c5d2fc9fde2a80d112f30c55a3;manual_2024_reference
USE-fbc6e68a2f34;DOC-cc26d7188bff;GLMP-508D7DC019;Nuernberg;Bayern;09564000;Die Guten;gut;2014.0;Kommunalwahlprogramm Gemeinde;Gemeinde;main_corpus_observation;nu14gut.txt;main;cc26d7188bffe6c44b88da3fca517fd0f9ea513f2ecc0b6265c097ff0a241cff;manual_2024_reference
USE-9b684542b51d;DOC-4203655d1079;GLMP-7FF254DE58;Nuernberg;Bayern;09564000;FDP;fdp;2014.0;Kommunalwahlprogramm Gemeinde;Gemeinde;main_corpus_observation;nu14fdp.txt;main;4203655d1079db905a1d00c4aba4007711a479d05b457d390e219cc0222d3602;manual_2024_reference
USE-6ec3d02fd4a8;DOC-377acd8c5edd;GLMP-DE69AAC562;Nuernberg;Bayern;09564000;Freie Wähler;fwg;2014.0;Kommunalwahlprogramm Gemeinde;Gemeinde;main_corpus_observation;nu14fwg.txt;main;377acd8c5edd66fd9b8ed69c7d501d89ed014c73c869103640ffde656efa338d;manual_2024_reference
USE-d62b4342079d;DOC-7380fd5019eb;GLMP-AC6CBC6F66;Nuernberg;Bayern;09564000;Grüne;gru;2014.0;Kommunalwahlprogramm Gemeinde;Gemeinde;main_corpus_observation;nu14gru.txt;main;7380fd5019ebfcfa1ae4fcad28706d3eb81afaf8e983915d070dc6ba01fe47de;manual_2024_reference
USE-6798ce669dd1;DOC-b2a0f3154a2b;GLMP-789E6C85B3;Nuernberg;Bayern;09564000;Piraten;pir;2014.0;Kommunalwahlprogramm Gemeinde;Gemeinde;main_corpus_observation;nu14pir.txt;main;b2a0f3154a2b781511d9109aae27f756181e34656f066b9434be73f0dac79b44;manual_2024_reference
USE-d5f7c87af3e6;DOC-eaefaa9241c5;GLMP-C34584A5DF;Nuernberg;Bayern;09564000;SPD;spd;2014.0;Kommunalwahlprogramm Gemeinde;Gemeinde;main_corpus_observation;nu14spd.txt;main;eaefaa9241c51e33ce417b5ffe07c8c49f8032a4d04205a3608ca8ee22f59e31;manual_2024_reference
USE-d595b2af7aa3;DOC-10832a6f2539;GLMP-364567B0E0;Nuernberg;Bayern;09564000;Ökologisch-Demokratische Partei (ÖDP);odp;2014.0;Kommunalwahlprogramm Gemeinde;Gemeinde;main_corpus_observation;nu14odp.txt;main;10832a6f2539c6bc56eedefbeb8e292836691723f206833e694c719a2b9fa301;manual_2024_reference
USE-0c78f30ae955;DOC-5aa1f00af091;GLMP-A9DD5DD193;Oberhausen;Nordrhein-Westfalen;05119000;Bündnis Oberhausen Bürger;bob;2014.0;Kommunalwahlprogramm Gemeinde;Gemeinde;main_corpus_observation;ob14bob.txt;main;5aa1f00af0919ac915d256cb22bc992695b51321ac41fbcb2a79c89616a451fa;manual_2024_reference
USE-f0693e6407f5;DOC-32bc0fcfd3b0;GLMP-C300DD9597;Oberhausen;Nordrhein-Westfalen;05119000;CDU;cdu;2014.0;Kommunalwahlprogramm Gemeinde;Gemeinde;main_corpus_observation;ob14cdu.txt;main;32bc0fcfd3b0d0264826f00ea83670b3b527963d3ea43c39624b794a84f23360;manual_2024_reference
USE-718fcb6303ab;DOC-4af070901f16;GLMP-6F46F8D7CB;Oberhausen;Nordrhein-Westfalen;05119000;Die Linke;lin;2014.0;Kommunalwahlprogramm Gemeinde;Gemeinde;main_corpus_observation;ob14lin.txt;main;4af070901f16590818f68b1a8e7e0716004e8cb292f7a7447c3c824d3607a6d8;manual_2024_reference
USE-4af003fa3cbe;DOC-dfa620ededd0;GLMP-FC0117A7A8;Oberhausen;Nordrhein-Westfalen;05119000;FDP;fdp;2014.0;Kommunalwahlprogramm Gemeinde;Gemeinde;main_corpus_observation;ob14fdp.txt;main;dfa620ededd00957352b53081176ff7e7b39886589ac31e7926c6373e3acd86a;manual_2024_reference
USE-ff46062c528e;DOC-1346df0e7aa8;GLMP-9F78331D52;Oberhausen;Nordrhein-Westfalen;05119000;Grüne;gru;2014.0;Kommunalwahlprogramm Gemeinde;Gemeinde;main_corpus_observation;ob14gru.txt;main;1346df0e7aa8dfd403dca853599219cd52aab698ae4af950007dbdf0be45ada3;manual_2024_reference
USE-915b34a4a8cf;DOC-017d8715f782;GLMP-C967BF2DAB;Oberhausen;Nordrhein-Westfalen;05119000;SPD;spd;2014.0;Kommunalwahlprogramm Gemeinde;Gemeinde;main_corpus_observation;ob14spd.txt;main;017d8715f7826679b1af45fa29b34dfb215abc4b0c85e92a6aa16e584f57a102;manual_2024_reference
USE-300319d9cfb1;DOC-218fbe984b62;GLMP-864B1B78EC;Paderborn;Nordrhein-Westfalen;05774032;Alternative für Deutschland;afd;2014.0;Kommunalwahlprogramm Gemeinde;Gemeinde;main_corpus_observation;pb14afd.txt;main;218fbe984b6243bdcea3580cc27aca137d6632601b4bc80eb9253a4f02ce3f93;manual_2024_reference
USE-daae39c7800f;DOC-5266854a5a57;GLMP-4D425C456E;Paderborn;Nordrhein-Westfalen;05774032;Demokratische Initiative Parderborn;dip;2014.0;Kommunalwahlprogramm Gemeinde;Gemeinde;main_corpus_observation;pb14dip.txt;main;5266854a5a57c5026ff47bdc1a44bb4c010da8d721f6d7ac0e5db85e3f2fa4f3;manual_2024_reference
USE-03a28b1b227e;DOC-5a71442ef3f8;GLMP-B81DCCA6D8;Paderborn;Nordrhein-Westfalen;05774032;FDP;fdp;2014.0;Kommunalwahlprogramm Gemeinde;Gemeinde;main_corpus_observation;pb14fdp.txt;main;5a71442ef3f8fac17601209933f01c50a6ff81888f723fb6c14fb774579ff5b2;manual_2024_reference
USE-ec254cc88884;DOC-4996ac043881;GLMP-AF190988AF;Paderborn;Nordrhein-Westfalen;05774032;Freie Bürger Initiative;fbi;2014.0;Kommunalwahlprogramm Gemeinde;Gemeinde;main_corpus_observation;pb14fbi.txt;main;4996ac043881c314503bdcfc4f55ef3ab3330e20aeab519c337f7b2a3e631d11;manual_2024_reference
USE-67425a228435;DOC-e4c3c7e5baea;GLMP-17CEF4452D;Paderborn;Nordrhein-Westfalen;05774032;SPD;spd;2014.0;Kommunalwahlprogramm Gemeinde;Gemeinde;main_corpus_observation;pb14spd.txt;main;e4c3c7e5baea8f270093d70ed69f7912b58479ff752c04bb9ea2c015222c542b;manual_2024_reference
USE-5e366a3b1d76;DOC-d84e75279590;GLMP-7E95A57AB2;Pforzheim;Baden-Württemberg;08231000;CDU;cdu;2014.0;Kommunalwahlprogramm Gemeinde;Gemeinde;main_corpus_observation;pf14cdu.txt;main;d84e752795902493daed3c5b4f9a89312a1cc7f0b1c1aaee6f790364e820ea6c;local_cities_components
USE-cd099bd5ddf6;DOC-889470969b31;GLMP-6E04A33B7A;Pforzheim;Baden-Württemberg;08231000;FDP;fdp;2014.0;Kommunalwahlprogramm Gemeinde;Gemeinde;main_corpus_observation;pf14fdp.txt;main;889470969b31c9ba09699587acda69021072082ab5df0d89a56fbcf07557b27c;local_cities_components
USE-62d26ccdb13f;DOC-66000fa7511a;GLMP-1B53BB7F02;Pforzheim;Baden-Württemberg;08231000;Grüne;gru;2014.0;Kommunalwahlprogramm Gemeinde;Gemeinde;main_corpus_observation;pf14gru.txt;main;66000fa7511a6266617749b0f3acd875ea431bbf2d47d5797073b0449d2680bb;local_cities_components
USE-86bbbb130f37;DOC-2f2369b0af8d;GLMP-780CB5024A;Pforzheim;Baden-Württemberg;08231000;Liste Bürgerbeteiligunghaushalt Pforzheim;lbb;2014.0;Kommunalwahlprogramm Gemeinde;Gemeinde;main_corpus_observation;pf14lbb.txt;main;2f2369b0af8d497f7e442d16593dd7faaebd66fc7880b305acceaca6e787cd5f;local_cities_components
USE-348067058af5;DOC-07c6326faaf0;GLMP-CAAA0297AF;Pforzheim;Baden-Württemberg;08231000;Liste Eltern Pforzheim;lis;2014.0;Kommunalwahlprogramm Gemeinde;Gemeinde;main_corpus_observation;pf14lis.txt;main;07c6326faaf0a38e222bf41af04ba242c30c77083cb1d75b9388242d7b655cbb;local_cities_components
USE-3a8d5384bd8d;DOC-d7dd937ff39b;GLMP-968B69F907;Pforzheim;Baden-Württemberg;08231000;SPD;spd;2014.0;Kommunalwahlprogramm Gemeinde;Gemeinde;main_corpus_observation;pf14spd.txt;main;d7dd937ff39b9bea273225291a55cc54f72016008f2c4055df9cc8ad6cf3907e;local_cities_components
USE-4be2d4852dc5;DOC-10eff68b15b8;GLMP-04176BDD4B;Pforzheim;Baden-Württemberg;08231000;Unabhängige Bürger für Pforzheim;uab;2014.0;Kommunalwahlprogramm Gemeinde;Gemeinde;main_corpus_observation;pf14uab.txt;main;10eff68b15b89bdbbab0a07c8c353657cdc348fd5303283dc5b7feb37b52a3c7;local_cities_components
USE-ff831208c8d9;DOC-b3cd2da97e09;GLMP-A8074C70FA;Pforzheim;Baden-Württemberg;08231000;Wir sind Pforzheim;wip;2014.0;Kommunalwahlprogramm Gemeinde;Gemeinde;main_corpus_observation;pf14wip.txt;main;b3cd2da97e093e93277f207d597314f2cb9ecdc01284b559bc92818f238e8090;local_cities_components
USE-8b07bca8bc64;DOC-c5e38d3a69d5;GLMP-132EFD6CBA;Potsdam;Brandenburg;12054000;Bürgerbündnis Potsdam;bbp;2014.0;Kommunalwahlprogramm Gemeinde;Gemeinde;main_corpus_observation;po14bbp.txt;main;c5e38d3a69d59bf707e3faa11a68a2b1f92eab45b2db89f1656547db1f6de935;local_cities_components
USE-3b7bf9fa10d2;DOC-23d04fe40bc1;GLMP-76043F92C3;Potsdam;Brandenburg;12054000;CDU;cdu;2014.0;Kommunalwahlprogramm Gemeinde;Gemeinde;main_corpus_observation;po14cdu.txt;main;23d04fe40bc14d1a5744d2b9036c4026f74000f73eff0e63df7766145a0d977c;local_cities_components
USE-1234a03b58aa;DOC-8e4ece65fdaa;GLMP-7976AD979A;Potsdam;Brandenburg;12054000;Die Linke;lin;2014.0;Kommunalwahlprogramm Gemeinde;Gemeinde;main_corpus_observation;po14lin.txt;main;8e4ece65fdaad5cb2a05abc95b3eddb0c321991fd8ed193c9e69127ceff11c1c;local_cities_components
USE-c898c9adfecd;DOC-5536383fe45b;GLMP-55E96CF4F1;Potsdam;Brandenburg;12054000;Die aNDERE;dia;2014.0;Kommunalwahlprogramm Gemeinde;Gemeinde;main_corpus_observation;po14dia.txt;main;5536383fe45b0743a048b82850649184c6505d934a2641abef5ae4e4a1444ba6;local_cities_components
USE-6704ba55822b;DOC-b865e82075ea;GLMP-28F22563FF;Potsdam;Brandenburg;12054000;FDP;fdp;2014.0;Kommunalwahlprogramm Gemeinde;Gemeinde;main_corpus_observation;po14fdp.txt;main;b865e82075ea033cd7fff21ab623bb38e3efb92e4082d26a6b8c7172c8f0bca4;local_cities_components
USE-8864976b1e53;DOC-8942d9b897a5;GLMP-A6939D32B4;Potsdam;Brandenburg;12054000;Freie Wähler;fwg;2014.0;Kommunalwahlprogramm Gemeinde;Gemeinde;main_corpus_observation;po14fwg.txt;main;8942d9b897a5954d6f42efec838e24f479be03475fa3209c75d8cf864352a390;local_cities_components
USE-75b4fec1801d;DOC-4716aacd0a91;GLMP-B531861841;Potsdam;Brandenburg;12054000;Grüne;gru;2014.0;Kommunalwahlprogramm Gemeinde;Gemeinde;main_corpus_observation;po14gru.txt;main;4716aacd0a917440347d96d0208a9cbaf44a59524d64c0cefc4cea81273e215c;local_cities_components
USE-3df9f6a244d0;DOC-69c15f248559;GLMP-6E4181ECB8;Potsdam;Brandenburg;12054000;Potsdamer Demokraten;pot;2014.0;Kommunalwahlprogramm Gemeinde;Gemeinde;main_corpus_observation;po14pot.txt;main;69c15f2485597e25784bb2b79d453997958ba7bf6f9a339421777ac7bd850003;local_cities_components
USE-15baf2cb78fa;DOC-2c3fed8a00a8;GLMP-2072170D6B;Potsdam;Brandenburg;12054000;SPD;spd;2014.0;Kommunalwahlprogramm Gemeinde;Gemeinde;main_corpus_observation;po14spd.txt;main;2c3fed8a00a8ad4e2f300b1d9ae653af150d8d003f18b56768fc4dba283edb69;local_cities_components
USE-96d46d07bdce;DOC-e226bba8884f;GLMP-FBFED59996;Recklinghausen;Nordrhein-Westfalen;05562032;CDU;cdu;2014.0;Kommunalwahlprogramm Gemeinde;Gemeinde;main_corpus_observation;re14cdu.txt;main;e226bba8884f4323cd0cc081675d40bcee1a292c7b89e25eecec7126d6360a24;manual_2024_reference
USE-0baeb2f4d9df;DOC-db9890df0050;GLMP-CD6ACF845E;Recklinghausen;Nordrhein-Westfalen;05562032;FDP;fdp;2014.0;Kommunalwahlprogramm Gemeinde;Gemeinde;main_corpus_observation;re14fdp.txt;main;db9890df0050472a17c3fa42319ed46cda279cde78af1910f55e2fd8a191db62;manual_2024_reference
USE-e3f572e4dd10;DOC-b81c376ddb62;GLMP-87C0798D32;Recklinghausen;Nordrhein-Westfalen;05562032;Grüne;gru;2014.0;Kommunalwahlprogramm Gemeinde;Gemeinde;main_corpus_observation;re14gru.txt;main;b81c376ddb62b9a15c3de8008abb26fa15fe5cc032909cc89eba686c1f397bf0;manual_2024_reference
USE-a21c39da0e0c;DOC-be1a8cc2024a;GLMP-D85937B1B7;Recklinghausen;Nordrhein-Westfalen;05562032;SPD;spd;2014.0;Kommunalwahlprogramm Gemeinde;Gemeinde;main_corpus_observation;re14spd.txt;main;be1a8cc2024add1ef83d80ce285e0d1e631514a2b1c57a3aa48800cb7aab9fc2;manual_2024_reference
USE-a75ecaf9f8fb;DOC-2ef5a62831ee;GLMP-5DAF54A259;Regensburg;Bayern;09362000;CSU;csu;2014.0;Kommunalwahlprogramm Gemeinde;Gemeinde;main_corpus_observation;rg14csu.txt;main;2ef5a62831eec68875f4341a2d3a7638e109359ddb94c09d9757266d3ace4f0d;manual_2024_reference
USE-c3b1ec495265;DOC-d11c835488f2;GLMP-9A09602D5E;Regensburg;Bayern;09362000;Christiliche-Soziale Bürger;csb;2014.0;Kommunalwahlprogramm Gemeinde;Gemeinde;main_corpus_observation;rg14csb.txt;main;d11c835488f20f9d66d419aa18ac950e62eab1cebd972939d4558992cc384fb1;manual_2024_reference
USE-508eb9f5fc07;DOC-337cacda3513;GLMP-E6BE05F6F8;Regensburg;Bayern;09362000;Die Linke;lin;2014.0;Kommunalwahlprogramm Gemeinde;Gemeinde;main_corpus_observation;rg14lin.txt;main;337cacda35136361749d25f39f16ec3c72be4cedff8e2cf9051aa8de83ad6ea5;manual_2024_reference
USE-46e39f845184;DOC-88047ac38963;GLMP-3984C576B5;Regensburg;Bayern;09362000;FDP;fdp;2014.0;Kommunalwahlprogramm Gemeinde;Gemeinde;main_corpus_observation;rg14fdp.txt;main;88047ac3896399b1293992a45e210a60eebf96f7224c9ad808daf7d95cce5637;manual_2024_reference
USE-3578c6d5bd21;DOC-ef27e1ce3226;GLMP-A87559E0C4;Regensburg;Bayern;09362000;Freie Wähler;fwg;2014.0;Kommunalwahlprogramm Gemeinde;Gemeinde;main_corpus_observation;rg14fwg.txt;main;ef27e1ce322673af28d6b195d6de9bdf0dcd69d3a78d0111ef19099003e36abb;manual_2024_reference
USE-668d711695dd;DOC-f17c27e5a034;GLMP-B418DE9A90;Regensburg;Bayern;09362000;Grüne;gru;2014.0;Kommunalwahlprogramm Gemeinde;Gemeinde;main_corpus_observation;rg14gru.txt;main;f17c27e5a034ffbe53c8475c4badd352b39c2d0ff319dbe914fb2b9b96176b0f;manual_2024_reference
USE-bdac2ef58784;DOC-742a61bf5577;GLMP-51E0B04D15;Regensburg;Bayern;09362000;Piraten;pir;2014.0;Kommunalwahlprogramm Gemeinde;Gemeinde;main_corpus_observation;rg14pir.txt;main;742a61bf55778444e87c395be761d1e0d5e01c07c86ff1be33c1a032f3f2fbe5;manual_2024_reference
USE-24193c804f04;DOC-aa0b70eec538;GLMP-93545F1FD0;Regensburg;Bayern;09362000;SPD;spd;2014.0;Kommunalwahlprogramm Gemeinde;Gemeinde;main_corpus_observation;rg14spd.txt;main;aa0b70eec538638530d59cd430b154cc0532e01f89eb2e68a05df604ccb6dff5;manual_2024_reference
USE-12822be48a41;DOC-3b013b19b0ab;GLMP-C68E63F943;Regensburg;Bayern;09362000;Ökologisch-Demokratische Partei (ÖDP);odp;2014.0;Kommunalwahlprogramm Gemeinde;Gemeinde;main_corpus_observation;rg14odp.txt;main;3b013b19b0abf46c83c6d7c5a11b544fc39ca7e99d571e3c6c26538dc305f237;manual_2024_reference
USE-c409e043cd6d;DOC-96e0687254cc;GLMP-FBDDD58062;Remscheid;Nordrhein-Westfalen;05120000;CDU;cdu;2014.0;Kommunalwahlprogramm Gemeinde;Gemeinde;main_corpus_observation;rs14cdu.txt;main;96e0687254cce102e16b204ec109a6769d393edc132d87ca028b143fb1d205c5;manual_2024_reference
USE-d81090a4b442;DOC-81281f4417c2;GLMP-0FF4CD87BC;Remscheid;Nordrhein-Westfalen;05120000;FDP;fdp;2014.0;Kommunalwahlprogramm Gemeinde;Gemeinde;main_corpus_observation;rs14fdp.txt;main;81281f4417c272740c6474299f77b3fb38c7d3800d6721104c1b07d248d8f056;manual_2024_reference
USE-0bdb0890ca4a;DOC-be739475696f;GLMP-3410835278;Remscheid;Nordrhein-Westfalen;05120000;Grüne;gru;2014.0;Kommunalwahlprogramm Gemeinde;Gemeinde;main_corpus_observation;rs14gru.txt;main;be739475696f496c87c9752e2afc0e3e6ec495d08ecda3c267015c607e22e7b6;manual_2024_reference
USE-695f614a03de;DOC-3f281ed7daac;GLMP-69E895EA57;Remscheid;Nordrhein-Westfalen;05120000;SPD;spd;2014.0;Kommunalwahlprogramm Gemeinde;Gemeinde;main_corpus_observation;rs14spd.txt;main;3f281ed7daaced6e8d24c53fe0fc37b159c4d19902b8e6052905ba5ab6650c78;manual_2024_reference
USE-284aa8b1054b;DOC-453bcf5d1ac1;GLMP-8A1F269F32;Remscheid;Nordrhein-Westfalen;05120000;Wählergemeinschaft in Remscheid (W.i.R.);wir;2014.0;Kommunalwahlprogramm Gemeinde;Gemeinde;main_corpus_observation;rs14wir.txt;main;453bcf5d1ac1394b65ea4542a82262f6c9203b27a5b28bba039c84b7fdb55f70;manual_2024_reference
USE-64236029ebb2;DOC-213bfaf98a68;GLMP-783BF0D8ED;Reutlingen;Baden-Württemberg;08415061;Die Linke;lin;2014.0;Kommunalwahlprogramm Gemeinde;Gemeinde;main_corpus_observation;rt14lin.txt;main;213bfaf98a681dedcb6bdcebd18469dadd872cbbeaee895b496bfab2db17de93;local_cities_components
USE-cb4dd75d4ceb;DOC-d682ab1949ad;GLMP-94211A366D;Reutlingen;Baden-Württemberg;08415061;FDP;fdp;2014.0;Kommunalwahlprogramm Gemeinde;Gemeinde;main_corpus_observation;rt14fdp.txt;main;d682ab1949ad86b112b2cf71e37d4768d195f5d0fd6df116d8447f1ef16b1956;local_cities_components
USE-cc61cf13782b;DOC-cdbd73da8a79;GLMP-2B44345281;Reutlingen;Baden-Württemberg;08415061;Freie Wähler;fwg;2014.0;Kommunalwahlprogramm Gemeinde;Gemeinde;main_corpus_observation;rt14fwg.txt;main;cdbd73da8a79d17935a0977d11f256ac8ffc760adce3bda70b1db81e359694b2;local_cities_components
USE-f0abadb6fbdc;DOC-603b50001315;GLMP-B15251A3E2;Reutlingen;Baden-Württemberg;08415061;SPD;spd;2014.0;Kommunalwahlprogramm Gemeinde;Gemeinde;main_corpus_observation;rt14spd.txt;main;603b500013154470409f26bd37acc59709d76cbc9ab2dc4409c9e1c962d8794a;local_cities_components
USE-bbdccabe8dac;DOC-e3bcbdac46b4;GLMP-28E43DC802;Rostock;Mecklenburg-Vorpommern;13003000;Aufbruch 09;bru;2014.0;Kommunalwahlprogramm Gemeinde;Gemeinde;main_corpus_observation;ro14bru.txt;main;e3bcbdac46b425328bb657b1c0e8d18d24daa276d1e05c97217fc57b042f5e91;local_cities_components
USE-ba0be98f6b54;DOC-22046683cb20;GLMP-BE209F9A78;Rostock;Mecklenburg-Vorpommern;13003000;CDU;cdu;2014.0;Kommunalwahlprogramm Gemeinde;Gemeinde;main_corpus_observation;ro14cdu.txt;main;22046683cb20983757d39b122ec27cf06bddbe275a38917e572a92f335ff995c;local_cities_components
USE-dc7ee6e16e51;DOC-3eea1e810155;GLMP-83279E1B53;Rostock;Mecklenburg-Vorpommern;13003000;Die Linke;lin;2014.0;Kommunalwahlprogramm Gemeinde;Gemeinde;main_corpus_observation;ro14lin.txt;main;3eea1e810155e89cb3188756defb6111ed2f1c364cc0286aa6d9d5885f8706dd;local_cities_components
USE-02caa75219fe;DOC-a440359a8f63;GLMP-DFE315019D;Rostock;Mecklenburg-Vorpommern;13003000;Grüne;gru;2014.0;Kommunalwahlprogramm Gemeinde;Gemeinde;main_corpus_observation;ro14gru.txt;main;a440359a8f630dcc391dad8a3852e0d8b8611236499f5b71b6f29514fa0bad89;local_cities_components
USE-ec5bbdaa01cd;DOC-35697f180269;GLMP-468F540624;Rostock;Mecklenburg-Vorpommern;13003000;Rostocker Bund;rob;2014.0;Kommunalwahlprogramm Gemeinde;Gemeinde;main_corpus_observation;ro14rob.txt;main;35697f180269a37f7bff419387952f4aaa40f8f072b593305a3e52e52f6bd475;local_cities_components
USE-3fb153922a63;DOC-73f2d99e9b2d;GLMP-D7B5CC0B55;Rostock;Mecklenburg-Vorpommern;13003000;SPD;spd;2014.0;Kommunalwahlprogramm Gemeinde;Gemeinde;main_corpus_observation;ro14spd.txt;main;73f2d99e9b2dc5a1389a1b652744f022cc73220dbdf80554acfe2f0bb9986bd0;local_cities_components
USE-dc856c10aae2;DOC-cf8fd51bf640;GLMP-7797E65693;Saarbruecken;Saarland;10041100;CDU;cdu;2014.0;Kommunalwahlprogramm Gemeinde;Gemeinde;main_corpus_observation;sb14cdu.txt;main;cf8fd51bf640897e3fdc257c7fafd905067caa6ae62443a21397f58fb275fb12;manual_2024_reference
USE-b6a4f0980d13;DOC-0113e1b77b9a;GLMP-D793615D9D;Saarbruecken;Saarland;10041100;FDP;fdp;2014.0;Kommunalwahlprogramm Gemeinde;Gemeinde;main_corpus_observation;sb14fdp.txt;main;0113e1b77b9abe1214f411dcacbc6e1f329e92cc1addfaa09f2e55203701edeb;manual_2024_reference
USE-1500a6e5c95f;DOC-c204830441d0;GLMP-82B3A54CE5;Saarbruecken;Saarland;10041100;Freie Wähler;fwg;2014.0;Kommunalwahlprogramm Gemeinde;Gemeinde;main_corpus_observation;sb14fwg.txt;main;c204830441d056fd541831043f9e4b18232f9e2d5705ce81c9d485fef6695240;manual_2024_reference
USE-d99c8ed99e5d;DOC-3fb8fc401526;GLMP-B5F6FB89AE;Saarbruecken;Saarland;10041100;Grüne;gru;2014.0;Kommunalwahlprogramm Gemeinde;Gemeinde;main_corpus_observation;sb14gru.txt;main;3fb8fc40152645ab08682cf5ec208ebd9adf430c3bc68b91ac42756aad5c170f;manual_2024_reference
USE-652d0b85927c;DOC-73b4ff5c451b;GLMP-DE4032489F;Saarbruecken;Saarland;10041100;Piraten;pir;2014.0;Kommunalwahlprogramm Gemeinde;Gemeinde;main_corpus_observation;sb14pir.txt;main;73b4ff5c451b9bbcf754e547080b693c0a9304b485a4ac24350c6e54d3b9502d;manual_2024_reference
USE-cb8b83fea32e;DOC-7887f1f834ff;GLMP-9CB482F85C;Saarbruecken;Saarland;10041100;SPD;spd;2014.0;Kommunalwahlprogramm Gemeinde;Gemeinde;main_corpus_observation;sb14spd.txt;main;7887f1f834ffc21340ed15c4b7bb6380d5082116e8cc3092698b6ad9c48f2082;manual_2024_reference
USE-5ff20d58ff94;DOC-68469e338c35;GLMP-68F29B3CBD;Saarbruecken;Saarland;10041100;Saarland für Alle;sfa;2014.0;Kommunalwahlprogramm Gemeinde;Gemeinde;main_corpus_observation;sb14sfa.txt;main;68469e338c351d4f9d0194f7284bf2507eadd17f5e5bb4668be856669082e6c4;manual_2024_reference
USE-4e5e6af38c01;DOC-827d7c52b9c5;GLMP-2B6C5F830E;Siegen;Nordrhein-Westfalen;05970040;Alternative für Deutschland;afd;2014.0;Kommunalwahlprogramm Gemeinde;Gemeinde;main_corpus_observation;si14afd.txt;main;827d7c52b9c5cb33ea973a38e702435c4dc091b12c0da58a5b4ab4fbd6eaed3e;manual_2024_reference
USE-882e48646d09;DOC-75e5ec377548;GLMP-BFD18048B8;Siegen;Nordrhein-Westfalen;05970040;CDU;cdu;2014.0;Kommunalwahlprogramm Gemeinde;Gemeinde;main_corpus_observation;si14cdu.txt;main;75e5ec377548427105bc094a444f832bcfea76535944c22571490d7419013584;manual_2024_reference
USE-a69fc01e94fc;DOC-97f58380b9d8;GLMP-6711E530C0;Siegen;Nordrhein-Westfalen;05970040;Die Linke;lin;2014.0;Kommunalwahlprogramm Gemeinde;Gemeinde;main_corpus_observation;si14lin.txt;main;97f58380b9d841815fa527042bba8a61d798ec9cc85a5243dd70990cb7dda2b4;manual_2024_reference
USE-f440e9dfded1;DOC-bf530bdb6abf;GLMP-77E7A71B5E;Siegen;Nordrhein-Westfalen;05970040;FDP;fdp;2014.0;Kommunalwahlprogramm Gemeinde;Gemeinde;main_corpus_observation;si14fdp.txt;main;bf530bdb6abf308cc42b482aa1fdd4d6bd36f5b3cf9c042552b011e5f4b32e7f;manual_2024_reference
USE-ab73c5cec8fc;DOC-bcad20277b30;GLMP-9D69DB7453;Siegen;Nordrhein-Westfalen;05970040;Grüne;gru;2014.0;Kommunalwahlprogramm Gemeinde;Gemeinde;main_corpus_observation;si14gru.txt;main;bcad20277b306393ce19c683ce91ba891e0b09627a5683d8bf6d92591ad07e1a;manual_2024_reference
USE-8467c17998b5;DOC-4dcc896d2287;GLMP-A839BC5B7A;Siegen;Nordrhein-Westfalen;05970040;SPD;spd;2014.0;Kommunalwahlprogramm Gemeinde;Gemeinde;main_corpus_observation;si14spd.txt;main;4dcc896d228739d451f0a14e8a5f1ff7aed653853ddb96f4f959f431787cff7f;manual_2024_reference
USE-4bf0d823d872;DOC-491ac074c81e;GLMP-426E138529;Siegen;Nordrhein-Westfalen;05970040;Unabhängige Wählergemeinschaft (UWG);uwg;2014.0;Kommunalwahlprogramm Gemeinde;Gemeinde;main_corpus_observation;si14uwg.txt;main;491ac074c81e03747dd6dea4617a484ada291026305ffc2fb1b18c8e956687c4;manual_2024_reference
USE-1d4a5ed8d4c2;DOC-08a9ded944b2;GLMP-DAC9A3317F;Solingen;Nordrhein-Westfalen;05122000;Alternative für Deutschland;afd;2014.0;Kommunalwahlprogramm Gemeinde;Gemeinde;main_corpus_observation;sg14afd.txt;main;08a9ded944b23effd964d89775083b3761af3856b6805ba2bdae91dafe7420ea;manual_2024_reference
USE-9ab5da0a0b66;DOC-143640acfdaf;GLMP-ABD2F97087;Solingen;Nordrhein-Westfalen;05122000;CDU;cdu;2014.0;Kommunalwahlprogramm Gemeinde;Gemeinde;main_corpus_observation;sg14cdu.txt;main;143640acfdafe90fe3f68b94b0169083ca2ab386b9ada57278d3c93f029b61aa;manual_2024_reference
USE-a76a903b380d;DOC-c140eef2b85a;GLMP-04A4D728D4;Solingen;Nordrhein-Westfalen;05122000;Die Linke;lin;2014.0;Kommunalwahlprogramm Gemeinde;Gemeinde;main_corpus_observation;sg14lin.txt;main;c140eef2b85abe5557b2d7b5449ac285cce0ada600812d4d85379dee5f28f1aa;manual_2024_reference
USE-1e1577d885d9;DOC-53a48d60f016;GLMP-8AA53B25B4;Solingen;Nordrhein-Westfalen;05122000;FDP;fdp;2014.0;Kommunalwahlprogramm Gemeinde;Gemeinde;main_corpus_observation;sg14fdp.txt;main;53a48d60f01657f91f044b819eff525b4c096d48ffdc30e129847da851afd500;manual_2024_reference
USE-3f0fd7c69b1e;DOC-c800d8e3d897;GLMP-B47EF9DB77;Solingen;Nordrhein-Westfalen;05122000;Freie Bürger Union;fbu;2014.0;Kommunalwahlprogramm Gemeinde;Gemeinde;main_corpus_observation;sg14fbu.txt;main;c800d8e3d8972807c011d1849319e3a77edfe39a030f4d2b9dc1ee7bddc512ef;manual_2024_reference
USE-484f8d9177a0;DOC-7c62674d45fc;GLMP-7FF3792580;Solingen;Nordrhein-Westfalen;05122000;Grüne;gru;2014.0;Kommunalwahlprogramm Gemeinde;Gemeinde;main_corpus_observation;sg14gru.txt;main;7c62674d45fc33998f1c8411fea5cac3ae87c8ac39fe086f57eeff32bba6c618;manual_2024_reference
USE-a528c64910dc;DOC-b7963a2b1146;GLMP-69A499B153;Solingen;Nordrhein-Westfalen;05122000;Piraten;pir;2014.0;Kommunalwahlprogramm Gemeinde;Gemeinde;main_corpus_observation;sg14pir.txt;main;b7963a2b114630b9121a9d90ec5279b33b8579f5d1f060f7f8054085d61b35fc;manual_2024_reference
USE-9b85e60f4a75;DOC-74801ecd2474;GLMP-395A989FF3;Solingen;Nordrhein-Westfalen;05122000;SPD;spd;2014.0;Kommunalwahlprogramm Gemeinde;Gemeinde;main_corpus_observation;sg14spd.txt;main;74801ecd2474fe57ad5ec743bcf362e67561816106e08769d2279f9cdb8eba60;manual_2024_reference
USE-7b4720f313a1;DOC-6a658cad8109;GLMP-1BC30C9234;Stuttgart;Baden-Württemberg;08111000;Alternative für Deutschland;afd;2014.0;Kommunalwahlprogramm Gemeinde;Gemeinde;main_corpus_observation;st14afd.txt;main;6a658cad81090f71c6b0872770a81d5c7feb3e5bc3c5d9ba5c2df42147097b96;local_cities_components
USE-c445ec79a086;DOC-eef9653f3cee;GLMP-6AE6B5F167;Stuttgart;Baden-Württemberg;08111000;CDU;cdu;2014.0;Kommunalwahlprogramm Gemeinde;Gemeinde;main_corpus_observation;st14cdu.txt;main;eef9653f3cee187a73adbc422beeda7a7905777366498e2b721b287618f35430;local_cities_components
USE-f2549fa9ba69;DOC-43e94e25166b;GLMP-14AB9A0184;Stuttgart;Baden-Württemberg;08111000;Die Linke;lin;2014.0;Kommunalwahlprogramm Gemeinde;Gemeinde;main_corpus_observation;st14lin.txt;main;43e94e25166b707c2e73d3a35f8ae609bccafbe31fa567037abb7d14106432a7;local_cities_components
USE-a6d85c4cce2d;DOC-dc1189549b5e;GLMP-FE4579957F;Stuttgart;Baden-Württemberg;08111000;Die Republikaner;rep;2014.0;Kommunalwahlprogramm Gemeinde;Gemeinde;main_corpus_observation;st14rep.txt;main;dc1189549b5e3bbe7f3083b30c96f272b201cf1d87b177b130a58fcb5b71e76f;local_cities_components
USE-d1c91de49c53;DOC-28d0c9f292fc;GLMP-B43E82A654;Stuttgart;Baden-Württemberg;08111000;FDP;fdp;2014.0;Kommunalwahlprogramm Gemeinde;Gemeinde;main_corpus_observation;st14fdp.txt;main;28d0c9f292fc770cc0893456d0a0d26b34eaa0190a7eb6ab8364eacaaebc320e;local_cities_components
USE-fe045fac6852;DOC-24b7ac7a1497;GLMP-4B21687DBE;Stuttgart;Baden-Württemberg;08111000;Grüne;gru;2014.0;Kommunalwahlprogramm Gemeinde;Gemeinde;main_corpus_observation;st14gru.txt;main;24b7ac7a14979f56742b70db9de7d5c478a7eb24578d7074df54da3549abf832;local_cities_components
USE-b67cef7a9ee0;DOC-16fe91fcff84;GLMP-2F6FD5A8E2;Stuttgart;Baden-Württemberg;08111000;Piraten;pir;2014.0;Kommunalwahlprogramm Gemeinde;Gemeinde;main_corpus_observation;st14pir.txt;main;16fe91fcff84d1c3257f87614224618fb826fa5cc733be9913876869d197ac44;local_cities_components
USE-73537fe1adfc;DOC-f1eda263bcba;GLMP-0DA4BF0B99;Stuttgart;Baden-Württemberg;08111000;SPD;spd;2014.0;Kommunalwahlprogramm Gemeinde;Gemeinde;main_corpus_observation;st14spd.txt;main;f1eda263bcbae227553c3de8f8c856293c35d05809f45e74f769ad67ba69044f;local_cities_components
USE-d00778203f83;DOC-db6147a5c97f;GLMP-6486C8A488;Stuttgart;Baden-Württemberg;08111000;SÖS (Stuttgart Ökologisch Sozial);sos;2014.0;Kommunalwahlprogramm Gemeinde;Gemeinde;main_corpus_observation;st14sos.txt;main;db6147a5c97f32c30944395047ad9a492c93621ea4eff4c8d3c01371879864e4;local_cities_components
USE-65a8b24aee08;DOC-f630d8e1e469;GLMP-1DD6EFA30C;Trier;Rheinland-Pfalz;07211000;CDU;cdu;2014.0;Kommunalwahlprogramm Gemeinde;Gemeinde;main_corpus_observation;tr14cdu.txt;main;f630d8e1e469478cb0c3f3cc9a6b2e8f9dba556ce95beaadd76438bb04db8273;local_cities_components
USE-9bd57b706b5f;DOC-674547db50bd;GLMP-9202F89A38;Trier;Rheinland-Pfalz;07211000;Die Linke;lin;2014.0;Kommunalwahlprogramm Gemeinde;Gemeinde;main_corpus_observation;tr14lin.txt;main;674547db50bdeb11342272149e05cf73dd30e41da3c7d37eb44b71162a8f0551;local_cities_components
USE-c0774df76fc7;DOC-975fdd834be2;GLMP-A1E1C6582A;Trier;Rheinland-Pfalz;07211000;FDP;fdp;2014.0;Kommunalwahlprogramm Gemeinde;Gemeinde;main_corpus_observation;tr14fdp.txt;main;975fdd834be24b4e0e4a0ef6ad99ed5a897a6bfbfa6ed1a9bca464e8ce12e821;local_cities_components
USE-440452fd28c4;DOC-b722bcc75541;GLMP-07C68701DB;Trier;Rheinland-Pfalz;07211000;Freie Wähler;fwg;2014.0;Kommunalwahlprogramm Gemeinde;Gemeinde;main_corpus_observation;tr14fwg.txt;main;b722bcc75541be3d6d5fe14736dccf8f95840eea3a5205ccff6d06aff095713c;local_cities_components
USE-d4d56b811f5b;DOC-ac83b89be336;GLMP-CCC98BF81D;Trier;Rheinland-Pfalz;07211000;Grüne;gru;2014.0;Kommunalwahlprogramm Gemeinde;Gemeinde;main_corpus_observation;tr14gru.txt;main;ac83b89be33626c6fea7c37360afbea719ac65293899e86f3e4187e3a2dadbb3;local_cities_components
USE-a3ddaae080db;DOC-fbb739b70e6c;GLMP-3394D49BE7;Trier;Rheinland-Pfalz;07211000;Piraten;pir;2014.0;Kommunalwahlprogramm Gemeinde;Gemeinde;main_corpus_observation;tr14pir.txt;main;fbb739b70e6cf5eb3c2b38a8b37e73cb2a7181fc6d81a91b05cd743bef0c8199;local_cities_components
USE-f9062530a06a;DOC-e3a23daf8a89;GLMP-4F3737CF86;Trier;Rheinland-Pfalz;07211000;SPD;spd;2014.0;Kommunalwahlprogramm Gemeinde;Gemeinde;main_corpus_observation;tr14spd.txt;main;e3a23daf8a8941476bf5af83fe783610bd3bf90e884620dfc6c554f62c396db5;local_cities_components
USE-bd741bb247c3;DOC-aed8b1c22ba0;GLMP-9B93F26F39;Ulm;Baden-Württemberg;08421000;CDU;cdu;2014.0;Kommunalwahlprogramm Gemeinde;Gemeinde;main_corpus_observation;ul14cdu.txt;main;aed8b1c22ba0a953360ef9120df486114e9a32d104551bd86bb92ecc49ad7f41;local_cities_components
USE-c0b60d318363;DOC-fd08cf9039d2;GLMP-DCFFA28BAD;Ulm;Baden-Württemberg;08421000;FDP;fdp;2014.0;Kommunalwahlprogramm Gemeinde;Gemeinde;main_corpus_observation;ul14fdp.txt;main;fd08cf9039d23e6b76aca0fdbc54ab771e2ccf3cd0de4ef00923687ed2641b65;local_cities_components
USE-714fa3a1cb80;DOC-bbe78022b42f;GLMP-16D82CF13F;Ulm;Baden-Württemberg;08421000;Grüne;gru;2014.0;Kommunalwahlprogramm Gemeinde;Gemeinde;main_corpus_observation;ul14gru.txt;main;bbe78022b42ffa66449c5ea07000abd62df29ea91830497e52805b097ff55b76;local_cities_components
USE-55effaff533c;DOC-c140eeab4dab;GLMP-637F007659;Ulm;Baden-Württemberg;08421000;SPD;spd;2014.0;Kommunalwahlprogramm Gemeinde;Gemeinde;main_corpus_observation;ul14spd.txt;main;c140eeab4dab79b1e617333c37515a8402e1333bca9c4d2f413207b0ae2d4a36;local_cities_components
USE-f10186cd7124;DOC-b172c252f1d1;GLMP-E6C277B3DB;Wuerzburg;Bayern;09663000;Bürgerforum Würzburg;buf;2014.0;Kommunalwahlprogramm Gemeinde;Gemeinde;main_corpus_observation;wz14buf.txt;main;b172c252f1d190bb2ef8377cfcb81aeb4615ee9cb5ecb9678fda773e84beb08b;manual_2024_reference
USE-2f795e1df554;DOC-80681ce97ee8;GLMP-D31DE3C43A;Wuerzburg;Bayern;09663000;CSU;csu;2014.0;Kommunalwahlprogramm Gemeinde;Gemeinde;main_corpus_observation;wz14csu.txt;main;80681ce97ee832a193717d79073df5037de91c9757a404c5ce0894875f2e5eea;manual_2024_reference
USE-48e3c469fc55;DOC-75f02723623c;GLMP-49F406116B;Wuerzburg;Bayern;09663000;Die Linke;lin;2014.0;Kommunalwahlprogramm Gemeinde;Gemeinde;main_corpus_observation;wz14lin.txt;main;75f02723623cc0cc3708dc57eb3513209dae482305e7523b377faa36d13c1258;manual_2024_reference
USE-d4b0748cbb6c;DOC-341edb8993cd;GLMP-BBBF79EE0E;Wuerzburg;Bayern;09663000;FDP;fdp;2014.0;Kommunalwahlprogramm Gemeinde;Gemeinde;main_corpus_observation;wz14fdp.txt;main;341edb8993cd210093e7242795053208069cf0378895b9c6e0029b5b720d65c9;manual_2024_reference
USE-4006233c7d20;DOC-413b240eb0ca;GLMP-DA9CBDEF06;Wuerzburg;Bayern;09663000;Freie Wähler;fwg;2014.0;Kommunalwahlprogramm Gemeinde;Gemeinde;main_corpus_observation;wz14fwg.txt;main;413b240eb0cac06973884d02f61db8b0e40f62938f32746e978c4c2bf88fb99f;manual_2024_reference
USE-89204c9a2954;DOC-1ffff66be413;GLMP-16F69E3CC5;Wuerzburg;Bayern;09663000;Grüne;gru;2014.0;Kommunalwahlprogramm Gemeinde;Gemeinde;main_corpus_observation;wz14gru.txt;main;1ffff66be413a46fb02e82c15c9b1c59dce6bb4a0962f7b0b43400c3f7aba400;manual_2024_reference
USE-0af44ba3a7e8;DOC-a14c8333118e;GLMP-D0B7C45648;Wuerzburg;Bayern;09663000;SPD;spd;2014.0;Kommunalwahlprogramm Gemeinde;Gemeinde;main_corpus_observation;wz14spd.txt;main;a14c8333118e55a6bcd6abd3e100fadde1462010f8dabada084455bcbc634249;manual_2024_reference
USE-56bced5d51e8;DOC-56c3af354cf1;GLMP-8945E808BB;Wuerzburg;Bayern;09663000;Würzburger Liste;wzl;2014.0;Kommunalwahlprogramm Gemeinde;Gemeinde;main_corpus_observation;wz14wzl.txt;main;56c3af354cf15094c1f0efc5432e2144115b5d8801a3b2d624d90e229a7454a9;manual_2024_reference
USE-1383e48d3dda;DOC-98f193a65d01;GLMP-D4E3E96358;Wuerzburg;Bayern;09663000;Zukunft für Würzburg;zfw;2014.0;Kommunalwahlprogramm Gemeinde;Gemeinde;main_corpus_observation;wz14zfw.txt;main;98f193a65d01517b43c82486a8a4d885d3f99cf3fd538469cdaf8b61196f07ac;manual_2024_reference
USE-eb2fa768b056;DOC-0712141163d7;GLMP-C6B8BFAA14;Wuerzburg;Bayern;09663000;Ökologisch-Demokratische Partei (ÖDP);odp;2014.0;Kommunalwahlprogramm Gemeinde;Gemeinde;main_corpus_observation;wz14odp.txt;main;0712141163d79b3aa02640bf12a5119ef7dc25968644633a9485d099acdc9100;manual_2024_reference
USE-2e92cb2e0577;DOC-bb8e2f6a108f;GLMP-03A32C7F12;Wuppertal;Nordrhein-Westfalen;05124000;CDU;cdu;2014.0;Kommunalwahlprogramm Gemeinde;Gemeinde;main_corpus_observation;wu14cdu.txt;main;bb8e2f6a108fed58833c43f47cc09759d4b2e499dc8d2186852c2ed9c8e57105;manual_2024_reference
USE-cc8e7fcb34a6;DOC-5be6371f1f59;GLMP-14FE1C631E;Wuppertal;Nordrhein-Westfalen;05124000;FDP;fdp;2014.0;Kommunalwahlprogramm Gemeinde;Gemeinde;main_corpus_observation;wu14fdp.txt;main;5be6371f1f5919aa02b4958c07c0a75d3412365b6b3d0fcae3ae3e3d3ad038b0;manual_2024_reference
USE-42f7a47a5099;DOC-aef2bba0acb8;GLMP-AFE28563E6;Wuppertal;Nordrhein-Westfalen;05124000;Grüne;gru;2014.0;Kommunalwahlprogramm Gemeinde;Gemeinde;main_corpus_observation;wu14gru.txt;main;aef2bba0acb804be34ccb1a28d6abaf87edd284b41c259242837d1b71c1a08dd;manual_2024_reference
USE-b0a059af341f;DOC-41a128c2cba4;GLMP-7AD818BBF9;Wuppertal;Nordrhein-Westfalen;05124000;Piraten;pir;2014.0;Kommunalwahlprogramm Gemeinde;Gemeinde;main_corpus_observation;wu14pir.txt;main;41a128c2cba44913c3cd68a1e92bb3be2c438d2aabe1b6438982bbb30d579774;manual_2024_reference
USE-1ab8fcae962a;DOC-0bb2ccf601a2;GLMP-6163B131BC;Wuppertal;Nordrhein-Westfalen;05124000;SPD;spd;2014.0;Kommunalwahlprogramm Gemeinde;Gemeinde;main_corpus_observation;wu14spd.txt;main;0bb2ccf601a2aa68f90f13dabef51e4416cc248ffaa3dcf0247cd174802ec338;manual_2024_reference
USE-e1c23e80952b;DOC-063dddd2067e;GLMP-EAA407527F;Wuppertal;Nordrhein-Westfalen;05124000;Wählergemeinschaft für Wuppertal;wfw;2014.0;Kommunalwahlprogramm Gemeinde;Gemeinde;main_corpus_observation;wu14wfw.txt;main;063dddd2067e81a95ccbfe07d52b80ca33bba8b468bb2157654cd3f057c0a3ca;manual_2024_reference
USE-6879ae2951af;DOC-e99db0af575d;GLMP-D962F75AF1;Bremen;Bremen;04011000;Alternative für Deutschland;afd;2015.0;Kommunalwahlprogramm Gemeinde;Gemeinde;main_corpus_observation;br15afd.txt;main;e99db0af575df0c8fb8e5ce4b38fab82daef57eb6baaddb9834f6f10d10a747c;manual_2024_reference
USE-15186e3ec30f;DOC-29013afcc91e;GLMP-8FFA21ED33;Bremen;Bremen;04011000;Bürger in Wut;biw;2015.0;Kommunalwahlprogramm Gemeinde;Gemeinde;main_corpus_observation;br15biw.txt;main;29013afcc91e66caa1db2047137f6b0bf3eb38c351b8654753d30c153650f364;manual_2024_reference
USE-f62e8d228b57;DOC-fbd091474704;GLMP-ECFD3AFFFD;Bremen;Bremen;04011000;CDU;cdu;2015.0;Kommunalwahlprogramm Gemeinde;Gemeinde;main_corpus_observation;br15cdu.txt;main;fbd0914747040192054be394b5496e628a4cbfb7ccb6970d3f2cc6ed8f712d80;manual_2024_reference
USE-c5aff2a104b2;DOC-ba62429baa61;GLMP-32A314BFD3;Bremen;Bremen;04011000;Die Linke;lin;2015.0;Kommunalwahlprogramm Gemeinde;Gemeinde;main_corpus_observation;br15lin.txt;main;ba62429baa611dc6472ad508b7c4d12ff062bd3df5baccd1d2cdfc7fdfc2462d;manual_2024_reference
USE-a685cc6c0aa7;DOC-c8851be70628;GLMP-50984DE469;Bremen;Bremen;04011000;FDP;fdp;2015.0;Kommunalwahlprogramm Gemeinde;Gemeinde;main_corpus_observation;br15fdp.txt;main;c8851be7062841c257947cbdfb1b3a05bf49f50305eadb5e6302e2290c9e055e;manual_2024_reference
USE-5fc206ddd4bf;DOC-277c948dece1;GLMP-79F28161D6;Bremen;Bremen;04011000;Grüne;gru;2015.0;Kommunalwahlprogramm Gemeinde;Gemeinde;main_corpus_observation;br15gru.txt;main;277c948dece165903b97f9a94482ab4d1caa5df851dbbab135435dc59c287d3a;manual_2024_reference
USE-e8e269aa7e0c;DOC-fc5834c2d724;GLMP-12EF492CBF;Bremen;Bremen;04011000;Neue Liberale;nli;2015.0;Kommunalwahlprogramm Gemeinde;Gemeinde;main_corpus_observation;br15nli.txt;main;fc5834c2d72402017d1d08d5d289802ec84a570fdef930e4743afa5c7d3e66cc;manual_2024_reference
USE-c66265b98b25;DOC-5498bee8d3f3;GLMP-EF2C8D361A;Bremen;Bremen;04011000;Piraten;pir;2015.0;Kommunalwahlprogramm Gemeinde;Gemeinde;main_corpus_observation;br15pir.txt;main;5498bee8d3f3a8b9fb927972335ef28baf587765d23160d61bdf4b74e5766541;manual_2024_reference
USE-769786bf0bca;DOC-19257f193ec7;GLMP-912C1CE176;Bremen;Bremen;04011000;SPD;spd;2015.0;Kommunalwahlprogramm Gemeinde;Gemeinde;main_corpus_observation;br15spd.txt;main;19257f193ec7673a2077c3ee773b7c7140360235a57b5d1b84ea82e0b279b78f;manual_2024_reference
USE-71be870b58c4;DOC-ca8ca4a7f1ed;GLMP-6B0596A12C;Bremen;Bremen;04011000;Tierschutzpartei;tsp;2015.0;Kommunalwahlprogramm Gemeinde;Gemeinde;main_corpus_observation;br15tsp.txt;main;ca8ca4a7f1ed4cf88031ef6ea4f3a90b9997f2e53f55c2ed2f74a20f6caa4692;manual_2024_reference
USE-df55306af7c4;DOC-343fd2479438;GLMP-7602826FE9;Bremerhaven;Bremen;04012000;Alternative für Deutschland;afd;2015.0;Kommunalwahlprogramm Gemeinde;Gemeinde;main_corpus_observation;bh15afd.txt;main;343fd247943801f89e78f0d4674e4af9675b092f58415f776d7c84aec46c6188;manual_2024_reference
USE-0938a08b71e7;DOC-919151c6a2fa;GLMP-8C1248554F;Bremerhaven;Bremen;04012000;CDU;cdu;2015.0;Kommunalwahlprogramm Gemeinde;Gemeinde;main_corpus_observation;bh15cdu.txt;main;919151c6a2fa2a9b49b506ffecfb5b141618d82ab2ae52460e909ef9d544ce21;manual_2024_reference
USE-3306f5c48547;DOC-cd6578c46d74;GLMP-EF0D1D11FB;Bremerhaven;Bremen;04012000;Die Linke;lin;2015.0;Kommunalwahlprogramm Gemeinde;Gemeinde;main_corpus_observation;bh15lin.txt;main;cd6578c46d743048f223aa0c40aec3ac888bbda552c8ab39d7167f9452dd9b9c;manual_2024_reference
USE-dfbfd000838b;DOC-7f4859103403;GLMP-3CF62BEEB6;Bremerhaven;Bremen;04012000;Die Partei;par;2015.0;Kommunalwahlprogramm Gemeinde;Gemeinde;main_corpus_observation;bh15par.txt;main;7f48591034038b139d42f0d3f53ee46e9cacbbe70a3fb13b9ff4ba270fcfbdf6;manual_2024_reference
USE-51f49d426bd6;DOC-698ea466de92;GLMP-AEE7EEC32F;Bremerhaven;Bremen;04012000;Grüne;gru;2015.0;Kommunalwahlprogramm Gemeinde;Gemeinde;main_corpus_observation;bh15gru.txt;main;698ea466de92e48a3e8ef917b9aa1f4211889b11d2fafe7142f1cbf0be3155e9;manual_2024_reference
USE-12e196278294;DOC-31e478d4f698;GLMP-DA4B5221AD;Bremerhaven;Bremen;04012000;Piraten;pir;2015.0;Kommunalwahlprogramm Gemeinde;Gemeinde;main_corpus_observation;bh15pir.txt;main;31e478d4f698d6f00a1b017a980945fd599b0f0381daba55dad7f69c13dd9612;manual_2024_reference
USE-d26220265eb9;DOC-2f833cce0ddd;GLMP-49583EB4CD;Bremerhaven;Bremen;04012000;SPD;spd;2015.0;Kommunalwahlprogramm Gemeinde;Gemeinde;main_corpus_observation;bh15spd.txt;main;2f833cce0ddd12d1d063039346b5e236fe894500171fd0453f9e21b15c19f626;manual_2024_reference
USE-98f4476b6ece;DOC-b88cae4070a5;GLMP-52392FA07C;Braunschweig;Niedersachsen;03101000;Alternative für Deutschland;afd;2016.0;Kommunalwahlprogramm Gemeinde;Gemeinde;main_corpus_observation;bs16afd.txt;main;b88cae4070a5f3dc2acf85b57cff288876471d48d747bad1c1786dbb7e0fcea6;manual_2024_reference
USE-b042c70be29a;DOC-010d25adf076;GLMP-CF432716A8;Braunschweig;Niedersachsen;03101000;CDU;cdu;2016.0;Kommunalwahlprogramm Gemeinde;Gemeinde;main_corpus_observation;bs16cdu.txt;main;010d25adf076a8f38e8544ccb7fe1354a91c40bb0624c38c9c8ccc30962b7723;manual_2024_reference
USE-8f3b4cee1214;DOC-0315c60eba61;GLMP-A569D89C28;Braunschweig;Niedersachsen;03101000;Die Linke;lin;2016.0;Kommunalwahlprogramm Gemeinde;Gemeinde;main_corpus_observation;bs16lin.txt;main;0315c60eba61936e0a5313bcdedf5671e2c0a1ad90b659d695aa039f0beb0623;manual_2024_reference
USE-3dc6574a4368;DOC-b174af18bf50;GLMP-FA42D187EA;Braunschweig;Niedersachsen;03101000;FDP;fdp;2016.0;Kommunalwahlprogramm Gemeinde;Gemeinde;main_corpus_observation;bs16fdp.txt;main;b174af18bf50d445fcbdd5c8fdf2c00847ab3d2aad04f5ed46cf969760fb478e;manual_2024_reference
USE-7565cd0044d0;DOC-c12a4e507e09;GLMP-55832982D5;Braunschweig;Niedersachsen;03101000;Grüne;gru;2016.0;Kommunalwahlprogramm Gemeinde;Gemeinde;main_corpus_observation;bs16gru.txt;main;c12a4e507e09a9e388b5c7afb0f4c3e51ca8258d4d1dc3ff120d2b2b5cdde358;manual_2024_reference
USE-5a1dd2bfdd6d;DOC-9d0564ab0a02;GLMP-61C0ACA6A4;Braunschweig;Niedersachsen;03101000;SPD;spd;2016.0;Kommunalwahlprogramm Gemeinde;Gemeinde;main_corpus_observation;bs16spd.txt;main;9d0564ab0a0294e807cb8d659c768dbdf1e46d6821ba335fcff0073878bb4a8c;manual_2024_reference
USE-f55c860aa074;DOC-ffc5126efca1;GLMP-46C85F5526;Darmstadt;Hessen;06411000;Alternative für Deutschland;afd;2016.0;Kommunalwahlprogramm Gemeinde;Gemeinde;main_corpus_observation;da16afd.txt;main;ffc5126efca17cf608aca7a20a4ef8185bb14a24725c00d9bd16f4ba5b61650f;manual_2024_reference
USE-0f4f44e0a401;DOC-202d17412c96;GLMP-E97459B682;Darmstadt;Hessen;06411000;CDU;cdu;2016.0;Kommunalwahlprogramm Gemeinde;Gemeinde;main_corpus_observation;da16cdu.txt;main;202d17412c969bbc7de3f81a48482344955234b4cc9186a76d92cee75e02679b;manual_2024_reference
USE-48d8ce9b4b15;DOC-f1f02a4d39b7;GLMP-B7DAC1EE50;Darmstadt;Hessen;06411000;Die Linke;lin;2016.0;Kommunalwahlprogramm Gemeinde;Gemeinde;main_corpus_observation;da16lin.txt;main;f1f02a4d39b7d20b1300e6b00660aafbb0c9f948ad58a4718010a0507017756e;manual_2024_reference
USE-d2224db49b83;DOC-40eb55e2d621;GLMP-9042637390;Darmstadt;Hessen;06411000;FDP;fdp;2016.0;Kommunalwahlprogramm Gemeinde;Gemeinde;main_corpus_observation;da16fdp.txt;main;40eb55e2d621c80378a21eba63ade27af01024ef5d8370ba57d04bba8a617d08;manual_2024_reference
USE-d75df5a6be45;DOC-17ed0212d92a;GLMP-664D4A69D7;Darmstadt;Hessen;06411000;Grüne;gru;2016.0;Kommunalwahlprogramm Gemeinde;Gemeinde;main_corpus_observation;da16gru.txt;main;17ed0212d92a11c097b88eb8dfaf344869734d7c7ce344b764e059c21f479fdc;manual_2024_reference
USE-d8ef53c28563;DOC-75a47587fdaa;GLMP-347952C1A0;Darmstadt;Hessen;06411000;Piraten;pir;2016.0;Kommunalwahlprogramm Gemeinde;Gemeinde;main_corpus_observation;da16pir.txt;main;75a47587fdaa4274a5343607ec1c61a9b20c708ef8bce359206f02805283c181;manual_2024_reference
USE-e42ccad7e1dd;DOC-c634d6b7fe4f;GLMP-85A235F5E3;Darmstadt;Hessen;06411000;SPD;spd;2016.0;Kommunalwahlprogramm Gemeinde;Gemeinde;main_corpus_observation;da16spd.txt;main;c634d6b7fe4fc4abcf5f9a682cf6447fba4e549203c474852393e5eb3a064e10;manual_2024_reference
USE-d79ff6526357;DOC-42271b4e8217;GLMP-9FCE117FDA;Darmstadt;Hessen;06411000;UWIGA (nabhängige Wählergemeinschaft hervor gegangen aus  IG Abwasser);uwi;2016.0;Kommunalwahlprogramm Gemeinde;Gemeinde;main_corpus_observation;da16uwi.txt;main;42271b4e8217547bf9e10f2bdd2952ab5f91f36f826ed8fab83179d283ee1c14;manual_2024_reference
USE-a33e36489d2f;DOC-66c57ee6a27a;GLMP-1DCCC18CDF;Darmstadt;Hessen;06411000;Uffbasse;uff;2016.0;Kommunalwahlprogramm Gemeinde;Gemeinde;main_corpus_observation;da16uff.txt;main;66c57ee6a27a38fc463ee6b27816d1306dc8f6a81bb31a46ef4d5d3184e7b175;manual_2024_reference
USE-3416a5bc05a3;DOC-32b0d2c5d4c5;GLMP-292FBE7ACC;Delmenhorst;Niedersachsen;03401000;CDU;cdu;2016.0;Kommunalwahlprogramm Gemeinde;Gemeinde;main_corpus_observation;dl16cdu.txt;main;32b0d2c5d4c5359c1a520685042ca97c1b4218640f21800acfdaef558d353a69;manual_2024_reference
USE-3c4a2869b972;DOC-75495843fa5c;GLMP-ED788DCA65;Delmenhorst;Niedersachsen;03401000;Die Linke;lin;2016.0;Kommunalwahlprogramm Gemeinde;Gemeinde;main_corpus_observation;dl16lin.txt;main;75495843fa5c2753992d13bff6175bbdd1ef376c3564bbd101cdabf70175429c;manual_2024_reference
USE-a948098ff2c2;DOC-0034ef81a29c;GLMP-74E476FCA9;Delmenhorst;Niedersachsen;03401000;FDP;fdp;2016.0;Kommunalwahlprogramm Gemeinde;Gemeinde;main_corpus_observation;dl16fdp.txt;main;0034ef81a29c817ef54ca8c4d18975f9dff76112f75c6c3757ab8e5ad95079dc;manual_2024_reference
USE-69f312f99be3;DOC-59f73601767e;GLMP-D63DC53795;Delmenhorst;Niedersachsen;03401000;Grüne;gru;2016.0;Kommunalwahlprogramm Gemeinde;Gemeinde;main_corpus_observation;dl16gru.txt;main;59f73601767ec3c6428cdbe50c2e42dd30934d7b6a3b1d648a56dc4dbebf47d5;manual_2024_reference
USE-4c0d4ef157f3;DOC-5bd373303938;GLMP-69E3B8CD7A;Delmenhorst;Niedersachsen;03401000;SPD;spd;2016.0;Kommunalwahlprogramm Gemeinde;Gemeinde;main_corpus_observation;dl16spd.txt;main;5bd3733039387a7f2b314d4e4d4328cc1f31b3725993fa2e8d7bba3e44e52087;manual_2024_reference
USE-627bfeefd945;DOC-624d48d12953;GLMP-66A59B41B9;Emden;Niedersachsen;03402000;Alternative für Deutschland;afd;2016.0;Kommunalwahlprogramm Gemeinde;Gemeinde;main_corpus_observation;em16afd.txt;main;624d48d129539c8f8e584506b0540287929d30135fac1521b21bf374f550cb2f;manual_2024_reference
USE-c955be278f02;DOC-f7fbbb7ac326;GLMP-95CD179760;Emden;Niedersachsen;03402000;CDU;cdu;2016.0;Kommunalwahlprogramm Gemeinde;Gemeinde;main_corpus_observation;em16cdu.txt;main;f7fbbb7ac326750744ebb2792ecdd42bbb2da4328a360a1491f12b4ff0757e0f;manual_2024_reference
USE-93ef1c46ed22;DOC-8e3db6c2c4df;GLMP-8C398ACB1F;Emden;Niedersachsen;03402000;FDP;fdp;2016.0;Kommunalwahlprogramm Gemeinde;Gemeinde;main_corpus_observation;em16fdp.txt;main;8e3db6c2c4df7a1b2299d69c1feab7ea0f7e01bd3e775e2aaea39da3e253a9df;manual_2024_reference
USE-14d5cd679920;DOC-45267dc398bd;GLMP-6708C8367B;Emden;Niedersachsen;03402000;Grüne;gru;2016.0;Kommunalwahlprogramm Gemeinde;Gemeinde;main_corpus_observation;em16gru.txt;main;45267dc398bd78ca1ebbf4faddc36300199eb6d33249eae01b23d8f9bfbc4ec0;manual_2024_reference
USE-30fa5ccf041f;DOC-e3cadb2b6c2d;GLMP-4B92FD80A3;Emden;Niedersachsen;03402000;SPD;spd;2016.0;Kommunalwahlprogramm Gemeinde;Gemeinde;main_corpus_observation;em16spd.txt;main;e3cadb2b6c2d2d2ae73bce530a7a01a09a4817ba6bc248b080d12d014d3ada4f;manual_2024_reference
USE-553a7b5b9c02;DOC-c365886ea9ca;GLMP-DE3210F3BF;Frankfurt am Main;Hessen;06412000;Alternative für Deutschland;afd;2016.0;Kommunalwahlprogramm Gemeinde;Gemeinde;main_corpus_observation;ff16afd.txt;main;c365886ea9ca36ec6c3be00f7064293166c1cf7e80e9929445c3830669a39ba6;manual_2024_reference
USE-7edef5c3a4f1;DOC-bb69265a260f;GLMP-37BB04B77C;Frankfurt am Main;Hessen;06412000;Bürger für Frankfurt;bff;2016.0;Kommunalwahlprogramm Gemeinde;Gemeinde;main_corpus_observation;ff16bff.txt;main;bb69265a260f26652a4ece508b470c829cff5bbbc376baffac37d1dcdb3fc262;manual_2024_reference
USE-aed6a0d2e7be;DOC-6599f95cf3de;GLMP-5253DC6496;Frankfurt am Main;Hessen;06412000;CDU;cdu;2016.0;Kommunalwahlprogramm Gemeinde;Gemeinde;main_corpus_observation;ff16cdu.txt;main;6599f95cf3de63b6a90fcc4acee6e34343da45d42d67f574a26992c52223c711;manual_2024_reference
USE-7c1d2c98c87a;DOC-1500befd57a2;GLMP-A197071F18;Frankfurt am Main;Hessen;06412000;Die Linke;lin;2016.0;Kommunalwahlprogramm Gemeinde;Gemeinde;main_corpus_observation;ff16lin.txt;main;1500befd57a2effef96bad8637e911c000dab6e18b1a33d10a03bc29196f89fe;manual_2024_reference
USE-e496213fa715;DOC-cbf0c15dba2b;GLMP-560C2435CF;Frankfurt am Main;Hessen;06412000;FDP;fdp;2016.0;Kommunalwahlprogramm Gemeinde;Gemeinde;main_corpus_observation;ff16fdp.txt;main;cbf0c15dba2b8efecec106f7a1e5616baf430bbb3be9e2f753a5fa952a86407e;manual_2024_reference
USE-364e6564b7d6;DOC-7e421eb9d194;GLMP-F0FC0D0ECE;Frankfurt am Main;Hessen;06412000;Grüne;gru;2016.0;Kommunalwahlprogramm Gemeinde;Gemeinde;main_corpus_observation;ff16gru.txt;main;7e421eb9d194400b4f971c6b077947a8623c62ad6f14562fac5e106c3533ae42;manual_2024_reference
USE-a3bf92d8f0bb;DOC-0d79d1fddc1c;GLMP-DD72A1E68C;Frankfurt am Main;Hessen;06412000;Piraten;pir;2016.0;Kommunalwahlprogramm Gemeinde;Gemeinde;main_corpus_observation;ff16pir.txt;main;0d79d1fddc1ceddd1fe74e7519c78b0570f3c9823d37baa32f2986946abff01f;manual_2024_reference
USE-2451b246ffe6;DOC-6ce741558e61;GLMP-42E42461CD;Frankfurt am Main;Hessen;06412000;SPD;spd;2016.0;Kommunalwahlprogramm Gemeinde;Gemeinde;main_corpus_observation;ff16spd.txt;main;6ce741558e6165d28a3e885478489e9b36267153786ead19e72e9452f4a46b2a;manual_2024_reference
USE-9292a0c0613f;DOC-fc6bea102773;GLMP-A72BBA3FF3;Goettingen;Niedersachsen;03159016;Alternative für Deutschland;afd;2016.0;Kommunalwahlprogramm Gemeinde;Gemeinde;main_corpus_observation;go16afd.txt;main;fc6bea1027731826546b7cc4fe0fa7f44f766c6e5345d9501b007b5778788257;manual_2024_reference
USE-f96ec79ce862;DOC-5fe40a8968e8;GLMP-38CF22DB59;Goettingen;Niedersachsen;03159016;CDU;cdu;2016.0;Kommunalwahlprogramm Gemeinde;Gemeinde;main_corpus_observation;go16cdu.txt;main;5fe40a8968e80678bfb5901f4f387e8076a072f55db3439b4f773f8b2f124442;manual_2024_reference
USE-0d2eb2e673cb;DOC-fe7e88f4419a;GLMP-CCC8B8CCA2;Goettingen;Niedersachsen;03159016;Die Linke;lin;2016.0;Kommunalwahlprogramm Gemeinde;Gemeinde;main_corpus_observation;go16lin.txt;main;fe7e88f4419a817deb7581e8dbcc4df84936b438755137e438b901a87d6b8a18;manual_2024_reference
USE-4353c590657a;DOC-82e50d0f1434;GLMP-AC4E32C78A;Goettingen;Niedersachsen;03159016;FDP;fdp;2016.0;Kommunalwahlprogramm Gemeinde;Gemeinde;main_corpus_observation;go16fdp.txt;main;82e50d0f14348988bad2b254f9fac8bbbdc7dbe5ac82903f77584a03a4e7ecb5;manual_2024_reference
USE-8d70aa9caaf4;DOC-3a3dd1f8f43e;GLMP-32A10BFEF4;Goettingen;Niedersachsen;03159016;Grüne;gru;2016.0;Kommunalwahlprogramm Gemeinde;Gemeinde;main_corpus_observation;go16gru.txt;main;3a3dd1f8f43e65c6e42b8249d38bc3f9798bab00147cc8c43532ce6c408aebb5;manual_2024_reference
USE-6e04c7671e18;DOC-915e06e9f88d;GLMP-B489404305;Goettingen;Niedersachsen;03159016;SPD;spd;2016.0;Kommunalwahlprogramm Gemeinde;Gemeinde;main_corpus_observation;go16spd.txt;main;915e06e9f88d7ad5e18c8604fc86ea588db1bfc637447012fcffe690b31d3dbb;manual_2024_reference
USE-e758124d6ef8;DOC-bfa0f39c52cd;GLMP-B46750012A;Hannover;Niedersachsen;03241001;Alternative für Deutschland;afd;2016.0;Kommunalwahlprogramm Gemeinde;Gemeinde;main_corpus_observation;hv16afd.txt;main;bfa0f39c52cd6d92ba3b816bd4ad56ce17eba14d62937979a0d78611463960f9;manual_2024_reference
USE-0d76e630ee4d;DOC-db00f2cfca2b;GLMP-0A7E4149D0;Hannover;Niedersachsen;03241001;CDU;cdu;2016.0;Kommunalwahlprogramm Gemeinde;Gemeinde;main_corpus_observation;hv16cdu.txt;main;db00f2cfca2bd9d3532c52d9dc8da76dcb4f8e014e203d71ba1396b570e7b3e0;manual_2024_reference
USE-2b5644d83cf3;DOC-2b222fd1efde;GLMP-00057547CE;Hannover;Niedersachsen;03241001;Die Linke;lin;2016.0;Kommunalwahlprogramm Gemeinde;Gemeinde;main_corpus_observation;hv16lin.txt;main;2b222fd1efdedd300063bf1a65b14355ef6847111e30e6c01a5e2cf56ab94efb;manual_2024_reference
USE-709fe168cd90;DOC-575953251587;GLMP-4B03C131A3;Hannover;Niedersachsen;03241001;FDP;fdp;2016.0;Kommunalwahlprogramm Gemeinde;Gemeinde;main_corpus_observation;hv16fdp.txt;main;5759532515870047003de6e03e69de6260f587bafcfa5209cab038749678ddef;manual_2024_reference
USE-9eec149d39be;DOC-3c3276dafda9;GLMP-DEEEA58391;Hannover;Niedersachsen;03241001;Grüne;gru;2016.0;Kommunalwahlprogramm Gemeinde;Gemeinde;main_corpus_observation;hv16gru.txt;main;3c3276dafda9b51b4ae47906700763c918a68fc4750ca43652f9991ceb10ef01;manual_2024_reference
USE-0ab77fc335e9;DOC-b3b1f2db65d1;GLMP-8A1B5336E7;Hannover;Niedersachsen;03241001;SPD;spd;2016.0;Kommunalwahlprogramm Gemeinde;Gemeinde;main_corpus_observation;hv16spd.txt;main;b3b1f2db65d1d7adae366e59f18300656523fb0c1b6f085200166d4ace270759;manual_2024_reference
USE-6a2963bfe233;DOC-62648190be77;GLMP-9CCC441379;Kassel;Hessen;06611000;Alternative für Deutschland;afd;2016.0;Kommunalwahlprogramm Gemeinde;Gemeinde;main_corpus_observation;ka16afd.txt;main;62648190be779704cb91f5750faf798adf393f49c80b895c4fac6ff753209db4;manual_2024_reference
USE-086108641679;DOC-558cea877d38;GLMP-F8BABB2697;Kassel;Hessen;06611000;CDU;cdu;2016.0;Kommunalwahlprogramm Gemeinde;Gemeinde;main_corpus_observation;ka16cdu.txt;main;558cea877d389054c84c5de4c71817c6b150b5adc7b446aa76111df20fe79c19;manual_2024_reference
USE-b6fca1e66193;DOC-85c916442d18;GLMP-ACC69B54FF;Kassel;Hessen;06611000;Die Linke;lin;2016.0;Kommunalwahlprogramm Gemeinde;Gemeinde;main_corpus_observation;ka16lin.txt;main;85c916442d183f7d3e9829c610cbc56004ec36d31e85796ac12abef9bede9fb0;manual_2024_reference
USE-f63a47fbf4c8;DOC-efa44b55ba59;GLMP-1F16C4541B;Kassel;Hessen;06611000;FDP;fdp;2016.0;Kommunalwahlprogramm Gemeinde;Gemeinde;main_corpus_observation;ka16fdp.txt;main;efa44b55ba595eb8a8a52132a98c32373a2ad9261c86e7cf43ab317308c514b1;manual_2024_reference
USE-1f999d751fa5;DOC-900ed0b76779;GLMP-0A6E20A838;Kassel;Hessen;06611000;Freie Wähler;fwg;2016.0;Kommunalwahlprogramm Gemeinde;Gemeinde;main_corpus_observation;ka16fwg.txt;main;900ed0b767796d54889473adb790e22996a30bfca16edd4cf2bf42c0d32c3fde;manual_2024_reference
USE-1d5b66c0e160;DOC-64b307c437b4;GLMP-1259B644CC;Kassel;Hessen;06611000;Grüne;gru;2016.0;Kommunalwahlprogramm Gemeinde;Gemeinde;main_corpus_observation;ka16gru.txt;main;64b307c437b41bba4692a1dffc34ac1ea0e358e3a555cb42e4df6105b33face7;manual_2024_reference
USE-13011e7e1edf;DOC-dab20ccb7118;GLMP-2F84356BFC;Kassel;Hessen;06611000;Piraten;pir;2016.0;Kommunalwahlprogramm Gemeinde;Gemeinde;main_corpus_observation;ka16pir.txt;main;dab20ccb71183be68f58ee08706926dd3e0272714e46805d7e15943f48d8fa51;manual_2024_reference
USE-c006086c73de;DOC-49ee404d3e78;GLMP-D520BDCAED;Kassel;Hessen;06611000;SPD;spd;2016.0;Kommunalwahlprogramm Gemeinde;Gemeinde;main_corpus_observation;ka16spd.txt;main;49ee404d3e78cb2de9f49fe95dd2496e7195c275a0111bf453b5a4e4bb0d438f;manual_2024_reference
USE-ee0b1064ba09;DOC-7d11f4a0df23;GLMP-F9B54DDA7F;Offenbach am Main;Hessen;06413000;Alternative für Deutschland;afd;2016.0;Kommunalwahlprogramm Gemeinde;Gemeinde;main_corpus_observation;of16afd.txt;main;7d11f4a0df2341320a87897575b30a7ea238df8ac462b7c8b42b0667023e47c0;manual_2024_reference
USE-d3ce414fea58;DOC-60bbf935bdb8;GLMP-3A4B86D663;Offenbach am Main;Hessen;06413000;CDU;cdu;2016.0;Kommunalwahlprogramm Gemeinde;Gemeinde;main_corpus_observation;of16cdu.txt;main;60bbf935bdb878c79d27653a9ddfca7cd7a0f42b62bacf4d13c5a552e03d0fb7;manual_2024_reference
USE-8ad3f3906f8a;DOC-d9673e805935;GLMP-C50FC15596;Offenbach am Main;Hessen;06413000;Die Linke;lin;2016.0;Kommunalwahlprogramm Gemeinde;Gemeinde;main_corpus_observation;of16lin.txt;main;d9673e80593571ea9b6487695895ef704f4c89b12fa9593d7cf9847e6c76cb85;manual_2024_reference
USE-0f113e6ff411;DOC-a055004039c6;GLMP-9907B9DD1C;Offenbach am Main;Hessen;06413000;FDP;fdp;2016.0;Kommunalwahlprogramm Gemeinde;Gemeinde;main_corpus_observation;of16fdp.txt;main;a055004039c6ed4eebe51802b1f069a33176440470b19e00fec56da3c30eec7e;manual_2024_reference
USE-e94c3a742411;DOC-27ca33c44618;GLMP-77FF3CFB8B;Offenbach am Main;Hessen;06413000;Forum Neues Offenbach;fno;2016.0;Kommunalwahlprogramm Gemeinde;Gemeinde;main_corpus_observation;of16fno.txt;main;27ca33c4461834d44b30e76b1d95ca0e355dfa5d4b6098f37f0fb9cabea22fba;manual_2024_reference
USE-63eb974d5d3d;DOC-95259387f629;GLMP-29D5A218A4;Offenbach am Main;Hessen;06413000;Freie Wähler;fwg;2016.0;Kommunalwahlprogramm Gemeinde;Gemeinde;main_corpus_observation;of16fwg.txt;main;95259387f6290174476d334deb7f597ad5345b1538a97fe1ab2bf4ff921dcbb1;manual_2024_reference
USE-faa456f828fd;DOC-6c927f14c4f8;GLMP-ABC2053542;Offenbach am Main;Hessen;06413000;Grüne;gru;2016.0;Kommunalwahlprogramm Gemeinde;Gemeinde;main_corpus_observation;of16gru.txt;main;6c927f14c4f84a4c4dd8f93c656bb76f1d423236c12f6e15569fb8dcc702d481;manual_2024_reference
USE-053124259501;DOC-65e1b6e109f9;GLMP-A20627E8C0;Offenbach am Main;Hessen;06413000;Piraten;pir;2016.0;Kommunalwahlprogramm Gemeinde;Gemeinde;main_corpus_observation;of16pir.txt;main;65e1b6e109f9109a2afd779263ec7d8287bcbea2989d26addf039cb0433b371d;manual_2024_reference
USE-5612cc97d424;DOC-788dfa253879;GLMP-85FB1E8520;Offenbach am Main;Hessen;06413000;SPD;spd;2016.0;Kommunalwahlprogramm Gemeinde;Gemeinde;main_corpus_observation;of16spd.txt;main;788dfa2538790ac0f8dff6762ee28f9146911de5595b302ca6d460112e69b4c7;manual_2024_reference
USE-2d7ce1a1e3bc;DOC-4c2b3bf154a6;GLMP-FE901CBDEC;Oldenburg;Niedersachsen;03403000;Alternative für Deutschland;afd;2016.0;Kommunalwahlprogramm Gemeinde;Gemeinde;main_corpus_observation;ol16afd.txt;main;4c2b3bf154a66bd6d1f67bc6bac478f813b8ea587f4b68bad3e0e4b05675f74f;manual_2024_reference
USE-360e61e15c1d;DOC-f9b4a0a0e3c2;GLMP-44C1B7B57E;Oldenburg;Niedersachsen;03403000;CDU;cdu;2016.0;Kommunalwahlprogramm Gemeinde;Gemeinde;main_corpus_observation;ol16cdu.txt;main;f9b4a0a0e3c2f934816ef91761e3b449cbdd970c73efabbcfed51b1968c8cd6b;manual_2024_reference
USE-66f4a38069de;DOC-1b3147b65440;GLMP-EEF144627A;Oldenburg;Niedersachsen;03403000;Die Linke;lin;2016.0;Kommunalwahlprogramm Gemeinde;Gemeinde;main_corpus_observation;ol16lin.txt;main;1b3147b6544022d7402b9e7813d384a3e5c91214131e5bc5ae048f5643c09416;manual_2024_reference
USE-f6b873f07f67;DOC-003f5f65e246;GLMP-2930D0C284;Oldenburg;Niedersachsen;03403000;FDP;fdp;2016.0;Kommunalwahlprogramm Gemeinde;Gemeinde;main_corpus_observation;ol16fdp.txt;main;003f5f65e2461a06c36ad0a0f6134ecbf8fb0f5de03263270382d52b16e20248;manual_2024_reference
USE-27bbeb671c51;DOC-6b71e7d702c1;GLMP-2F41E3883F;Oldenburg;Niedersachsen;03403000;Grüne;gru;2016.0;Kommunalwahlprogramm Gemeinde;Gemeinde;main_corpus_observation;ol16gru.txt;main;6b71e7d702c1e7fb8b07fad781302130dbabcc8a20416f31ddb96e939448dc96;manual_2024_reference
USE-c211b644944e;DOC-60d8060c34bf;GLMP-02F7EBB4E9;Oldenburg;Niedersachsen;03403000;SPD;spd;2016.0;Kommunalwahlprogramm Gemeinde;Gemeinde;main_corpus_observation;ol16spd.txt;main;60d8060c34bf6c7a3aa6321580df2669ca7600c363c20d7b2008c51b05e73a8f;manual_2024_reference
USE-e9740a82ca02;DOC-1754e9bf00c1;GLMP-2F244B45E8;Osnabrueck;Niedersachsen;03404000;CDU;cdu;2016.0;Kommunalwahlprogramm Gemeinde;Gemeinde;main_corpus_observation;os16cdu.txt;main;1754e9bf00c1f68a52f4b841427d06ee7df6e5b9bb14ef90afe53cb784356c6a;manual_2024_reference
USE-3b838868ff34;DOC-a583227b75ce;GLMP-65F5AE15B8;Osnabrueck;Niedersachsen;03404000;Die Linke;lin;2016.0;Kommunalwahlprogramm Gemeinde;Gemeinde;main_corpus_observation;os16lin.txt;main;a583227b75ce9f09cdf5482270bc4251345729089115dfcb06ef0f9a5c1582ee;manual_2024_reference
USE-b38d71691e2b;DOC-845063c184e3;GLMP-E811D177E9;Osnabrueck;Niedersachsen;03404000;FDP;fdp;2016.0;Kommunalwahlprogramm Gemeinde;Gemeinde;main_corpus_observation;os16fdp.txt;main;845063c184e37561c5080c75cbc3bb22036510839df84b15db2c43a20d70915c;manual_2024_reference
USE-dec608a0dee0;DOC-43110c42ad3c;GLMP-FD0E77F9B4;Osnabrueck;Niedersachsen;03404000;Grüne;gru;2016.0;Kommunalwahlprogramm Gemeinde;Gemeinde;main_corpus_observation;os16gru.txt;main;43110c42ad3caf0f297aebe91da0aca6422cbf28422d986ff4b3292203b4b0ef;manual_2024_reference
USE-d744c2a42171;DOC-a9f59b27f6ac;GLMP-DDD4CC6E7C;Osnabrueck;Niedersachsen;03404000;SPD;spd;2016.0;Kommunalwahlprogramm Gemeinde;Gemeinde;main_corpus_observation;os16spd.txt;main;a9f59b27f6ace33f6ed0db8a6b21f546a967a10a8b9ed7b813ca41a3f5b16476;manual_2024_reference
USE-25fd1aae648b;DOC-95626c37f3df;GLMP-7D2BA9F318;Salzgitter;Niedersachsen;03102000;Alternative für Deutschland;afd;2016.0;Kommunalwahlprogramm Gemeinde;Gemeinde;main_corpus_observation;sa16afd.txt;main;95626c37f3df02a055451d3065a99416f04a88ddfb82b2e2e6fb99652ec4cad9;manual_2024_reference
USE-91cb0d214f6a;DOC-4938f18fbe18;GLMP-3AFBCCC874;Salzgitter;Niedersachsen;03102000;CDU;cdu;2016.0;Kommunalwahlprogramm Gemeinde;Gemeinde;main_corpus_observation;sa16cdu.txt;main;4938f18fbe181ce5b6561444625dceea746ad57262c494c22ca944ecb630d278;manual_2024_reference
USE-dd6b80d618e5;DOC-cd1197048c90;GLMP-94F456C231;Salzgitter;Niedersachsen;03102000;Die Linke;lin;2016.0;Kommunalwahlprogramm Gemeinde;Gemeinde;main_corpus_observation;sa16lin.txt;main;cd1197048c901779d8fed45c275b797952aa2735ca69934f52777a3d3d2954d7;manual_2024_reference
USE-bfc866128758;DOC-ce2563f017ff;GLMP-E7C197A3FD;Salzgitter;Niedersachsen;03102000;FDP;fdp;2016.0;Kommunalwahlprogramm Gemeinde;Gemeinde;main_corpus_observation;sa16fdp.txt;main;ce2563f017ff98d994aea2c58404b5ceab069475f4e6b43c6d2f03d2cb2c0692;manual_2024_reference
USE-23df66d0aaf2;DOC-cc3d0141af40;GLMP-3B93D6DFFE;Salzgitter;Niedersachsen;03102000;Grüne;gru;2016.0;Kommunalwahlprogramm Gemeinde;Gemeinde;main_corpus_observation;sa16gru.txt;main;cc3d0141af402d167af13a8b30c0deb82d51e30b07745963b8836ed20c8d05d1;manual_2024_reference
USE-7f0680f106f5;DOC-e17df861d104;GLMP-21770920C7;Salzgitter;Niedersachsen;03102000;SPD;spd;2016.0;Kommunalwahlprogramm Gemeinde;Gemeinde;main_corpus_observation;sa16spd.txt;main;e17df861d10468fb9f5de7e56288eafdf56494f7c89a10ae87a013793de34dca;manual_2024_reference
USE-83521733c900;DOC-807b8c9a9370;GLMP-4E4D221B3C;Wiesbaden;Hessen;06414000;Alternative für Deutschland;afd;2016.0;Kommunalwahlprogramm Gemeinde;Gemeinde;main_corpus_observation;wi16afd.txt;main;807b8c9a93708658c4c43d8d864f69349afed7dc7dfed47a6c43d6e005dbc02a;manual_2024_reference
USE-3f174eaf2545;DOC-e5ab69b3c8ec;GLMP-7DC59071B2;Wiesbaden;Hessen;06414000;Bürgerliste Wiesbaden;blw;2016.0;Kommunalwahlprogramm Gemeinde;Gemeinde;main_corpus_observation;wi16blw.txt;main;e5ab69b3c8eceb5e85d828146d43d34ba4c79f1427e041e6ce01ac4e150a3c0d;manual_2024_reference
USE-21dade006e45;DOC-0d7bf1e105ec;GLMP-AC5F557789;Wiesbaden;Hessen;06414000;CDU;cdu;2016.0;Kommunalwahlprogramm Gemeinde;Gemeinde;main_corpus_observation;wi16cdu.txt;main;0d7bf1e105ec51584202d13f0b4779731e220a5f9acedb82f384bb8e8cf7b78c;manual_2024_reference
USE-70a786e06875;DOC-2e2414129203;GLMP-C2CA6A1275;Wiesbaden;Hessen;06414000;Die Linke;lin;2016.0;Kommunalwahlprogramm Gemeinde;Gemeinde;main_corpus_observation;wi16lin.txt;main;2e24141292033adccdc5d6590f556adaf770ab57627b8338edfdfc79b720ae19;manual_2024_reference
USE-0263b52173be;DOC-eb52c80b4a7c;GLMP-8CD4BF6124;Wiesbaden;Hessen;06414000;FDP;fdp;2016.0;Kommunalwahlprogramm Gemeinde;Gemeinde;main_corpus_observation;wi16fdp.txt;main;eb52c80b4a7c3ef2057083690d446b4825c018b42b490624653b653eb0ddbe27;manual_2024_reference
USE-e21892e78ce8;DOC-11dcc41e24ae;GLMP-69F4958CF6;Wiesbaden;Hessen;06414000;Freie Wähler;fwg;2016.0;Kommunalwahlprogramm Gemeinde;Gemeinde;main_corpus_observation;wi16fwg.txt;main;11dcc41e24ae595bbfa9285148434402affbb26481a3488841764933d8f2656b;manual_2024_reference
USE-b977c43b41ac;DOC-13bf99681558;GLMP-2C8ED7492E;Wiesbaden;Hessen;06414000;Grüne;gru;2016.0;Kommunalwahlprogramm Gemeinde;Gemeinde;main_corpus_observation;wi16gru.txt;main;13bf99681558262f297760fc177c46e37c385c2460857007f6ed9909d66b2fa1;manual_2024_reference
USE-bc0a765071ee;DOC-feea39a1d49b;GLMP-3CF8FE60A0;Wiesbaden;Hessen;06414000;Piraten;pir;2016.0;Kommunalwahlprogramm Gemeinde;Gemeinde;main_corpus_observation;wi16pir.txt;main;feea39a1d49b98a50ae3d76e78d7b1e188ea45461df0a2321eb12959dcc9f770;manual_2024_reference
USE-42bbc8ba0456;DOC-3d7e010283f0;GLMP-AB38641334;Wiesbaden;Hessen;06414000;SPD;spd;2016.0;Kommunalwahlprogramm Gemeinde;Gemeinde;main_corpus_observation;wi16spd.txt;main;3d7e010283f0ef9cf157bac05468dd5d9ab428858a73e71aae494b90bf2c78bb;manual_2024_reference
USE-c43ea5d58819;DOC-ecaac10cd078;GLMP-1F4224CC20;Wilhelmshaven;Niedersachsen;03405000;Alternative für Deutschland;afd;2016.0;Kommunalwahlprogramm Gemeinde;Gemeinde;main_corpus_observation;wv16afd.txt;main;ecaac10cd07876f0aafe3d23e27fbbc1632ab3e19ee282a54c9bb34a0fe3518e;manual_2024_reference
USE-3e2cf73b398b;DOC-29ca6eaf17ea;GLMP-D26891BEDE;Wilhelmshaven;Niedersachsen;03405000;CDU;cdu;2016.0;Kommunalwahlprogramm Gemeinde;Gemeinde;main_corpus_observation;wv16cdu.txt;main;29ca6eaf17ea5d541d0a885a4e917c7f347b7cc0bba0738d687bf8c92ecf68e9;manual_2024_reference
USE-99f13ce7217c;DOC-771746df08ad;GLMP-514033E42B;Wilhelmshaven;Niedersachsen;03405000;Die Linke;lin;2016.0;Kommunalwahlprogramm Gemeinde;Gemeinde;main_corpus_observation;wv16lin.txt;main;771746df08ad2d1a2bf94f234c47550b105c7fed16db6b72000c3bb5ee377511;manual_2024_reference
USE-598121fb4962;DOC-69425103ed0d;GLMP-F50B2A2A3E;Wilhelmshaven;Niedersachsen;03405000;FDP;fdp;2016.0;Kommunalwahlprogramm Gemeinde;Gemeinde;main_corpus_observation;wv16fdp.txt;main;69425103ed0d56b756c7990405828f1a14b4de26dfd9678baadac39b91cb0120;manual_2024_reference
USE-70d17e46d9e9;DOC-1dc0f7d60606;GLMP-49835CB7B0;Wilhelmshaven;Niedersachsen;03405000;Grüne;gru;2016.0;Kommunalwahlprogramm Gemeinde;Gemeinde;main_corpus_observation;wv16gru.txt;main;1dc0f7d606061b16c8e19b8792bedaac5e3f8cdbda62b44874ece0937d5e42f9;manual_2024_reference
USE-7a7b24d669cd;DOC-e0c08761b1b2;GLMP-F6B7C6947A;Wilhelmshaven;Niedersachsen;03405000;SPD;spd;2016.0;Kommunalwahlprogramm Gemeinde;Gemeinde;main_corpus_observation;wv16spd.txt;main;e0c08761b1b2cfd7684d3172b2daa51764e9b718fad906afd2a8ee69a2b9360b;manual_2024_reference
USE-a0da74c8ee57;DOC-b52422ae9da7;GLMP-A0489297A8;Wolfsburg;Niedersachsen;03103000;Alternative für Deutschland;afd;2016.0;Kommunalwahlprogramm Gemeinde;Gemeinde;main_corpus_observation;wo16afd.txt;main;b52422ae9da798b16663c9f428d8913e4228e44d482af8ce0fe4294c63d44806;manual_2024_reference
USE-6fe8b0f036d1;DOC-7466dc33b89a;GLMP-C8882B5628;Wolfsburg;Niedersachsen;03103000;CDU;cdu;2016.0;Kommunalwahlprogramm Gemeinde;Gemeinde;main_corpus_observation;wo16cdu.txt;main;7466dc33b89add438c1c9ac7f9042d8a22e1232337adfa1d5e77c80dc781ff70;manual_2024_reference
USE-a366d5ed72aa;DOC-3dc7e47af7fe;GLMP-B83F30B85C;Wolfsburg;Niedersachsen;03103000;Die Linke;lin;2016.0;Kommunalwahlprogramm Gemeinde;Gemeinde;main_corpus_observation;wo16lin.txt;main;3dc7e47af7fe0af304fdfc02b2b90f8d0e932fe71f0e6b26129e35a5ca82cdb9;manual_2024_reference
USE-9f55eb566505;DOC-e50641586712;GLMP-3F38D82F07;Wolfsburg;Niedersachsen;03103000;FDP;fdp;2016.0;Kommunalwahlprogramm Gemeinde;Gemeinde;main_corpus_observation;wo16fdp.txt;main;e50641586712b7d22599d69536cae23756fa65be55fb640a632e6ad26a051ea5;manual_2024_reference
USE-0263dc6f465d;DOC-c118ce894ca1;GLMP-78A4D7612B;Wolfsburg;Niedersachsen;03103000;Grüne;gru;2016.0;Kommunalwahlprogramm Gemeinde;Gemeinde;main_corpus_observation;wo16gru.txt;main;c118ce894ca1adc37a9bddbb984016da320cc9f9b965fa85e66eb9a1bb6e0773;manual_2024_reference
USE-9e3998459efd;DOC-b252f96997c2;GLMP-91297B55AA;Wolfsburg;Niedersachsen;03103000;SPD;spd;2016.0;Kommunalwahlprogramm Gemeinde;Gemeinde;main_corpus_observation;wo16spd.txt;main;b252f96997c268b7fbe97868f843639e3f2d7f70f008316cf7ba9b8a72be14a0;manual_2024_reference
USE-8a59dd481bd3;DOC-3a64caa465b6;GLMP-A8C401AE5C;Kiel;Schleswig-Holstein;01002000;Alternative für Deutschland;afd;2018.0;Kommunalwahlprogramm Gemeinde;Gemeinde;main_corpus_observation;ki18afd.txt;main;3a64caa465b6953dc1c504028499326a0fe3741b5806571081ead9d32cd5ce8c;manual_2024_reference
USE-10a6a0f22031;DOC-86af53c135c2;GLMP-D0D552BACD;Kiel;Schleswig-Holstein;01002000;CDU;cdu;2018.0;Kommunalwahlprogramm Gemeinde;Gemeinde;main_corpus_observation;ki18cdu.txt;main;86af53c135c2aeb270ff545a66c96b1bb5dd0123fae4fc0b43cc8acf93dd9d6a;manual_2024_reference
USE-b2d3ce7918e3;DOC-48580d3cc0eb;GLMP-B7FB12D98F;Kiel;Schleswig-Holstein;01002000;Die Linke;lin;2018.0;Kommunalwahlprogramm Gemeinde;Gemeinde;main_corpus_observation;ki18lin.txt;main;48580d3cc0eb0c496f24d72f36b629cf8773506b46c112b1b67d538c10e1cfb2;manual_2024_reference
USE-89d093786ad4;DOC-e3e13450e2b4;GLMP-C8165FB16C;Kiel;Schleswig-Holstein;01002000;Die Partei;par;2018.0;Kommunalwahlprogramm Gemeinde;Gemeinde;main_corpus_observation;ki18par.txt;main;e3e13450e2b4e94d9a05271b51afa1bced2fe6d6f46aa9b1563669498a8a5f4b;manual_2024_reference
USE-abff04d41fb9;DOC-778f88428483;GLMP-D58FA1646E;Kiel;Schleswig-Holstein;01002000;FDP;fdp;2018.0;Kommunalwahlprogramm Gemeinde;Gemeinde;main_corpus_observation;ki18fdp.txt;main;778f88428483fe9dada3a2397891187f9c7c00d0e3555ac72f4f7d718fd9a89a;manual_2024_reference
USE-5424915e959e;DOC-490b24c86015;GLMP-9A3AB4A33D;Kiel;Schleswig-Holstein;01002000;Grüne;gru;2018.0;Kommunalwahlprogramm Gemeinde;Gemeinde;main_corpus_observation;ki18gru.txt;main;490b24c8601547c16f890a3fc109ddf6345462781f23741a4b36670ae16c3dc0;manual_2024_reference
USE-72e2feb6f5ee;DOC-0228a68c58eb;GLMP-B0B9954064;Kiel;Schleswig-Holstein;01002000;Piraten;pir;2018.0;Kommunalwahlprogramm Gemeinde;Gemeinde;main_corpus_observation;ki18pir.txt;main;0228a68c58eb506b1dcfd95059cc835de082a7cd0855a433c72eb802f01acdfc;manual_2024_reference
USE-7b09acd1db5b;DOC-cfa96cd44ba9;GLMP-B418325B87;Kiel;Schleswig-Holstein;01002000;SPD;spd;2018.0;Kommunalwahlprogramm Gemeinde;Gemeinde;main_corpus_observation;ki18spd.txt;main;cfa96cd44ba9e2da74bf13bc717d8e26e2c3ba432ce639db6de79f44a23576cb;manual_2024_reference
USE-8ad872ad8a3a;DOC-9aebb06d73d9;GLMP-1EF0D4A78D;Kiel;Schleswig-Holstein;01002000;Südschleswigsche Wählerverband;ssw;2018.0;Kommunalwahlprogramm Gemeinde;Gemeinde;main_corpus_observation;ki18ssw.txt;main;9aebb06d73d9bd66bea143ef5078924f1143ab7e5d51dffc86afaa08ec8d5053;manual_2024_reference
USE-53c187bab35a;DOC-ffaf8459db90;GLMP-B06019194B;Luebeck;Schleswig-Holstein;01003000;Alternative für Deutschland;afd;2018.0;Kommunalwahlprogramm Gemeinde;Gemeinde;main_corpus_observation;lb18afd.txt;main;ffaf8459db9079bb709787fd21d99d60ec53e64ee4bc79cd0cb9029c7bae77ef;manual_2024_reference
USE-3f8588b949a7;DOC-60b18399313f;GLMP-99590B0594;Luebeck;Schleswig-Holstein;01003000;Bürger für Lübeck;bfl;2018.0;Kommunalwahlprogramm Gemeinde;Gemeinde;main_corpus_observation;lb18bfl.txt;main;60b18399313f68fe7d19629f28a45fd4d1383df2c2db300bce49b53a31bae5ec;manual_2024_reference
USE-d384ab5e97ec;DOC-ec53e1bce280;GLMP-2B8619EB95;Luebeck;Schleswig-Holstein;01003000;CDU;cdu;2018.0;Kommunalwahlprogramm Gemeinde;Gemeinde;main_corpus_observation;lb18cdu.txt;main;ec53e1bce280cb6fdcecec0d9225c93e4389e36aeb76900ac7c516cce56c3daf;manual_2024_reference
USE-8d3531184e8b;DOC-0361e30b5b86;GLMP-4DBA9C9F2A;Luebeck;Schleswig-Holstein;01003000;Deutsche Kommunistische Partei;dkp;2018.0;Kommunalwahlprogramm Gemeinde;Gemeinde;main_corpus_observation;lb18dkp.txt;main;0361e30b5b86fd7641f9ab1fe2335101b360d88de15ddb70b324e53eee8923f2;manual_2024_reference
USE-a4b5999fe5cc;DOC-bf0f618d6f33;GLMP-CA00543849;Luebeck;Schleswig-Holstein;01003000;Die Linke;lin;2018.0;Kommunalwahlprogramm Gemeinde;Gemeinde;main_corpus_observation;lb18lin.txt;main;bf0f618d6f3386ab15cb59d790e39ea001720ff9693f12a793c9e5ce6f9245a1;manual_2024_reference
USE-481b8a582a8a;DOC-78c27fd5bb8d;GLMP-D4F7CDAD48;Luebeck;Schleswig-Holstein;01003000;Die Partei;par;2018.0;Kommunalwahlprogramm Gemeinde;Gemeinde;main_corpus_observation;lb18par.txt;main;78c27fd5bb8deee4eed3f7b94ca8d792415ea91e45406dfb93e6f5b08f42e2d5;manual_2024_reference
USE-fc36aa692664;DOC-b7921f8f2c52;GLMP-4D03585909;Luebeck;Schleswig-Holstein;01003000;Die Unabhängigen (Lübeck);dua;2018.0;Kommunalwahlprogramm Gemeinde;Gemeinde;main_corpus_observation;lb18dua.txt;main;b7921f8f2c52bbb92b4ed0f78b565d059fa24641a0243c0179d16e8950158253;manual_2024_reference
USE-7ae356999ceb;DOC-f877be5deb21;GLMP-260E641D0E;Luebeck;Schleswig-Holstein;01003000;FDP;fdp;2018.0;Kommunalwahlprogramm Gemeinde;Gemeinde;main_corpus_observation;lb18fdp.txt;main;f877be5deb21c2b0ace2a0d9ea39a7200f193d521e04273f9018a51404003753;manual_2024_reference
USE-66f2baeb98f6;DOC-2a23d1f00ac6;GLMP-5D413744D7;Luebeck;Schleswig-Holstein;01003000;Freie Wähler;fwg;2018.0;Kommunalwahlprogramm Gemeinde;Gemeinde;main_corpus_observation;lb18fwg.txt;main;2a23d1f00ac64f361e6a6ddcac1f2fe0c753e3db586d9bfb682c71e4faca9474;manual_2024_reference
USE-db2191aff5a7;DOC-434dd0f274bc;GLMP-83A304EC8A;Luebeck;Schleswig-Holstein;01003000;Grün Alternativ Links (Lübeck);gra;2018.0;Kommunalwahlprogramm Gemeinde;Gemeinde;main_corpus_observation;lb18gra.txt;main;434dd0f274bced713b388582de86837e92679ff4c276cfc715c59d84b144fd0f;manual_2024_reference
USE-f61de16ed80e;DOC-738fbd40fa94;GLMP-AA97DF571C;Luebeck;Schleswig-Holstein;01003000;Grüne;gru;2018.0;Kommunalwahlprogramm Gemeinde;Gemeinde;main_corpus_observation;lb18gru.txt;main;738fbd40fa942ee42f6e885423cfd14b8a680d853a5768f0ede47ffa45bbc4c6;manual_2024_reference
USE-d17722fc52e5;DOC-434dd0f274bc;GLMP-B6B9580C65;Luebeck;Schleswig-Holstein;01003000;Grüne Alternative Liste;gal;2018.0;Kommunalwahlprogramm Gemeinde;Gemeinde;main_corpus_observation;lb18gal.txt;main;434dd0f274bced713b388582de86837e92679ff4c276cfc715c59d84b144fd0f;manual_2024_reference
USE-c51af75e2ada;DOC-73be699de7ef;GLMP-7580D6B441;Luebeck;Schleswig-Holstein;01003000;SPD;spd;2018.0;Kommunalwahlprogramm Gemeinde;Gemeinde;main_corpus_observation;lb18spd.txt;main;73be699de7ef39c473511d41e350e971f86c9d4b822ed2912e908a520ad3d9bd;manual_2024_reference
USE-6fde6dd6798d;DOC-d2e3aa06decf;GLMP-18D99D3540;Bremerhaven;Bremen;04012000;Alternative für Deutschland;afd;2019.0;Kommunalwahlprogramm Gemeinde;Gemeinde;main_corpus_observation;bh19afd.txt;main;d2e3aa06decfd050d929254c468a9afe4ebe6277e968989284a2c56450e76939;manual_2024_reference
USE-2a6b87fbe919;DOC-1bb94f545d1a;GLMP-A615DC6C58;Bremerhaven;Bremen;04012000;Bündnis Grundeinkommen;bge;2019.0;Kommunalwahlprogramm Gemeinde;Gemeinde;main_corpus_observation;bh19bge.txt;main;1bb94f545d1a3cdf1b62f563a476d4292f1454023a09a35097172e2fb8d2ca65;manual_2024_reference
USE-85838ca0df6a;DOC-4e30dd3b5854;GLMP-CACDEE9912;Bremerhaven;Bremen;04012000;Bürger in Wut;biw;2019.0;Kommunalwahlprogramm Gemeinde;Gemeinde;main_corpus_observation;bh19biw.txt;main;4e30dd3b58544a30b874fa2039ebae865a3348eb0b05799ba5a058b2b8ec72a9;manual_2024_reference
USE-ede01e225dbb;DOC-76bb41eee369;GLMP-12D6A12289;Bremerhaven;Bremen;04012000;Die Humanisten;dih;2019.0;Kommunalwahlprogramm Gemeinde;Gemeinde;main_corpus_observation;bh19dih.txt;main;76bb41eee369e6472981decd6a45d3074c553769a02e2c5d4f9e9265e7156ed7;manual_2024_reference
USE-4b160bfcebe0;DOC-d8c449a2fed9;GLMP-9E3CA8B5BA;Bremerhaven;Bremen;04012000;Die Linke;lin;2019.0;Kommunalwahlprogramm Gemeinde;Gemeinde;main_corpus_observation;bh19lin.txt;main;d8c449a2fed9f8a4d709554f874c3ac28f2c24adab62229ee613e22706375fcb;manual_2024_reference
USE-0a311d38e197;DOC-ae640a13640f;GLMP-342A16782E;Bremerhaven;Bremen;04012000;Die Rechte;rec;2019.0;Kommunalwahlprogramm Gemeinde;Gemeinde;main_corpus_observation;bh19rec.txt;main;ae640a13640f36ac0586d15c04654a2d905a03e91111c3686c6e53b533952d0c;manual_2024_reference
USE-69537d401214;DOC-c1fcaa631b38;GLMP-5D390B3FE9;Bremerhaven;Bremen;04012000;FDP;fdp;2019.0;Kommunalwahlprogramm Gemeinde;Gemeinde;main_corpus_observation;bh19fdp.txt;main;c1fcaa631b381db68cb693d922ce3c85c90c3e836050d04113f8ecaba51a4c1f;manual_2024_reference
USE-13abff1361c8;DOC-4d301713d785;GLMP-74D38D7DC7;Bremerhaven;Bremen;04012000;Freie Wähler;fwg;2019.0;Kommunalwahlprogramm Gemeinde;Gemeinde;main_corpus_observation;bh19fwg.txt;main;4d301713d785004a5a2587ff90d26a2be308e7b5c8ea6e92b5668090f4da15bd;manual_2024_reference
USE-70de92af7f67;DOC-a688d905fe2d;GLMP-E297C534AC;Bremerhaven;Bremen;04012000;Grüne;gru;2019.0;Kommunalwahlprogramm Gemeinde;Gemeinde;main_corpus_observation;bh19gru.txt;main;a688d905fe2d57ecf78c1f85c4b5e87e158079b17d6a9e6892ba22e11d14e606;manual_2024_reference
USE-e36de844db78;DOC-2a397c0f2cca;GLMP-E2E7523536;Bremerhaven;Bremen;04012000;Piraten;pir;2019.0;Kommunalwahlprogramm Gemeinde;Gemeinde;main_corpus_observation;bh19pir.txt;main;2a397c0f2cca304d876976caddae10f897045b6ead0afbd8ef3cd5dd43d7c25d;manual_2024_reference
USE-60d9133511b4;DOC-cd242d6474d2;GLMP-B1F0106887;Bremerhaven;Bremen;04012000;SPD;spd;2019.0;Kommunalwahlprogramm Gemeinde;Gemeinde;main_corpus_observation;bh19spd.txt;main;cd242d6474d21cf23593026d8bf8f50d31674a32c644e670f8c014b33d21090d;manual_2024_reference
USE-e39d05f24107;DOC-d0e5f6108897;GLMP-3545948259;Bremerhaven;Bremen;04012000;V-Partei³;veg;2019.0;Kommunalwahlprogramm Gemeinde;Gemeinde;main_corpus_observation;bh19veg.txt;main;d0e5f61088978184caf0e0d7706996bd327248aaf13a04a9fca19b736787a203;manual_2024_reference
USE-61e0c0218d36;DOC-1b881fd3c0c1;GLMP-9520A3D210;Chemnitz;Sachsen;14511000;Alternative für Deutschland;afd;2019.0;Kommunalwahlprogramm Gemeinde;Gemeinde;main_corpus_observation;ch19afd.txt;main;1b881fd3c0c11161f42c6b4c44b1331037dd1b3d2980f28c9ddc62b105d87726;local_cities_components
USE-8ca7bfb1e152;DOC-18fe354a0850;GLMP-C7538676D9;Chemnitz;Sachsen;14511000;CDU;cdu;2019.0;Kommunalwahlprogramm Gemeinde;Gemeinde;main_corpus_observation;ch19cdu.txt;main;18fe354a08505df9497a10b72a3627632cddbc499423114ca45ad7a33d5fb8c7;local_cities_components
USE-b45bed78f8be;DOC-a28182421dbc;GLMP-9E5CCF7ACC;Chemnitz;Sachsen;14511000;Chemnitz für Alle;cfa;2019.0;Kommunalwahlprogramm Gemeinde;Gemeinde;main_corpus_observation;ch19cfa.txt;main;a28182421dbcf5d57810aad16b6b0a8147b3eda0ee53ead1d3a56f7aa7395a7d;local_cities_components
USE-d3678b2ad71c;DOC-cd697418073f;GLMP-E9A42741CA;Chemnitz;Sachsen;14511000;Die Linke;lin;2019.0;Kommunalwahlprogramm Gemeinde;Gemeinde;main_corpus_observation;ch19lin.txt;main;cd697418073faab8b641d8cc5686bf8b24d6070d5c91d0ae55aebab5026d936c;local_cities_components
USE-7d06f66c0190;DOC-211ec634e6f5;GLMP-B22FEB0E7F;Chemnitz;Sachsen;14511000;Die Partei;par;2019.0;Kommunalwahlprogramm Gemeinde;Gemeinde;main_corpus_observation;ch19par.txt;main;211ec634e6f5f206b66fc2698737f5850e8c570e0738716fb5e0e1fe115d313a;local_cities_components
USE-c96ddb93550a;DOC-f1ea72d92ac5;GLMP-CBB67F3CC9;Chemnitz;Sachsen;14511000;FDP;fdp;2019.0;Kommunalwahlprogramm Gemeinde;Gemeinde;main_corpus_observation;ch19fdp.txt;main;f1ea72d92ac5fd415662828d66207bf0c8d124090cdae5e6241439cbf32b650c;local_cities_components
USE-5db5f01bdfeb;DOC-1c4a3bc525ba;GLMP-F9F949AE89;Chemnitz;Sachsen;14511000;Grüne;gru;2019.0;Kommunalwahlprogramm Gemeinde;Gemeinde;main_corpus_observation;ch19gru.txt;main;1c4a3bc525baf09de7f0b784adc244ba1a0b54116655c3772635a919cc7efa7f;local_cities_components
USE-c116aa35fe35;DOC-470b0d86a875;GLMP-1A81A09B3D;Chemnitz;Sachsen;14511000;Pro Chemnitz;prc;2019.0;Kommunalwahlprogramm Gemeinde;Gemeinde;main_corpus_observation;ch19prc.txt;main;470b0d86a875873aa7e3ccededc7e24d8b35e4a270f38fdc92001a3c7bf28e16;local_cities_components
USE-fd19324da70b;DOC-f20e922aac8f;GLMP-9C7C0AD6FA;Chemnitz;Sachsen;14511000;SPD;spd;2019.0;Kommunalwahlprogramm Gemeinde;Gemeinde;main_corpus_observation;ch19spd.txt;main;f20e922aac8f9f618cd28f3d215c30de0e3bd8e793b57829f7065f5eb464dbe6;local_cities_components
USE-ee4806248696;DOC-dd9c2df8f74e;GLMP-B9A7890F73;Chemnitz;Sachsen;14511000;VOSI (Wählervereinigung Volksslidarität Chemnitz);vos;2019.0;Kommunalwahlprogramm Gemeinde;Gemeinde;main_corpus_observation;ch19vos.txt;main;dd9c2df8f74e194d89c7b1c8acc2733c6d017c998573b54f7f917d77e552b1f8;local_cities_components
USE-11a6be418173;DOC-db56bb2d68bc;GLMP-BE33DE8617;Cottbus;Brandenburg;12052000;Aktive unabhängige Bürger (Cottbus);aub;2019.0;Kommunalwahlprogramm Gemeinde;Gemeinde;main_corpus_observation;co19aub.txt;main;db56bb2d68bcd1d1af902d6de5e2e3a699262c1205ec260496d90cb1e78fa4a9;local_cities_components
USE-3e0d55d5801b;DOC-51962ec79d92;GLMP-FA49AF1699;Cottbus;Brandenburg;12052000;Alternative für Deutschland;afd;2019.0;Kommunalwahlprogramm Gemeinde;Gemeinde;main_corpus_observation;co19afd.txt;main;51962ec79d92cebbdb91639c89d593636b7876f58781699123d9c160b401df14;local_cities_components
USE-26ad9ee55d67;DOC-a59d1a4f6fec;GLMP-78696274E4;Cottbus;Brandenburg;12052000;CDU;cdu;2019.0;Kommunalwahlprogramm Gemeinde;Gemeinde;main_corpus_observation;co19cdu.txt;main;a59d1a4f6fecd4d7f911ade7f5b84a6686abffc92b0162bcc6a6d61af15b549e;local_cities_components
USE-e72c1009af38;DOC-97800aff461c;GLMP-56F89AB76B;Cottbus;Brandenburg;12052000;Die Linke;lin;2019.0;Kommunalwahlprogramm Gemeinde;Gemeinde;main_corpus_observation;co19lin.txt;main;97800aff461ceceb48dbd1428177f652c8c8c70456d9ad23e771f8283316bf00;local_cities_components
USE-3b09023d7686;DOC-2f79771cbc1c;GLMP-72FF9BCEFF;Cottbus;Brandenburg;12052000;FDP;fdp;2019.0;Kommunalwahlprogramm Gemeinde;Gemeinde;main_corpus_observation;co19fdp.txt;main;2f79771cbc1ca9890124cbc06a51740401d19c946cf959a2b179321500ce7a0f;local_cities_components
USE-923af8e4620b;DOC-babca9b63e32;GLMP-0233F3CB9B;Cottbus;Brandenburg;12052000;Grüne;gru;2019.0;Kommunalwahlprogramm Gemeinde;Gemeinde;main_corpus_observation;co19gru.txt;main;babca9b63e32284b4071e9e47243add94ccc70a40a96804a92fcf83afd31c8e1;local_cities_components
USE-74869fc2b375;DOC-ec56f0b2c9d6;GLMP-EB11265CEE;Cottbus;Brandenburg;12052000;SPD;spd;2019.0;Kommunalwahlprogramm Gemeinde;Gemeinde;main_corpus_observation;co19spd.txt;main;ec56f0b2c9d638697e0afe10eb2c05ce9f953900a0ddfa743bd943a077cdc721;local_cities_components
USE-dd65070f00f0;DOC-356c270bcb7f;GLMP-A2C5A7E33B;Cottbus;Brandenburg;12052000;Unser Cotbus!;uco;2019.0;Kommunalwahlprogramm Gemeinde;Gemeinde;main_corpus_observation;co19uco.txt;main;356c270bcb7fa3b71753e7c971202ed0e6051422b2f42d9e7afa52c5d60fb1de;local_cities_components
USE-86d3bddae0de;DOC-55257a464a1c;GLMP-0DF5E0D644;Dresden;Sachsen;14612000;Alternative für Deutschland;afd;2019.0;Kommunalwahlprogramm Gemeinde;Gemeinde;main_corpus_observation;dr19afd.txt;main;55257a464a1c7c3093a9ec3aff4d4c7106dff0d072e71cd7267b1fde4fa1cbec;local_cities_components
USE-85e17a90710c;DOC-81d41956fa9b;GLMP-638658D115;Dresden;Sachsen;14612000;CDU;cdu;2019.0;Kommunalwahlprogramm Gemeinde;Gemeinde;main_corpus_observation;dr19cdu.txt;main;81d41956fa9b31da7e612cdd17d36c4f2fe553c8c62e11d8ae094bb4b6bdfa7d;local_cities_components
USE-c95186feda70;DOC-11b5c5e58b63;GLMP-6C0E374240;Dresden;Sachsen;14612000;Die Linke;lin;2019.0;Kommunalwahlprogramm Gemeinde;Gemeinde;main_corpus_observation;dr19lin.txt;main;11b5c5e58b639e2b0ab194b0045906bd2bb92511f23c5953804415259633f6e3;local_cities_components
USE-f279b20f848e;DOC-0160ee1fb4c4;GLMP-AED008472E;Dresden;Sachsen;14612000;Die Partei;par;2019.0;Kommunalwahlprogramm Gemeinde;Gemeinde;main_corpus_observation;dr19par.txt;main;0160ee1fb4c40d50ef334c4511c1a5095f233a77ed6389745461bb868443b38c;local_cities_components
USE-1943f364988a;DOC-9b28bcefac07;GLMP-C07166476A;Dresden;Sachsen;14612000;FDP;fdp;2019.0;Kommunalwahlprogramm Gemeinde;Gemeinde;main_corpus_observation;dr19fdp.txt;main;9b28bcefac07dd43e396f061be575fefa8dffd79426cf864e9ea7adb40f02c74;local_cities_components
USE-1e76e9894b47;DOC-3b4bc36882a0;GLMP-B21A99FF43;Dresden;Sachsen;14612000;Freie Wähler;fwg;2019.0;Kommunalwahlprogramm Gemeinde;Gemeinde;main_corpus_observation;dr19fwg.txt;main;3b4bc36882a056ef2d9ca344c0c6913f44d71672243e86ff46b45c8999d9115b;local_cities_components
USE-46cbefd264b7;DOC-337c5db194c0;GLMP-3C57B6BD03;Dresden;Sachsen;14612000;Grüne;gru;2019.0;Kommunalwahlprogramm Gemeinde;Gemeinde;main_corpus_observation;dr19gru.txt;main;337c5db194c04ec1baccd9cd6a7f3fb4e2c30cd91735c76cc255b8d9ed5d2284;local_cities_components
USE-49a67e383221;DOC-925c6d328c78;GLMP-6C3E83CCAB;Dresden;Sachsen;14612000;Piraten;pir;2019.0;Kommunalwahlprogramm Gemeinde;Gemeinde;main_corpus_observation;dr19pir.txt;main;925c6d328c7870b2c252919029b160bb95a313ff7ab17ee07750738f63e16192;local_cities_components
USE-ca340b16692d;DOC-f92a5d53f448;GLMP-B57E0ED770;Dresden;Sachsen;14612000;SPD;spd;2019.0;Kommunalwahlprogramm Gemeinde;Gemeinde;main_corpus_observation;dr19spd.txt;main;f92a5d53f4488182f5bcc35f82ec42890fd916e322268bc4ed6e414a3cc675de;local_cities_components
USE-0f8758e994ec;DOC-f555b5d34868;GLMP-5966AB857F;Erfurt;Thüringen;16051000;Der Dritte Weg;dri;2019.0;Kommunalwahlprogramm Gemeinde;Gemeinde;main_corpus_observation;ef19dri.txt;main;f555b5d348684a21a3147b2034d9f066f3f382e67968ef45ba5e33aa1ff95254;local_cities_components
USE-4c127803cd53;DOC-3d43746114ba;GLMP-16D462729D;Erfurt;Thüringen;16051000;Die Linke;lin;2019.0;Kommunalwahlprogramm Gemeinde;Gemeinde;main_corpus_observation;ef19lin.txt;main;3d43746114badb5c0bcaa953771ce4c1fe2c330abb555b7510beff498be76aa1;local_cities_components
USE-0ca08d069f49;DOC-d0fb0123b09e;GLMP-9F29B5FB6E;Erfurt;Thüringen;16051000;Grüne;gru;2019.0;Kommunalwahlprogramm Gemeinde;Gemeinde;main_corpus_observation;ef19gru.txt;main;d0fb0123b09e11ddd7c3fb3becb612971c6cb3d358c6c8fe3a557a7a8040f97f;local_cities_components
USE-03e48fd85cb0;DOC-cb53d753ba56;GLMP-AD7863B71B;Erfurt;Thüringen;16051000;Mehrwertstadt Erfurt;mws;2019.0;Kommunalwahlprogramm Gemeinde;Gemeinde;main_corpus_observation;ef19mws.txt;main;cb53d753ba569f4afba83862a683abb1da7de8e77d3c5fd8105e8320591d3716;local_cities_components
USE-51192be0751a;DOC-29eff1c86a09;GLMP-69F2F47962;Erfurt;Thüringen;16051000;Piraten;pir;2019.0;Kommunalwahlprogramm Gemeinde;Gemeinde;main_corpus_observation;ef19pir.txt;main;29eff1c86a097169f4b1c48f6dbf1caf32e68e0ae90084d3cfa5d21f69deb01b;local_cities_components
USE-b46778d7f4f1;DOC-665418019364;GLMP-BD36664D08;Erfurt;Thüringen;16051000;SPD;spd;2019.0;Kommunalwahlprogramm Gemeinde;Gemeinde;main_corpus_observation;ef19spd.txt;main;66541801936405243a2491e66103a8c78d01041d5304959200c7fcb1c481ddf4;local_cities_components
USE-e02263eb1b0e;DOC-c2f307171992;GLMP-69B8F759D2;Freiburg im Breisgau;Baden-Württemberg;08311000;CDU;cdu;2019.0;Kommunalwahlprogramm Gemeinde;Gemeinde;main_corpus_observation;fr19cdu.txt;main;c2f307171992b594bb0d4d479db15448ac28e5a20026a39e59eecb6e2a9f4690;local_cities_components
USE-370b5a86b570;DOC-a65cad447977;GLMP-C659D76DF2;Freiburg im Breisgau;Baden-Württemberg;08311000;Die Partei;par;2019.0;Kommunalwahlprogramm Gemeinde;Gemeinde;main_corpus_observation;fr19par.txt;main;a65cad447977d6a2266a284ca3870705f9fb06d25e4a9e99d77258756be6f664;local_cities_components
USE-ac12db914bcd;DOC-ab165ddb3867;GLMP-1C912C9D48;Freiburg im Breisgau;Baden-Württemberg;08311000;FDP;fdp;2019.0;Kommunalwahlprogramm Gemeinde;Gemeinde;main_corpus_observation;fr19fdp.txt;main;ab165ddb3867fac8295172a1ccc508176095ea81a3ac08e6a2114f3e1612dc28;local_cities_components
USE-3801454d356d;DOC-c596388a827a;GLMP-BD2C3910EE;Freiburg im Breisgau;Baden-Württemberg;08311000;Freiburg Lebenswert;frl;2019.0;Kommunalwahlprogramm Gemeinde;Gemeinde;main_corpus_observation;fr19frl.txt;main;c596388a827a4a555e18dc05e2b27e000f13c7b481a6bcb769f1aefcbb311350;local_cities_components
USE-b327da6ed5f5;DOC-4143e6531a4a;GLMP-1DA3457CD3;Freiburg im Breisgau;Baden-Württemberg;08311000;Junges Freiburg;juf;2019.0;Kommunalwahlprogramm Gemeinde;Gemeinde;main_corpus_observation;fr19juf.txt;main;4143e6531a4a43f9352043c352ab403a5fd728b69d47a6ded95bc0dc230b0675;local_cities_components
USE-713cacbff895;DOC-1668f4c08c3d;GLMP-93A4A6A58F;Freiburg im Breisgau;Baden-Württemberg;08311000;Kulturliste Freiburg;klf;2019.0;Kommunalwahlprogramm Gemeinde;Gemeinde;main_corpus_observation;fr19klf.txt;main;1668f4c08c3d21fdff2757e8117db8d07634ff8f96097ebfad0fcb9d15c8f1c4;local_cities_components
USE-f6270a7badd1;DOC-884a755cfd4e;GLMP-08A39A1BAF;Freiburg im Breisgau;Baden-Württemberg;08311000;SPD;spd;2019.0;Kommunalwahlprogramm Gemeinde;Gemeinde;main_corpus_observation;fr19spd.txt;main;884a755cfd4e6fe1113811bca921af1c1f87344c18c911f895f90f10fc114dd1;local_cities_components
USE-84702e894818;DOC-15e4d89275b0;GLMP-5E9BC5D283;Freiburg im Breisgau;Baden-Württemberg;08311000;Unabhängige Frauen Freiburg;uff;2019.0;Kommunalwahlprogramm Gemeinde;Gemeinde;main_corpus_observation;fr19uff.txt;main;15e4d89275b078919e4265f6b83ee6cf084dc7f530605e7e32762704c9ec4577;local_cities_components
USE-e67de0bb449b;DOC-14ee7ac07199;GLMP-DFD4D52811;Halle (Saale);Sachsen-Anhalt;15002000;Die Linke;lin;2019.0;Kommunalwahlprogramm Gemeinde;Gemeinde;main_corpus_observation;hl19lin.txt;main;14ee7ac071990f09254b69261554f0d1a2aea4fc63b093a2eb78e38e474b8491;local_cities_components
USE-7c6103cdb532;DOC-efcbcd002c17;GLMP-594B65B127;Halle (Saale);Sachsen-Anhalt;15002000;Die Partei;par;2019.0;Kommunalwahlprogramm Gemeinde;Gemeinde;main_corpus_observation;hl19par.txt;main;efcbcd002c1744a166d313b7da48a2298e1baf01bf7ca1d0f43c50672e449976;local_cities_components
USE-b53c93c59c3e;DOC-16507804783d;GLMP-4FE4EF09CB;Halle (Saale);Sachsen-Anhalt;15002000;FDP;fdp;2019.0;Kommunalwahlprogramm Gemeinde;Gemeinde;main_corpus_observation;hl19fdp.txt;main;16507804783d179abc28ffcaa78e9ffa5730a6713a628b9243ca085123179ddf;local_cities_components
USE-770e67154f6f;DOC-8ecdaa1db19e;GLMP-FC76353001;Halle (Saale);Sachsen-Anhalt;15002000;Freie Wähler;fwg;2019.0;Kommunalwahlprogramm Gemeinde;Gemeinde;main_corpus_observation;hl19fwg.txt;main;8ecdaa1db19e26cc1c72ec3c3d5a9ba4385cca40212035bf1a24832a6b7a97a6;local_cities_components
USE-0f1cff1d4f1a;DOC-34e72caa0e8c;GLMP-0959DF2B9A;Halle (Saale);Sachsen-Anhalt;15002000;Grüne;gru;2019.0;Kommunalwahlprogramm Gemeinde;Gemeinde;main_corpus_observation;hl19gru.txt;main;34e72caa0e8c32d5e0fa74c1626c38d8ba6688c85ca5c0ce0891b8771426765e;local_cities_components
USE-1a18d01df091;DOC-3fb201036090;GLMP-74E626D5C6;Halle (Saale);Sachsen-Anhalt;15002000;Hauptsache Halle;hsh;2019.0;Kommunalwahlprogramm Gemeinde;Gemeinde;main_corpus_observation;hl19hsh.txt;main;3fb201036090f6b5f3c471933e3ff56d45c4ddadcca826599be43c47d8d72cfc;local_cities_components
USE-f29cbc7e264e;DOC-62a2fcca9a6a;GLMP-0E0300965F;Halle (Saale);Sachsen-Anhalt;15002000;SPD;spd;2019.0;Kommunalwahlprogramm Gemeinde;Gemeinde;main_corpus_observation;hl19spd.txt;main;62a2fcca9a6abb807fc78218f00a0e335309f88d14c0f9600db03cdbc2b35028;local_cities_components
USE-1040a57c2d1f;DOC-953562da6f49;GLMP-7CCF6003F4;Heidelberg;Baden-Württemberg;08221000;Alternative für Deutschland;afd;2019.0;Kommunalwahlprogramm Gemeinde;Gemeinde;main_corpus_observation;hd19afd.txt;main;953562da6f496be5f0fa8e1401c8f77a3fac4b84ec7e4d94cc0c784a9c74d790;local_cities_components
USE-779a96b470ba;DOC-6b8214ef4216;GLMP-03EBD28C20;Heidelberg;Baden-Württemberg;08221000;Bunte Linke Heidelberg;bul;2019.0;Kommunalwahlprogramm Gemeinde;Gemeinde;main_corpus_observation;hd19bul.txt;main;6b8214ef42160d31a47bb07569eae9a1c8961420c4b508f6d3882f64673ad5f7;local_cities_components
USE-92269c32c16b;DOC-aa165fd77dc9;GLMP-71ECBDE5A1;Heidelberg;Baden-Württemberg;08221000;CDU;cdu;2019.0;Kommunalwahlprogramm Gemeinde;Gemeinde;main_corpus_observation;hd19cdu.txt;main;aa165fd77dc9ab7e483723e99d2d50a30797fe3f4b1b7a146196b0a1a4dab84e;local_cities_components
USE-4753408163d4;DOC-466d446d2901;GLMP-082B88C9A9;Heidelberg;Baden-Württemberg;08221000;Die Heidelberger;dhd;2019.0;Kommunalwahlprogramm Gemeinde;Gemeinde;main_corpus_observation;hd19dhd.txt;main;466d446d2901a913a2998d784c730997609b0620f9d20566b7e02bd27539c128;local_cities_components
USE-5e5971818e34;DOC-a9c6de0ad4ff;GLMP-FB79BAF3F3;Heidelberg;Baden-Württemberg;08221000;Die Linke;lin;2019.0;Kommunalwahlprogramm Gemeinde;Gemeinde;main_corpus_observation;hd19lin.txt;main;a9c6de0ad4ffdb01f7b09fbc4c6b3a3dcd13c9b5fe2d9c775cce1c5c1c27ff61;local_cities_components
USE-215d4acb5c4b;DOC-2f3d5dee7660;GLMP-AA286F686E;Heidelberg;Baden-Württemberg;08221000;Die Partei;par;2019.0;Kommunalwahlprogramm Gemeinde;Gemeinde;main_corpus_observation;hd19par.txt;main;2f3d5dee7660ca07adbcfcf91ba29b28e641192c493233fdb76d9688270bffd3;local_cities_components
USE-b97cfeba0b8e;DOC-855408381251;GLMP-B58605CD9D;Heidelberg;Baden-Württemberg;08221000;FDP;fdp;2019.0;Kommunalwahlprogramm Gemeinde;Gemeinde;main_corpus_observation;hd19fdp.txt;main;8554083812517dda7de992e946753eda3b8e71a0bb06a546f25ad30dc3e718f3;local_cities_components
USE-715654c96fc4;DOC-ae2d156178d5;GLMP-CE9072A6E1;Heidelberg;Baden-Württemberg;08221000;Freie Wähler;fwg;2019.0;Kommunalwahlprogramm Gemeinde;Gemeinde;main_corpus_observation;hd19fwg.txt;main;ae2d156178d596e2fdb294e072079b865cc2688c66f4322b5989ee8a48f327ca;local_cities_components
USE-adab133658d5;DOC-72625380cbf2;GLMP-7F8CB8DAAF;Heidelberg;Baden-Württemberg;08221000;Grüne;gru;2019.0;Kommunalwahlprogramm Gemeinde;Gemeinde;main_corpus_observation;hd19gru.txt;main;72625380cbf2208bbbb30e0007c8ff8d4aca3be01f52ab638520e784177809f5;local_cities_components
USE-bb32663baffe;DOC-fdee47cf1686;GLMP-FF6A8DAF12;Heidelberg;Baden-Württemberg;08221000;Grüne Alternative Liste;gal;2019.0;Kommunalwahlprogramm Gemeinde;Gemeinde;main_corpus_observation;hd19gal.txt;main;fdee47cf168680f66ab91dc88b7ab6e02f9ba209a6a546398104bd4f5e294982;local_cities_components
USE-a4d461579bef;DOC-f0c5d9ca1817;GLMP-1593E5A1F6;Heidelberg;Baden-Württemberg;08221000;Heidelberg in Bewegung;hib;2019.0;Kommunalwahlprogramm Gemeinde;Gemeinde;main_corpus_observation;hd19hib.txt;main;f0c5d9ca1817c89ee63adeeaf0e488462ae7a65bcc29f26e9391eedae1df796c;local_cities_components
USE-f4e32082f5d8;DOC-a36adfa24a0c;GLMP-6E1ABE1BC4;Heidelberg;Baden-Württemberg;08221000;SPD;spd;2019.0;Kommunalwahlprogramm Gemeinde;Gemeinde;main_corpus_observation;hd19spd.txt;main;a36adfa24a0ce731cfb5aa050c5017c931f2e07349c93661205fe96f24f3b2b9;local_cities_components
USE-101676b6368a;DOC-2472ed908427;GLMP-8C19F6BCE9;Heilbronn;Baden-Württemberg;08121000;Alternative für Deutschland;afd;2019.0;Kommunalwahlprogramm Gemeinde;Gemeinde;main_corpus_observation;hn19afd.txt;main;2472ed90842733689514e9c7a4752e24d3283875594aed59fa29d2d5039228cc;local_cities_components
USE-e80fbd896436;DOC-f6edd34e18ba;GLMP-517D7B09F7;Heilbronn;Baden-Württemberg;08121000;CDU;cdu;2019.0;Kommunalwahlprogramm Gemeinde;Gemeinde;main_corpus_observation;hn19cdu.txt;main;f6edd34e18ba7cc4a456dfe430970df66e2beb54eec5a060f5c977a4f20dde69;local_cities_components
USE-8d9bbbb775c8;DOC-9f700243d24a;GLMP-4095BD0267;Heilbronn;Baden-Württemberg;08121000;Die Linke;lin;2019.0;Kommunalwahlprogramm Gemeinde;Gemeinde;main_corpus_observation;hn19lin.txt;main;9f700243d24a07a4003e065c1e3c2d2f06f8d8f5b004915ed11aaa8c15328d91;local_cities_components
USE-799eef18372e;DOC-176ad4fa201e;GLMP-F4B58629BE;Heilbronn;Baden-Württemberg;08121000;FDP;fdp;2019.0;Kommunalwahlprogramm Gemeinde;Gemeinde;main_corpus_observation;hn19fdp.txt;main;176ad4fa201e3ae599f42189dc26233c56f09883b7bd19a33c269160765e0fe5;local_cities_components
USE-835a15c075a9;DOC-8fa9ce597226;GLMP-04C1BF3B69;Heilbronn;Baden-Württemberg;08121000;Freie Wählervereinigung (Heilbronn);fwv;2019.0;Kommunalwahlprogramm Gemeinde;Gemeinde;main_corpus_observation;hn19fwv.txt;main;8fa9ce597226f912ae8970aebff3221248ee3fbf861559427ec604171f63b116;local_cities_components
USE-7d6b8aa4bec9;DOC-5b12289d2d60;GLMP-1ACDE2658B;Heilbronn;Baden-Württemberg;08121000;Grüne;gru;2019.0;Kommunalwahlprogramm Gemeinde;Gemeinde;main_corpus_observation;hn19gru.txt;main;5b12289d2d60498a18cf19bd9040a454debb327a03f7b030d9594086be73e5fe;local_cities_components
USE-2042795edc87;DOC-9fb6722859ad;GLMP-FDED324340;Heilbronn;Baden-Württemberg;08121000;Pro Heilbronn;phb;2019.0;Kommunalwahlprogramm Gemeinde;Gemeinde;main_corpus_observation;hn19phb.txt;main;9fb6722859ad8054aaa8b0b2433ab50a8b80506cbf344aaab5857314d7b10543;local_cities_components
USE-8daefb07c228;DOC-8c0017b04a0d;GLMP-A942B2A415;Heilbronn;Baden-Württemberg;08121000;SPD;spd;2019.0;Kommunalwahlprogramm Gemeinde;Gemeinde;main_corpus_observation;hn19spd.txt;main;8c0017b04a0dcbdef3a71c3dc7f8886b255be81ba54eaef34cbed8d6236764da;local_cities_components
USE-a058e8f990ae;DOC-37bab5f4bdee;GLMP-732695693B;Jena;Thüringen;16053000;Bürger für Jena;bfj;2019.0;Kommunalwahlprogramm Gemeinde;Gemeinde;main_corpus_observation;je19bfj.txt;main;37bab5f4bdee075a43a24f7eefa4802a04fdc32b514dc0ddf9003dd102a460d2;local_cities_components
USE-4c4027a243ed;DOC-cf01e609c37b;GLMP-32EFBB6503;Jena;Thüringen;16053000;CDU;cdu;2019.0;Kommunalwahlprogramm Gemeinde;Gemeinde;main_corpus_observation;je19cdu.txt;main;cf01e609c37b168938f75e883ccc23beb6a9be2be7755e65e008392c5bd21f86;local_cities_components
USE-247cb15536fd;DOC-61a211c1aab0;GLMP-016EB7644B;Jena;Thüringen;16053000;Die Guten;gut;2019.0;Kommunalwahlprogramm Gemeinde;Gemeinde;main_corpus_observation;je19gut.txt;main;61a211c1aab0c5412a416e8a181c7002b605f8f38fbd41fdb4fc49d5ccddd71c;local_cities_components
USE-02cfaa69dedb;DOC-b09def97cc0b;GLMP-C328A3B97F;Jena;Thüringen;16053000;Die Linke;lin;2019.0;Kommunalwahlprogramm Gemeinde;Gemeinde;main_corpus_observation;je19lin.txt;main;b09def97cc0bdfcf97016aa4670be87812563226af59f121a3bf945de9e71c6e;local_cities_components
USE-8bb49fb8db66;DOC-b275f8230aab;GLMP-3C73E2EBAA;Jena;Thüringen;16053000;FDP;fdp;2019.0;Kommunalwahlprogramm Gemeinde;Gemeinde;main_corpus_observation;je19fdp.txt;main;b275f8230aab2abb7c8864d15ff6f306779ff2f3931c97a8b62ac4eb4dd6792f;local_cities_components
USE-4f796e53315b;DOC-a2b498bbfc78;GLMP-711C3B9E0A;Jena;Thüringen;16053000;Grüne;gru;2019.0;Kommunalwahlprogramm Gemeinde;Gemeinde;main_corpus_observation;je19gru.txt;main;a2b498bbfc78fdf1d92a40d8db0f55af80897af620ca59bc4e30a370af03a4a3;local_cities_components
USE-d9b43d032338;DOC-020e87bd9886;GLMP-3BE5DA04C8;Jena;Thüringen;16053000;SPD;spd;2019.0;Kommunalwahlprogramm Gemeinde;Gemeinde;main_corpus_observation;je19spd.txt;main;020e87bd9886a8aa1723d37cd57503d85de1b37250531f86d42448862eea78bf;local_cities_components
USE-97c3e705fdef;DOC-f6e8b9e70a6a;GLMP-7B5CE1AD26;Karlsruhe;Baden-Württemberg;08212000;Alternative für Deutschland;afd;2019.0;Kommunalwahlprogramm Gemeinde;Gemeinde;main_corpus_observation;ks19afd.txt;main;f6e8b9e70a6a51a21460a007711b3bd653a618b91da6354e0646cdc66e7a82ac;local_cities_components
USE-27a2c0a54ffc;DOC-15c9146f9bec;GLMP-445C6744B2;Karlsruhe;Baden-Württemberg;08212000;CDU;cdu;2019.0;Kommunalwahlprogramm Gemeinde;Gemeinde;main_corpus_observation;ks19cdu.txt;main;15c9146f9bec6e2534d789260062cb1d109b3c238fd4490176a6f82b565565eb;local_cities_components
USE-7314ab587730;DOC-f8f3ddd680c0;GLMP-656742AD54;Karlsruhe;Baden-Württemberg;08212000;Die Linke;lin;2019.0;Kommunalwahlprogramm Gemeinde;Gemeinde;main_corpus_observation;ks19lin.txt;main;f8f3ddd680c0341bf3de44937a4b7f141c685bf2a78e315f4ce5c75a4613aa76;local_cities_components
USE-6606b6f90e65;DOC-2bf2b05c4a1c;GLMP-B6BAC5E1D1;Karlsruhe;Baden-Württemberg;08212000;Die Partei;par;2019.0;Kommunalwahlprogramm Gemeinde;Gemeinde;main_corpus_observation;ks19par.txt;main;2bf2b05c4a1c40ee6a48bed8f5d770b3a9c664580008c7d2aa71c3123eca8011;local_cities_components
USE-f99d43b1ff9a;DOC-643f62ddd235;GLMP-B65E0F6685;Karlsruhe;Baden-Württemberg;08212000;FDP;fdp;2019.0;Kommunalwahlprogramm Gemeinde;Gemeinde;main_corpus_observation;ks19fdp.txt;main;643f62ddd2358b5aefd0f37a442c11e5c0514ce9ab79a5bed36099fdb3dd7d01;local_cities_components
USE-d84172d68d3a;DOC-418410a75a94;GLMP-E5CF18F962;Karlsruhe;Baden-Württemberg;08212000;Freie Wähler;fwg;2019.0;Kommunalwahlprogramm Gemeinde;Gemeinde;main_corpus_observation;ks19fwg.txt;main;418410a75a940bb49421593d6ad21f8ad262337ea1250e218e3824f8fe6f12ee;local_cities_components
USE-5d0d90f27f0b;DOC-86be9b875255;GLMP-B37A68ED72;Karlsruhe;Baden-Württemberg;08212000;Für Karlsruhe;fkr;2019.0;Kommunalwahlprogramm Gemeinde;Gemeinde;main_corpus_observation;ks19fkr.txt;main;86be9b875255f61a4dd008e92387c7d2c393b94f19433a0a5d863198b31e5868;local_cities_components
USE-4ea2b5ead180;DOC-f2c3b1bb346e;GLMP-F580C2E74A;Karlsruhe;Baden-Württemberg;08212000;Grüne;gru;2019.0;Kommunalwahlprogramm Gemeinde;Gemeinde;main_corpus_observation;ks19gru.txt;main;f2c3b1bb346e6714db60156531e0b0656c40734a12f31fcaaeeda4caedb17ba1;local_cities_components
USE-9e8310e5ad69;DOC-395f1b666b3e;GLMP-3B5E60AAF0;Karlsruhe;Baden-Württemberg;08212000;Karlsruher Liste;kal;2019.0;Kommunalwahlprogramm Gemeinde;Gemeinde;main_corpus_observation;ks19kal.txt;main;395f1b666b3ee96e792a12a331ef92b292bf4fd59a8c12aec33a2c4633958ce9;local_cities_components
USE-c83fddbf0645;DOC-e0d69678bd35;GLMP-BCC08C3B81;Karlsruhe;Baden-Württemberg;08212000;SPD;spd;2019.0;Kommunalwahlprogramm Gemeinde;Gemeinde;main_corpus_observation;ks19spd.txt;main;e0d69678bd35585cc2615f484b3f00448cbf7afef27f4501080641ffcf259398;local_cities_components
USE-3e587d462935;DOC-31c6946cb9c7;GLMP-DDE2E84606;Koblenz;Rheinland-Pfalz;07111000;Alternative für Deutschland;afd;2019.0;Kommunalwahlprogramm Gemeinde;Gemeinde;main_corpus_observation;kb19afd.txt;main;31c6946cb9c76a395651f744a45128851fcbae5922c782ab94484f6a241d5cc0;local_cities_components
USE-d0765eaacf14;DOC-0a494827339b;GLMP-5D0A1DE8B0;Koblenz;Rheinland-Pfalz;07111000;CDU;cdu;2019.0;Kommunalwahlprogramm Gemeinde;Gemeinde;main_corpus_observation;kb19cdu.txt;main;0a494827339b57d4acf542d36ffd8f10780422e5742e51dd0990b9f1f632df21;local_cities_components
USE-badda16dee88;DOC-28b4b06d8296;GLMP-AF37AAEC86;Koblenz;Rheinland-Pfalz;07111000;Die Linke;lin;2019.0;Kommunalwahlprogramm Gemeinde;Gemeinde;main_corpus_observation;kb19lin.txt;main;28b4b06d82967f355dee6d5234036aa200357f49a08bf34580469c839cdcd16b;local_cities_components
USE-6efc7ebbd73b;DOC-10bdbdc0c5bc;GLMP-85515B15E5;Koblenz;Rheinland-Pfalz;07111000;FDP;fdp;2019.0;Kommunalwahlprogramm Gemeinde;Gemeinde;main_corpus_observation;kb19fdp.txt;main;10bdbdc0c5bcfdfb4731a9e3b4be0949d2d4ef4245c84b52b1befffc5e3dc21b;local_cities_components
USE-a5c89b3a881a;DOC-ebe929622074;GLMP-13FCFBBB08;Koblenz;Rheinland-Pfalz;07111000;Freie Wähler;fwg;2019.0;Kommunalwahlprogramm Gemeinde;Gemeinde;main_corpus_observation;kb19fwg.txt;main;ebe929622074a8eefe01186334abf709e7abf3fa8dbfef8a663f555a1d8aba15;local_cities_components
USE-4b11b5af342e;DOC-5ae3f0ddea6f;GLMP-B9390A4341;Koblenz;Rheinland-Pfalz;07111000;Grüne;gru;2019.0;Kommunalwahlprogramm Gemeinde;Gemeinde;main_corpus_observation;kb19gru.txt;main;5ae3f0ddea6f3f72480b5cc1183fb7fec1809d6d8de02d8bd9e315c9a539317e;local_cities_components
USE-28ca3fa63f05;DOC-b31ab102ecc2;GLMP-927AE35958;Koblenz;Rheinland-Pfalz;07111000;SPD;spd;2019.0;Kommunalwahlprogramm Gemeinde;Gemeinde;main_corpus_observation;kb19spd.txt;main;b31ab102ecc2d5d9af72ef3fa438694c702f7e88893a60d2868f8aeeef64f1ec;local_cities_components
USE-edb0d57b2839;DOC-4211c4ba098e;GLMP-D32041837D;Koblenz;Rheinland-Pfalz;07111000;Wählergruppe Schupp (Koblenz);wgs;2019.0;Kommunalwahlprogramm Gemeinde;Gemeinde;main_corpus_observation;kb19wgs.txt;main;4211c4ba098e6672f7680fa439dab131bd7154b8c422798b59f19659571e1ac1;local_cities_components
USE-f3e9de9e1561;DOC-f39bfc9a5830;GLMP-284D59F56A;Leipzig;Sachsen;14713000;Alternative für Deutschland;afd;2019.0;Kommunalwahlprogramm Gemeinde;Gemeinde;main_corpus_observation;lp19afd.txt;main;f39bfc9a5830de5705aca6e4ef6d849860bf46202716c27a0bce38b97ad69507;local_cities_components
USE-61b91d2263e2;DOC-9bbfa41ed64a;GLMP-BC54143F3B;Leipzig;Sachsen;14713000;CDU;cdu;2019.0;Kommunalwahlprogramm Gemeinde;Gemeinde;main_corpus_observation;lp19cdu.txt;main;9bbfa41ed64ab7e9edee4e8021d92f1fd7f0ab00d280ba218978030fa93c503c;local_cities_components
USE-0d8104ac764c;DOC-d98a6af56b5a;GLMP-3F6ECDA709;Leipzig;Sachsen;14713000;Die Linke;lin;2019.0;Kommunalwahlprogramm Gemeinde;Gemeinde;main_corpus_observation;lp19lin.txt;main;d98a6af56b5ac01b92124abf24d9fbcd5acf395bb08b0815ac40d7d3b893edec;local_cities_components
USE-1737f479798d;DOC-572c53b78dbd;GLMP-465EC99837;Leipzig;Sachsen;14713000;Die Partei;par;2019.0;Kommunalwahlprogramm Gemeinde;Gemeinde;main_corpus_observation;lp19par.txt;main;572c53b78dbd2518b4529ed5b66a7d4f37f2942209a7a7d62095a91a1f517cc7;local_cities_components
USE-793225fec7f7;DOC-45f1a8c03b14;GLMP-48A2B142EF;Leipzig;Sachsen;14713000;FDP;fdp;2019.0;Kommunalwahlprogramm Gemeinde;Gemeinde;main_corpus_observation;lp19fdp.txt;main;45f1a8c03b14ab18a0c1b964fb70b8eca96e91a5da61df50da07f4ef301dce5a;local_cities_components
USE-0358a2440520;DOC-34d53e6841bd;GLMP-602C55B105;Leipzig;Sachsen;14713000;Grüne;gru;2019.0;Kommunalwahlprogramm Gemeinde;Gemeinde;main_corpus_observation;lp19gru.txt;main;34d53e6841bd03d261ada2f5a4b23359227fb60f797fc9a13589ed60dc5f5a53;local_cities_components
USE-6de686270b49;DOC-718b728962c8;GLMP-FF7807F956;Leipzig;Sachsen;14713000;Leipziger für Grundeinkommen;lfg;2019.0;Kommunalwahlprogramm Gemeinde;Gemeinde;main_corpus_observation;lp19lfg.txt;main;718b728962c88af113b6e92ab0e77339016dd3ae3018d78d6a9f03f8aa6a33c8;local_cities_components
USE-9f3543cf8bf7;DOC-a24022f0e668;GLMP-B8FD18156D;Leipzig;Sachsen;14713000;Piraten;pir;2019.0;Kommunalwahlprogramm Gemeinde;Gemeinde;main_corpus_observation;lp19pir.txt;main;a24022f0e668d168638125fae182dac2880b0aad4ac2cc652287d90631b0d8e8;local_cities_components
USE-7fa99c07e434;DOC-98bb384eecea;GLMP-F41A9367FE;Leipzig;Sachsen;14713000;SPD;spd;2019.0;Kommunalwahlprogramm Gemeinde;Gemeinde;main_corpus_observation;lp19spd.txt;main;98bb384eecea60383268dbf06287e9ad0eec7f5370d1efce632e066f5a8d5a60;local_cities_components
USE-5b259f777b49;DOC-aab53bdcfc09;GLMP-4D2A012A9E;Leipzig;Sachsen;14713000;Wählervereinigung Leipzig;wvl;2019.0;Kommunalwahlprogramm Gemeinde;Gemeinde;main_corpus_observation;lp19wvl.txt;main;aab53bdcfc0915751aa1cd29104cd292ff4cf7fcd8213c84294e73158b29256a;local_cities_components
USE-42f4ede081dd;DOC-a5a3d725db05;GLMP-D77E8422F4;Ludwigshafen am Rhein;Rheinland-Pfalz;07314000;Alternative für Deutschland;afd;2019.0;Kommunalwahlprogramm Gemeinde;Gemeinde;main_corpus_observation;lu19afd.txt;main;a5a3d725db05f4f5a1e90054e2869cb1d0993ba8489437dbf67ce19f7fbf4656;local_cities_components
USE-5c12df583372;DOC-82506f5cce34;GLMP-E09295257D;Ludwigshafen am Rhein;Rheinland-Pfalz;07314000;CDU;cdu;2019.0;Kommunalwahlprogramm Gemeinde;Gemeinde;main_corpus_observation;lu19cdu.txt;main;82506f5cce3436e3a186552c6fd2a5bfb9f9015c2b3c816326525df732ac37c9;local_cities_components
USE-00047dbe4204;DOC-e0d30ec1bcc7;GLMP-07CB607FAA;Ludwigshafen am Rhein;Rheinland-Pfalz;07314000;FDP;fdp;2019.0;Kommunalwahlprogramm Gemeinde;Gemeinde;main_corpus_observation;lu19fdp.txt;main;e0d30ec1bcc7705d4bfc782ede3a270b209eaba73f35f132f03b6784b78771f1;local_cities_components
USE-611aadb4844c;DOC-9b300acaf0d8;GLMP-DE0DE446AD;Ludwigshafen am Rhein;Rheinland-Pfalz;07314000;Freie Wähler;fwg;2019.0;Kommunalwahlprogramm Gemeinde;Gemeinde;main_corpus_observation;lu19fwg.txt;main;9b300acaf0d8e89f0d78d86970ea9563f6f4bc10c92ab94b5414a3f550383ac1;local_cities_components
USE-2e9dce4362ff;DOC-c500bbc6645d;GLMP-911A79ACDE;Ludwigshafen am Rhein;Rheinland-Pfalz;07314000;Grüne;gru;2019.0;Kommunalwahlprogramm Gemeinde;Gemeinde;main_corpus_observation;lu19gru.txt;main;c500bbc6645da6826a97b8b26705b5a35162b766331ea3670a3941c9ef24ef88;local_cities_components
USE-f45b6e34ad29;DOC-bc76eddb62a0;GLMP-48659ED211;Ludwigshafen am Rhein;Rheinland-Pfalz;07314000;Piraten;pir;2019.0;Kommunalwahlprogramm Gemeinde;Gemeinde;main_corpus_observation;lu19pir.txt;main;bc76eddb62a0421b72f258e4853c613973198146b94624381199154271fa7145;local_cities_components
USE-2e3013b0f687;DOC-5c01d6d0c061;GLMP-B18769A14A;Ludwigshafen am Rhein;Rheinland-Pfalz;07314000;SPD;spd;2019.0;Kommunalwahlprogramm Gemeinde;Gemeinde;main_corpus_observation;lu19spd.txt;main;5c01d6d0c061c5324c26e9648b1a67c291d9221bdcf04d289ea6c934b7706737;local_cities_components
USE-ae683449fb50;DOC-1d2bd87b5a78;GLMP-075954E5B2;Magdeburg;Sachsen-Anhalt;15003000;Alternative für Deutschland;afd;2019.0;Kommunalwahlprogramm Gemeinde;Gemeinde;main_corpus_observation;mb19afd.txt;main;1d2bd87b5a78b07d5f9859511f37570928b1d67d4f8f604a7503785155db2574;local_cities_components
USE-725a6c341aa5;DOC-880d80d604dc;GLMP-B87F84AF27;Magdeburg;Sachsen-Anhalt;15003000;CDU;cdu;2019.0;Kommunalwahlprogramm Gemeinde;Gemeinde;main_corpus_observation;mb19cdu.txt;main;880d80d604dcf02570a90b755a5e7837ffe59e0bb88211024470909f8443b9ce;local_cities_components
USE-ba525c400d45;DOC-dd82641c9dae;GLMP-B59D71EB42;Magdeburg;Sachsen-Anhalt;15003000;Die Linke;lin;2019.0;Kommunalwahlprogramm Gemeinde;Gemeinde;main_corpus_observation;mb19lin.txt;main;dd82641c9daee1e034b0383454d02a939a1c7ac37a705421626d2f754e3660ce;local_cities_components
USE-d48b950f51dc;DOC-8890bb566302;GLMP-CB48AF0D31;Magdeburg;Sachsen-Anhalt;15003000;Gartenpartei (Magdeburg);gar;2019.0;Kommunalwahlprogramm Gemeinde;Gemeinde;main_corpus_observation;mb19gar.txt;main;8890bb5663027840629b9249883e184c2b5af00b06f7d40c2bb3afea33fd80ec;local_cities_components
USE-359226ab6378;DOC-d54bf2e8affd;GLMP-87C2C35944;Magdeburg;Sachsen-Anhalt;15003000;Tierschutzallianz;tsa;2019.0;Kommunalwahlprogramm Gemeinde;Gemeinde;main_corpus_observation;mb19tsa.txt;main;d54bf2e8affd99392284f0e0f41de5231def5cfc9f930847ea5e7107afa23795;local_cities_components
USE-c8a184ecb0be;DOC-fbad3df4c3a8;GLMP-44E01D5BC2;Magdeburg;Sachsen-Anhalt;15003000;Tierschutzpartei;tsp;2019.0;Kommunalwahlprogramm Gemeinde;Gemeinde;main_corpus_observation;mb19tsp.txt;main;fbad3df4c3a843df9ba88405bb3d2cb23eceb62e2887178607b2b9feaeb04008;local_cities_components
USE-8246c499f1e4;DOC-7e13b12014a3;GLMP-9973C1BA7E;Magdeburg;Sachsen-Anhalt;15003000;future! (Magdeburg);ftr;2019.0;Kommunalwahlprogramm Gemeinde;Gemeinde;main_corpus_observation;mb19ftr.txt;main;7e13b12014a3063449492468fde487114736417e53c1d63ccae702ac89492a5f;local_cities_components
USE-0b8e9b83831d;DOC-bcbae1a1fabf;GLMP-8339E28397;Mainz;Rheinland-Pfalz;07315000;Alternative für Deutschland;afd;2019.0;Kommunalwahlprogramm Gemeinde;Gemeinde;main_corpus_observation;mz19afd.txt;main;bcbae1a1fabfdef60a09ae6c752ddf4b6687ae1b5da0dadcddc89f5002ac5ee4;local_cities_components
USE-bcdef4f90df5;DOC-83b8d70d5287;GLMP-EBF463D7B7;Mainz;Rheinland-Pfalz;07315000;Bündnis für Innovation & Gerechtigkeit;big;2019.0;Kommunalwahlprogramm Gemeinde;Gemeinde;main_corpus_observation;mz19big.txt;main;83b8d70d52876c3fff238a68527443227b67353ebf79517f0fa54c2c345cb3c9;local_cities_components
USE-278849f53ecc;DOC-081921f796ad;GLMP-8D751FD5D5;Mainz;Rheinland-Pfalz;07315000;CDU;cdu;2019.0;Kommunalwahlprogramm Gemeinde;Gemeinde;main_corpus_observation;mz19cdu.txt;main;081921f796adcc5336741d5fb837f56990c7c03bb9015dcefdde29afeaa3f317;local_cities_components
USE-281165f9e326;DOC-159759325f8a;GLMP-CED76D8B8D;Mainz;Rheinland-Pfalz;07315000;Die Linke;lin;2019.0;Kommunalwahlprogramm Gemeinde;Gemeinde;main_corpus_observation;mz19lin.txt;main;159759325f8aaff8933132daa9b06716181f922e0a0328426ce860817fd66c69;local_cities_components
USE-dd9f28276a3a;DOC-e30b950e03c1;GLMP-1DC17FCE86;Mainz;Rheinland-Pfalz;07315000;Die Partei;par;2019.0;Kommunalwahlprogramm Gemeinde;Gemeinde;main_corpus_observation;mz19par.txt;main;e30b950e03c1eb8394695e4821fceb122dd7ac9b5753f766c0592c603c36f9bd;local_cities_components
USE-56e5c2555c19;DOC-430b3c323e3c;GLMP-CE1ECA249E;Mainz;Rheinland-Pfalz;07315000;FDP;fdp;2019.0;Kommunalwahlprogramm Gemeinde;Gemeinde;main_corpus_observation;mz19fdp.txt;main;430b3c323e3c62e94c4d358d4d06de0bba6a5875fd83a9af5e451d14e22cc93d;local_cities_components
USE-b71b85cbdfbc;DOC-78d51e424b78;GLMP-6E65B06593;Mainz;Rheinland-Pfalz;07315000;Freie Wähler;fwg;2019.0;Kommunalwahlprogramm Gemeinde;Gemeinde;main_corpus_observation;mz19fwg.txt;main;78d51e424b78305df0d3d54a0bd9230750333fcad3d03deb583e878a30ef6566;local_cities_components
USE-fc6e287f103a;DOC-b59954c65d27;GLMP-31DE556EB2;Mainz;Rheinland-Pfalz;07315000;Grüne;gru;2019.0;Kommunalwahlprogramm Gemeinde;Gemeinde;main_corpus_observation;mz19gru.txt;main;b59954c65d27081aa74548aaf2d594b9f7b415eb1050118b59dd650fd411adf2;local_cities_components
USE-28570adfd7bb;DOC-5d1064e0a0ea;GLMP-D4C2638F0C;Mainz;Rheinland-Pfalz;07315000;Piraten;pir;2019.0;Kommunalwahlprogramm Gemeinde;Gemeinde;main_corpus_observation;mz19pir.txt;main;5d1064e0a0eaef3212a01d07a78b32483e9e6dbf52ce504d8ad3a41dcd564e24;local_cities_components
USE-e184be6265ce;DOC-42d8ca9a1766;GLMP-F1B204DE81;Mainz;Rheinland-Pfalz;07315000;SPD;spd;2019.0;Kommunalwahlprogramm Gemeinde;Gemeinde;main_corpus_observation;mz19spd.txt;main;42d8ca9a17666317c34023b5a274c79a1db8b032a62a77af75e59fa86cdb762b;local_cities_components
USE-0f438e74cf58;DOC-70fc2120c2ff;GLMP-497808019F;Mainz;Rheinland-Pfalz;07315000;Volt;vlt;2019.0;Kommunalwahlprogramm Gemeinde;Gemeinde;main_corpus_observation;mz19vlt.txt;main;70fc2120c2ff1be4c8ae927a5217586690828f8e0681df07a2e3b80335b7a1c7;local_cities_components
USE-4a4d62656193;DOC-ee3ee71ce9be;GLMP-57B1F603FF;Mainz;Rheinland-Pfalz;07315000;Ökologisch-Demokratische Partei (ÖDP);odp;2019.0;Kommunalwahlprogramm Gemeinde;Gemeinde;main_corpus_observation;mz19odp.txt;main;ee3ee71ce9be5db8f4b89febb8e8b89008464bc7eb25603e4021b556d3df4fa3;local_cities_components
USE-6cd72d968a28;DOC-87c8240ca91e;GLMP-84FB874747;Mannheim;Baden-Württemberg;08222000;Die Linke;lin;2019.0;Kommunalwahlprogramm Gemeinde;Gemeinde;main_corpus_observation;ma19lin.txt;main;87c8240ca91ec73c7117ed8d0cdd0d13f9b930c386da1ba7f105c5030af40026;local_cities_components
USE-fe6a7324e5ab;DOC-cc84ec52ffe2;GLMP-704BA2061C;Mannheim;Baden-Württemberg;08222000;Die Partei;par;2019.0;Kommunalwahlprogramm Gemeinde;Gemeinde;main_corpus_observation;ma19par.txt;main;cc84ec52ffe2b7bde2c6a7ce55b8cdfd37379a603859df27efa8593b9e83821e;local_cities_components
USE-aa5733ac0b88;DOC-3dc5c2494e3f;GLMP-ACF6788C94;Mannheim;Baden-Württemberg;08222000;FDP;fdp;2019.0;Kommunalwahlprogramm Gemeinde;Gemeinde;main_corpus_observation;ma19fdp.txt;main;3dc5c2494e3f2123f6964e2f4397c82c05ecc7634d6f22a1484e2e413e1454ef;local_cities_components
USE-6bc75e48441b;DOC-56dbf5d92583;GLMP-AE0170CFE8;Mannheim;Baden-Württemberg;08222000;Freie Wähler – Mannheimer Liste (ML);mal;2019.0;Kommunalwahlprogramm Gemeinde;Gemeinde;main_corpus_observation;ma19mal.txt;main;56dbf5d92583252456171f51651ec481a4bb06f860f07974f25b8e92390d3195;local_cities_components
USE-504097ff9bee;DOC-93a2fc8afc2f;GLMP-AE360AD9D7;Mannheim;Baden-Württemberg;08222000;Grüne;gru;2019.0;Kommunalwahlprogramm Gemeinde;Gemeinde;main_corpus_observation;ma19gru.txt;main;93a2fc8afc2ff247b4b3967a8f6d70bb70c1bdd94b5dc8de8dfef641cbe9ce27;local_cities_components
USE-2f7018b5c33b;DOC-1fbf1b88ff9e;GLMP-816BFCD450;Mannheim;Baden-Württemberg;08222000;Tierschutzpartei;tsp;2019.0;Kommunalwahlprogramm Gemeinde;Gemeinde;main_corpus_observation;ma19tsp.txt;main;1fbf1b88ff9edb300cdc3c506885f605189c428db3c59d84fc08102a597f631e;local_cities_components
USE-b0ec21d6fae1;DOC-34893f4baffa;GLMP-59A9341B56;Pforzheim;Baden-Württemberg;08231000;CDU;cdu;2019.0;Kommunalwahlprogramm Gemeinde;Gemeinde;main_corpus_observation;pf19cdu.txt;main;34893f4baffacb49c2b6bac7552b1be76a6f5211ff9ff95bc7110a509f49b46d;local_cities_components
USE-ff5cc8830ee2;DOC-8d510da9581a;GLMP-E2782153F8;Pforzheim;Baden-Württemberg;08231000;Die Linke;lin;2019.0;Kommunalwahlprogramm Gemeinde;Gemeinde;main_corpus_observation;pf19lin.txt;main;8d510da9581a60cdfbc28cbfae23e2cc93954d879d752bb0c5dadfeff21af3fa;local_cities_components
USE-90462a11a777;DOC-816a20c4a3fc;GLMP-F0F3D3521E;Pforzheim;Baden-Württemberg;08231000;Eltern in Deutschland (Pforzheim);eid;2019.0;Kommunalwahlprogramm Gemeinde;Gemeinde;main_corpus_observation;pf19eid.txt;main;816a20c4a3fcc04460b13f56580f04ed1e26b291f2740376861d536376393069;local_cities_components
USE-22068a768949;DOC-f7851961b3be;GLMP-087958132A;Pforzheim;Baden-Württemberg;08231000;Freie Wähler;fwg;2019.0;Kommunalwahlprogramm Gemeinde;Gemeinde;main_corpus_observation;pf19fwg.txt;main;f7851961b3be8e1acd37b579d0a30bf6ec3fa3317ea38e8e04c772e1699ba4c3;local_cities_components
USE-e98dc50a349a;DOC-8e8ceedafc1b;GLMP-F5528B5C89;Pforzheim;Baden-Württemberg;08231000;Grüne;gru;2019.0;Kommunalwahlprogramm Gemeinde;Gemeinde;main_corpus_observation;pf19gru.txt;main;8e8ceedafc1b119316900854f3e30c28d7b78a422f83bf17850240bced9f8026;local_cities_components
USE-3bdb575d8681;DOC-6cc9154d3c6d;GLMP-49B21411CA;Pforzheim;Baden-Württemberg;08231000;SPD;spd;2019.0;Kommunalwahlprogramm Gemeinde;Gemeinde;main_corpus_observation;pf19spd.txt;main;6cc9154d3c6d5770ba7f564331f5630ddf461266ccb436f17c36d5e707a7a7d0;local_cities_components
USE-e3bdf769817d;DOC-112d64f15eb0;GLMP-064C822BBC;Pforzheim;Baden-Württemberg;08231000;Unabhängige Bürger für Pforzheim;uab;2019.0;Kommunalwahlprogramm Gemeinde;Gemeinde;main_corpus_observation;pf19uab.txt;main;112d64f15eb0ac2008ded572d046c5028f0ba583065a24c6fbec0454e18d82f1;local_cities_components
USE-d8794d64d5ef;DOC-5570acb80c4c;GLMP-D3514F4F25;Potsdam;Brandenburg;12054000;Alternative für Deutschland;afd;2019.0;Kommunalwahlprogramm Gemeinde;Gemeinde;main_corpus_observation;po19afd.txt;main;5570acb80c4ceb3495d4d7daa13e5c166c3e9ed6e902694fa70aab4d914c00df;local_cities_components
USE-4ba09e503b27;DOC-efa32523907a;GLMP-49EE36BD11;Potsdam;Brandenburg;12054000;Bürgerbündnis Potsdam;bbp;2019.0;Kommunalwahlprogramm Gemeinde;Gemeinde;main_corpus_observation;po19bbp.txt;main;efa32523907a9b82422759bfc0d15ac708da4f743a044f9108b938742c01fc93;local_cities_components
USE-73c1463ecdc8;DOC-916e8548018c;GLMP-49BEAD546E;Potsdam;Brandenburg;12054000;CDU;cdu;2019.0;Kommunalwahlprogramm Gemeinde;Gemeinde;main_corpus_observation;po19cdu.txt;main;916e8548018c60e4399e8e504ff782e80573fd0e68e0bbe5ec8f4bf0078a6b30;local_cities_components
USE-326f0be1ada6;DOC-864bc4d3b5e3;GLMP-9DA82CF007;Potsdam;Brandenburg;12054000;Die Linke;lin;2019.0;Kommunalwahlprogramm Gemeinde;Gemeinde;main_corpus_observation;po19lin.txt;main;864bc4d3b5e3c0fb2841ea7239c4b9e72fb275c433d15c27247a35aa2d79b3ad;local_cities_components
USE-701bc4d90c14;DOC-9aae5f1922ab;GLMP-375DB7E6F4;Potsdam;Brandenburg;12054000;Die aNDERE;dia;2019.0;Kommunalwahlprogramm Gemeinde;Gemeinde;main_corpus_observation;po19dia.txt;main;9aae5f1922abd4571a3c3ffb2960816cc53724ba6f0d52579ba8b3926cfa8ac7;local_cities_components
USE-16f07458d6fe;DOC-d44163875d9a;GLMP-12AB13A7B7;Potsdam;Brandenburg;12054000;FDP;fdp;2019.0;Kommunalwahlprogramm Gemeinde;Gemeinde;main_corpus_observation;po19fdp.txt;main;d44163875d9a6f75766db7374c363c7249f01f10043c22a2749d3e7668b00a47;local_cities_components
USE-1db2d5e4ddd3;DOC-9e75ae9e1395;GLMP-755B7B72EB;Potsdam;Brandenburg;12054000;Freie Wähler;fwg;2019.0;Kommunalwahlprogramm Gemeinde;Gemeinde;main_corpus_observation;po19fwg.txt;main;9e75ae9e1395e2c9459b9f95f5cb3ff233551de0574e2a31e6a02602da39f223;local_cities_components
USE-7bf7101bfef3;DOC-e16c13f7dbad;GLMP-FE5480E396;Potsdam;Brandenburg;12054000;Grüne;gru;2019.0;Kommunalwahlprogramm Gemeinde;Gemeinde;main_corpus_observation;po19gru.txt;main;e16c13f7dbadc436248733406a0e46fb0c8a534daa36e180014d4467fe5b7758;local_cities_components
USE-ed9befe5c391;DOC-e4d06d200b9f;GLMP-C51B878223;Potsdam;Brandenburg;12054000;Ich;ich;2019.0;Kommunalwahlprogramm Gemeinde;Gemeinde;main_corpus_observation;po19ich.txt;main;e4d06d200b9fa88d637aed4afaf1ec1e4ea661188bfb57dc88bfb46cebd46b91;local_cities_components
USE-6d962ea8e979;DOC-761b532a1171;GLMP-627875EA26;Potsdam;Brandenburg;12054000;SPD;spd;2019.0;Kommunalwahlprogramm Gemeinde;Gemeinde;main_corpus_observation;po19spd.txt;main;761b532a11716addb495295a34736635d6bf6b8a722568b1487b3a1acc74be4a;local_cities_components
USE-0b891f7d74a0;DOC-1da0df5d8e54;GLMP-7064AF53B6;Reutlingen;Baden-Württemberg;08415061;Alternative für Deutschland;afd;2019.0;Kommunalwahlprogramm Gemeinde;Gemeinde;main_corpus_observation;rt19afd.txt;main;1da0df5d8e54f9989d4c91d7d01403d7c267cacb88da040667c4947dbc404ba2;local_cities_components
USE-f266456c48cf;DOC-60c613e0491c;GLMP-66C619218D;Reutlingen;Baden-Württemberg;08415061;CDU;cdu;2019.0;Kommunalwahlprogramm Gemeinde;Gemeinde;main_corpus_observation;rt19cdu.txt;main;60c613e0491c1db269e4fcb98bc0dcc25ff810eb3d65e9de112bcb77cf7caded;local_cities_components
USE-3032bd8049cb;DOC-20ef26b7b12d;GLMP-3ED6D11E1C;Reutlingen;Baden-Württemberg;08415061;Die Grünen und Unabhängigen;guu;2019.0;Kommunalwahlprogramm Gemeinde;Gemeinde;main_corpus_observation;rt19guu.txt;main;20ef26b7b12df7f72ca10d8bcb4d84502ca0ee08241ef376e967a984666d402a;local_cities_components
USE-71eaa9e4de55;DOC-ba809b650223;GLMP-2526161D4C;Reutlingen;Baden-Württemberg;08415061;Die Linke;lin;2019.0;Kommunalwahlprogramm Gemeinde;Gemeinde;main_corpus_observation;rt19lin.txt;main;ba809b6502230570af6a2b8c3f661f0a50a6efdf48eb989c9931ae276815eff9;local_cities_components
USE-41f48a470c88;DOC-cb74889eeec6;GLMP-14CFDA6EED;Reutlingen;Baden-Württemberg;08415061;Freie Wähler;fwg;2019.0;Kommunalwahlprogramm Gemeinde;Gemeinde;main_corpus_observation;rt19fwg.txt;main;cb74889eeec621474aad54db9a229b5f8e0a47b54805e70a61aa0caf9870b7e3;local_cities_components
USE-b60be4670d48;DOC-649e22a8f4db;GLMP-98F9681A00;Reutlingen;Baden-Württemberg;08415061;SPD;spd;2019.0;Kommunalwahlprogramm Gemeinde;Gemeinde;main_corpus_observation;rt19spd.txt;main;649e22a8f4db8e62bf28c6cecf67781d5cec2e671b54a989b0ba364debb813de;local_cities_components
USE-00cd7add6914;DOC-c76805857b87;GLMP-BE05945176;Reutlingen;Baden-Württemberg;08415061;WIR;wir;2019.0;Kommunalwahlprogramm Gemeinde;Gemeinde;main_corpus_observation;rt19wir.txt;main;c76805857b873d649ee35609b7d9e2d944ed34c49de59343a36e5bdc883a1a0e;local_cities_components
USE-47245af46d84;DOC-45413f8b624b;GLMP-8AE12303C7;Rostock;Mecklenburg-Vorpommern;13003000;Alternative für Deutschland;afd;2019.0;Kommunalwahlprogramm Gemeinde;Gemeinde;main_corpus_observation;ro19afd.txt;main;45413f8b624b83d5f38706c53296638f43609a3d80902acd781627a5f4cbf7f1;local_cities_components
USE-75ec11432a94;DOC-b330ec460e21;GLMP-25AEBE0AF4;Rostock;Mecklenburg-Vorpommern;13003000;CDU;cdu;2019.0;Kommunalwahlprogramm Gemeinde;Gemeinde;main_corpus_observation;ro19cdu.txt;main;b330ec460e21b4e3065ec4717775166efec2a932955847a98c83a7c1e6d25870;local_cities_components
USE-711a1583a36e;DOC-41c7fd5f0b7c;GLMP-3D5D26EDB8;Rostock;Mecklenburg-Vorpommern;13003000;Die Linke;lin;2019.0;Kommunalwahlprogramm Gemeinde;Gemeinde;main_corpus_observation;ro19lin.txt;main;41c7fd5f0b7cb2e24e78efb5568ee91be1c12d5456bcf76f0f177e3c66d7dffe;local_cities_components
USE-be22e45e9e3e;DOC-9feb1ca4af0e;GLMP-7B99B9283B;Rostock;Mecklenburg-Vorpommern;13003000;FDP;fdp;2019.0;Kommunalwahlprogramm Gemeinde;Gemeinde;main_corpus_observation;ro19fdp.txt;main;9feb1ca4af0ef99bc93e441911a3d88af45173df7a71a2351fd10e5544c1351f;local_cities_components
USE-036293b9d479;DOC-a26ca92fb2d1;GLMP-F9A8D0D75F;Rostock;Mecklenburg-Vorpommern;13003000;Freie Wähler;fwg;2019.0;Kommunalwahlprogramm Gemeinde;Gemeinde;main_corpus_observation;ro19fwg.txt;main;a26ca92fb2d117473a495a41854a090e33d38df6ce07f924682c1f21b149e092;local_cities_components
USE-ee5dd9f3bd79;DOC-dc0cc8e4b5da;GLMP-FE989A6B8D;Rostock;Mecklenburg-Vorpommern;13003000;Grüne;gru;2019.0;Kommunalwahlprogramm Gemeinde;Gemeinde;main_corpus_observation;ro19gru.txt;main;dc0cc8e4b5da9a72b4e1135ead427e053f58ad8026667a87d20413c6233168d1;local_cities_components
USE-7c46e18f4902;DOC-150a2d468c2f;GLMP-CA15A660D4;Rostock;Mecklenburg-Vorpommern;13003000;Rostocker Bund;rob;2019.0;Kommunalwahlprogramm Gemeinde;Gemeinde;main_corpus_observation;ro19rob.txt;main;150a2d468c2fcd7149172c3f881a63edc9f683260428a8faeaf56bf8ddae4220;local_cities_components
USE-fdb48e609b49;DOC-31545cc7f5dc;GLMP-2C476205BF;Rostock;Mecklenburg-Vorpommern;13003000;SPD;spd;2019.0;Kommunalwahlprogramm Gemeinde;Gemeinde;main_corpus_observation;ro19spd.txt;main;31545cc7f5dc31a0323ab072e22c356f31f973d9842f918e2ca66c43084e9732;local_cities_components
USE-ef22cc43881a;DOC-137c41dfa93f;GLMP-5084205E54;Rostock;Mecklenburg-Vorpommern;13003000;Unabhängige Bürger für Rostock;ufr;2019.0;Kommunalwahlprogramm Gemeinde;Gemeinde;main_corpus_observation;ro19ufr.txt;main;137c41dfa93f76edd1bd485ab817d4eb4d7e742a5450e3be5138a17a12340d9f;local_cities_components
USE-a77f3f23d528;DOC-6139dd283c33;GLMP-CAAD175BB7;Saarbruecken;Saarland;10041100;CDU;cdu;2019.0;Kommunalwahlprogramm Gemeinde;Gemeinde;main_corpus_observation;sb19cdu.txt;main;6139dd283c330573fdd7bc6a16fbd03f299d5ab8c5d9c6b69e2e69b4778b76a1;manual_2024_reference
USE-876ce880700b;DOC-2e8484f3600e;GLMP-2B09664535;Saarbruecken;Saarland;10041100;Die Linke;lin;2019.0;Kommunalwahlprogramm Gemeinde;Gemeinde;main_corpus_observation;sb19lin.txt;main;2e8484f3600ea02d72b7ffd9b0b90c3eebb216093f12f84652c371281d9df150;manual_2024_reference
USE-1afcc184d8df;DOC-b789cae28a86;GLMP-31921EBCA3;Saarbruecken;Saarland;10041100;FDP;fdp;2019.0;Kommunalwahlprogramm Gemeinde;Gemeinde;main_corpus_observation;sb19fdp.txt;main;b789cae28a86534180f7347f4e5d8f85b7a9c9d6958b2729bede1fca950a26ae;manual_2024_reference
USE-54fdfcebb95e;DOC-4745c021c635;GLMP-A18AEBA623;Saarbruecken;Saarland;10041100;Grüne;gru;2019.0;Kommunalwahlprogramm Gemeinde;Gemeinde;main_corpus_observation;sb19gru.txt;main;4745c021c6350d9046f42795fbb80afa4defdb5cb67ae44df37e7fb423274cab;manual_2024_reference
USE-dda887080cf5;DOC-af87d3b745bf;GLMP-399ABB7C0F;Saarbruecken;Saarland;10041100;SPD;spd;2019.0;Kommunalwahlprogramm Gemeinde;Gemeinde;main_corpus_observation;sb19spd.txt;main;af87d3b745bf0fbaff491fbf79569d2ab7bd3fa3402a784f96656d335d34dc31;manual_2024_reference
USE-f11842b2d4b4;DOC-6269e6238781;GLMP-3B9066B694;Stuttgart;Baden-Württemberg;08111000;Alternative für Deutschland;afd;2019.0;Kommunalwahlprogramm Gemeinde;Gemeinde;main_corpus_observation;st19afd.txt;main;6269e6238781de092ac0c261969b1a57b551b006507d82c18a7b46025006476a;local_cities_components
USE-abbc10648023;DOC-af4f2c59129f;GLMP-731E80DCA2;Stuttgart;Baden-Württemberg;08111000;Bündnis Zukunft Stuttgart23;bzs;2019.0;Kommunalwahlprogramm Gemeinde;Gemeinde;main_corpus_observation;st19bzs.txt;main;af4f2c59129ff2658c547df637a92a3d817b4a82e21b25bcb0b1981b8e466099;local_cities_components
USE-4602cecdbf7f;DOC-c9a4b8c4cee8;GLMP-B729242C88;Stuttgart;Baden-Württemberg;08111000;CDU;cdu;2019.0;Kommunalwahlprogramm Gemeinde;Gemeinde;main_corpus_observation;st19cdu.txt;main;c9a4b8c4cee84222eef8e8f848d23653435a6de981835b20ecd7b37eaed0bd21;local_cities_components
USE-f9acc852081e;DOC-b465410f5932;GLMP-12B74F702B;Stuttgart;Baden-Württemberg;08111000;Demokratie in Bewegung (Stuttgart);dib;2019.0;Kommunalwahlprogramm Gemeinde;Gemeinde;main_corpus_observation;st19dib.txt;main;b465410f593254509d69a92357d381992c3de3e5aa614217cdc3b068a3b83d12;local_cities_components
USE-6a375ecd493b;DOC-245087f91f31;GLMP-1899C0BF9B;Stuttgart;Baden-Württemberg;08111000;Die Linke;lin;2019.0;Kommunalwahlprogramm Gemeinde;Gemeinde;main_corpus_observation;st19lin.txt;main;245087f91f31f8cd3cf9e960f65ecdc422da4e66d036151eb9240274aaeaf796;local_cities_components
USE-86d477fd5aa4;DOC-5578bbc95226;GLMP-0002A12C2A;Stuttgart;Baden-Württemberg;08111000;Die Partei;par;2019.0;Kommunalwahlprogramm Gemeinde;Gemeinde;main_corpus_observation;st19par.txt;main;5578bbc9522641a1aa0be8110b69205c57766117ce83b8a6f2ef0e9f3148759a;local_cities_components
USE-6a94b04c4c1e;DOC-53ea15409a8a;GLMP-BF51E9AE29;Stuttgart;Baden-Württemberg;08111000;FDP;fdp;2019.0;Kommunalwahlprogramm Gemeinde;Gemeinde;main_corpus_observation;st19fdp.txt;main;53ea15409a8a5a7083d7f16b3c722234657669d1a737189bd207261bc74f030a;local_cities_components
USE-4f7ce7237ec0;DOC-9125150c1227;GLMP-2E1018B144;Stuttgart;Baden-Württemberg;08111000;Feministische Liste (Stuttgart);fli;2019.0;Kommunalwahlprogramm Gemeinde;Gemeinde;main_corpus_observation;st19fli.txt;main;9125150c122717bf2d8aba35840d4cfac52662df881b03be4385a86d664d4445;local_cities_components
USE-87536c6b3c02;DOC-bd3bf26d4278;GLMP-14170E0615;Stuttgart;Baden-Württemberg;08111000;Freie Wähler;fwg;2019.0;Kommunalwahlprogramm Gemeinde;Gemeinde;main_corpus_observation;st19fwg.txt;main;bd3bf26d427844081858ae4890d38e883b6d3a78da0d0b1a3ef4863dd2a3385a;local_cities_components
USE-781b683805d1;DOC-e13195af1429;GLMP-937DDB5F52;Stuttgart;Baden-Württemberg;08111000;Grüne;gru;2019.0;Kommunalwahlprogramm Gemeinde;Gemeinde;main_corpus_observation;st19gru.txt;main;e13195af1429556dd23b2cb13f737bd4d1b7c45c231f90e0258d64010bbbd7eb;local_cities_components
USE-b26f6f94edba;DOC-b97565800d0c;GLMP-0142E48F34;Stuttgart;Baden-Württemberg;08111000;Junge Liste (Stuttgart);jli;2019.0;Kommunalwahlprogramm Gemeinde;Gemeinde;main_corpus_observation;st19jli.txt;main;b97565800d0c266d2cde26942b853cf9eeb1efb834335b6fbf2d0c8e4d2d835d;local_cities_components
USE-1c77d6cc48b2;DOC-a8737c89451c;GLMP-CF423B45ED;Stuttgart;Baden-Württemberg;08111000;Kein Fahrverbot (Stuttgart);kfv;2019.0;Kommunalwahlprogramm Gemeinde;Gemeinde;main_corpus_observation;st19kfv.txt;main;a8737c89451ce21e309c9ae53bd3c47afb1e5714ee5a838c58ecc7728bec7a79;local_cities_components
USE-63208e587d24;DOC-3f95c49f08eb;GLMP-EDF27619B7;Stuttgart;Baden-Württemberg;08111000;Piraten;pir;2019.0;Kommunalwahlprogramm Gemeinde;Gemeinde;main_corpus_observation;st19pir.txt;main;3f95c49f08eba802918ab81a57e6bef3fd0640cdf24358defa3d84f884b4a8f4;local_cities_components
USE-b14fc4723ee6;DOC-15defc3e2a5f;GLMP-08D4AF6905;Stuttgart;Baden-Württemberg;08111000;SPD;spd;2019.0;Kommunalwahlprogramm Gemeinde;Gemeinde;main_corpus_observation;st19spd.txt;main;15defc3e2a5f14106a3f931a715e934a1e07dad6f0c1facd85bb13d81f6545ac;local_cities_components
USE-9cc89fd44ced;DOC-7f29f5578664;GLMP-D860AFFC7F;Stuttgart;Baden-Württemberg;08111000;Schertlens unabhängige Bürger (Stuttgart);sub;2019.0;Kommunalwahlprogramm Gemeinde;Gemeinde;main_corpus_observation;st19sub.txt;main;7f29f55786642417b57940f6979f8ac1f55cdebaa1196e1b137306d6fda12ee0;local_cities_components
USE-45c82286540a;DOC-ee3c5fca40b6;GLMP-C79F99456F;Stuttgart;Baden-Württemberg;08111000;Stadtliste;stl;2019.0;Kommunalwahlprogramm Gemeinde;Gemeinde;main_corpus_observation;st19stl.txt;main;ee3c5fca40b6995532e11214ff04cb0dbbbe47486fc61957bfe70a58d4982a46;local_cities_components
USE-df7d691ee0db;DOC-a51668d6e598;GLMP-0E71650FCC;Stuttgart;Baden-Württemberg;08111000;SÖS (Stuttgart Ökologisch Sozial);sos;2019.0;Kommunalwahlprogramm Gemeinde;Gemeinde;main_corpus_observation;st19sos.txt;main;a51668d6e59859588d5504a97b60d616fb13ee24cb6d4efc9f33ad31b80d8067;local_cities_components
USE-61ec2cc1490c;DOC-54f17a8f1845;GLMP-48EB6294B3;Stuttgart;Baden-Württemberg;08111000;Tierschutzpartei;tsp;2019.0;Kommunalwahlprogramm Gemeinde;Gemeinde;main_corpus_observation;st19tsp.txt;main;54f17a8f1845872c804dadd7cbe718cc28ccd1920d774845e522c75ea5e649f8;local_cities_components
USE-babf90510bad;DOC-94c9a2e7add9;GLMP-3E8CBD6E6B;Stuttgart;Baden-Württemberg;08111000;Ökologisch-Demokratische Partei (ÖDP);odp;2019.0;Kommunalwahlprogramm Gemeinde;Gemeinde;main_corpus_observation;st19odp.txt;main;94c9a2e7add99896f096b2b2d5b1a593e1750f866f36b31240b56cf55f4e8723;local_cities_components
USE-c4e4732a67e9;DOC-4f36f3b3493c;GLMP-364B94CB69;Trier;Rheinland-Pfalz;07211000;Alternative für Deutschland;afd;2019.0;Kommunalwahlprogramm Gemeinde;Gemeinde;main_corpus_observation;tr19afd.txt;main;4f36f3b3493c22a0354045f4d0fc8fcb903882b150bc160b26c327a9e0754804;local_cities_components
USE-ea371ae07a6d;DOC-4ee195f4395e;GLMP-DEC510554F;Trier;Rheinland-Pfalz;07211000;CDU;cdu;2019.0;Kommunalwahlprogramm Gemeinde;Gemeinde;main_corpus_observation;tr19cdu.txt;main;4ee195f4395eee0762d6b0e3f5f249da7245062fd39c282ec1b454d944b4f1e1;local_cities_components
USE-8564967690db;DOC-1c7466805749;GLMP-2D1CA7E5B4;Trier;Rheinland-Pfalz;07211000;Die Linke;lin;2019.0;Kommunalwahlprogramm Gemeinde;Gemeinde;main_corpus_observation;tr19lin.txt;main;1c74668057491b4a9d2e19642066b2e311b714afff8d1b2ac99800968c2ea636;local_cities_components
USE-88a119f67146;DOC-29d0a1714476;GLMP-17EDF0F9E8;Trier;Rheinland-Pfalz;07211000;Die Partei;par;2019.0;Kommunalwahlprogramm Gemeinde;Gemeinde;main_corpus_observation;tr19par.txt;main;29d0a1714476fb711ec8af00773c5f6ab60b25956d8076f1f5749e0b53e2508c;local_cities_components
USE-5d1a45349736;DOC-26dc3cd0e87b;GLMP-6EBBAF50B7;Trier;Rheinland-Pfalz;07211000;FDP;fdp;2019.0;Kommunalwahlprogramm Gemeinde;Gemeinde;main_corpus_observation;tr19fdp.txt;main;26dc3cd0e87b3528dbc2cc10629869d8fbf2b86b078134baca1d6117189fc951;local_cities_components
USE-9fd5280ddcb9;DOC-d74fcc36e718;GLMP-D2BA73BD32;Trier;Rheinland-Pfalz;07211000;Grüne;gru;2019.0;Kommunalwahlprogramm Gemeinde;Gemeinde;main_corpus_observation;tr19gru.txt;main;d74fcc36e7182ba330a3833f78c805e28226f3e8a3d7c025048ad5a639893aae;local_cities_components
USE-b5cb996eeb0c;DOC-88f2d31581b2;GLMP-C4F3177292;Trier;Rheinland-Pfalz;07211000;SPD;spd;2019.0;Kommunalwahlprogramm Gemeinde;Gemeinde;main_corpus_observation;tr19spd.txt;main;88f2d31581b24d5b8e9fde7b9427c3956c32482610ecdd811f25d3e624e24ebc;local_cities_components
USE-ee1f253a24d6;DOC-e1ea19785e4f;GLMP-E66C66BA94;Ulm;Baden-Württemberg;08421000;Bündnis lebenswerte Ortschaften;blo;2019.0;Kommunalwahlprogramm Gemeinde;Gemeinde;main_corpus_observation;ul19blo.txt;main;e1ea19785e4f9b8626ba51f80377431d222f047d7ca89772407d3ebd9db19117;local_cities_components
USE-5c04aab523b8;DOC-44614eb93936;GLMP-0E369CE0F6;Ulm;Baden-Württemberg;08421000;CDU;cdu;2019.0;Kommunalwahlprogramm Gemeinde;Gemeinde;main_corpus_observation;ul19cdu.txt;main;44614eb93936aef0a3af1b67a036e10f68ecc7cc3601e03798ecb171e65f3b3a;local_cities_components
USE-55be54c91d18;DOC-4d190a1ac683;GLMP-B79B1183E7;Ulm;Baden-Württemberg;08421000;Die Linke;lin;2019.0;Kommunalwahlprogramm Gemeinde;Gemeinde;main_corpus_observation;ul19lin.txt;main;4d190a1ac683a5c208b9d0d84ab3a7bd0ba700665adaee79a04b34ac1e92bbc1;local_cities_components
USE-3eeeb84bdb96;DOC-9cdf876a437f;GLMP-0566A1AC0B;Ulm;Baden-Württemberg;08421000;FDP;fdp;2019.0;Kommunalwahlprogramm Gemeinde;Gemeinde;main_corpus_observation;ul19fdp.txt;main;9cdf876a437ffd914f07a0ed6dc2f9a4b6360eba8973eafc06c04acdb9979cd8;local_cities_components
USE-1f860c372b8e;DOC-a13c4020c4d0;GLMP-6936D9AC77;Ulm;Baden-Württemberg;08421000;Grüne;gru;2019.0;Kommunalwahlprogramm Gemeinde;Gemeinde;main_corpus_observation;ul19gru.txt;main;a13c4020c4d044747ec3f5958c5fab9708f88ed69381a191dbfb835729db385d;local_cities_components
USE-8d70aac69223;DOC-c536b390ba22;GLMP-AD635BA022;Ulm;Baden-Württemberg;08421000;Piraten;pir;2019.0;Kommunalwahlprogramm Gemeinde;Gemeinde;main_corpus_observation;ul19pir.txt;main;c536b390ba2207cc3a633cb9934db9b1cf3601d921a4ad1921f6d2f351e34e67;local_cities_components
USE-d8277ec886c8;DOC-d2a95a24aefe;GLMP-5BDF715985;Ulm;Baden-Württemberg;08421000;SPD;spd;2019.0;Kommunalwahlprogramm Gemeinde;Gemeinde;main_corpus_observation;ul19spd.txt;main;d2a95a24aefee8e87237f96fb6f2f4f30bb0f0fed760b202d0d659bdd64694ef;local_cities_components
USE-723e3563276b;DOC-b4b93501b96f;GLMP-A16ED733B8;Ulm;Baden-Württemberg;08421000;Ulm für Alle;ufa;2019.0;Kommunalwahlprogramm Gemeinde;Gemeinde;main_corpus_observation;ul19ufa.txt;main;b4b93501b96f29bb74eb6e9cec50923e1936ffcf97f17d923717b1061fedbc34;local_cities_components
USE-58977f4a53f7;DOC-2e8c2a54e296;GLMP-3D1A4926B9;Ulm;Baden-Württemberg;08421000;Unabhängige Wählervereinigung Söflingen;uws;2019.0;Kommunalwahlprogramm Gemeinde;Gemeinde;main_corpus_observation;ul19uws.txt;main;2e8c2a54e296c03d487190321e234e1e9f158e769013fcb3002291d353620d2c;local_cities_components
USE-c81e10efec4b;DOC-c1e9dff78dd7;GLMP-802067E89B;Aachen;Nordrhein-Westfalen;05334002;Alternative für Deutschland;afd;2020.0;Kommunalwahlprogramm Gemeinde;Gemeinde;main_corpus_observation;ac20afd.txt;main;c1e9dff78dd7ceba59684d4b57ebe302ed01b5ff4d3f1203e12ea898ea85e251;manual_2024_reference
USE-7a1169abc608;DOC-f3fd8bfda544;GLMP-2ABD8A29F0;Aachen;Nordrhein-Westfalen;05334002;CDU;cdu;2020.0;Kommunalwahlprogramm Gemeinde;Gemeinde;main_corpus_observation;ac20cdu.txt;main;f3fd8bfda544d7faf8e7d45d742faf40882f7b8f5b0d23eba3cae4b6220d174b;manual_2024_reference
USE-f20fc10318fe;DOC-e1986fb715b7;GLMP-185C0EA23F;Aachen;Nordrhein-Westfalen;05334002;Die Linke;lin;2020.0;Kommunalwahlprogramm Gemeinde;Gemeinde;main_corpus_observation;ac20lin.txt;main;e1986fb715b708f24bb42b5283af67cecfe1ce5c9072a59e2f6ca7c11c00fda9;manual_2024_reference
USE-1e053b19b108;DOC-a119c1237f50;GLMP-3B0A2745FC;Aachen;Nordrhein-Westfalen;05334002;FDP;fdp;2020.0;Kommunalwahlprogramm Gemeinde;Gemeinde;main_corpus_observation;ac20fdp.txt;main;a119c1237f50848e602850727258229063d3e1a2c4d63a0c57ce8e2c2482e0c2;manual_2024_reference
USE-5c2ef250f223;DOC-197005b019e1;GLMP-86F66F52E7;Aachen;Nordrhein-Westfalen;05334002;Grüne;gru;2020.0;Kommunalwahlprogramm Gemeinde;Gemeinde;main_corpus_observation;ac20gru.txt;main;197005b019e19b4089c25671ac904b719ee7f269aa0295572eca69e35621e84c;manual_2024_reference
USE-1588c0c66b1f;DOC-da1312c57acf;GLMP-ACD55733B2;Aachen;Nordrhein-Westfalen;05334002;Piraten;pir;2020.0;Kommunalwahlprogramm Gemeinde;Gemeinde;main_corpus_observation;ac20pir.txt;main;da1312c57acfb5c580fb82575ccccb0ec855c8d001fa5959ceae9f6d41bef1a9;manual_2024_reference
USE-e650a3e8272e;DOC-75eb969afcfd;GLMP-4890084C23;Aachen;Nordrhein-Westfalen;05334002;SPD;spd;2020.0;Kommunalwahlprogramm Gemeinde;Gemeinde;main_corpus_observation;ac20spd.txt;main;75eb969afcfd6d6595028368f46911883bf04bb47c4ad5ea448c4ecb9c2a1f61;manual_2024_reference
USE-0161a7d86107;DOC-7e46f878bd8b;GLMP-12265E25EF;Aachen;Nordrhein-Westfalen;05334002;Volt;vlt;2020.0;Kommunalwahlprogramm Gemeinde;Gemeinde;main_corpus_observation;ac20vlt.txt;main;7e46f878bd8b5453ee6d46af6211545b85ad87fb9890ea8b2489be07d49c9017;manual_2024_reference
USE-ba0283b3bfc3;DOC-5ea393f650d8;GLMP-5EA2715AF4;Aachen;Nordrhein-Westfalen;05334002;Ökologisch-Demokratische Partei (ÖDP);odp;2020.0;Kommunalwahlprogramm Gemeinde;Gemeinde;main_corpus_observation;ac20odp.txt;main;5ea393f650d8bb86ca669d4a6deeb07d96ede2dca96ba989657006de2cf33469;manual_2024_reference
USE-1a17405e4194;DOC-99e32ae69c4f;GLMP-CDB1D0A249;Augsburg;Bayern;09761000;Alternative für Deutschland;afd;2020.0;Kommunalwahlprogramm Gemeinde;Gemeinde;main_corpus_observation;au20afd.txt;main;99e32ae69c4f982a94a96bca651577dc4319969eb3b83391975e5b8d059b6747;manual_2024_reference
USE-3ddba40339fd;DOC-060efe05727a;GLMP-70F9646DD4;Augsburg;Bayern;09761000;Augsburg in Bürgerhand;aib;2020.0;Kommunalwahlprogramm Gemeinde;Gemeinde;main_corpus_observation;au20aib.txt;main;060efe05727a8f3a10ed03dce3a75326e008d231845e352dd8a9d448426d1b22;manual_2024_reference
USE-20ce46581fde;DOC-b93640271801;GLMP-E27E206148;Augsburg;Bayern;09761000;CSU;csu;2020.0;Kommunalwahlprogramm Gemeinde;Gemeinde;main_corpus_observation;au20csu.txt;main;b93640271801d72ac557224a93bec09c0d8a91807da026b9c30118834286b24e;manual_2024_reference
USE-0ad9bae71acc;DOC-28d27de1e23c;GLMP-1BE1C67627;Augsburg;Bayern;09761000;Demokratie in Bewegung (Stuttgart);dib;2020.0;Kommunalwahlprogramm Gemeinde;Gemeinde;main_corpus_observation;au20dib.txt;main;28d27de1e23c1bc76f2693adfb70b84fa796b11352644b4d896e00237e49b8b3;manual_2024_reference
USE-2006547260d9;DOC-0d9539b07c8c;GLMP-66E2BD127C;Augsburg;Bayern;09761000;Die Linke;lin;2020.0;Kommunalwahlprogramm Gemeinde;Gemeinde;main_corpus_observation;au20lin.txt;main;0d9539b07c8ce16d6427e6e2fa75aaa410592df840968e46613c993f32970ee2;manual_2024_reference
USE-14467619d9dd;DOC-5e353c26e63c;GLMP-E76E7719B1;Augsburg;Bayern;09761000;Die Partei;par;2020.0;Kommunalwahlprogramm Gemeinde;Gemeinde;main_corpus_observation;au20par.txt;main;5e353c26e63cea29f1d6d83e399f1f2ebfb2cdc5f5cdc69df1bad5ed0491ecac;manual_2024_reference
USE-cbf44486f7ff;DOC-64b970417a21;GLMP-327EE8F264;Augsburg;Bayern;09761000;FDP;fdp;2020.0;Kommunalwahlprogramm Gemeinde;Gemeinde;main_corpus_observation;au20fdp.txt;main;64b970417a21386b03635a3669b1da304e0f412e7b6544e254120aeb24ce1ae0;manual_2024_reference
USE-945f313ead64;DOC-ee7e5e437642;GLMP-DA323C71BC;Augsburg;Bayern;09761000;Freie Wähler;fwg;2020.0;Kommunalwahlprogramm Gemeinde;Gemeinde;main_corpus_observation;au20fwg.txt;main;ee7e5e437642049d40bdfee9f98e2ad6e28ce0e4d9666d6116f260559e3695c3;manual_2024_reference
USE-ab85a712cb76;DOC-b15ac4b55331;GLMP-00785E688F;Augsburg;Bayern;09761000;Generation Aux;aux;2020.0;Kommunalwahlprogramm Gemeinde;Gemeinde;main_corpus_observation;au20aux.txt;main;b15ac4b55331e4b58fecf4f2d39f1f9cf851b6e1649f1c41313f3a4c55dae1b2;manual_2024_reference
USE-a619359824e5;DOC-51d5cec1f41d;GLMP-719D5ABAC1;Augsburg;Bayern;09761000;Grüne;gru;2020.0;Kommunalwahlprogramm Gemeinde;Gemeinde;main_corpus_observation;au20gru.txt;main;51d5cec1f41dfb1ccaa43fe67ddf249fdd3e568a16705f4ca4ba1a6108a9a617;manual_2024_reference
USE-c0f6b94d2dc6;DOC-f06edbb4d5ab;GLMP-24DC938A90;Augsburg;Bayern;09761000;Pro Augsburg;pro;2020.0;Kommunalwahlprogramm Gemeinde;Gemeinde;main_corpus_observation;au20pro.txt;main;f06edbb4d5ab5f6fc3d985502da34ba8c5b56d881cf90d680890b225d7db39b3;manual_2024_reference
USE-2f2a4e85e043;DOC-b350640cd5b3;GLMP-5951113F2F;Augsburg;Bayern;09761000;SPD;spd;2020.0;Kommunalwahlprogramm Gemeinde;Gemeinde;main_corpus_observation;au20spd.txt;main;b350640cd5b35879abffcea73b2a31ca4dddc8e536ab0a66f550b0831a7294a5;manual_2024_reference
USE-51c84c82ea2b;DOC-8d4311ab9fb7;GLMP-0FE5131EA9;Augsburg;Bayern;09761000;V³-Partei;vvv;2020.0;Kommunalwahlprogramm Gemeinde;Gemeinde;main_corpus_observation;au20vvv.txt;main;8d4311ab9fb7320135edaa9575b7884bac735c976a15c5cd7bfe17cf50c52b03;manual_2024_reference
USE-cb25275adf5d;DOC-a6c1cb5eb412;GLMP-79C0ABDCBC;Augsburg;Bayern;09761000;Wir sind Augsburg;wsa;2020.0;Kommunalwahlprogramm Gemeinde;Gemeinde;main_corpus_observation;au20wsa.txt;main;a6c1cb5eb412fd71e0e6bf859ab9b519d124f3e47ac320790da31960dee4b2a8;manual_2024_reference
USE-d571947fca66;DOC-94ee991e2c35;GLMP-BB3CD2C13E;Augsburg;Bayern;09761000;Ökologisch-Demokratische Partei (ÖDP);odp;2020.0;Kommunalwahlprogramm Gemeinde;Gemeinde;main_corpus_observation;au20odp.txt;main;94ee991e2c350defdc283bc20b8d63452b1523801032a37a94c09a391f10ecf1;manual_2024_reference
USE-8f51d467200e;DOC-375da7b084ec;GLMP-85ECF256DD;Bergisch Gladbach;Nordrhein-Westfalen;05378004;Bürger Partei GL (Bergisch Gladbach);bgl;2020.0;Kommunalwahlprogramm Gemeinde;Gemeinde;main_corpus_observation;bg20bgl.txt;main;375da7b084ec221e52aa718c5950082867bbbc8f5da2c619c36fd62848131b15;manual_2024_reference
USE-c569a12a83df;DOC-1457d52292f6;GLMP-A462ACAE13;Bergisch Gladbach;Nordrhein-Westfalen;05378004;CDU;cdu;2020.0;Kommunalwahlprogramm Gemeinde;Gemeinde;main_corpus_observation;bg20cdu.txt;main;1457d52292f661dafe2e3b1f849e3d8f3bf247044b87c31b137603e9b1a8f6d0;manual_2024_reference
USE-683e8d3a7cd7;DOC-7f73d230dc5d;GLMP-E5D3EAEB4C;Bergisch Gladbach;Nordrhein-Westfalen;05378004;FDP;fdp;2020.0;Kommunalwahlprogramm Gemeinde;Gemeinde;main_corpus_observation;bg20fdp.txt;main;7f73d230dc5d33f0b0805fc21c1017172f66f269c76d9192887e32cd74672ce7;manual_2024_reference
USE-57f3b915ed2b;DOC-98a7d0cde528;GLMP-4E70A6A75E;Bergisch Gladbach;Nordrhein-Westfalen;05378004;Grüne;gru;2020.0;Kommunalwahlprogramm Gemeinde;Gemeinde;main_corpus_observation;bg20gru.txt;main;98a7d0cde528ff17933b6841bd1099cbd4d9422bd770d002e7f39fcd218e74a9;manual_2024_reference
USE-2d5651fd2e19;DOC-d0ea326b6997;GLMP-885C7170AE;Bergisch Gladbach;Nordrhein-Westfalen;05378004;SPD;spd;2020.0;Kommunalwahlprogramm Gemeinde;Gemeinde;main_corpus_observation;bg20spd.txt;main;d0ea326b69973aef79c282f1cef9b22e3182ddb9b101bd62f943ee2e0aae6844;manual_2024_reference
USE-d87f55462902;DOC-13bb751d99fc;GLMP-431BD4812B;Bielefeld;Nordrhein-Westfalen;05711000;Alternative für Deutschland;afd;2020.0;Kommunalwahlprogramm Gemeinde;Gemeinde;main_corpus_observation;bi20afd.txt;main;13bb751d99fcd14eba4e45fc53768031ac341e52af5c85f69aa01d5719f3fb58;manual_2024_reference
USE-91c3945c6224;DOC-f978cb43d4e4;GLMP-4D121EA31E;Bielefeld;Nordrhein-Westfalen;05711000;Bündnis für Innovation & Gerechtigkeit;big;2020.0;Kommunalwahlprogramm Gemeinde;Gemeinde;main_corpus_observation;bi20big.txt;main;f978cb43d4e4837a2f30c097136a586b657681840b0c1948e8dfedfb448f0aa5;manual_2024_reference
USE-450326e27eaf;DOC-9f18bac7ed24;GLMP-222DF45EE0;Bielefeld;Nordrhein-Westfalen;05711000;Bürgergemeinschaft für Bielefeld;bfb;2020.0;Kommunalwahlprogramm Gemeinde;Gemeinde;main_corpus_observation;bi20bfb.txt;main;9f18bac7ed24178d1b1de0c613ee38313143afd9a968aee2e3079615486008cf;manual_2024_reference
USE-19f86d50f3c8;DOC-eb7495f7f9a1;GLMP-1D6F58E720;Bielefeld;Nordrhein-Westfalen;05711000;Bürgernähe - Initiativen für Bielefeld;wgb;2020.0;Kommunalwahlprogramm Gemeinde;Gemeinde;main_corpus_observation;bi20wgb.txt;main;eb7495f7f9a1078b4b85417a3901cd86cdbd5180a4f68de0d22751b83d10b6d7;manual_2024_reference
USE-8b93ef8e486d;DOC-a513706bd530;GLMP-7B8C90D9AC;Bielefeld;Nordrhein-Westfalen;05711000;CDU;cdu;2020.0;Kommunalwahlprogramm Gemeinde;Gemeinde;main_corpus_observation;bi20cdu.txt;main;a513706bd530705d7480db7ecfc4178633ccb070519e2588ba96f45900e128a8;manual_2024_reference
USE-aae9bdfd9d7c;DOC-b3b73dcde6cd;GLMP-61DDD6EAC4;Bielefeld;Nordrhein-Westfalen;05711000;Die Linke;lin;2020.0;Kommunalwahlprogramm Gemeinde;Gemeinde;main_corpus_observation;bi20lin.txt;main;b3b73dcde6cdc8b23eee6dc6c27fb011fb74c56d02d59bac33f5333aaa17719b;manual_2024_reference
USE-0c4cf5bdbc02;DOC-f8097f1cbdae;GLMP-DCCE53A6B7;Bielefeld;Nordrhein-Westfalen;05711000;Die Partei;par;2020.0;Kommunalwahlprogramm Gemeinde;Gemeinde;main_corpus_observation;bi20par.txt;main;f8097f1cbdae8ccb88a0a0753d48a1d5c26c5d8f14f2c52dbc4e7d5e75fe21bb;manual_2024_reference
USE-74e23895652e;DOC-ee52f1ce754e;GLMP-CDEE20D022;Bielefeld;Nordrhein-Westfalen;05711000;FDP;fdp;2020.0;Kommunalwahlprogramm Gemeinde;Gemeinde;main_corpus_observation;bi20fdp.txt;main;ee52f1ce754e1e9d34c0f3a91f27f96f721c0a2c4a60d873ef3f42bd81aec535;manual_2024_reference
USE-9c8fa76d0ba0;DOC-1bebcecaf316;GLMP-5AEE0F1EEE;Bielefeld;Nordrhein-Westfalen;05711000;Grüne;gru;2020.0;Kommunalwahlprogramm Gemeinde;Gemeinde;main_corpus_observation;bi20gru.txt;main;1bebcecaf31618e224153aa15b788dfb91d967d45c766f64e7fc387cc6c30b5d;manual_2024_reference
USE-acf08b329b61;DOC-3cf2d382d9b4;GLMP-AB8DA2591F;Bielefeld;Nordrhein-Westfalen;05711000;SPD;spd;2020.0;Kommunalwahlprogramm Gemeinde;Gemeinde;main_corpus_observation;bi20spd.txt;main;3cf2d382d9b4f2831cf74d51391fd79dc2ee2d3000b87bdab48daabd7cd86353;manual_2024_reference
USE-45dac85d12f2;DOC-b5fc015c9991;GLMP-37957BB73B;Bochum;Nordrhein-Westfalen;05911000;Alternative für Deutschland;afd;2020.0;Kommunalwahlprogramm Gemeinde;Gemeinde;main_corpus_observation;bo20afd.txt;main;b5fc015c99912b47ffc55b7b89204e6afbd6157deeef3dfd2d996e7ba136b9ef;manual_2024_reference
USE-c06441a064a0;DOC-b54cd08195e7;GLMP-ED43AE76FB;Bochum;Nordrhein-Westfalen;05911000;Die Linke;lin;2020.0;Kommunalwahlprogramm Gemeinde;Gemeinde;main_corpus_observation;bo20lin.txt;main;b54cd08195e727e0c11a70a872a563c24159b60cc5165ccc80d0e6982cf80a71;manual_2024_reference
USE-9baff5afa92d;DOC-0d5970bc4dd7;GLMP-95C670B103;Bochum;Nordrhein-Westfalen;05911000;Die Partei;par;2020.0;Kommunalwahlprogramm Gemeinde;Gemeinde;main_corpus_observation;bo20par.txt;main;0d5970bc4dd741d3d634c61cdb1799977952b66d752543d6bb04b74af431b0c3;manual_2024_reference
USE-d62c439a949f;DOC-f491c242272e;GLMP-9BE8ED4215;Bochum;Nordrhein-Westfalen;05911000;FDP;fdp;2020.0;Kommunalwahlprogramm Gemeinde;Gemeinde;main_corpus_observation;bo20fdp.txt;main;f491c242272e0d30cf367a45429b6d55fae20e562b928cabb4839a9d4a215115;manual_2024_reference
USE-12744f7f3ca8;DOC-cd8212a1c2be;GLMP-CB8AB59884;Bochum;Nordrhein-Westfalen;05911000;Grüne;gru;2020.0;Kommunalwahlprogramm Gemeinde;Gemeinde;main_corpus_observation;bo20gru.txt;main;cd8212a1c2bed6e7ba4a125812f35b82596ae9f581f01482ee8455c03e417b50;manual_2024_reference
USE-9b4236c17803;DOC-26f528747f72;GLMP-88F1F74B2E;Bochum;Nordrhein-Westfalen;05911000;NPD;npd;2020.0;Kommunalwahlprogramm Gemeinde;Gemeinde;main_corpus_observation;bo20npd.txt;main;26f528747f724e738980a104bcaa570e0526b4a35668cac6bf9e304500bbbf78;manual_2024_reference
USE-f99a9148915b;DOC-d9d865c9ded8;GLMP-D703552302;Bochum;Nordrhein-Westfalen;05911000;SPD;spd;2020.0;Kommunalwahlprogramm Gemeinde;Gemeinde;main_corpus_observation;bo20spd.txt;main;d9d865c9ded86fcb776b9fc85b07e80f7d0f362dbc8c7de2da74c35d3e4610f0;manual_2024_reference
USE-986d2e41e226;DOC-4c0f83325695;GLMP-8A66269AA0;Bochum;Nordrhein-Westfalen;05911000;Soziale Liste Bochum;sol;2020.0;Kommunalwahlprogramm Gemeinde;Gemeinde;main_corpus_observation;bo20sol.txt;main;4c0f83325695d92e4bdc687d021a901de9db775b4a5df41e4ef707d8564aa7fc;manual_2024_reference
USE-5dd6aa325709;DOC-4f0c40e43ce1;GLMP-90C029EE0D;Bochum;Nordrhein-Westfalen;05911000;Unabhängige Wählergemeinschaft (UWG);uwg;2020.0;Kommunalwahlprogramm Gemeinde;Gemeinde;main_corpus_observation;bo20uwg.txt;main;4f0c40e43ce1e041201d888aef06cff6bb655b157bb5a3885ad6d72f99259d40;manual_2024_reference
USE-a2f042ad13cd;DOC-81450ec45b5a;GLMP-097834C16A;Bonn;Nordrhein-Westfalen;05314000;Alternative für Deutschland;afd;2020.0;Kommunalwahlprogramm Gemeinde;Gemeinde;main_corpus_observation;bn20afd.txt;main;81450ec45b5a4b62294317b4fb21f280691d0e6b4fd398d8bd144c528fb53f16;manual_2024_reference
USE-8e9bb6ec209a;DOC-a2ed27a8d060;GLMP-A7A0C6121C;Bonn;Nordrhein-Westfalen;05314000;Bündnis für Innovation & Gerechtigkeit;big;2020.0;Kommunalwahlprogramm Gemeinde;Gemeinde;main_corpus_observation;bn20big.txt;main;a2ed27a8d0606a38963958eeb13382ec4ef8226f21c668252b781e914f7f74d2;manual_2024_reference
USE-65469a0d11b1;DOC-709843ffc376;GLMP-94CE758705;Bonn;Nordrhein-Westfalen;05314000;Bürger Bund Bonn;bbb;2020.0;Kommunalwahlprogramm Gemeinde;Gemeinde;main_corpus_observation;bn20bbb.txt;main;709843ffc376796fdd6d987592b2008d5a959610010b0bc80c50ebdd3d73dbbc;manual_2024_reference
USE-3c0b333d5b25;DOC-075e5075b987;GLMP-6465FA710F;Bonn;Nordrhein-Westfalen;05314000;CDU;cdu;2020.0;Kommunalwahlprogramm Gemeinde;Gemeinde;main_corpus_observation;bn20cdu.txt;main;075e5075b987c25e563067a0b64ae4545f4b055f6aad9476e7cb1cda92eb9ea5;manual_2024_reference
USE-7487df75cadc;DOC-c426b62f86b5;GLMP-8BDF8282BB;Bonn;Nordrhein-Westfalen;05314000;Die Linke;lin;2020.0;Kommunalwahlprogramm Gemeinde;Gemeinde;main_corpus_observation;bn20lin.txt;main;c426b62f86b567222ab6bd69aa528075dfe46da9c9594d52d023893f561860ca;manual_2024_reference
USE-6e2b43091ab6;DOC-c5d3bcef3e84;GLMP-380E6F948F;Bonn;Nordrhein-Westfalen;05314000;Die Partei;par;2020.0;Kommunalwahlprogramm Gemeinde;Gemeinde;main_corpus_observation;bn20par.txt;main;c5d3bcef3e8485a287b256f1c59d582bdfb402df7db831aee1bd81f30ce19c34;manual_2024_reference
USE-a0eb13e99ada;DOC-1d088887acf8;GLMP-3969F9EDEC;Bonn;Nordrhein-Westfalen;05314000;FDP;fdp;2020.0;Kommunalwahlprogramm Gemeinde;Gemeinde;main_corpus_observation;bn20fdp.txt;main;1d088887acf85f5c14b256ce8ad49eb8f7d2a0cfe69083f5f578410de101a92c;manual_2024_reference
USE-0a123836d98f;DOC-cdbb843eee6f;GLMP-1CAE2EC593;Bonn;Nordrhein-Westfalen;05314000;Grüne;gru;2020.0;Kommunalwahlprogramm Gemeinde;Gemeinde;main_corpus_observation;bn20gru.txt;main;cdbb843eee6f320148a2c20d8813ab58efee31e921a0ec5802eda29599f60896;manual_2024_reference
USE-9cc24372455f;DOC-1262bfc9e729;GLMP-B24F82EBD1;Bonn;Nordrhein-Westfalen;05314000;Piraten;pir;2020.0;Kommunalwahlprogramm Gemeinde;Gemeinde;main_corpus_observation;bn20pir.txt;main;1262bfc9e729b105d528feabc37e94d6f6714e448c53450904d11d994cc7092e;manual_2024_reference
USE-0a0eaa32a931;DOC-a8cbd0bbf2c5;GLMP-706036CA55;Bonn;Nordrhein-Westfalen;05314000;SPD;spd;2020.0;Kommunalwahlprogramm Gemeinde;Gemeinde;main_corpus_observation;bn20spd.txt;main;a8cbd0bbf2c58259dbcbf944368a3f179e933ad913445ce3add12e38b8afd8c8;manual_2024_reference
USE-ed13638b1398;DOC-21ff9596a8f9;GLMP-8F105ADBAC;Bonn;Nordrhein-Westfalen;05314000;Volt;vlt;2020.0;Kommunalwahlprogramm Gemeinde;Gemeinde;main_corpus_observation;bn20vlt.txt;main;21ff9596a8f9486378dc416977f5c0706b068592c77c1fcf08501648796a1976;manual_2024_reference
USE-a0246f3ebc59;DOC-d7d5cad24400;GLMP-F31CF747B6;Bottrop;Nordrhein-Westfalen;05512000;Alternative für Deutschland;afd;2020.0;Kommunalwahlprogramm Gemeinde;Gemeinde;main_corpus_observation;bt20afd.txt;main;d7d5cad2440021e434ad864c20dfe4d1f189b35f0e3c06b9c651ace672108fad;manual_2024_reference
USE-e9a3f022f83d;DOC-97b8ea60e5ca;GLMP-F7F00C4C52;Bottrop;Nordrhein-Westfalen;05512000;Die Linke;lin;2020.0;Kommunalwahlprogramm Gemeinde;Gemeinde;main_corpus_observation;bt20lin.txt;main;97b8ea60e5cab3c8bbac19609205c7bbc0a13c1f1f89748e2c363d550ba86d25;manual_2024_reference
USE-716f23445287;DOC-92d04e961203;GLMP-AD48D22A9F;Bottrop;Nordrhein-Westfalen;05512000;FDP;fdp;2020.0;Kommunalwahlprogramm Gemeinde;Gemeinde;main_corpus_observation;bt20fdp.txt;main;92d04e961203377b1c3b1566b8595e606444774c1f684ca7af56f482fa29d79b;manual_2024_reference
USE-8b5a6dd5ca36;DOC-fa911eadf112;GLMP-608015710C;Dortmund;Nordrhein-Westfalen;05913000;Alternative für Deutschland;afd;2020.0;Kommunalwahlprogramm Gemeinde;Gemeinde;main_corpus_observation;do20afd.txt;main;fa911eadf112df9cf7fa684728307467004dd9375b5c2eff162a945ada932c6f;manual_2024_reference
USE-3c232a14d5e3;DOC-69e888c54c34;GLMP-22BB3E0379;Dortmund;Nordrhein-Westfalen;05913000;Basisdemokratie jetzt in Dortmund;baj;2020.0;Kommunalwahlprogramm Gemeinde;Gemeinde;main_corpus_observation;do20baj.txt;main;69e888c54c3409f9563965eb3df9960facd2a0be625f5dcf637967d574d59ea4;manual_2024_reference
USE-570037271ef3;DOC-56d79b686de2;GLMP-07BC14299C;Dortmund;Nordrhein-Westfalen;05913000;Bündnis für Vielfalt und Toleranz;bvt;2020.0;Kommunalwahlprogramm Gemeinde;Gemeinde;main_corpus_observation;do20bvt.txt;main;56d79b686de22b08a82920b4f38d3517e80aff80628d2d0112f499400ac48b58;manual_2024_reference
USE-9892b4fe5b1f;DOC-c78f84c2823c;GLMP-348C613E85;Dortmund;Nordrhein-Westfalen;05913000;CDU;cdu;2020.0;Kommunalwahlprogramm Gemeinde;Gemeinde;main_corpus_observation;do20cdu.txt;main;c78f84c2823c3504011e841f211be9db71d521b891f4ac212dc6521150c6929e;manual_2024_reference
USE-aa3c669f24b8;DOC-738f6bfcc5ac;GLMP-286B5D8225;Dortmund;Nordrhein-Westfalen;05913000;Deutsche Kommunistische Partei;dkp;2020.0;Kommunalwahlprogramm Gemeinde;Gemeinde;main_corpus_observation;do20dkp.txt;main;738f6bfcc5ac7d15f1e33766cf6f05c81f85d089e52458d95c81cc5268ce9084;manual_2024_reference
USE-2f5d88c83fd7;DOC-4dcbe3634183;GLMP-CC943EB1C7;Dortmund;Nordrhein-Westfalen;05913000;Die Linke;lin;2020.0;Kommunalwahlprogramm Gemeinde;Gemeinde;main_corpus_observation;do20lin.txt;main;4dcbe363418389ea416a7744a51a16cb4d92f1dc398ff4a218b0803459197b3a;manual_2024_reference
USE-1b656ef39f30;DOC-6ad93157ac46;GLMP-F39D0829CE;Dortmund;Nordrhein-Westfalen;05913000;Die Partei;par;2020.0;Kommunalwahlprogramm Gemeinde;Gemeinde;main_corpus_observation;do20par.txt;main;6ad93157ac46aa4ca7b964bd943bf92b526599215b4603de30d85069ba4624b5;manual_2024_reference
USE-b369b3c305f7;DOC-bccfdc039d1c;GLMP-B5F1352E91;Dortmund;Nordrhein-Westfalen;05913000;Die Rechte;rec;2020.0;Kommunalwahlprogramm Gemeinde;Gemeinde;main_corpus_observation;do20rec.txt;main;bccfdc039d1c0e8051364b95ef9fd4d75d30bdefc7370143b572b061d5959ba4;manual_2024_reference
USE-c35318fea2cf;DOC-ec7220888da0;GLMP-70F5777D6E;Dortmund;Nordrhein-Westfalen;05913000;Digital Ökologisch Sozial;dos;2020.0;Kommunalwahlprogramm Gemeinde;Gemeinde;main_corpus_observation;do20dos.txt;main;ec7220888da02588ea1995d1b527f3d7c8753815d9d0a6f5143ce852caee2d2e;manual_2024_reference
USE-73c53c303b73;DOC-5f80bb49b2be;GLMP-23D0520EB0;Dortmund;Nordrhein-Westfalen;05913000;FDP;fdp;2020.0;Kommunalwahlprogramm Gemeinde;Gemeinde;main_corpus_observation;do20fdp.txt;main;5f80bb49b2be2c72bcce9e8f6f2f34a453301e3e966b4fbd59c1abceac6b0568;manual_2024_reference
USE-057ce6bd8fd6;DOC-f2e39cc16ab1;GLMP-9BB924CF5C;Dortmund;Nordrhein-Westfalen;05913000;Freie Bürger Initiative;fbi;2020.0;Kommunalwahlprogramm Gemeinde;Gemeinde;main_corpus_observation;do20fbi.txt;main;f2e39cc16ab1f92eb6a3102bb6a73275ec6189846dca8970d023162b66bc71ea;manual_2024_reference
USE-d288363b90f6;DOC-51067eb4c105;GLMP-6C4C7949E1;Dortmund;Nordrhein-Westfalen;05913000;Grüne;gru;2020.0;Kommunalwahlprogramm Gemeinde;Gemeinde;main_corpus_observation;do20gru.txt;main;51067eb4c10553c0793ba93d592e5405de71a668a1ec05ac87d2e04f9c44895f;manual_2024_reference
USE-2133475f5a5d;DOC-d0ea7f4c6a2d;GLMP-09C9881A31;Dortmund;Nordrhein-Westfalen;05913000;Piraten;pir;2020.0;Kommunalwahlprogramm Gemeinde;Gemeinde;main_corpus_observation;do20pir.txt;main;d0ea7f4c6a2dc93f7919a898ba3ca8b12b4953dafbe2618e0f3b25d524916083;manual_2024_reference
USE-2fd7c7e85053;DOC-4ae910a35878;GLMP-286BEA4EC0;Dortmund;Nordrhein-Westfalen;05913000;SPD;spd;2020.0;Kommunalwahlprogramm Gemeinde;Gemeinde;main_corpus_observation;do20spd.txt;main;4ae910a3587819224feae38a02457ddaccccd82576115946f8cc26a55854f2e1;manual_2024_reference
USE-7c4fd3d84b38;DOC-a43a32094114;GLMP-4CD0ED1589;Duesseldorf;Nordrhein-Westfalen;05111000;Alternative für Deutschland;afd;2020.0;Kommunalwahlprogramm Gemeinde;Gemeinde;main_corpus_observation;ds20afd.txt;main;a43a320941149eaac8425460d78d8ef9d457e960e85ffdce6028f6048a4a2731;manual_2024_reference
USE-6afcdcdbce47;DOC-3df689bddb00;GLMP-EA7C1A0FBD;Duesseldorf;Nordrhein-Westfalen;05111000;Bürgerliste Freie Wähler;bli;2020.0;Kommunalwahlprogramm Gemeinde;Gemeinde;main_corpus_observation;ds20bli.txt;main;3df689bddb008619f7f0a0e94e776b800b32cd154f6e99747fafa3815d29d0cb;manual_2024_reference
USE-f94b47ea99b1;DOC-b0319b743829;GLMP-D6C95F5C64;Duesseldorf;Nordrhein-Westfalen;05111000;CDU;cdu;2020.0;Kommunalwahlprogramm Gemeinde;Gemeinde;main_corpus_observation;ds20cdu.txt;main;b0319b7438298eab100476378561e39f380dc0646a429a858924eaf8528c645a;manual_2024_reference
USE-7288f1129ccd;DOC-3da02b1bdfed;GLMP-01EF203A68;Duesseldorf;Nordrhein-Westfalen;05111000;Die Linke;lin;2020.0;Kommunalwahlprogramm Gemeinde;Gemeinde;main_corpus_observation;ds20lin.txt;main;3da02b1bdfed1687dfc61e66cf2564bc80ded48e47ea606459f51aa287a53625;manual_2024_reference
USE-eb2c9c086f14;DOC-e23ea7749cd2;GLMP-A091B4F64A;Duesseldorf;Nordrhein-Westfalen;05111000;Die Partei;par;2020.0;Kommunalwahlprogramm Gemeinde;Gemeinde;main_corpus_observation;ds20par.txt;main;e23ea7749cd26bceecb5a6328dee740763a9aa957007430b212a49429048e666;manual_2024_reference
USE-3636937ec37e;DOC-59c0d0052814;GLMP-A1242FE529;Duesseldorf;Nordrhein-Westfalen;05111000;Die Republikaner;rep;2020.0;Kommunalwahlprogramm Gemeinde;Gemeinde;main_corpus_observation;ds20rep.txt;main;59c0d00528144643edb60c8b7ca4df842a4b727d6e6986f2e6d37b9a64a0596b;manual_2024_reference
USE-b68166dc344d;DOC-369467f0c884;GLMP-6A6AB74318;Duesseldorf;Nordrhein-Westfalen;05111000;FDP;fdp;2020.0;Kommunalwahlprogramm Gemeinde;Gemeinde;main_corpus_observation;ds20fdp.txt;main;369467f0c884092311cb20be1b89bdd18167f2b3cb13b407d72421d435eb397d;manual_2024_reference
USE-181afc281a83;DOC-687c61d731b2;GLMP-AF980CD4F0;Duesseldorf;Nordrhein-Westfalen;05111000;Freie Wähler;fwg;2020.0;Kommunalwahlprogramm Gemeinde;Gemeinde;main_corpus_observation;ds20fwg.txt;main;687c61d731b2a63f4ebba51dda4bc130f960ee37b368122f07f015e2bb4f007e;manual_2024_reference
USE-04583aaa7474;DOC-8eafc0135cab;GLMP-0693C542DF;Duesseldorf;Nordrhein-Westfalen;05111000;Grüne;gru;2020.0;Kommunalwahlprogramm Gemeinde;Gemeinde;main_corpus_observation;ds20gru.txt;main;8eafc0135cab52a8e31c221a64fbd6bab5d663f6119ea6db79d905934f92e531;manual_2024_reference
USE-4ffff9c7b9a7;DOC-708b75617b26;GLMP-7DCB99F72F;Duesseldorf;Nordrhein-Westfalen;05111000;Klima Liste (Düsseldorf);kld;2020.0;Kommunalwahlprogramm Gemeinde;Gemeinde;main_corpus_observation;ds20kld.txt;main;708b75617b260e3338454cdbf2cf830199fc936f3ec2bb9d114231e8876bbb8e;manual_2024_reference
USE-b0a1cc256c9f;DOC-4911e80343f8;GLMP-374FC59876;Duesseldorf;Nordrhein-Westfalen;05111000;Piraten;pir;2020.0;Kommunalwahlprogramm Gemeinde;Gemeinde;main_corpus_observation;ds20pir.txt;main;4911e80343f8a15c729cd9c2e7241f371166052be6b6dfea57c09fda5d42a768;manual_2024_reference
USE-0140cf42a228;DOC-bbe2f18a8d65;GLMP-652C8B8665;Duesseldorf;Nordrhein-Westfalen;05111000;SPD;spd;2020.0;Kommunalwahlprogramm Gemeinde;Gemeinde;main_corpus_observation;ds20spd.txt;main;bbe2f18a8d6591ced28002a0f4ba7ea1991bc846719f5c9069bcaaeb81bcd057;manual_2024_reference
USE-0a44e1523d05;DOC-4359d6dc5624;GLMP-71390452DE;Duesseldorf;Nordrhein-Westfalen;05111000;Tierschutzpartei;tsp;2020.0;Kommunalwahlprogramm Gemeinde;Gemeinde;main_corpus_observation;ds20tsp.txt;main;4359d6dc5624fd2fa4e42be2a231e584d5374112417d3aea5d8f271d3297f7e6;manual_2024_reference
USE-1f020906c8c6;DOC-9f602b977063;GLMP-339932E164;Duesseldorf;Nordrhein-Westfalen;05111000;Volt;vlt;2020.0;Kommunalwahlprogramm Gemeinde;Gemeinde;main_corpus_observation;ds20vlt.txt;main;9f602b97706301068f73f45df113042f04bf23c51a0d0a191941d6d6da453747;manual_2024_reference
USE-99afb4f17367;DOC-531f928bb653;GLMP-30413BB43F;Duisburg;Nordrhein-Westfalen;05112000;Alternative für Deutschland;afd;2020.0;Kommunalwahlprogramm Gemeinde;Gemeinde;main_corpus_observation;du20afd.txt;main;531f928bb6532a8f4f2192902da4f4476f54edea8ffb218d9b1512a9e14d61ce;manual_2024_reference
USE-f4c91c8dee16;DOC-76d2cbe836d0;GLMP-11BD51AF56;Duisburg;Nordrhein-Westfalen;05112000;Aufbruch Duisburg;aud;2020.0;Kommunalwahlprogramm Gemeinde;Gemeinde;main_corpus_observation;du20aud.txt;main;76d2cbe836d0c2e94f496baa5d9b95b7354f5b23b5c2b56fa7c0ba037eb54007;manual_2024_reference
USE-59cac6d3b54a;DOC-d6a4245b632e;GLMP-E6519BB35A;Duisburg;Nordrhein-Westfalen;05112000;BIG-DERGAH Wahlbündnis Duisburg;bdd;2020.0;Kommunalwahlprogramm Gemeinde;Gemeinde;main_corpus_observation;du20bdd.txt;main;d6a4245b632e7a9e776c0f7820f2155f1dcf9f9679210c9749f67c8482c0e4e7;manual_2024_reference
USE-e12590d1984a;DOC-a2e0abb82c88;GLMP-C11DE6F2C9;Duisburg;Nordrhein-Westfalen;05112000;Bürgerliche Liberale;bul;2020.0;Kommunalwahlprogramm Gemeinde;Gemeinde;main_corpus_observation;du20bul.txt;main;a2e0abb82c88377eda7dc585969e837f78c83665fd099fbedc986983abf4e610;manual_2024_reference
USE-dff8d2bb94b5;DOC-cbc155a0f10b;GLMP-7828EF6C6B;Duisburg;Nordrhein-Westfalen;05112000;CDU;cdu;2020.0;Kommunalwahlprogramm Gemeinde;Gemeinde;main_corpus_observation;du20cdu.txt;main;cbc155a0f10bb980943c58597d7d6f1a790274df43a92e8a778a75f7dc080b2b;manual_2024_reference
USE-81919a026395;DOC-1249fcf48500;GLMP-0785730C44;Duisburg;Nordrhein-Westfalen;05112000;Die Linke;lin;2020.0;Kommunalwahlprogramm Gemeinde;Gemeinde;main_corpus_observation;du20lin.txt;main;1249fcf485002d2a1c2262da0f7607d54ee51e971f013473855292bfc3a94e1d;manual_2024_reference
USE-d4174c07b07b;DOC-29d3028cb0ba;GLMP-AD91EE354E;Duisburg;Nordrhein-Westfalen;05112000;Die Partei;par;2020.0;Kommunalwahlprogramm Gemeinde;Gemeinde;main_corpus_observation;du20par.txt;main;29d3028cb0bacb305233b79ab7eec97c8ab7dec4aa277d838dae5e4062630d35;manual_2024_reference
USE-cb862f425266;DOC-d8d666b56a13;GLMP-003FACFE77;Duisburg;Nordrhein-Westfalen;05112000;FDP;fdp;2020.0;Kommunalwahlprogramm Gemeinde;Gemeinde;main_corpus_observation;du20fdp.txt;main;d8d666b56a131ab9e6a9c3f72bd595becff7b3d4a7fad9dfc1f1e97158d801c2;manual_2024_reference
USE-846a3d33e464;DOC-db14dfa89aa9;GLMP-3596C9D547;Duisburg;Nordrhein-Westfalen;05112000;Grüne;gru;2020.0;Kommunalwahlprogramm Gemeinde;Gemeinde;main_corpus_observation;du20gru.txt;main;db14dfa89aa9209c592ac868ffc9186cda95a4d973998c93de5fc145e46d2994;manual_2024_reference
USE-1006660f276a;DOC-ec8beea8ac64;GLMP-937D4248F1;Duisburg;Nordrhein-Westfalen;05112000;Junges Duisburg;jud;2020.0;Kommunalwahlprogramm Gemeinde;Gemeinde;main_corpus_observation;du20jud.txt;main;ec8beea8ac64a460d2af22caeb2b37a62020a074031a3f21fbf88050aecab06c;manual_2024_reference
USE-36c20cbff150;DOC-8991c92f6660;GLMP-E1BA66C5C1;Duisburg;Nordrhein-Westfalen;05112000;SPD;spd;2020.0;Kommunalwahlprogramm Gemeinde;Gemeinde;main_corpus_observation;du20spd.txt;main;8991c92f66607f102db93473ee41174903ac21e42cb8384bf9dbb6af42b92484;manual_2024_reference
USE-43a620c91136;DOC-13242e88584d;GLMP-FAB0EB821B;Duisburg;Nordrhein-Westfalen;05112000;Sozial, Gerecht, Unabhängig;sgu;2020.0;Kommunalwahlprogramm Gemeinde;Gemeinde;main_corpus_observation;du20sgu.txt;main;13242e88584dcbf23270f50f30aa352aef86d8f991278af369596b427a2e73d7;manual_2024_reference
USE-7cf888fdff36;DOC-1c71d7c9ba89;GLMP-8D75B20B6B;Essen;Nordrhein-Westfalen;05113000;Alternative für Deutschland;afd;2020.0;Kommunalwahlprogramm Gemeinde;Gemeinde;main_corpus_observation;es20afd.txt;main;1c71d7c9ba8975bf83ec7fbc476190070fd2f920fb66dc8812b01a591e17f532;manual_2024_reference
USE-080036b5349e;DOC-c74b428594ea;GLMP-1E509DF678;Essen;Nordrhein-Westfalen;05113000;CDU;cdu;2020.0;Kommunalwahlprogramm Gemeinde;Gemeinde;main_corpus_observation;es20cdu.txt;main;c74b428594ea203f943a8b9d3efdb1764fb66f1504adc017baf6bbe97d037e16;manual_2024_reference
USE-612b4d1ed1d2;DOC-94cfce418883;GLMP-9C4FCA8DB2;Essen;Nordrhein-Westfalen;05113000;Deutsche Kommunistische Partei;dkp;2020.0;Kommunalwahlprogramm Gemeinde;Gemeinde;main_corpus_observation;es20dkp.txt;main;94cfce41888317f506753f952523974098caa2e4aa32f18dc34964b7cbdf7a75;manual_2024_reference
USE-927efca1b52e;DOC-47e6b58abff0;GLMP-960435D770;Essen;Nordrhein-Westfalen;05113000;Die Linke;lin;2020.0;Kommunalwahlprogramm Gemeinde;Gemeinde;main_corpus_observation;es20lin.txt;main;47e6b58abff012c6f025447b3b11eabac5cfd48cb130003a23152d9a2af890d9;manual_2024_reference
USE-d424d8bffa7c;DOC-198bc56603d6;GLMP-AD939F5400;Essen;Nordrhein-Westfalen;05113000;Die Partei;par;2020.0;Kommunalwahlprogramm Gemeinde;Gemeinde;main_corpus_observation;es20par.txt;main;198bc56603d67c24f6b6d3a18152b27fc1522939f15e8089534d283fa6d64e27;manual_2024_reference
USE-fddc63cddc8e;DOC-ea7e7152e785;GLMP-51B120B01F;Essen;Nordrhein-Westfalen;05113000;Essener Bürger Bündnis;ebb;2020.0;Kommunalwahlprogramm Gemeinde;Gemeinde;main_corpus_observation;es20ebb.txt;main;ea7e7152e7854ba7ac0f8641ddf81c57edc3f0f732f7012d84f47e44bd015b63;manual_2024_reference
USE-9852eb459c0d;DOC-6ef6a8b39c2f;GLMP-17D3BA05C8;Essen;Nordrhein-Westfalen;05113000;FDP;fdp;2020.0;Kommunalwahlprogramm Gemeinde;Gemeinde;main_corpus_observation;es20fdp.txt;main;6ef6a8b39c2feb09e7dd0828915eddbaa07ca1d64b6758a34562d214be5f295a;manual_2024_reference
USE-0ad5feec8b9d;DOC-1a58d58cb6bc;GLMP-8D1112126B;Essen;Nordrhein-Westfalen;05113000;Grüne;gru;2020.0;Kommunalwahlprogramm Gemeinde;Gemeinde;main_corpus_observation;es20gru.txt;main;1a58d58cb6bcff995c8dcc06d0e3082313089a3d25daacd0764bf7d329e34156;manual_2024_reference
USE-293282433892;DOC-ef3b7d0a4154;GLMP-E5077C9B32;Essen;Nordrhein-Westfalen;05113000;SPD;spd;2020.0;Kommunalwahlprogramm Gemeinde;Gemeinde;main_corpus_observation;es20spd.txt;main;ef3b7d0a4154d59a5b7e19657cb40bb6d6ade76f37b1c056e5103a22423e1f29;manual_2024_reference
USE-0350ea15be1b;DOC-1fce2f0027a5;GLMP-B93126F6D4;Fuerth;Bayern;09563000;Alternative für Deutschland;afd;2020.0;Kommunalwahlprogramm Gemeinde;Gemeinde;main_corpus_observation;fu20afd.txt;main;1fce2f0027a52eb5e61587104ac143c555d28399e483147eb372c29d0646193c;manual_2024_reference
USE-a0c03a293383;DOC-31591f14a57d;GLMP-079C6D3212;Fuerth;Bayern;09563000;CSU;csu;2020.0;Kommunalwahlprogramm Gemeinde;Gemeinde;main_corpus_observation;fu20csu.txt;main;31591f14a57d7ccc200c1b0b3d2eeef6e438176d76e0cd63eb09c98939962864;manual_2024_reference
USE-ca9257852698;DOC-b91c878b94e3;GLMP-EC45FA6925;Fuerth;Bayern;09563000;Die Linke;lin;2020.0;Kommunalwahlprogramm Gemeinde;Gemeinde;main_corpus_observation;fu20lin.txt;main;b91c878b94e3ec59f2d950e6d192d7b8cb21c52ddb28777968dd07f32e13f275;manual_2024_reference
USE-9a7fbe63f5bd;DOC-e7436709967e;GLMP-6E4C8F5900;Fuerth;Bayern;09563000;FDP;fdp;2020.0;Kommunalwahlprogramm Gemeinde;Gemeinde;main_corpus_observation;fu20fdp.txt;main;e7436709967e7283a4d26cf027fb75c12b977238ad144a3c1388072561076932;manual_2024_reference
USE-eff70e6d4ae7;DOC-966bade50396;GLMP-669A3CF05C;Fuerth;Bayern;09563000;Freie Wähler;fwg;2020.0;Kommunalwahlprogramm Gemeinde;Gemeinde;main_corpus_observation;fu20fwg.txt;main;966bade503963e5ffd33c1d99eafdb4eec57c5a12cb7baaab350e27587009cd0;manual_2024_reference
USE-aca134a20a50;DOC-984576f4c78d;GLMP-CA9E26E7C4;Fuerth;Bayern;09563000;Grüne;gru;2020.0;Kommunalwahlprogramm Gemeinde;Gemeinde;main_corpus_observation;fu20gru.txt;main;984576f4c78d24c0d393f52b04888b5eeefe141770489bfc547803048ebcfed5;manual_2024_reference
USE-02577add03c4;DOC-163764a7c717;GLMP-791867318F;Fuerth;Bayern;09563000;SPD;spd;2020.0;Kommunalwahlprogramm Gemeinde;Gemeinde;main_corpus_observation;fu20spd.txt;main;163764a7c717de61684784d9427fe967aba2ef90f92f92ae0f6a8026e25bcf50;manual_2024_reference
USE-afb9583a7658;DOC-32a4af5dee43;GLMP-618BA2BBF4;Gelsenkirchen;Nordrhein-Westfalen;05513000;AUF Gelsenkirchen;aug;2020.0;Kommunalwahlprogramm Gemeinde;Gemeinde;main_corpus_observation;ge20aug.txt;main;32a4af5dee43b41c7995e5f11cf605ae547c17598be7999d264d3d997afb5dfc;manual_2024_reference
USE-c509cf56aedf;DOC-1a6e8b467efa;GLMP-80A5E0DC97;Gelsenkirchen;Nordrhein-Westfalen;05513000;Alternative für Deutschland;afd;2020.0;Kommunalwahlprogramm Gemeinde;Gemeinde;main_corpus_observation;ge20afd.txt;main;1a6e8b467efa3f43467e66faecc8106d90c8f9682eccff441e352abba7dbb955;manual_2024_reference
USE-42e1d78473e5;DOC-d943b758470b;GLMP-140376C311;Gelsenkirchen;Nordrhein-Westfalen;05513000;CDU;cdu;2020.0;Kommunalwahlprogramm Gemeinde;Gemeinde;main_corpus_observation;ge20cdu.txt;main;d943b758470bfa62e5957558c52d8889d9386afeca0799c38dc1ee95584bc330;manual_2024_reference
USE-c44c001064d8;DOC-c14f18988e88;GLMP-1ABD064512;Gelsenkirchen;Nordrhein-Westfalen;05513000;Die Linke;lin;2020.0;Kommunalwahlprogramm Gemeinde;Gemeinde;main_corpus_observation;ge20lin.txt;main;c14f18988e8821ac130609aabe661000faedbb4a0e022c080c797f9f9e6f66bb;manual_2024_reference
USE-82b104d67cdb;DOC-4e7fc96b6cc5;GLMP-404E93CBCD;Gelsenkirchen;Nordrhein-Westfalen;05513000;Die Partei;par;2020.0;Kommunalwahlprogramm Gemeinde;Gemeinde;main_corpus_observation;ge20par.txt;main;4e7fc96b6cc53f6460609008b7567b5af995860edfea8c27a68f0d8bc97cf08f;manual_2024_reference
USE-07d37ff58e58;DOC-849ab5cb79b4;GLMP-BA90B204DD;Gelsenkirchen;Nordrhein-Westfalen;05513000;Grüne;gru;2020.0;Kommunalwahlprogramm Gemeinde;Gemeinde;main_corpus_observation;ge20gru.txt;main;849ab5cb79b489373bb21b96977b538a5fbbb3834b8149e509da08a5f75e3493;manual_2024_reference
USE-d6a6a5adb06c;DOC-9237c2a2db4d;GLMP-5ECB5A46C0;Gelsenkirchen;Nordrhein-Westfalen;05513000;SPD;spd;2020.0;Kommunalwahlprogramm Gemeinde;Gemeinde;main_corpus_observation;ge20spd.txt;main;9237c2a2db4d9eafc0660e8dff40d00488bdf707cff9cdb31abbe59802b0b5d6;manual_2024_reference
USE-568b7064bdb2;DOC-23d1cd2c8bf7;GLMP-A2E2A18F76;Gelsenkirchen;Nordrhein-Westfalen;05513000;Tierschutzpartei;tsp;2020.0;Kommunalwahlprogramm Gemeinde;Gemeinde;main_corpus_observation;ge20tsp.txt;main;23d1cd2c8bf7f6070e5c711aaab7132dec288bef2b9fc72a4dff210d86c4a86a;manual_2024_reference
USE-bd4182b802df;DOC-0c743808e1ee;GLMP-145FAA7081;Gelsenkirchen;Nordrhein-Westfalen;05513000;Wähler Initiative NRW;win;2020.0;Kommunalwahlprogramm Gemeinde;Gemeinde;main_corpus_observation;ge20win.txt;main;0c743808e1eec6d81ae5f00fd4ac729952b86bc041049ace77bb51e569d13dc4;manual_2024_reference
USE-2a297ebc252b;DOC-d1e203fac174;GLMP-1F6F7C9F70;Gütersloh;Nordrhein-Westfalen;05754008;Alternative für Deutschland;afd;2020.0;Kommunalwahlprogramm Gemeinde;Gemeinde;main_corpus_observation;gt20afd.txt;main;d1e203fac1743512e0d7e04704ee9593e38edb9c2331a36fd2452f1e8f0853d9;manual_2024_reference
USE-c77c44a29c90;DOC-e933822df210;GLMP-6CE60169D6;Gütersloh;Nordrhein-Westfalen;05754008;BfGT – Bürger für Gütersloh;bfg;2020.0;Kommunalwahlprogramm Gemeinde;Gemeinde;main_corpus_observation;gt20bfg.txt;main;e933822df2105ebc2a271b71bbcd73355951cbc53a855f19cb3d6705d582024f;manual_2024_reference
USE-c26f9b29ee01;DOC-b6e62813b212;GLMP-8E0F3450F5;Gütersloh;Nordrhein-Westfalen;05754008;CDU;cdu;2020.0;Kommunalwahlprogramm Gemeinde;Gemeinde;main_corpus_observation;gt20cdu.txt;main;b6e62813b212d16317d099d53e38d6ee08f3a1977a984f2ccc233ffa6a0633e7;manual_2024_reference
USE-c3a506e2a979;DOC-fc2c2846beca;GLMP-743D917979;Gütersloh;Nordrhein-Westfalen;05754008;Die Linke;lin;2020.0;Kommunalwahlprogramm Gemeinde;Gemeinde;main_corpus_observation;gt20lin.txt;main;fc2c2846becae139ec24634781751a91e31d7bb558c7da6310ac69acea8acec4;manual_2024_reference
USE-f43cce351a83;DOC-1fba0d2233df;GLMP-35A500BACC;Gütersloh;Nordrhein-Westfalen;05754008;FDP;fdp;2020.0;Kommunalwahlprogramm Gemeinde;Gemeinde;main_corpus_observation;gt20fdp.txt;main;1fba0d2233df5ebd619656716de0980a3622be6f6db7ee468123144c35d524c9;manual_2024_reference
USE-0f2ea01d2010;DOC-1fa31055b165;GLMP-62F07829DE;Gütersloh;Nordrhein-Westfalen;05754008;Grüne;gru;2020.0;Kommunalwahlprogramm Gemeinde;Gemeinde;main_corpus_observation;gt20gru.txt;main;1fa31055b1659495f3256925991cf898a3c8fd84e398c4a0e030b6d5b9f372e1;manual_2024_reference
USE-548437d1e259;DOC-0736601880b6;GLMP-B5ACDA52CB;Gütersloh;Nordrhein-Westfalen;05754008;SPD;spd;2020.0;Kommunalwahlprogramm Gemeinde;Gemeinde;main_corpus_observation;gt20spd.txt;main;0736601880b699a8e72eabde6c471654d6d8bce0b004f24cd01dbcf1fb71a5aa;manual_2024_reference
USE-09188eda7632;DOC-0b802d147205;GLMP-CAD913254F;Gütersloh;Nordrhein-Westfalen;05754008;Unabhängige Wählergemeinschaft (UWG);uwg;2020.0;Kommunalwahlprogramm Gemeinde;Gemeinde;main_corpus_observation;gt20uwg.txt;main;0b802d14720575cf966caca2e55c88ac3bd51d502f9bd296e78ff4e98a4442b8;manual_2024_reference
USE-585628a4d935;DOC-c808c9395eb2;GLMP-522BE1B935;Hagen;Nordrhein-Westfalen;05914000;CDU;cdu;2020.0;Kommunalwahlprogramm Gemeinde;Gemeinde;main_corpus_observation;ha20cdu.txt;main;c808c9395eb25cf87cc257418ba0b9a18b68ffe24a3f0f130270d923182a20a2;manual_2024_reference
USE-7f160e5cdb4e;DOC-df8990ef5596;GLMP-FB41082B7D;Hagen;Nordrhein-Westfalen;05914000;Die Partei;par;2020.0;Kommunalwahlprogramm Gemeinde;Gemeinde;main_corpus_observation;ha20par.txt;main;df8990ef55963e3b5e40880bb0a8ebf2842a1e302e66c46ce8048722ce299fe3;manual_2024_reference
USE-b5cbe496e587;DOC-38e56c35bc37;GLMP-F9F7E981CC;Hagen;Nordrhein-Westfalen;05914000;FDP;fdp;2020.0;Kommunalwahlprogramm Gemeinde;Gemeinde;main_corpus_observation;ha20fdp.txt;main;38e56c35bc372a05c3a36ff60345818e48b3fa69f43166639f4ddc17df990342;manual_2024_reference
USE-32ff04b7250f;DOC-f3ac8a4e3b2d;GLMP-F2357056C6;Hagen;Nordrhein-Westfalen;05914000;Grüne;gru;2020.0;Kommunalwahlprogramm Gemeinde;Gemeinde;main_corpus_observation;ha20gru.txt;main;f3ac8a4e3b2daedc08ca472d17824e88f53f6f624d052f9fdd7324b7094914ca;manual_2024_reference
USE-e59eedfc93b1;DOC-9cf13fea06ba;GLMP-4181896682;Hagen;Nordrhein-Westfalen;05914000;Hagen Aktiv;hak;2020.0;Kommunalwahlprogramm Gemeinde;Gemeinde;main_corpus_observation;ha20hak.txt;main;9cf13fea06ba4f59fccd6eef3a854c4c7120dd263e5e36f34a864caeeff0a884;manual_2024_reference
USE-3a5fbe65ad08;DOC-e9599042fef9;GLMP-682ADCD289;Hagen;Nordrhein-Westfalen;05914000;SPD;spd;2020.0;Kommunalwahlprogramm Gemeinde;Gemeinde;main_corpus_observation;ha20spd.txt;main;e9599042fef979e7fd109bf7f60accf2622748b04d6cc66dd673ea57677b3fbb;manual_2024_reference
USE-220b3c50dda8;DOC-486f02bf5400;GLMP-0705965AFF;Hamm;Nordrhein-Westfalen;05915000;Alternative für Deutschland;afd;2020.0;Kommunalwahlprogramm Gemeinde;Gemeinde;main_corpus_observation;hm20afd.txt;main;486f02bf54005641b02ad71d074722d352f5cc0f00613014dafcc953f7f30745;manual_2024_reference
USE-ae0a626796cd;DOC-77515287d5da;GLMP-DB325098CC;Hamm;Nordrhein-Westfalen;05915000;CDU;cdu;2020.0;Kommunalwahlprogramm Gemeinde;Gemeinde;main_corpus_observation;hm20cdu.txt;main;77515287d5daac06dae9b2ebe1ab66e5497927f6e2f0dd1dcbf9c8b33ae1c1a8;manual_2024_reference
USE-2cd006fdf312;DOC-b2c767182242;GLMP-06AB7C2C54;Hamm;Nordrhein-Westfalen;05915000;Die Linke;lin;2020.0;Kommunalwahlprogramm Gemeinde;Gemeinde;main_corpus_observation;hm20lin.txt;main;b2c7671822424f8356baa227a1d660d9d849b79248e8291b2dc766a94ffbddac;manual_2024_reference
USE-c1d81db59fd2;DOC-909f561f240f;GLMP-FB9F3BEE97;Hamm;Nordrhein-Westfalen;05915000;FDP;fdp;2020.0;Kommunalwahlprogramm Gemeinde;Gemeinde;main_corpus_observation;hm20fdp.txt;main;909f561f240ff322ffa2f7f27e0a5036b4a9a3162cda58aa9f7865d97f53d053;manual_2024_reference
USE-54bf7bf5dea9;DOC-747b5ed94588;GLMP-5F7BE758B6;Hamm;Nordrhein-Westfalen;05915000;Grüne;gru;2020.0;Kommunalwahlprogramm Gemeinde;Gemeinde;main_corpus_observation;hm20gru.txt;main;747b5ed945880ca7a311f901271ff8c6eee196d126e9190b1d7379be8f7b0195;manual_2024_reference
USE-8c8cc522defc;DOC-ee0c959619cf;GLMP-DE9CD63D06;Hamm;Nordrhein-Westfalen;05915000;Pro Hamm;prh;2020.0;Kommunalwahlprogramm Gemeinde;Gemeinde;main_corpus_observation;hm20prh.txt;main;ee0c959619cfeebbaac260162b14e65abd3849fd627af773ad8c8d584cd28b85;manual_2024_reference
USE-3eb354b74d40;DOC-6d95863280c7;GLMP-D27C830B33;Hamm;Nordrhein-Westfalen;05915000;SPD;spd;2020.0;Kommunalwahlprogramm Gemeinde;Gemeinde;main_corpus_observation;hm20spd.txt;main;6d95863280c7b35cb660f0548f67ef3e8e9c47cd69e742f0639fe5cf0bb0f563;manual_2024_reference
USE-12fa76e7c1a5;DOC-6c7acd5fc167;GLMP-89FD46FA0D;Herne;Nordrhein-Westfalen;05916000;CDU;cdu;2020.0;Kommunalwahlprogramm Gemeinde;Gemeinde;main_corpus_observation;he20cdu.txt;main;6c7acd5fc167243c8a9e6cf5c445ba493206a9a17d1e150a93ba29542639b6da;manual_2024_reference
USE-f2bafb894d9f;DOC-f24fd1397f2e;GLMP-05AD649BB3;Herne;Nordrhein-Westfalen;05916000;Die Linke;lin;2020.0;Kommunalwahlprogramm Gemeinde;Gemeinde;main_corpus_observation;he20lin.txt;main;f24fd1397f2eb0dee6c37c4889facbda1d092b73e127ab4d37dfa1c742618cf2;manual_2024_reference
USE-7c24f394e570;DOC-0993ebf01ac7;GLMP-ECC0192341;Herne;Nordrhein-Westfalen;05916000;FDP;fdp;2020.0;Kommunalwahlprogramm Gemeinde;Gemeinde;main_corpus_observation;he20fdp.txt;main;0993ebf01ac7570a6b41149f0674afc33401e4d553ec93b36376a0ed44b5469a;manual_2024_reference
USE-cf06aec3c824;DOC-2855b9ed4746;GLMP-519831F639;Herne;Nordrhein-Westfalen;05916000;Grüne;gru;2020.0;Kommunalwahlprogramm Gemeinde;Gemeinde;main_corpus_observation;he20gru.txt;main;2855b9ed4746291fc2d0613c99ac5f347a84979e3d6ad0edc0827ddc870bb197;manual_2024_reference
USE-155f9f1c1a03;DOC-8e793ca6ca6c;GLMP-68CE770F10;Herne;Nordrhein-Westfalen;05916000;Piraten;pir;2020.0;Kommunalwahlprogramm Gemeinde;Gemeinde;main_corpus_observation;he20pir.txt;main;8e793ca6ca6c2c82262b0eab25201b57be3bd92dc334a3f669aef535e79d2d7c;manual_2024_reference
USE-947a81d220e4;DOC-33563030a116;GLMP-19A24DE27A;Herne;Nordrhein-Westfalen;05916000;SPD;spd;2020.0;Kommunalwahlprogramm Gemeinde;Gemeinde;main_corpus_observation;he20spd.txt;main;33563030a1167faf4e765a2a141a62e178e4ccc71cbdd7e4e5d01bc84be8772c;manual_2024_reference
USE-48e3bf2546f7;DOC-daa1a3b8b501;GLMP-0FA6904CDC;Herne;Nordrhein-Westfalen;05916000;Wählergemeinschaft Wanne-Herne;wwh;2020.0;Kommunalwahlprogramm Gemeinde;Gemeinde;main_corpus_observation;he20wwh.txt;main;daa1a3b8b5010367e83e94aa592f0ee71f06128d2580c60c359640134e7d380d;manual_2024_reference
USE-b01944f9a5dc;DOC-ff573b21b500;GLMP-E76DD4B8CF;Ingolstadt;Bayern;09161000;Alternative für Deutschland;afd;2020.0;Kommunalwahlprogramm Gemeinde;Gemeinde;main_corpus_observation;in20afd.txt;main;ff573b21b5000e2d0659e0f7a9d6e9b0abf434ff635921e19114e5aaaed40ab0;manual_2024_reference
USE-ecbdf8112f05;DOC-453b7f5a5fa6;GLMP-394E40D9C6;Ingolstadt;Bayern;09161000;Bürgergemeinschaft Ingolstadt;bgi;2020.0;Kommunalwahlprogramm Gemeinde;Gemeinde;main_corpus_observation;in20bgi.txt;main;453b7f5a5fa657731528568e0496d82683ba20858d57cd16ed92038efcd1ac2d;manual_2024_reference
USE-34c133fe6945;DOC-157470aee4eb;GLMP-12EDE2F474;Ingolstadt;Bayern;09161000;CSU;csu;2020.0;Kommunalwahlprogramm Gemeinde;Gemeinde;main_corpus_observation;in20csu.txt;main;157470aee4eb8b18241b75a5e1fdf438cc31c6d263eef37b3b827c1361325fa0;manual_2024_reference
USE-7fad0d82bf35;DOC-376dc7cd5c64;GLMP-0AE74EB6BF;Ingolstadt;Bayern;09161000;Die Linke;lin;2020.0;Kommunalwahlprogramm Gemeinde;Gemeinde;main_corpus_observation;in20lin.txt;main;376dc7cd5c649e04b749b23be8bc3ce3f166fe7012cbc8652e50012b3e786bd5;manual_2024_reference
USE-9187f6247ba7;DOC-6503a8c91260;GLMP-036E8B8C97;Ingolstadt;Bayern;09161000;FDP;fdp;2020.0;Kommunalwahlprogramm Gemeinde;Gemeinde;main_corpus_observation;in20fdp.txt;main;6503a8c91260b6427a715ea8c382b7049df8cc596cbc251961421a7be56d7c4f;manual_2024_reference
USE-6a361bfa2363;DOC-cdeb11fdf323;GLMP-ABAA9A3C6A;Ingolstadt;Bayern;09161000;Freie Wähler;fwg;2020.0;Kommunalwahlprogramm Gemeinde;Gemeinde;main_corpus_observation;in20fwg.txt;main;cdeb11fdf323ab4507d2897f5dd11f8614f6808a8eca8f80c3fe66172bded374;manual_2024_reference
USE-f610ec965739;DOC-ed1fc60c069a;GLMP-E0DA168B01;Ingolstadt;Bayern;09161000;Grüne;gru;2020.0;Kommunalwahlprogramm Gemeinde;Gemeinde;main_corpus_observation;in20gru.txt;main;ed1fc60c069a1553363ad195c8820ab3ff14490a00de6211f7b73328bbc2a91f;manual_2024_reference
USE-ca0ed1495ac1;DOC-607142c075bb;GLMP-FA25CE54BF;Ingolstadt;Bayern;09161000;Junge Union;juu;2020.0;Kommunalwahlprogramm Gemeinde;Gemeinde;main_corpus_observation;in20juu.txt;main;607142c075bb4edab10c598a2d17b228201928c74683fef60889ce3f13c2a5d9;manual_2024_reference
USE-c9ed355cca84;DOC-ba1a0642837c;GLMP-8D754444D0;Ingolstadt;Bayern;09161000;SPD;spd;2020.0;Kommunalwahlprogramm Gemeinde;Gemeinde;main_corpus_observation;in20spd.txt;main;ba1a0642837cad390dd798b883fd4710e9544153313cf068fe289dc853cd5ea3;manual_2024_reference
USE-8ccde71f1afa;DOC-0fbe98a7db3f;GLMP-09A6A88DFF;Ingolstadt;Bayern;09161000;Unabhängige Demokraten Ingolstadts;udi;2020.0;Kommunalwahlprogramm Gemeinde;Gemeinde;main_corpus_observation;in20udi.txt;main;0fbe98a7db3fd41024aeb262021f5fd3f9babe9c2cee6f540ad45063b98fe4d3;manual_2024_reference
USE-782fd391b694;DOC-c49cde729876;GLMP-7D40000FBE;Ingolstadt;Bayern;09161000;Ökologisch-Demokratische Partei (ÖDP);odp;2020.0;Kommunalwahlprogramm Gemeinde;Gemeinde;main_corpus_observation;in20odp.txt;main;c49cde72987669445c916a16a87d9a92f07393552134dc8b2fb9efcd167c212d;manual_2024_reference
USE-a3125ad5f54e;DOC-f5e48e311f18;GLMP-BD221909B2;Koeln;Nordrhein-Westfalen;05315000;Alternative für Deutschland;afd;2020.0;Kommunalwahlprogramm Gemeinde;Gemeinde;main_corpus_observation;ko20afd.txt;main;f5e48e311f18006bfab55eca531198c7402865a35c6e2b5a5793662c015463df;manual_2024_reference
USE-512da3a0abc4;DOC-eeb87cd384d5;GLMP-5A8FD49EC2;Koeln;Nordrhein-Westfalen;05315000;CDU;cdu;2020.0;Kommunalwahlprogramm Gemeinde;Gemeinde;main_corpus_observation;ko20cdu.txt;main;eeb87cd384d5816ce15ccbc0e2322e1d275ec52acd7fb412e4208c0ffbbaf7e5;manual_2024_reference
USE-4e69b55e4ebb;DOC-b18d14eca370;GLMP-344ECCA749;Koeln;Nordrhein-Westfalen;05315000;Die Guten;gut;2020.0;Kommunalwahlprogramm Gemeinde;Gemeinde;main_corpus_observation;ko20gut.txt;main;b18d14eca370c1e6c82fc2ab7a78d99ccd26e0c5986783726149c2514dfa8e2e;manual_2024_reference
USE-40e2af95cd9e;DOC-2abd432cf179;GLMP-2B0A2AAA5B;Koeln;Nordrhein-Westfalen;05315000;Die Linke;lin;2020.0;Kommunalwahlprogramm Gemeinde;Gemeinde;main_corpus_observation;ko20lin.txt;main;2abd432cf17973b3e45b3dd83f09c8eb5c8d9340ebc7e8f45eb4276118157600;manual_2024_reference
USE-240905294579;DOC-796210165cf2;GLMP-AA41379AAE;Koeln;Nordrhein-Westfalen;05315000;Die Partei;par;2020.0;Kommunalwahlprogramm Gemeinde;Gemeinde;main_corpus_observation;ko20par.txt;main;796210165cf226d4db1c3a5f93c2937ea7b784f41f14119d17571b8fe0fabd00;manual_2024_reference
USE-7ec674c5c63a;DOC-312b94f3ab50;GLMP-647F4C3F55;Koeln;Nordrhein-Westfalen;05315000;FDP;fdp;2020.0;Kommunalwahlprogramm Gemeinde;Gemeinde;main_corpus_observation;ko20fdp.txt;main;312b94f3ab50743615dad623d1983d84e63f09a8bc7029c1b4c0c39201e6187a;manual_2024_reference
USE-0b8f559cc55f;DOC-7d3a72e3cf7d;GLMP-111053B495;Koeln;Nordrhein-Westfalen;05315000;Freie Wähler;fwg;2020.0;Kommunalwahlprogramm Gemeinde;Gemeinde;main_corpus_observation;ko20fwg.txt;main;7d3a72e3cf7dbb6951b251c03272f4777298afec286cd7c88939a7f3d4fe28b2;manual_2024_reference
USE-e186c14783ef;DOC-1d08ae527c58;GLMP-17DFA8212B;Koeln;Nordrhein-Westfalen;05315000;Grüne;gru;2020.0;Kommunalwahlprogramm Gemeinde;Gemeinde;main_corpus_observation;ko20gru.txt;main;1d08ae527c58aee0f604a801ae5eda1e86427220e5f26d3eb879185efd250ad9;manual_2024_reference
USE-bb6d1df9e9b5;DOC-d90d05dd88b7;GLMP-CD10E93638;Koeln;Nordrhein-Westfalen;05315000;Klima Freunde Köln;kli;2020.0;Kommunalwahlprogramm Gemeinde;Gemeinde;main_corpus_observation;ko20kli.txt;main;d90d05dd88b70689e0ec372c235ee0c563f01274cf0e2ca9d7a358d404fc570f;manual_2024_reference
USE-ea88c89a0d64;DOC-73fb8a293824;GLMP-00AC8F3318;Koeln;Nordrhein-Westfalen;05315000;SPD;spd;2020.0;Kommunalwahlprogramm Gemeinde;Gemeinde;main_corpus_observation;ko20spd.txt;main;73fb8a2938244e318f2243d2a22088b738c71b4bae220365b503ed80aa671d9e;manual_2024_reference
USE-068526f2bf23;DOC-c598a2de61b6;GLMP-0D7C8D79B9;Koeln;Nordrhein-Westfalen;05315000;Volt;vlt;2020.0;Kommunalwahlprogramm Gemeinde;Gemeinde;main_corpus_observation;ko20vlt.txt;main;c598a2de61b605437daa396a404f0079c4adbefefa9c37fb549be13414601213;manual_2024_reference
USE-4c9a1068f251;DOC-dc6329fd5d30;GLMP-5527917335;Koeln;Nordrhein-Westfalen;05315000;Ökologisch-Demokratische Partei (ÖDP);odp;2020.0;Kommunalwahlprogramm Gemeinde;Gemeinde;main_corpus_observation;ko20odp.txt;main;dc6329fd5d3049b10ff6f0037d5c007b3ca8937fa5185ed2a3413e0281c1ee40;manual_2024_reference
USE-7ed12b4a4083;DOC-5c32886a57cf;GLMP-2555E5CAFC;Krefeld;Nordrhein-Westfalen;05114000;Alternative für Deutschland;afd;2020.0;Kommunalwahlprogramm Gemeinde;Gemeinde;main_corpus_observation;kr20afd.txt;main;5c32886a57cfcfbe3f7077db5a9ecca40bb388027c074c4633cce87594ebc04e;manual_2024_reference
USE-7188f2b4d9c9;DOC-34a58ca53c50;GLMP-7598E59ADB;Krefeld;Nordrhein-Westfalen;05114000;Bündnis Oberhausen Bürger;bob;2020.0;Kommunalwahlprogramm Gemeinde;Gemeinde;main_corpus_observation;kr20bob.txt;main;34a58ca53c509065fc13c8b7367e30a8e6388fcb7133eb3e24d51807b02e121c;manual_2024_reference
USE-d1249582dbd8;DOC-b2b00be1b3b5;GLMP-789BE82A75;Krefeld;Nordrhein-Westfalen;05114000;CDU;cdu;2020.0;Kommunalwahlprogramm Gemeinde;Gemeinde;main_corpus_observation;kr20cdu.txt;main;b2b00be1b3b51bfac09fe90836b9472c89c0d585c323b44c9a3815c8a3dd1050;manual_2024_reference
USE-f1f205311415;DOC-7d07e6277a5c;GLMP-2326B32620;Krefeld;Nordrhein-Westfalen;05114000;Deutsche Kommunistische Partei;dkp;2020.0;Kommunalwahlprogramm Gemeinde;Gemeinde;main_corpus_observation;kr20dkp.txt;main;7d07e6277a5cf5d465009b7dd1299e8f99cfa0e1b00bbf4abd84dea3af496ac6;manual_2024_reference
USE-979abe9985ea;DOC-b12fd413901c;GLMP-81538EEECE;Krefeld;Nordrhein-Westfalen;05114000;FDP;fdp;2020.0;Kommunalwahlprogramm Gemeinde;Gemeinde;main_corpus_observation;kr20fdp.txt;main;b12fd413901c2aa225f9a3593f624c971dbe469f05bf021975fab86669aae73c;manual_2024_reference
USE-a05847d8dde5;DOC-b43f9723d5b2;GLMP-619B48B7E4;Krefeld;Nordrhein-Westfalen;05114000;Grüne;gru;2020.0;Kommunalwahlprogramm Gemeinde;Gemeinde;main_corpus_observation;kr20gru.txt;main;b43f9723d5b2efaf348e8d81b3890f95f591d20d7617383c05bc06e2119973b0;manual_2024_reference
USE-de6cb6c3fc38;DOC-88d90c1658ac;GLMP-8B84556D78;Krefeld;Nordrhein-Westfalen;05114000;SPD;spd;2020.0;Kommunalwahlprogramm Gemeinde;Gemeinde;main_corpus_observation;kr20spd.txt;main;88d90c1658aca4491a32060cbe7f7077ed6f78d8a97369db28860e26a942d832;manual_2024_reference
USE-ceca608a3e70;DOC-68e1fcb7a9e6;GLMP-5C4084D818;Krefeld;Nordrhein-Westfalen;05114000;WIR;wir;2020.0;Kommunalwahlprogramm Gemeinde;Gemeinde;main_corpus_observation;kr20wir.txt;main;68e1fcb7a9e61e165a8d7ccccbfff7bf69cf02a80f9c0bb7e5ae7e4fae97b284;manual_2024_reference
USE-ac2172d68fe1;DOC-da59c61ee13b;GLMP-7F589F9F9A;Krefeld;Nordrhein-Westfalen;05114000;Wählergemeinschaft Unsere Zukunft;wuz;2020.0;Kommunalwahlprogramm Gemeinde;Gemeinde;main_corpus_observation;kr20wuz.txt;main;da59c61ee13b7806c893562717566d94ff77dae0c6dd37b5f055d83587ac963c;manual_2024_reference
USE-3d40d4448adc;DOC-ff1a5c2b1875;GLMP-1264930358;Leverkusen;Nordrhein-Westfalen;05316000;Alternative für Deutschland;afd;2020.0;Kommunalwahlprogramm Gemeinde;Gemeinde;main_corpus_observation;le20afd.txt;main;ff1a5c2b18750e2959c9cac5f70c486cf649a184a6f104c1bbdafae5275cc140;manual_2024_reference
USE-d75a76438602;DOC-2d19bd103ce3;GLMP-6C0B80693E;Leverkusen;Nordrhein-Westfalen;05316000;Bürgerliste Freie Wähler;bli;2020.0;Kommunalwahlprogramm Gemeinde;Gemeinde;main_corpus_observation;le20bli.txt;main;2d19bd103ce318d820eb1a3c45b66f08ef2180bc64182d0cdba9ab5791609e5a;manual_2024_reference
USE-2ffe1e9bf2ea;DOC-f117b9d8cd6d;GLMP-6E9991343D;Leverkusen;Nordrhein-Westfalen;05316000;CDU;cdu;2020.0;Kommunalwahlprogramm Gemeinde;Gemeinde;main_corpus_observation;le20cdu.txt;main;f117b9d8cd6dbc811d4f567afb04d55e514bdff637789defb0d9137fbd308df8;manual_2024_reference
USE-2275e92861db;DOC-fe764aaa81b6;GLMP-E64569E210;Leverkusen;Nordrhein-Westfalen;05316000;Die Partei;par;2020.0;Kommunalwahlprogramm Gemeinde;Gemeinde;main_corpus_observation;le20par.txt;main;fe764aaa81b6d8ef515b23ece7107a1cb6ba3e282449ea9aed65f69d8f1ef6d1;manual_2024_reference
USE-6748f6fad8dc;DOC-9a28851b56cb;GLMP-39035D05B1;Leverkusen;Nordrhein-Westfalen;05316000;FDP;fdp;2020.0;Kommunalwahlprogramm Gemeinde;Gemeinde;main_corpus_observation;le20fdp.txt;main;9a28851b56cb9d2f43e825a98ccb2e232ec1903b1eaf6a335cb4f56ee0e9244f;manual_2024_reference
USE-56681282120c;DOC-3d7b32b31bd9;GLMP-C881842266;Leverkusen;Nordrhein-Westfalen;05316000;Grüne;gru;2020.0;Kommunalwahlprogramm Gemeinde;Gemeinde;main_corpus_observation;le20gru.txt;main;3d7b32b31bd9a6e083b641c2edfe855e82f1217dd09c8d710da4861f316cfa24;manual_2024_reference
USE-3c3c8a5492dd;DOC-23024add0696;GLMP-3667519B87;Leverkusen;Nordrhein-Westfalen;05316000;Klima Liste (Düsseldorf);kld;2020.0;Kommunalwahlprogramm Gemeinde;Gemeinde;main_corpus_observation;le20kld.txt;main;23024add069621b8431952bd39fded92a9b1cf92816a9a14310b5a9053a7c25a;manual_2024_reference
USE-089ffb595438;DOC-935647fec3e3;GLMP-B8BD4AA82A;Leverkusen;Nordrhein-Westfalen;05316000;Leverkusener Liste;lpp;2020.0;Kommunalwahlprogramm Gemeinde;Gemeinde;main_corpus_observation;le20lpp.txt;main;935647fec3e3e93af0530646dba71c35f2bf6ae4b789f226b8d30a3c7735574e;manual_2024_reference
USE-cf65e3479315;DOC-b37af1a6b8b8;GLMP-7AD3830AE7;Leverkusen;Nordrhein-Westfalen;05316000;Opladen Plus;poo;2020.0;Kommunalwahlprogramm Gemeinde;Gemeinde;main_corpus_observation;le20poo.txt;main;b37af1a6b8b8a156e0e529e1ab77a087b4579838efb74ce540c5819d10bb99c5;manual_2024_reference
USE-40d8eff1d5a1;DOC-63fb26b0cf30;GLMP-B54C6EC2EF;Leverkusen;Nordrhein-Westfalen;05316000;SPD;spd;2020.0;Kommunalwahlprogramm Gemeinde;Gemeinde;main_corpus_observation;le20spd.txt;main;63fb26b0cf30b098dbc2c85795b462953352ad40d2f805d3d6bf930f22d9f364;manual_2024_reference
USE-9c3d7b10f73b;DOC-35bffad3792b;GLMP-3FD29C1472;Moenchengladbach;Nordrhein-Westfalen;05116000;Alternative für Deutschland;afd;2020.0;Kommunalwahlprogramm Gemeinde;Gemeinde;main_corpus_observation;mg20afd.txt;main;35bffad3792b8e3840326b35d3537667d4f41da53976c699c70bb8a42d15ab25;manual_2024_reference
USE-69e6277c5f78;DOC-4b0106b894e8;GLMP-BC95A0013F;Moenchengladbach;Nordrhein-Westfalen;05116000;CDU;cdu;2020.0;Kommunalwahlprogramm Gemeinde;Gemeinde;main_corpus_observation;mg20cdu.txt;main;4b0106b894e84dd5b67602094d8f17d30cbb3c28826b4da058b7ae87ae22adee;manual_2024_reference
USE-cceabc5f0286;DOC-25ebe7dc6e41;GLMP-4CDA7BC069;Moenchengladbach;Nordrhein-Westfalen;05116000;Die Linke;lin;2020.0;Kommunalwahlprogramm Gemeinde;Gemeinde;main_corpus_observation;mg20lin.txt;main;25ebe7dc6e41a23fe0bc85ee63856f7133a9d937994e06bef57ad0cbd2c84abb;manual_2024_reference
USE-a5ea5a0389c0;DOC-dfdd0839e367;GLMP-D7DB42160E;Moenchengladbach;Nordrhein-Westfalen;05116000;Die Partei;par;2020.0;Kommunalwahlprogramm Gemeinde;Gemeinde;main_corpus_observation;mg20par.txt;main;dfdd0839e367c4f494a0d3ffc1387cbade5688353bbb59ab16c2661e06e17e30;manual_2024_reference
USE-40d393e9145a;DOC-d734b82259ff;GLMP-8B8FEA8CAF;Moenchengladbach;Nordrhein-Westfalen;05116000;FDP;fdp;2020.0;Kommunalwahlprogramm Gemeinde;Gemeinde;main_corpus_observation;mg20fdp.txt;main;d734b82259ff268c145bed6b7a12830093e286a98958c7f9d064b0bd43d7a2c9;manual_2024_reference
USE-00867f4d7268;DOC-70e347e82876;GLMP-2E65CF208B;Moenchengladbach;Nordrhein-Westfalen;05116000;Grüne;gru;2020.0;Kommunalwahlprogramm Gemeinde;Gemeinde;main_corpus_observation;mg20gru.txt;main;70e347e8287698187b15eb6c73b128b61e6eeff42fbd63abd9460f1ece309c4e;manual_2024_reference
USE-1634cb2ecc9d;DOC-e463d12ad98a;GLMP-C652A60395;Moenchengladbach;Nordrhein-Westfalen;05116000;SPD;spd;2020.0;Kommunalwahlprogramm Gemeinde;Gemeinde;main_corpus_observation;mg20spd.txt;main;e463d12ad98a3cbb932e5212b7816f2a16ebff67fc9d9cd32238b666a0f063bf;manual_2024_reference
USE-47dbe1a8babb;DOC-6eff52fa2f0a;GLMP-3711C44404;Moers;Nordrhein-Westfalen;05170024;CDU;cdu;2020.0;Kommunalwahlprogramm Gemeinde;Gemeinde;main_corpus_observation;mo20cdu.txt;main;6eff52fa2f0af332aa3244e5031ac86988099631975aa8ccdfc4fdec6b250f41;manual_2024_reference
USE-72e8429f56f9;DOC-9fac48b61b0f;GLMP-80F1CD5F60;Moers;Nordrhein-Westfalen;05170024;Die Linke;lin;2020.0;Kommunalwahlprogramm Gemeinde;Gemeinde;main_corpus_observation;mo20lin.txt;main;9fac48b61b0fb9a06ef4acef8d31a698d087ff8e3ca16cd2a339a10f614eb512;manual_2024_reference
USE-fd8a481a935e;DOC-0e2392ad5907;GLMP-84978D4012;Moers;Nordrhein-Westfalen;05170024;Die Partei;par;2020.0;Kommunalwahlprogramm Gemeinde;Gemeinde;main_corpus_observation;mo20par.txt;main;0e2392ad5907632e2560b0154ec1e6c2deed5d6d86dccf5233a5d16d6383de2d;manual_2024_reference
USE-9a0dea59b309;DOC-068c51390514;GLMP-4E7658DD53;Moers;Nordrhein-Westfalen;05170024;FDP;fdp;2020.0;Kommunalwahlprogramm Gemeinde;Gemeinde;main_corpus_observation;mo20fdp.txt;main;068c5139051408c71fd1352f5830382d384f975a6eee831e1549d56bebedaeb9;manual_2024_reference
USE-f34845dece8b;DOC-09244e75da4f;GLMP-7F77804798;Moers;Nordrhein-Westfalen;05170024;Freie Bürgerliste Moers;fbm;2020.0;Kommunalwahlprogramm Gemeinde;Gemeinde;main_corpus_observation;mo20fbm.txt;main;09244e75da4ff63e15d7c80b831e8e19589a0fa4f6a71727228aeaaeb973b0a8;manual_2024_reference
USE-091a41455198;DOC-72d481bf2c92;GLMP-F9F915CD7F;Moers;Nordrhein-Westfalen;05170024;Grün Alternativ Links (Lübeck);gra;2020.0;Kommunalwahlprogramm Gemeinde;Gemeinde;main_corpus_observation;mo20gra.txt;main;72d481bf2c92fe3daf6b3b022089418e6bbc50ffedf7103908f0739068d3c823;manual_2024_reference
USE-fad3e67a9649;DOC-c8d885b90c65;GLMP-73057ED193;Moers;Nordrhein-Westfalen;05170024;Grüne;gru;2020.0;Kommunalwahlprogramm Gemeinde;Gemeinde;main_corpus_observation;mo20gru.txt;main;c8d885b90c65f9eef2b8a15cd129c2955e8a142972d69faf0e8ab10008c31b3f;manual_2024_reference
USE-5a66bb367a7f;DOC-494bee8d21bd;GLMP-7A6FB11EE6;Moers;Nordrhein-Westfalen;05170024;SPD;spd;2020.0;Kommunalwahlprogramm Gemeinde;Gemeinde;main_corpus_observation;mo20spd.txt;main;494bee8d21bdbaf231b4c78ce79c2205f69c2b28849b3bba9d3252b65705fc05;manual_2024_reference
USE-bde2f4904aac;DOC-a07d7ebe1107;GLMP-52B7F9B05C;Muelheim an der Ruhr;Nordrhein-Westfalen;05117000;Bürgerlicher Aufbruch Mülheim an der Ruhr;bam;2020.0;Kommunalwahlprogramm Gemeinde;Gemeinde;main_corpus_observation;mh20bam.txt;main;a07d7ebe11072e9007c9e2aec4fe73b43718f2fb2c8e9588ff8c17f3149fceb9;manual_2024_reference
USE-1377cc515db3;DOC-23534a546a9a;GLMP-D128EE2416;Muelheim an der Ruhr;Nordrhein-Westfalen;05117000;CDU;cdu;2020.0;Kommunalwahlprogramm Gemeinde;Gemeinde;main_corpus_observation;mh20cdu.txt;main;23534a546a9af5d6fefaed14d574c99bdaa1a4fd6abbff9810c9139578f702be;manual_2024_reference
USE-fbcc8665cdb2;DOC-1644d54cf612;GLMP-CBBD690BF6;Muelheim an der Ruhr;Nordrhein-Westfalen;05117000;FDP;fdp;2020.0;Kommunalwahlprogramm Gemeinde;Gemeinde;main_corpus_observation;mh20fdp.txt;main;1644d54cf61292206262aee0fc6f4b13ea1dee499185bad68163fca96c70d4b4;manual_2024_reference
USE-9acd43d27d7e;DOC-73257cc3644a;GLMP-5360910BA3;Muelheim an der Ruhr;Nordrhein-Westfalen;05117000;Grüne;gru;2020.0;Kommunalwahlprogramm Gemeinde;Gemeinde;main_corpus_observation;mh20gru.txt;main;73257cc3644a59d13e01b303bcafedc6950c819232fd53e69113058936972bf5;manual_2024_reference
USE-737b5d61465b;DOC-113e04a991b2;GLMP-B4F8228188;Muelheim an der Ruhr;Nordrhein-Westfalen;05117000;Mülheimer Bürger Initiative;mbi;2020.0;Kommunalwahlprogramm Gemeinde;Gemeinde;main_corpus_observation;mh20mbi.txt;main;113e04a991b27a16b1cc5b9090d3982020de896788011a8dca811e917d9c9836;manual_2024_reference
USE-5b3d09de6417;DOC-b31fad31d8f2;GLMP-69FBA83E71;Muelheim an der Ruhr;Nordrhein-Westfalen;05117000;SPD;spd;2020.0;Kommunalwahlprogramm Gemeinde;Gemeinde;main_corpus_observation;mh20spd.txt;main;b31fad31d8f2008a348b82312287b3127d0a5ba001c0bc766d9aa2668248d7a8;manual_2024_reference
USE-f0894a5b87b7;DOC-99e32ae69c4f;GLMP-E7C0D2F892;Muenchen;Bayern;09162000;Alternative für Deutschland;afd;2020.0;Kommunalwahlprogramm Gemeinde;Gemeinde;main_corpus_observation;mu20afd.txt;main;99e32ae69c4f982a94a96bca651577dc4319969eb3b83391975e5b8d059b6747;manual_2024_reference
USE-ee74dc09bb07;DOC-251e383476df;GLMP-7D4BB208B5;Muenchen;Bayern;09162000;Bayern-Partei;byp;2020.0;Kommunalwahlprogramm Gemeinde;Gemeinde;main_corpus_observation;mu20byp.txt;main;251e383476df3a84d992ea8ad08c285d6abad0e3fffae0cc05b908bcd21d7129;manual_2024_reference
USE-ef80f3356f68;DOC-64da42397ff0;GLMP-E1E4A568B6;Muenchen;Bayern;09162000;Bürgerinitiative Ausländerstopp;bia;2020.0;Kommunalwahlprogramm Gemeinde;Gemeinde;main_corpus_observation;mu20bia.txt;main;64da42397ff0ca8123800148f184877685478e39ecea741f0e4abec395d61af2;manual_2024_reference
USE-4910ab61a2c1;DOC-0b92b7f7da45;GLMP-8FBCF5A0F1;Muenchen;Bayern;09162000;CSU;csu;2020.0;Kommunalwahlprogramm Gemeinde;Gemeinde;main_corpus_observation;mu20csu.txt;main;0b92b7f7da45d44d9d77558550570738b3c7eb02ce2a1fa82ca95e0fe56d1fa0;manual_2024_reference
USE-57ad1afd88b3;DOC-7be8bead0d6e;GLMP-7842B70FB7;Muenchen;Bayern;09162000;Die Linke;lin;2020.0;Kommunalwahlprogramm Gemeinde;Gemeinde;main_corpus_observation;mu20lin.txt;main;7be8bead0d6eec3a6dd9a58f2fcf1a680bebb2d8dde9c7aadca8730d4e64a8d5;manual_2024_reference
USE-cda7ada869ea;DOC-9a574d8a2e9b;GLMP-4099FE89DB;Muenchen;Bayern;09162000;Die Partei;par;2020.0;Kommunalwahlprogramm Gemeinde;Gemeinde;main_corpus_observation;mu20par.txt;main;9a574d8a2e9b830d464c3728da4cb14286801cee3e99b8179e7ad9c5ac436792;manual_2024_reference
USE-ef59feed7f3a;DOC-0e87925d7591;GLMP-A234A8A4D5;Muenchen;Bayern;09162000;FDP;fdp;2020.0;Kommunalwahlprogramm Gemeinde;Gemeinde;main_corpus_observation;mu20fdp.txt;main;0e87925d75919061fc01b78a05c77a96d70df3739413f276e979c6fbe8a667d2;manual_2024_reference
USE-78eecb16172c;DOC-42cbe2840366;GLMP-D487B48C2F;Muenchen;Bayern;09162000;Freie Wähler;fwg;2020.0;Kommunalwahlprogramm Gemeinde;Gemeinde;main_corpus_observation;mu20fwg.txt;main;42cbe28403663d5573723d5ac3de751ad2dfc264ef6073f4501ec28e4276b405;manual_2024_reference
USE-d2e5c43b0677;DOC-16ef6244e029;GLMP-C655CAAC15;Muenchen;Bayern;09162000;Grüne;gru;2020.0;Kommunalwahlprogramm Gemeinde;Gemeinde;main_corpus_observation;mu20gru.txt;main;16ef6244e0292dad7e2d88900422f4525692edbc4ebc75329056cbdb0936920b;manual_2024_reference
USE-0788570c591c;DOC-f9d191f561f4;GLMP-D2738A148C;Muenchen;Bayern;09162000;Münchner Liste;mul;2020.0;Kommunalwahlprogramm Gemeinde;Gemeinde;main_corpus_observation;mu20mul.txt;main;f9d191f561f43e98d0d8b7d662bac108a312e8d957a123e14ae6a4aa3bd1378f;manual_2024_reference
USE-a5ca1e7cb208;DOC-2a49c7e7ae8c;GLMP-4BFAA18204;Muenchen;Bayern;09162000;Rosa Liste München;rlm;2020.0;Kommunalwahlprogramm Gemeinde;Gemeinde;main_corpus_observation;mu20rlm.txt;main;2a49c7e7ae8cfc9817d44aa5b4695c6c2d4f8284d0978cc489d4431c795bcd86;manual_2024_reference
USE-57230e90369e;DOC-ea348acf8bc7;GLMP-C6EFDDFA6B;Muenchen;Bayern;09162000;SPD;spd;2020.0;Kommunalwahlprogramm Gemeinde;Gemeinde;main_corpus_observation;mu20spd.txt;main;ea348acf8bc7a321a3a663d717377de8598bb72ad0123e465d9dcc6aeb5380de;manual_2024_reference
USE-571dab93e7f6;DOC-dc454d34e93e;GLMP-368A30F82A;Muenchen;Bayern;09162000;Volt;vlt;2020.0;Kommunalwahlprogramm Gemeinde;Gemeinde;main_corpus_observation;mu20vlt.txt;main;dc454d34e93e7b71421ecb62ac9fa59f71cba3a66bfd56ac539799229c887ad5;manual_2024_reference
USE-78818a44431c;DOC-b064f11e8e99;GLMP-BD7B2E9631;Muenchen;Bayern;09162000;mut;mut;2020.0;Kommunalwahlprogramm Gemeinde;Gemeinde;main_corpus_observation;mu20mut.txt;main;b064f11e8e9924c2c7b4f98ed6c3fd437c99bb4371a32b443a954daa5b407e07;manual_2024_reference
USE-1be4717a4faa;DOC-7894439e7933;GLMP-F3619C8573;Muenchen;Bayern;09162000;Ökologisch-Demokratische Partei (ÖDP);odp;2020.0;Kommunalwahlprogramm Gemeinde;Gemeinde;main_corpus_observation;mu20odp.txt;main;7894439e7933dd0d29db25c706f64106eeb215c1b26a82758f2aee14947df59d;manual_2024_reference
USE-ac7a54112793;DOC-d32b07822d0a;GLMP-9E83F2DEBA;Muenster;Nordrhein-Westfalen;05515000;CDU;cdu;2020.0;Kommunalwahlprogramm Gemeinde;Gemeinde;main_corpus_observation;ms20cdu.txt;main;d32b07822d0adb63982423540bd270d14aa91156d3cb819be806009eaa5f3e99;manual_2024_reference
USE-d1fb41b61747;DOC-38f4c6d7c836;GLMP-01E94778FD;Muenster;Nordrhein-Westfalen;05515000;Die Linke;lin;2020.0;Kommunalwahlprogramm Gemeinde;Gemeinde;main_corpus_observation;ms20lin.txt;main;38f4c6d7c836b3d37a6319188a04ea53a2995dbd31a080765afa45af9dd165ef;manual_2024_reference
USE-7dc17f53f3d5;DOC-f3d5a48eac09;GLMP-0D49D4479F;Muenster;Nordrhein-Westfalen;05515000;Die Partei;par;2020.0;Kommunalwahlprogramm Gemeinde;Gemeinde;main_corpus_observation;ms20par.txt;main;f3d5a48eac09d6c51b9645b97304ff89c29c36bddee504791f79ce5337ffb413;manual_2024_reference
USE-3cf27bf57883;DOC-782bd1d69706;GLMP-3FAE7145D5;Muenster;Nordrhein-Westfalen;05515000;FDP;fdp;2020.0;Kommunalwahlprogramm Gemeinde;Gemeinde;main_corpus_observation;ms20fdp.txt;main;782bd1d697061e76bb1ebb6eb40fde05fb0d68aad6ec7d60609c93d372fb96ff;manual_2024_reference
USE-ffa3cfbfaff2;DOC-9e297a083655;GLMP-B6C2FE1436;Muenster;Nordrhein-Westfalen;05515000;Grüne;gru;2020.0;Kommunalwahlprogramm Gemeinde;Gemeinde;main_corpus_observation;ms20gru.txt;main;9e297a0836555e1d13d3b53e8ea3d548a7a34804336918a3bfd57aaa1574990d;manual_2024_reference
USE-c8d5362280d3;DOC-0dea4e218ec0;GLMP-F432E98659;Muenster;Nordrhein-Westfalen;05515000;Münster ist bunt und international;mib;2020.0;Kommunalwahlprogramm Gemeinde;Gemeinde;main_corpus_observation;ms20mib.txt;main;0dea4e218ec01f714302bd581514ce964834e899deb34540c04e12142b41ffa7;manual_2024_reference
USE-fe4656f1b008;DOC-7f5ed3aa5bd5;GLMP-D48DDB8392;Muenster;Nordrhein-Westfalen;05515000;Piraten;pir;2020.0;Kommunalwahlprogramm Gemeinde;Gemeinde;main_corpus_observation;ms20pir.txt;main;7f5ed3aa5bd58dd92469b9aff4b17efffa98345b2c0ac36fbdd3cbfde446d29d;manual_2024_reference
USE-cfd788636149;DOC-956f64be0701;GLMP-8D82489977;Muenster;Nordrhein-Westfalen;05515000;SPD;spd;2020.0;Kommunalwahlprogramm Gemeinde;Gemeinde;main_corpus_observation;ms20spd.txt;main;956f64be0701e6a36f054dd2525e4a7332034c278a548e5d3104f14233e86a6b;manual_2024_reference
USE-64977ecd52c0;DOC-32e56f455dee;GLMP-C5C58FD8D4;Muenster;Nordrhein-Westfalen;05515000;Volt;vlt;2020.0;Kommunalwahlprogramm Gemeinde;Gemeinde;main_corpus_observation;ms20vlt.txt;main;32e56f455dee3249f102275024fd0e189f32fcb459a8def43d11265ec2a1eaf9;manual_2024_reference
USE-ecb65f320b06;DOC-a312a3fc8341;GLMP-B945D0B39A;Muenster;Nordrhein-Westfalen;05515000;Ökologisch-Demokratische Partei (ÖDP);odp;2020.0;Kommunalwahlprogramm Gemeinde;Gemeinde;main_corpus_observation;ms20odp.txt;main;a312a3fc8341c32b5c3c4bfc412bc527261f41e6c173b6fed255099f0b273859;manual_2024_reference
USE-c6d96dae5afc;DOC-a87d104da087;GLMP-BD3D71E53C;Neuss;Nordrhein-Westfalen;05162024;CDU;cdu;2020.0;Kommunalwahlprogramm Gemeinde;Gemeinde;main_corpus_observation;ne20cdu.txt;main;a87d104da087c0b440817d53571a5a3cdf944c5fd7854376358d025493d9fcdf;manual_2024_reference
USE-879530c761f6;DOC-d127aafd13ad;GLMP-BDD8193346;Neuss;Nordrhein-Westfalen;05162024;Deutsche Zentrumspartei;dzp;2020.0;Kommunalwahlprogramm Gemeinde;Gemeinde;main_corpus_observation;ne20dzp.txt;main;d127aafd13ad43cb8342a02d0cccf3cd002871de33232db8ff442f5ec823b389;manual_2024_reference
USE-9d96628c1346;DOC-234c32a4fee5;GLMP-CD1B1C07B1;Neuss;Nordrhein-Westfalen;05162024;Die Linke;lin;2020.0;Kommunalwahlprogramm Gemeinde;Gemeinde;main_corpus_observation;ne20lin.txt;main;234c32a4fee57b144f1f0fa7b7a5c18068cb53828aa932aca9a7a83e0c54559e;manual_2024_reference
USE-bb1ebd476890;DOC-31c8dce62c91;GLMP-8E7FDCE1E4;Neuss;Nordrhein-Westfalen;05162024;FDP;fdp;2020.0;Kommunalwahlprogramm Gemeinde;Gemeinde;main_corpus_observation;ne20fdp.txt;main;31c8dce62c91edad77e79504c9ef933b4072a7c064efd14883a8ba405f89b882;manual_2024_reference
USE-bf19ed0453ca;DOC-943b8321acb1;GLMP-C98A440ED2;Neuss;Nordrhein-Westfalen;05162024;Grüne;gru;2020.0;Kommunalwahlprogramm Gemeinde;Gemeinde;main_corpus_observation;ne20gru.txt;main;943b8321acb1110a3a3ad0bf96dd74208c3a33a1e5529af6922abc4996dc5846;manual_2024_reference
USE-571e9487d019;DOC-f0140936d8e6;GLMP-9B22282C58;Neuss;Nordrhein-Westfalen;05162024;SPD;spd;2020.0;Kommunalwahlprogramm Gemeinde;Gemeinde;main_corpus_observation;ne20spd.txt;main;f0140936d8e61c8f7aa433a88e1a349f6edb73bf02a0b472db3075010fc62525;manual_2024_reference
USE-897591a7da90;DOC-ff262b16187b;GLMP-0A775D98DB;Neuss;Nordrhein-Westfalen;05162024;Tierschutzpartei;tsh;2020.0;Kommunalwahlprogramm Gemeinde;Gemeinde;main_corpus_observation;ne20tsh.txt;main;ff262b16187babe1f015f52ec1abc1ff73226f276880847ba3a35841df8f5858;manual_2024_reference
USE-7cb7c2569579;DOC-78687b781d62;GLMP-3ED8034752;Neuss;Nordrhein-Westfalen;05162024;Unabhängige Wählergemeinschaft (UWG);uwg;2020.0;Kommunalwahlprogramm Gemeinde;Gemeinde;main_corpus_observation;ne20uwg.txt;main;78687b781d621933e714b528261e301876b3f2a53047e2865d96fe408d1113c6;manual_2024_reference
USE-50b80a3801c3;DOC-0636015be7da;GLMP-C9D386255B;Nuernberg;Bayern;09564000;Alternative für Deutschland;afd;2020.0;Kommunalwahlprogramm Gemeinde;Gemeinde;main_corpus_observation;nu20afd.txt;main;0636015be7da75121f6a53d815ae09679626b371d70deba26afe7f365812af15;manual_2024_reference
USE-0ae320be2c69;DOC-1fee7cc34396;GLMP-2DF52E7D26;Nuernberg;Bayern;09564000;Bürgerinitiative Ausländerstopp;bia;2020.0;Kommunalwahlprogramm Gemeinde;Gemeinde;main_corpus_observation;nu20bia.txt;main;1fee7cc3439687df272f9650a4a2e3a9adf0cd9856b42abe4006bba0d3fc25c2;manual_2024_reference
USE-65b61585172f;DOC-ed599538c652;GLMP-477857170A;Nuernberg;Bayern;09564000;CSU;csu;2020.0;Kommunalwahlprogramm Gemeinde;Gemeinde;main_corpus_observation;nu20csu.txt;main;ed599538c652abc96ba06020c944b35912eaa11ea773e338594b011162e0763c;manual_2024_reference
USE-c4b75bbfb4be;DOC-b3655f0d41d5;GLMP-1F0170BB53;Nuernberg;Bayern;09564000;Die Linke;lin;2020.0;Kommunalwahlprogramm Gemeinde;Gemeinde;main_corpus_observation;nu20lin.txt;main;b3655f0d41d565d79d0ffc15d8ee9c6283e44ed5a35b126a449caf75934f04f1;manual_2024_reference
USE-2b9e4f6417ae;DOC-4104b6eead1f;GLMP-DA388CCDAA;Nuernberg;Bayern;09564000;Die aNDERE;lil;2020.0;Kommunalwahlprogramm Gemeinde;Gemeinde;main_corpus_observation;nu20lil.txt;main;4104b6eead1f944b4cadd78f3bcddf633a88218213e17e2fb8840b3447394060;manual_2024_reference
USE-81332d61b000;DOC-2a0e9965b6d0;GLMP-8CB7EF2B10;Nuernberg;Bayern;09564000;FDP;fdp;2020.0;Kommunalwahlprogramm Gemeinde;Gemeinde;main_corpus_observation;nu20fdp.txt;main;2a0e9965b6d0ce8cf0624fafff74aade7ba0f0aac924620382a31f89f2f407d5;manual_2024_reference
USE-a944f8244a30;DOC-8b9d121c08c2;GLMP-1390C10C35;Nuernberg;Bayern;09564000;Freie Wähler;fwg;2020.0;Kommunalwahlprogramm Gemeinde;Gemeinde;main_corpus_observation;nu20fwg.txt;main;8b9d121c08c21db122218711110472c222ca4b5755bf1f0821eaf1d3b84f9952;manual_2024_reference
USE-b57aab078b55;DOC-50bbf4f8e295;GLMP-82B8BAFD82;Nuernberg;Bayern;09564000;Grüne;gru;2020.0;Kommunalwahlprogramm Gemeinde;Gemeinde;main_corpus_observation;nu20gru.txt;main;50bbf4f8e295759b57a053575addcc6370ef049c23ce6cb6589ff44e9837038f;manual_2024_reference
USE-c740fa999c36;DOC-287611cbeb4c;GLMP-7DD8B24358;Nuernberg;Bayern;09564000;Piraten;pir;2020.0;Kommunalwahlprogramm Gemeinde;Gemeinde;main_corpus_observation;nu20pir.txt;main;287611cbeb4cd47b52e6c715941cb2d865883d8a947f1c9ba88e82cae9cb80b6;manual_2024_reference
USE-fbf050d1e9e0;DOC-9eada244bdd4;GLMP-DE76B64D45;Nuernberg;Bayern;09564000;SPD;spd;2020.0;Kommunalwahlprogramm Gemeinde;Gemeinde;main_corpus_observation;nu20spd.txt;main;9eada244bdd4b6af6f11254a02ebaf1593715fd5670196c2a33f6159beecbc3f;manual_2024_reference
USE-8f9c54aa9cc3;DOC-e5fed38bb24f;GLMP-626EEA5E94;Nuernberg;Bayern;09564000;Ökologisch-Demokratische Partei (ÖDP);odp;2020.0;Kommunalwahlprogramm Gemeinde;Gemeinde;main_corpus_observation;nu20odp.txt;main;e5fed38bb24f5071f3461fccac0c3dec4133bf280ee8b2e3a5b27fa94dc24480;manual_2024_reference
USE-7cfe2cbc60e5;DOC-81b19aa8f9bf;GLMP-28DC18C7EC;Oberhausen;Nordrhein-Westfalen;05119000;CDU;cdu;2020.0;Kommunalwahlprogramm Gemeinde;Gemeinde;main_corpus_observation;ob20cdu.txt;main;81b19aa8f9bf238e8445f89d1ea0cf57f8ac953a8268cb894b49561c38f6c545;manual_2024_reference
USE-7332739d80d2;DOC-cbb3d7e84546;GLMP-E014CBBB22;Oberhausen;Nordrhein-Westfalen;05119000;Die Linke;lin;2020.0;Kommunalwahlprogramm Gemeinde;Gemeinde;main_corpus_observation;ob20lin.txt;main;cbb3d7e84546d530c7a4ad5950267b0501fb41f3f5850e668a98022064f78acd;manual_2024_reference
USE-134dab3c4846;DOC-8987e31bf2aa;GLMP-CEE4823B42;Oberhausen;Nordrhein-Westfalen;05119000;Die Violetten;vio;2020.0;Kommunalwahlprogramm Gemeinde;Gemeinde;main_corpus_observation;ob20vio.txt;main;8987e31bf2aa1b5e8da56b6c84640befaa9268b59fd6214c0f4a957127c9a906;manual_2024_reference
USE-05743c1e099c;DOC-4ac5ea20dea2;GLMP-6BDAD5A49D;Oberhausen;Nordrhein-Westfalen;05119000;Grüne;gru;2020.0;Kommunalwahlprogramm Gemeinde;Gemeinde;main_corpus_observation;ob20gru.txt;main;4ac5ea20dea28c9dad36aae6f0fe6124594d27d99aef46866040c86938e707f1;manual_2024_reference
USE-1b2b2ae0fdad;DOC-f77818300672;GLMP-96E69DAB6F;Oberhausen;Nordrhein-Westfalen;05119000;SPD;spd;2020.0;Kommunalwahlprogramm Gemeinde;Gemeinde;main_corpus_observation;ob20spd.txt;main;f7781830067287ac805acc14a32492dd0e4b115df5d6044e6d006617d22d0921;manual_2024_reference
USE-5917ad2b04eb;DOC-49a6ac284b50;GLMP-C4C47E3033;Paderborn;Nordrhein-Westfalen;05774032;Alternative für Deutschland;afd;2020.0;Kommunalwahlprogramm Gemeinde;Gemeinde;main_corpus_observation;pb20afd.txt;main;49a6ac284b504bc53353e3155f3ff1ce3abd41d291154fec0a1bab474287a048;manual_2024_reference
USE-86eb0cddcb03;DOC-0397189af707;GLMP-3D8287A901;Paderborn;Nordrhein-Westfalen;05774032;CDU;cdu;2020.0;Kommunalwahlprogramm Gemeinde;Gemeinde;main_corpus_observation;pb20cdu.txt;main;0397189af707cd2cbabbc3fe4383d5eaa4b38fb1d9d5ef34399431f424c81420;manual_2024_reference
USE-010f94242603;DOC-09e1c6a84858;GLMP-7991BF04CE;Paderborn;Nordrhein-Westfalen;05774032;Die Linke;lin;2020.0;Kommunalwahlprogramm Gemeinde;Gemeinde;main_corpus_observation;pb20lin.txt;main;09e1c6a84858d1bb704bface1b627ff78f64fad88519a3f176f7ec79630524d8;manual_2024_reference
USE-05b777cbc940;DOC-bbf0dd99501e;GLMP-40A3628622;Paderborn;Nordrhein-Westfalen;05774032;Die Partei;par;2020.0;Kommunalwahlprogramm Gemeinde;Gemeinde;main_corpus_observation;pb20par.txt;main;bbf0dd99501e45252fdb87335850ed5ca1966a947bf532be2f0aba6a73e56b19;manual_2024_reference
USE-b8d7cf58922b;DOC-9aaabb1cd86b;GLMP-EF5552BE53;Paderborn;Nordrhein-Westfalen;05774032;FDP;fdp;2020.0;Kommunalwahlprogramm Gemeinde;Gemeinde;main_corpus_observation;pb20fdp.txt;main;9aaabb1cd86be92e34040a3496ead5c158dae9473bf0c391110254bc0836706e;manual_2024_reference
USE-85529643a7d4;DOC-ee42f00f2d14;GLMP-E3EF68E7F7;Paderborn;Nordrhein-Westfalen;05774032;Freie Bürger Initiative;fbi;2020.0;Kommunalwahlprogramm Gemeinde;Gemeinde;main_corpus_observation;pb20fbi.txt;main;ee42f00f2d14de55d344d14f71d1824af7cd7271af0168b7ac865ac2031e1e1f;manual_2024_reference
USE-c83338a24fab;DOC-60329ab6f120;GLMP-708EDDC118;Paderborn;Nordrhein-Westfalen;05774032;Für Paderborn;fpb;2020.0;Kommunalwahlprogramm Gemeinde;Gemeinde;main_corpus_observation;pb20fpb.txt;main;60329ab6f120554324150423c9d8aad2369d9a3b2ba50ecf0c62becb7aaa9eb0;manual_2024_reference
USE-92fafb1c9a34;DOC-b3f92953bf7f;GLMP-A37D37CE5A;Paderborn;Nordrhein-Westfalen;05774032;Grüne;gru;2020.0;Kommunalwahlprogramm Gemeinde;Gemeinde;main_corpus_observation;pb20gru.txt;main;b3f92953bf7f4a0f6b7a32341659b8b987a963cbc05789d1e3ddb750eeacc13f;manual_2024_reference
USE-fe6b60deed70;DOC-d04636d1e107;GLMP-BDCA211C12;Paderborn;Nordrhein-Westfalen;05774032;SPD;spd;2020.0;Kommunalwahlprogramm Gemeinde;Gemeinde;main_corpus_observation;pb20spd.txt;main;d04636d1e107abc0e6222b5d4f5a12f1c02e4de12d2e1e98ee94af520b44c387;manual_2024_reference
USE-a4e1e102530a;DOC-2a95a801d95e;GLMP-D3C5601AFC;Paderborn;Nordrhein-Westfalen;05774032;Volt;vlt;2020.0;Kommunalwahlprogramm Gemeinde;Gemeinde;main_corpus_observation;pb20vlt.txt;main;2a95a801d95e10bce4384c7baadfe983caba7bad11bffaa5db5aa60d9eebf30a;manual_2024_reference
USE-5643b41615e8;DOC-47e21dffec34;GLMP-B7A26797FD;Recklinghausen;Nordrhein-Westfalen;05562032;CDU;cdu;2020.0;Kommunalwahlprogramm Gemeinde;Gemeinde;main_corpus_observation;re20cdu.txt;main;47e21dffec34d3b5c4186b9fbb0a5c4d29dbc83be9caaee3c5840375a6949d69;manual_2024_reference
USE-3d7b5cd1cdb0;DOC-6f89bfec8841;GLMP-B38639874B;Recklinghausen;Nordrhein-Westfalen;05562032;Die Holisten;phd;2020.0;Kommunalwahlprogramm Gemeinde;Gemeinde;main_corpus_observation;re20phd.txt;main;6f89bfec8841142b2dbe84d4a95f2d9294c6423e6bcdd8bbc4b02d6949fe40aa;manual_2024_reference
USE-a20664c1d167;DOC-9a67d98d8b86;GLMP-C557CCE56C;Recklinghausen;Nordrhein-Westfalen;05562032;FDP;fdp;2020.0;Kommunalwahlprogramm Gemeinde;Gemeinde;main_corpus_observation;re20fdp.txt;main;9a67d98d8b86932db72889600e66d488b8dffda3d15dff23b37fd63c0c6b9916;manual_2024_reference
USE-0274a4778899;DOC-e56084ca8a28;GLMP-B9D8390F0B;Recklinghausen;Nordrhein-Westfalen;05562032;Grüne;gru;2020.0;Kommunalwahlprogramm Gemeinde;Gemeinde;main_corpus_observation;re20gru.txt;main;e56084ca8a287fee89d3f6a32d5239e69a88c6ffa0950c5aaa8c7e01c5498ffd;manual_2024_reference
USE-8536ef8332a4;DOC-467a028681ce;GLMP-729344B346;Recklinghausen;Nordrhein-Westfalen;05562032;SPD;spd;2020.0;Kommunalwahlprogramm Gemeinde;Gemeinde;main_corpus_observation;re20spd.txt;main;467a028681ce14ff14b1127a0777615cba756207a58c21178b37bba945381b36;manual_2024_reference
USE-b818b017fd7b;DOC-837fdb55f3c0;GLMP-FB68EAA629;Recklinghausen;Nordrhein-Westfalen;05562032;Unabhängige-Bürger-Partei;ubp;2020.0;Kommunalwahlprogramm Gemeinde;Gemeinde;main_corpus_observation;re20ubp.txt;main;837fdb55f3c0ddc642232322a2ea8e34242b6a5e48862567d557f34be8950b32;manual_2024_reference
USE-2e5e3a068b8a;DOC-a57a28cf7d44;GLMP-8050C2340B;Regensburg;Bayern;09362000;Brücke – Ideen verbinden Menschen e.V.;brk;2020.0;Kommunalwahlprogramm Gemeinde;Gemeinde;main_corpus_observation;rg20brk.txt;main;a57a28cf7d44eff09455e819126f6c0a95f3f9093453f5dd2cc03a924b1c0c92;manual_2024_reference
USE-293eeb0ce6dc;DOC-13ba99511951;GLMP-D41CA0830F;Regensburg;Bayern;09362000;CSU;csu;2020.0;Kommunalwahlprogramm Gemeinde;Gemeinde;main_corpus_observation;rg20csu.txt;main;13ba9951195120e5ddfa96e8b6976e4d1bc39c7aec9382f4255ee455b6aec886;manual_2024_reference
USE-edf24b38f873;DOC-188eaf219878;GLMP-35FEBBE0D0;Regensburg;Bayern;09362000;Christiliche-Soziale Bürger;csb;2020.0;Kommunalwahlprogramm Gemeinde;Gemeinde;main_corpus_observation;rg20csb.txt;main;188eaf219878763b7ab1fda7a376bc6f87f6ced8a4b800a0f9d1ad0a31e5813d;manual_2024_reference
USE-bcf3f717cc71;DOC-c8e57e526525;GLMP-11A2280D5E;Regensburg;Bayern;09362000;Die Linke;lin;2020.0;Kommunalwahlprogramm Gemeinde;Gemeinde;main_corpus_observation;rg20lin.txt;main;c8e57e526525ba11e261fe225e45a747409f6614cc16aa02f9bdabaaa49e9afc;manual_2024_reference
USE-3553aa86577d;DOC-aec023408668;GLMP-2C0BF9E6CD;Regensburg;Bayern;09362000;Die Partei;par;2020.0;Kommunalwahlprogramm Gemeinde;Gemeinde;main_corpus_observation;rg20par.txt;main;aec023408668cedf1f988ed0b17eb6c79f3a0b949e11b8fc62e6f76351bd7f47;manual_2024_reference
USE-93f1828524ad;DOC-7cbe6727cbd9;GLMP-7A9452D433;Regensburg;Bayern;09362000;FDP;fdp;2020.0;Kommunalwahlprogramm Gemeinde;Gemeinde;main_corpus_observation;rg20fdp.txt;main;7cbe6727cbd9c155d13504b9864d5817b284eddc44dd4d716776d565dd749d47;manual_2024_reference
USE-9d3776f75969;DOC-6a97b6482645;GLMP-B106C9E6FA;Regensburg;Bayern;09362000;Freie Wähler;fwg;2020.0;Kommunalwahlprogramm Gemeinde;Gemeinde;main_corpus_observation;rg20fwg.txt;main;6a97b6482645da313718bd1bb86eae41586af94a0abfbb412d2d74d72b564f2f;manual_2024_reference
USE-9027b054b0cb;DOC-51449e8e184c;GLMP-30FB51FBA9;Regensburg;Bayern;09362000;Grüne;gru;2020.0;Kommunalwahlprogramm Gemeinde;Gemeinde;main_corpus_observation;rg20gru.txt;main;51449e8e184c69723712f8333129c84abb59f275a6c5b29c95a06e6cba8e8b99;manual_2024_reference
USE-8edc325dd5a7;DOC-cbd953b12464;GLMP-A08DDAAE7E;Regensburg;Bayern;09362000;SPD;spd;2020.0;Kommunalwahlprogramm Gemeinde;Gemeinde;main_corpus_observation;rg20spd.txt;main;cbd953b12464fd1cf8aa02d723bcdfdfedffc2b12ed60025eab1dd243aae5583;manual_2024_reference
USE-4656e5b29460;DOC-a8e44c0af606;GLMP-E7BF68D466;Regensburg;Bayern;09362000;Ökologisch-Demokratische Partei (ÖDP);odp;2020.0;Kommunalwahlprogramm Gemeinde;Gemeinde;main_corpus_observation;rg20odp.txt;main;a8e44c0af6061953401799ec644e918c538df2ba39487e185f5941da6b385d7a;manual_2024_reference
USE-1331aca05837;DOC-dcb32136c630;GLMP-E445B21E59;Remscheid;Nordrhein-Westfalen;05120000;CDU;cdu;2020.0;Kommunalwahlprogramm Gemeinde;Gemeinde;main_corpus_observation;rs20cdu.txt;main;dcb32136c630c424fe7dc20faf7da550df3b8cf65d648109673bf9b9c0ceae86;manual_2024_reference
USE-32e5f5934de9;DOC-0f60abb230a6;GLMP-1CEC44511D;Remscheid;Nordrhein-Westfalen;05120000;Die Linke;lin;2020.0;Kommunalwahlprogramm Gemeinde;Gemeinde;main_corpus_observation;rs20lin.txt;main;0f60abb230a6f7609b5341bc96882f4d72815048c4a75450f411a3476c8a22b3;manual_2024_reference
USE-21fdcbb26b6e;DOC-b45309b67362;GLMP-7213D1E2F1;Remscheid;Nordrhein-Westfalen;05120000;Echt Remscheid;ers;2020.0;Kommunalwahlprogramm Gemeinde;Gemeinde;main_corpus_observation;rs20ers.txt;main;b45309b673626af6c8335d218f93c58c0417f6a47d37fac6b5fc2256b6c9a510;manual_2024_reference
USE-3431b31de29b;DOC-8d8cfcb21f72;GLMP-4F2A0ABD8C;Remscheid;Nordrhein-Westfalen;05120000;FDP;fdp;2020.0;Kommunalwahlprogramm Gemeinde;Gemeinde;main_corpus_observation;rs20fdp.txt;main;8d8cfcb21f72a99d10379493af7b7e9616de70c9aebed4d1dd1b14f1ab3a7f57;manual_2024_reference
USE-962cb15c0243;DOC-f4c2528428fa;GLMP-8DF170FCFA;Remscheid;Nordrhein-Westfalen;05120000;Grüne;gru;2020.0;Kommunalwahlprogramm Gemeinde;Gemeinde;main_corpus_observation;rs20gru.txt;main;f4c2528428fa676690768978fdc16a6c51b6ecacab9746019ce044bb05e5ce51;manual_2024_reference
USE-110e1b6b4b52;DOC-70ef1c2f6bda;GLMP-B646AD1443;Remscheid;Nordrhein-Westfalen;05120000;SPD;spd;2020.0;Kommunalwahlprogramm Gemeinde;Gemeinde;main_corpus_observation;rs20spd.txt;main;70ef1c2f6bda38686a86cd4db0247abaee6d196a33b19600aa0509d30b48a071;manual_2024_reference
USE-5c479c4bd81c;DOC-c2d6cc2da83b;GLMP-83A3CF0524;Remscheid;Nordrhein-Westfalen;05120000;Wählergemeinschaft in Remscheid (W.i.R.);wir;2020.0;Kommunalwahlprogramm Gemeinde;Gemeinde;main_corpus_observation;rs20wir.txt;main;c2d6cc2da83b2a239502d0757292908f6484eba6465584c3879c3fe0eb754196;manual_2024_reference
USE-5f091861f146;DOC-313819a2ad48;GLMP-36350F590A;Siegen;Nordrhein-Westfalen;05970040;CDU;cdu;2020.0;Kommunalwahlprogramm Gemeinde;Gemeinde;main_corpus_observation;si20cdu.txt;main;313819a2ad485016a95a8f62423ad83b79956b30496672e9453a87d9235d7282;manual_2024_reference
USE-513175e930ad;DOC-bb8a445b0adf;GLMP-6B01EF1F50;Siegen;Nordrhein-Westfalen;05970040;Die Linke;lin;2020.0;Kommunalwahlprogramm Gemeinde;Gemeinde;main_corpus_observation;si20lin.txt;main;bb8a445b0adfc93c0f8db5d50eedf5ad25c454aa1a3114b3de940df6880230c2;manual_2024_reference
USE-8b69eb0057b7;DOC-2bc098e7bb9f;GLMP-1D7E571FFB;Siegen;Nordrhein-Westfalen;05970040;FDP;fdp;2020.0;Kommunalwahlprogramm Gemeinde;Gemeinde;main_corpus_observation;si20fdp.txt;main;2bc098e7bb9ff6b20efca42f627a81b04fbb2e06d9265c21e94af0e855b2f239;manual_2024_reference
USE-386a445d79e3;DOC-69ed71196cbb;GLMP-D1991BE4F6;Siegen;Nordrhein-Westfalen;05970040;Grüne;gru;2020.0;Kommunalwahlprogramm Gemeinde;Gemeinde;main_corpus_observation;si20gru.txt;main;69ed71196cbb652346d21938f4fad7386d3c77653136bcc069da094750111ca1;manual_2024_reference
USE-23e6251b0f0b;DOC-920de16da91f;GLMP-7839040100;Siegen;Nordrhein-Westfalen;05970040;SPD;spd;2020.0;Kommunalwahlprogramm Gemeinde;Gemeinde;main_corpus_observation;si20spd.txt;main;920de16da91f353d3afce6129cb7a395e41b312f2697a02320fa0ac01a222951;manual_2024_reference
USE-7092d090d2bd;DOC-bfd8f8a16b21;GLMP-9BFFA213F1;Siegen;Nordrhein-Westfalen;05970040;Volt;vlt;2020.0;Kommunalwahlprogramm Gemeinde;Gemeinde;main_corpus_observation;si20vlt.txt;main;bfd8f8a16b2167b75ec8ae7ce78bce9013f4685cfa44752d19b61fdc86eccc9d;manual_2024_reference
USE-d5f6ebfbd843;DOC-245ba40b3794;GLMP-804F2C2630;Solingen;Nordrhein-Westfalen;05122000;Alternative Bürgerinitiative (ABI);abi;2020.0;Kommunalwahlprogramm Gemeinde;Gemeinde;main_corpus_observation;sg20abi.txt;main;245ba40b3794d955b74e42af5948db96fccd9959b6cfb27da03a7da4750bc420;manual_2024_reference
USE-0af8157dc8fb;DOC-1869a16a888b;GLMP-E4531144AA;Solingen;Nordrhein-Westfalen;05122000;Alternative für Deutschland;afd;2020.0;Kommunalwahlprogramm Gemeinde;Gemeinde;main_corpus_observation;sg20afd.txt;main;1869a16a888b257d78ca745d34674475c5dcbefdd501253e08908aa4147e939c;manual_2024_reference
USE-9fd2d1afea06;DOC-17b36a41a9c2;GLMP-7E1E6B5804;Solingen;Nordrhein-Westfalen;05122000;CDU;cdu;2020.0;Kommunalwahlprogramm Gemeinde;Gemeinde;main_corpus_observation;sg20cdu.txt;main;17b36a41a9c263cfda5e9d50338fd4910facde869635469abd3a2d2a01b29110;manual_2024_reference
USE-0e52f7b027f1;DOC-a4712feab236;GLMP-CA8314B800;Solingen;Nordrhein-Westfalen;05122000;Die Linke;lin;2020.0;Kommunalwahlprogramm Gemeinde;Gemeinde;main_corpus_observation;sg20lin.txt;main;a4712feab2365e3d3e577558430eac078a45c6c6cb26de53de2d1a95034ac493;manual_2024_reference
USE-7caeaa5166ff;DOC-da487db9c72d;GLMP-0B04578AD0;Solingen;Nordrhein-Westfalen;05122000;Die Partei;par;2020.0;Kommunalwahlprogramm Gemeinde;Gemeinde;main_corpus_observation;sg20par.txt;main;da487db9c72db1aa6a7aaff47f991754d5439945212d0bd77e26424bfbb0bc6f;manual_2024_reference
USE-5856810aeb06;DOC-5871c69d67d5;GLMP-0E0C8478BD;Solingen;Nordrhein-Westfalen;05122000;FDP;fdp;2020.0;Kommunalwahlprogramm Gemeinde;Gemeinde;main_corpus_observation;sg20fdp.txt;main;5871c69d67d5f1e9c795124868dd09dfdd1492df80d61e3d9152cd56dca5d109;manual_2024_reference
USE-24de74fbea1f;DOC-6f2e29c77f79;GLMP-D70E3897B8;Solingen;Nordrhein-Westfalen;05122000;Freie Bürger Union;fbu;2020.0;Kommunalwahlprogramm Gemeinde;Gemeinde;main_corpus_observation;sg20fbu.txt;main;6f2e29c77f79a5845170b4c21037ee2350d655471650666bf171947496f23afb;manual_2024_reference
USE-ea4bf37e3253;DOC-d87459f178f1;GLMP-FC3171DE0E;Solingen;Nordrhein-Westfalen;05122000;Grüne;gru;2020.0;Kommunalwahlprogramm Gemeinde;Gemeinde;main_corpus_observation;sg20gru.txt;main;d87459f178f1e42bfaf4da0aedb08b9e4f739a2c82136be076f97bbe7ac1f8a3;manual_2024_reference
USE-3466bd21cf58;DOC-1990dfc91116;GLMP-12F45EEE1A;Solingen;Nordrhein-Westfalen;05122000;SPD;spd;2020.0;Kommunalwahlprogramm Gemeinde;Gemeinde;main_corpus_observation;sg20spd.txt;main;1990dfc9111607564c4f84ae1800211498169b7b804b9b4680e68fb4d5d00ac7;manual_2024_reference
USE-11c5d16e2c3a;DOC-e0c018814eaf;GLMP-F72E20F065;Solingen;Nordrhein-Westfalen;05122000;Solingen Aktiv;sla;2020.0;Kommunalwahlprogramm Gemeinde;Gemeinde;main_corpus_observation;sg20sla.txt;main;e0c018814eaf881cd251ce3a3516e969510042ceb0a6e08d48a482a2219b0b02;manual_2024_reference
USE-002ff477b455;DOC-ec53f7e80c8f;GLMP-C0AB7105B5;Wuerzburg;Bayern;09663000;Bürgerforum Würzburg;buf;2020.0;Kommunalwahlprogramm Gemeinde;Gemeinde;main_corpus_observation;wz20buf.txt;main;ec53f7e80c8f5589347a0161b6cb3bbc7f9b6d4dfdff65a91bccc940d5ea784a;manual_2024_reference
USE-62aa586792c6;DOC-107b4bde1b31;GLMP-5514846A78;Wuerzburg;Bayern;09663000;CSU;csu;2020.0;Kommunalwahlprogramm Gemeinde;Gemeinde;main_corpus_observation;wz20csu.txt;main;107b4bde1b31529ae42ad3023e9d177f3a61f30a46be0269c984304b65b03c0b;manual_2024_reference
USE-dc57fde47807;DOC-6454c82ee82b;GLMP-8661FD5B96;Wuerzburg;Bayern;09663000;FDP;fdp;2020.0;Kommunalwahlprogramm Gemeinde;Gemeinde;main_corpus_observation;wz20fdp.txt;main;6454c82ee82b648916d544093029c4053efc3dc654d3a004041a9831542a40b8;manual_2024_reference
USE-25c065051167;DOC-b026b6fb2136;GLMP-F208C55F5E;Wuerzburg;Bayern;09663000;Freie Wähler;fwg;2020.0;Kommunalwahlprogramm Gemeinde;Gemeinde;main_corpus_observation;wz20fwg.txt;main;b026b6fb213692acb59367f92cde68aafd93982fe119ff26e5a494f72cde8cf4;manual_2024_reference
USE-5163fc134cc9;DOC-b53c17b596b4;GLMP-0C035C93CB;Wuerzburg;Bayern;09663000;Grüne;gru;2020.0;Kommunalwahlprogramm Gemeinde;Gemeinde;main_corpus_observation;wz20gru.txt;main;b53c17b596b4a4fcc0fa71781000480239161a5ae785e4cc5f580f6668d678be;manual_2024_reference
USE-39026876c8f4;DOC-b2aaee07f7eb;GLMP-D5A67A0031;Wuerzburg;Bayern;09663000;SPD;spd;2020.0;Kommunalwahlprogramm Gemeinde;Gemeinde;main_corpus_observation;wz20spd.txt;main;b2aaee07f7ebd31b2e98c5dbcd2bd81301786a24d632239041ef251624ac67da;manual_2024_reference
USE-ba37a27a253f;DOC-218473d352c4;GLMP-68CD2634B7;Wuerzburg;Bayern;09663000;Würzburger Liste;wzl;2020.0;Kommunalwahlprogramm Gemeinde;Gemeinde;main_corpus_observation;wz20wzl.txt;main;218473d352c4bd6ee97716a15a5031d9059d1b1cd0a6a6cf8d7a59dc745e60aa;manual_2024_reference
USE-16f0bdb39064;DOC-2204f7f7ed33;GLMP-261D64E27E;Wuerzburg;Bayern;09663000;Zukunft für Würzburg;zfw;2020.0;Kommunalwahlprogramm Gemeinde;Gemeinde;main_corpus_observation;wz20zfw.txt;main;2204f7f7ed336eb892ae1d3a1d230f054a08a74cd4a0a8eb8be4f54cb1303434;manual_2024_reference
USE-14e241440543;DOC-c2bf7e692e51;GLMP-6C1DB9C5A8;Wuppertal;Nordrhein-Westfalen;05124000;Alternative für Deutschland;afd;2020.0;Kommunalwahlprogramm Gemeinde;Gemeinde;main_corpus_observation;wu20afd.txt;main;c2bf7e692e51c654bf50f3ac5ac06dffec531446d30b3d3fb4313f13133317dd;manual_2024_reference
USE-ac8526124e87;DOC-634a0327c23d;GLMP-270BEE5E36;Wuppertal;Nordrhein-Westfalen;05124000;CDU;cdu;2020.0;Kommunalwahlprogramm Gemeinde;Gemeinde;main_corpus_observation;wu20cdu.txt;main;634a0327c23da27530bfc4f8d88e61001cc4c25bed62169fa4f4602aa63c2ccf;manual_2024_reference
USE-c0d4fb3842a6;DOC-beae025e5f18;GLMP-F0E5DA94A8;Wuppertal;Nordrhein-Westfalen;05124000;Die Linke;lin;2020.0;Kommunalwahlprogramm Gemeinde;Gemeinde;main_corpus_observation;wu20lin.txt;main;beae025e5f1847f97f576f1bd190c6eeb9f9161c4f9da5935d59f435845fa49e;manual_2024_reference
USE-a85918cf5efd;DOC-c6ad90432f95;GLMP-16A0A4615F;Wuppertal;Nordrhein-Westfalen;05124000;FDP;fdp;2020.0;Kommunalwahlprogramm Gemeinde;Gemeinde;main_corpus_observation;wu20fdp.txt;main;c6ad90432f95a4c4fb9ba6dbbe75e71a0570f5a8a1b479970a2469460c3d3c4e;manual_2024_reference
USE-5484ef09de60;DOC-c2c46ab76169;GLMP-A50EE14216;Wuppertal;Nordrhein-Westfalen;05124000;Grüne;gru;2020.0;Kommunalwahlprogramm Gemeinde;Gemeinde;main_corpus_observation;wu20gru.txt;main;c2c46ab761697cc8f5f3002ff8e4146e31c488b8dea288219274ccb0669cae64;manual_2024_reference
USE-d134674b9e58;DOC-90cc21f99cda;GLMP-E9202F66EE;Wuppertal;Nordrhein-Westfalen;05124000;SPD;spd;2020.0;Kommunalwahlprogramm Gemeinde;Gemeinde;main_corpus_observation;wu20spd.txt;main;90cc21f99cda40fbb099f74094868280a69e569f7b93a86e9b441ea68b87ad64;manual_2024_reference
USE-3d652ef57c97;DOC-f877d5db241c;GLMP-6ADB336BBF;Wuppertal;Nordrhein-Westfalen;05124000;Wählergemeinschaft für Wuppertal;wfw;2020.0;Kommunalwahlprogramm Gemeinde;Gemeinde;main_corpus_observation;wu20wfw.txt;main;f877d5db241c8fef94e543672d57a7718c8e70a9b504023cc676b40e73622808;manual_2024_reference
USE-db73557dbb7a;DOC-e7293a237cec;GLMP-16F9C3197F;Aalen;Baden-Württemberg;08136088;AfD;;2024.0;Kommunalwahlprogramm Gemeinde;Gemeinde;main_corpus_observation;Aalen_AfD_2024.txt;main;e7293a237ceca7350678026dfa2619e20cf64530926b6c81ea7154ae5a02bcb7;local_cities_components
USE-5ea1ddf056d9;DOC-ca300124de3d;GLMP-1EE6A690DC;Aalen;Baden-Württemberg;08136088;CDU;cdu;2024.0;Kommunalwahlprogramm Gemeinde;Gemeinde;main_corpus_observation;Aalen_CDU_2024.txt;main;ca300124de3dea000abb66d39d9a898f321b3a43c72d42faf99d5ef9ff5dc45b;local_cities_components
USE-c84fa4977ab6;DOC-e3a444476ad7;GLMP-9642013419;Aalen;Baden-Württemberg;08136088;Freie Wähler;fwg;2024.0;Kommunalwahlprogramm Gemeinde;Gemeinde;main_corpus_observation;Aalen_Freie Wähler_2024.txt;main;e3a444476ad747d6f1cd19f88150f358a9899ccf2be0f819e81ca187f387ae47;local_cities_components
USE-1dbb0685ddc4;DOC-45e3649e8608;GLMP-91360F980E;Aalen;Baden-Württemberg;08136088;Grüne;gru;2024.0;Kommunalwahlprogramm Gemeinde;Gemeinde;main_corpus_observation;Aalen_Grüne_2024.txt;main;45e3649e8608fd50b1e5183b37ef6e105acccca6a8faedbe6bec513659252cc8;local_cities_components
USE-66efda284715;DOC-b570dd1010d9;GLMP-C6C0CB66DE;Aalen;Baden-Württemberg;08136088;SPD;spd;2024.0;Kommunalwahlprogramm Gemeinde;Gemeinde;main_corpus_observation;Aalen_SPD_2024.txt;main;b570dd1010d94b840fa418872887aa1786c3b6bf27e1102ecf6341126286ef3a;local_cities_components
USE-27cda0a2a758;DOC-73b0430cf98b;GLMP-EFAFA559B7;Altentreptow;Mecklenburg-Vorpommern;13071004;Altentreptower Wählergemeinschaft;;2024.0;Kommunalwahlprogramm Gemeinde;Gemeinde;main_corpus_observation;Altentreptow_Altentreptower Wählergemeinschaft_2024.txt;main;73b0430cf98b916b117f61a785f4b82c39a1ecd6b56baa5e5eede8e3aa2b29f1;local_cities_components
USE-e4fc9b0b4b39;DOC-b0c20b090365;GLMP-A4D415179A;Altentreptow;Mecklenburg-Vorpommern;13071004;CDU;cdu;2024.0;Kommunalwahlprogramm Gemeinde;Gemeinde;main_corpus_observation;Altentreptow_CDU_2024.txt;main;b0c20b0903652c8b49392476a0ee36eed7e4d5945f7aa1d4c57f50f659523fee;local_cities_components
USE-ea4223ab1fb4;DOC-7a16c52414be;GLMP-13BFCA51C6;Altentreptow;Mecklenburg-Vorpommern;13071004;SPD;spd;2024.0;Kommunalwahlprogramm Gemeinde;Gemeinde;main_corpus_observation;Altentreptow_SPD_2024.txt;main;7a16c52414bea4369aa29af07a4a074a3d3586c8f01396daa3808e599c055889;local_cities_components
USE-1da4b8a897f4;DOC-48c2dcf6c471;GLMP-877504185F;Alzey;Rheinland-Pfalz;07331003;AfD;;2024.0;Kommunalwahlprogramm Gemeinde;Gemeinde;main_corpus_observation;Alzey_AfD_2024.txt;main;48c2dcf6c4712faddaa4b2bf1fb33adc3d79a0b985e4e9721dc5d4c0aac31f01;local_cities_components
USE-c61a7efdbbad;DOC-f1a98b0f35b2;GLMP-D9BE4EBD9C;Alzey;Rheinland-Pfalz;07331003;CDU;cdu;2024.0;Kommunalwahlprogramm Gemeinde;Gemeinde;main_corpus_observation;Alzey_CDU_2024.txt;main;f1a98b0f35b2a9a0ef8825edee9ed1985e7f98fb41efde2810b1b6487d8f4658;local_cities_components
USE-01d3f8e306f6;DOC-74205198c8f5;GLMP-DA8E167829;Alzey;Rheinland-Pfalz;07331003;FDP;fdp;2024.0;Kommunalwahlprogramm Gemeinde;Gemeinde;main_corpus_observation;Alzey_FDP_2024.txt;main;74205198c8f578e423a67cc8ee08a83555f0225b5e2de9e81fd76e5dc1b12aa3;local_cities_components
USE-88fb8125265d;DOC-d41436a12163;GLMP-251F2BDFEC;Alzey;Rheinland-Pfalz;07331003;FWG;;2024.0;Kommunalwahlprogramm Gemeinde;Gemeinde;main_corpus_observation;Alzey_FWG_2024.txt;main;d41436a121639a356f76ab73e81e2765ec66bb1d6b528fbd5f7bfbdf57d6b9f5;local_cities_components
USE-7126c87f8747;DOC-dc0010286c15;GLMP-FBB2C7EF92;Alzey;Rheinland-Pfalz;07331003;Grüne;gru;2024.0;Kommunalwahlprogramm Gemeinde;Gemeinde;main_corpus_observation;Alzey_Grüne_2024.txt;main;dc0010286c15c4c7486149bf2d862a1b135165b1d83ea7e44027baf30e4f2afd;local_cities_components
USE-ca06e62cee82;DOC-d93817063b1c;GLMP-616C8A5250;Alzey;Rheinland-Pfalz;07331003;SPD;spd;2024.0;Kommunalwahlprogramm Gemeinde;Gemeinde;main_corpus_observation;Alzey_SPD_2024.txt;main;d93817063b1c0532cd578dda93ea0689941862b6363a8b844f5ecd4f46aa0b35;local_cities_components
USE-299b0d08adca;DOC-b15ae4fb7807;GLMP-FAD14E160B;Arnstadt;Thüringen;16070004;BürgerProjekt;;2024.0;Kommunalwahlprogramm Gemeinde;Gemeinde;main_corpus_observation;Arnstadt_BürgerProjekt_2024.txt;main;b15ae4fb7807926d0e857fc8a3c78805db5673972b13b93ddba5d23a5f362c5e;local_cities_components
USE-9ba880cf7abd;DOC-3b0fdc598b06;GLMP-6A289D2631;Arnstadt;Thüringen;16070004;CDU;cdu;2024.0;Kommunalwahlprogramm Gemeinde;Gemeinde;main_corpus_observation;Arnstadt_CDU_2024.txt;main;3b0fdc598b068115f93f547155ef766dee53a9089ce519e9e483bdced25db268;local_cities_components
USE-0a7ee96e0add;DOC-fa0d92446b72;GLMP-5EE895ACBC;Arnstadt;Thüringen;16070004;FDP;fdp;2024.0;Kommunalwahlprogramm Gemeinde;Gemeinde;main_corpus_observation;Arnstadt_FDP_2024.txt;main;fa0d92446b726c9c89cf53c145afd5a45fb2488039f504e01d7618f6693702ab;local_cities_components
USE-a2caf36aaf87;DOC-fc52ef9b11dd;GLMP-3D1834A200;Arnstadt;Thüringen;16070004;FWG;;2024.0;Kommunalwahlprogramm Gemeinde;Gemeinde;main_corpus_observation;Arnstadt_FWG_2024.txt;main;fc52ef9b11ddcafa296da4939b8e7a0483e629fd5ab411b172d0aed2325c3ff0;local_cities_components
USE-a0e119129fca;DOC-ef442bbec8e1;GLMP-5CF49E8891;Arnstadt;Thüringen;16070004;Grüne;gru;2024.0;Kommunalwahlprogramm Gemeinde;Gemeinde;main_corpus_observation;Arnstadt_Grüne_2024.txt;main;ef442bbec8e1cf43de28140f5c564589ab092ba7e2189877fdfa94051e6dd585;local_cities_components
USE-2c3cd8490c6e;DOC-1357f1409ea1;GLMP-3E38F294A9;Arnstadt;Thüringen;16070004;SPD;spd;2024.0;Kommunalwahlprogramm Gemeinde;Gemeinde;main_corpus_observation;Arnstadt_SPD_2024.txt;main;1357f1409ea1e645df6fb275128ea7500a8c6ce04d393a534d850dfdf8aed4d4;local_cities_components
USE-c244cb536cd8;DOC-27dc9e43d13a;GLMP-4BBC64BA9A;Bad Belzig;Brandenburg;12069020;Grüne;gru;2024.0;Kommunalwahlprogramm Gemeinde;Gemeinde;main_corpus_observation;Bad Belzig_Grüne_2024.txt;main;27dc9e43d13ae37c8b0a017872c39aa78dc1df2630363928855847da4a2644b5;local_cities_components
USE-8b2f5b6a8a10;DOC-5cef6b743b32;GLMP-7D20C06DCB;Bad Belzig;Brandenburg;12069020;Linke;;2024.0;Kommunalwahlprogramm Gemeinde;Gemeinde;main_corpus_observation;Bad Belzig_Linke_2024.txt;main;5cef6b743b3253353f16501fef70da75611bdc5101bcd22be2835b52db912c20;local_cities_components
USE-0edd5dbc564c;DOC-469dc04a29f2;GLMP-492C912630;Bad Belzig;Brandenburg;12069020;SPD;spd;2024.0;Kommunalwahlprogramm Gemeinde;Gemeinde;main_corpus_observation;Bad Belzig_SPD_2024.txt;main;469dc04a29f2d156693fe492148d526763ed92b33f22b7a53cc4b41635971161;local_cities_components
USE-31c6a598c07e;DOC-8da234c769fe;GLMP-D32E672FA0;Bad Dürrenberg;Sachsen-Anhalt;15088020;CDU;cdu;2024.0;Kommunalwahlprogramm Gemeinde;Gemeinde;main_corpus_observation;Bad Dürrenberg_CDU_2024.txt;main;8da234c769fefd80b2a0676d847f55e572a6c150ab050eace99d28f5592d9166;local_cities_components
USE-9d85a5ebfa6e;DOC-a7428a76b715;GLMP-7D836DD8F1;Bad Dürrenberg;Sachsen-Anhalt;15088020;FDP;fdp;2024.0;Kommunalwahlprogramm Gemeinde;Gemeinde;main_corpus_observation;Bad Dürrenberg_FDP_2024.txt;main;a7428a76b715556ce40496f5fdd366dbd0048b09704450d951060bfdc45c1c40;local_cities_components
USE-44c2528da554;DOC-631604ce7755;GLMP-063D62C168;Bad Dürrenberg;Sachsen-Anhalt;15088020;Grüne;gru;2024.0;Kommunalwahlprogramm Gemeinde;Gemeinde;main_corpus_observation;Bad Dürrenberg_Grüne_2024.txt;main;631604ce7755f9fa8c22f7ff81531b4194b8523b36f389edf286baaa99f737c4;local_cities_components
USE-c74d89db99dd;DOC-733cab037961;GLMP-7812CCDBF6;Bad Dürrenberg;Sachsen-Anhalt;15088020;SPD;spd;2024.0;Kommunalwahlprogramm Gemeinde;Gemeinde;main_corpus_observation;Bad Dürrenberg_SPD_2024.txt;main;733cab037961a51e033a18825a0fa9e822b5e4fdc6441fa7ea32dd7937048bcb;local_cities_components
USE-31204c542adb;DOC-dd30650bdd58;GLMP-B541A5F861;Bad Hönningen;Rheinland-Pfalz;07138004;CDU;cdu;2024.0;Kommunalwahlprogramm Gemeinde;Gemeinde;main_corpus_observation;Bad Hönningen_CDU_2024.txt;main;dd30650bdd5828ddca6c94501178bae477d0159e353d3ec0bbcf13f79204b7be;local_cities_components
USE-ebf9a4963338;DOC-6ae0d57e03a7;GLMP-F33B5A3CA0;Bad Hönningen;Rheinland-Pfalz;07138004;Grüne;gru;2024.0;Kommunalwahlprogramm Gemeinde;Gemeinde;main_corpus_observation;Bad Hönningen_Grüne_2024.txt;main;6ae0d57e03a74d08f91e4991b981ddcd9025946c4ea5fb151a329cff65249314;local_cities_components
USE-c7026a7ddcfd;DOC-49bbf850f415;GLMP-F782F2C63A;Bad Kreuznach;Rheinland-Pfalz;07133006;AfD;;2024.0;Kommunalwahlprogramm Gemeinde;Gemeinde;main_corpus_observation;Bad Kreuznach_AfD_2024.txt;main;49bbf850f415a633faac77465124d59ea163baecdc5adebcdcf07af0575e2944;local_cities_components
USE-906e5f08dade;DOC-6386803ab95c;GLMP-7EEB829E61;Bad Kreuznach;Rheinland-Pfalz;07133006;Bündnis für Bad Kreuznach;;2024.0;Kommunalwahlprogramm Gemeinde;Gemeinde;main_corpus_observation;Bad Kreuznach_Bündnis für Bad Kreuznach_2024.txt;main;6386803ab95cea10724b8af19eba8c4b7ad82c094ae6196857033b99962c8841;local_cities_components
USE-cd872613902b;DOC-55f02ed3aead;GLMP-A2EEEF12FB;Bad Kreuznach;Rheinland-Pfalz;07133006;CDU;cdu;2024.0;Kommunalwahlprogramm Gemeinde;Gemeinde;main_corpus_observation;Bad Kreuznach_CDU_2024.txt;main;55f02ed3aeadad9e8f1d53d7e17089ed2383d88dee334bd05ee31541f13a7f67;local_cities_components
USE-f38b5771a584;DOC-f5f4ef5b58e3;GLMP-746EB2C4EC;Bad Kreuznach;Rheinland-Pfalz;07133006;FDP;fdp;2024.0;Kommunalwahlprogramm Gemeinde;Gemeinde;main_corpus_observation;Bad Kreuznach_FDP_2024.txt;main;f5f4ef5b58e37039b9061f7fb8ae78e55869cd053e3a4628a6e3fe211e81074a;local_cities_components
USE-6927f3b419f9;DOC-bdb71c152445;GLMP-280229B354;Bad Kreuznach;Rheinland-Pfalz;07133006;Grüne;gru;2024.0;Kommunalwahlprogramm Gemeinde;Gemeinde;main_corpus_observation;Bad Kreuznach_Grüne_2024.txt;main;bdb71c1524455218c66fea9bdb373cd9f205f3df861055f3f228acf348a28207;local_cities_components
USE-93a1a18b8bbf;DOC-8b2a0aeb3efa;GLMP-60248378F7;Bad Kreuznach;Rheinland-Pfalz;07133006;Linke;;2024.0;Kommunalwahlprogramm Gemeinde;Gemeinde;main_corpus_observation;Bad Kreuznach_Linke_2024.txt;main;8b2a0aeb3efa8ef9989baef290026e6d59b571a024bd66b250f6407630adc8a9;local_cities_components
USE-50c449fa9574;DOC-ed3e6a5fcfd5;GLMP-C66BDAF0FF;Bad Kreuznach;Rheinland-Pfalz;07133006;Liste faires Bad Kreuznach;;2024.0;Kommunalwahlprogramm Gemeinde;Gemeinde;main_corpus_observation;Bad Kreuznach_Liste faires Bad Kreuznach_2024.txt;main;ed3e6a5fcfd5f9d7c1bf130b1cfa0576fc11ac0e322338b2a80610726a01d15a;local_cities_components
USE-5761445b0777;DOC-550f1b4491c4;GLMP-7015B40D4C;Bad Kreuznach;Rheinland-Pfalz;07133006;PBK;;2024.0;Kommunalwahlprogramm Gemeinde;Gemeinde;main_corpus_observation;Bad Kreuznach_PBK_2024.txt;main;550f1b4491c47053a826f80f89060ef7b5401a70414b954e0889be7dad0bfe96;local_cities_components
USE-3fc78b68891c;DOC-4eda5008a520;GLMP-014D47DA9B;Bad Kreuznach;Rheinland-Pfalz;07133006;SPD;spd;2024.0;Kommunalwahlprogramm Gemeinde;Gemeinde;main_corpus_observation;Bad Kreuznach_SPD_2024.txt;main;4eda5008a520cf91de0f83dc60e4a6b310c3e53649b7aa18aa9431c20780e613;local_cities_components
USE-8d457eb53988;DOC-78d033ab5155;GLMP-3095A9AD21;Bad Lausick;Sachsen;14729010;AfD;;2024.0;anderes kommunales Wahlprogramm;Landkreis und Gemeinden;main_corpus_observation;Bad Lausick_AfD_2024.txt;main;78d033ab515560d73bf7cfe372e52e1a696b4010e9b968eb3585810ac567e118;local_cities_components
USE-baa0f6acfcb1;DOC-bf706ea66dc5;GLMP-F39ED44583;Bad Lausick;Sachsen;14729010;CDU;cdu;2024.0;anderes kommunales Wahlprogramm;Landkreis und Gemeinden;main_corpus_observation;Bad Lausick_CDU_2024.txt;main;bf706ea66dc5be9237f1cda39acc29f24248f6638c9ec98ab03a500788e70f80;local_cities_components
USE-2cb108c9e424;DOC-44c563e5310f;GLMP-9B53F93FB6;Bad Lausick;Sachsen;14729010;Linke;;2024.0;anderes kommunales Wahlprogramm;Landkreis und Gemeinden;main_corpus_observation;Bad Lausick_Linke_2024.txt;main;44c563e5310f3d2772cd43658a6071cf54067c65600aecc365429b738759bd87;local_cities_components
USE-1f7300f672db;DOC-975447e0c546;GLMP-DC6768CDB0;Bad Lausick;Sachsen;14729010;SPD;spd;2024.0;Kommunalwahlprogramm Gemeinde;Gemeinde;main_corpus_observation;Bad Lausick_SPD_2024.txt;main;975447e0c546a83981c921a9fd36eecb648ddee67e9bb5e462d0350cf0802597;local_cities_components
USE-c684af77ccd0;DOC-f656f7558620;GLMP-740C8EBF5B;Bad Schönborn;Baden-Württemberg;08215100;CDU;cdu;2024.0;Kommunalwahlprogramm Gemeinde;Gemeinde;main_corpus_observation;Bad Schönborn_CDU_2024.txt;main;f656f7558620e122b80cab53c2e554f4b0ffedb4b687fd8ef4d9deafee046e65;local_cities_components
USE-b627c3af4632;DOC-949f87cbdc16;GLMP-5C47C45530;Bad Schönborn;Baden-Württemberg;08215100;FWG;;2024.0;Kommunalwahlprogramm Gemeinde;Gemeinde;main_corpus_observation;Bad Schönborn_FWG_2024.txt;main;949f87cbdc16a0c17eb9f12ad130ec51b1827f401fcf6c57330f6fd99401a6b0;local_cities_components
USE-41b7d445d792;DOC-f59a2c0269eb;GLMP-1D2CE719B2;Bad Schönborn;Baden-Württemberg;08215100;Grüne;gru;2024.0;Kommunalwahlprogramm Gemeinde;Gemeinde;main_corpus_observation;Bad Schönborn_Grüne_2024.txt;main;f59a2c0269ebdc18f4826e20e56a66053a9334021d48f548cabf133f0e8458db;local_cities_components
USE-8336240391ca;DOC-630f6d3aa824;GLMP-7DF0D500D8;Bad Schönborn;Baden-Württemberg;08215100;SPD;spd;2024.0;Kommunalwahlprogramm Gemeinde;Gemeinde;main_corpus_observation;Bad Schönborn_SPD_2024.txt;main;630f6d3aa824e179a0339d435e9e66419879cdf684fe98d79597b719e4c2bc87;local_cities_components
USE-7855ce28b6b4;DOC-ca5d4f1a0830;GLMP-4461D270B4;Baden-Baden;Baden-Württemberg;08211000;AfD;;2024.0;Kommunalwahlprogramm Gemeinde;Gemeinde;main_corpus_observation;Baden-Baden_AfD_2024.txt;main;ca5d4f1a083023a5913ef2f6e20823a898995c8d2c9c242e5fe3f2ebe47756bc;local_cities_components
USE-14869b31b9e3;DOC-f8810728b7b8;GLMP-0799F03F40;Baden-Baden;Baden-Württemberg;08211000;CDU;cdu;2024.0;Kommunalwahlprogramm Gemeinde;Gemeinde;main_corpus_observation;Baden-Baden_CDU_2024.txt;main;f8810728b7b82ff93efa34c2babd0bfea94d8ed4be07951defb17205c4d9c35b;local_cities_components
USE-a1b86aecf4fc;DOC-0216b1eae267;GLMP-380694C632;Baden-Baden;Baden-Württemberg;08211000;FBB;;2024.0;Kommunalwahlprogramm Gemeinde;Gemeinde;main_corpus_observation;Baden-Baden_FBB_2024.txt;main;0216b1eae2674252a7b730b4ec0583dca46aaae472bac6c49b1cddfec1a0ec69;local_cities_components
USE-7e6d3fc54d5c;DOC-b295af7cf5db;GLMP-21925BB29B;Baden-Baden;Baden-Württemberg;08211000;FDP;fdp;2024.0;Kommunalwahlprogramm Gemeinde;Gemeinde;main_corpus_observation;Baden-Baden_FDP_2024.txt;main;b295af7cf5dbbf1d2e8c10b671910e3992e598215ca0fa9571a44335ff420563;local_cities_components
USE-66d185b9579d;DOC-972853e07274;GLMP-DBB41ABEBE;Baden-Baden;Baden-Württemberg;08211000;Grüne;gru;2024.0;Kommunalwahlprogramm Gemeinde;Gemeinde;main_corpus_observation;Baden-Baden_Grüne_2024.txt;main;972853e072742989cb90bec25f146ea7221aa99bc85e72881428ade333db6a98;local_cities_components
USE-225e744f6aef;DOC-8f4c65b8c70a;GLMP-4C17CEDF8D;Baden-Baden;Baden-Württemberg;08211000;SPD;spd;2024.0;Kommunalwahlprogramm Gemeinde;Gemeinde;main_corpus_observation;Baden-Baden_SPD_2024.txt;main;8f4c65b8c70a39fa38f7249f63a2d265ff74e361cab320e310986eca42627471;local_cities_components
USE-95b940b1a219;DOC-ef9bd3f4abb1;GLMP-4CB5D6FFA1;Baiersbronn;Baden-Württemberg;08237004;AfD;;2024.0;Kommunalwahlprogramm Gemeinde;Gemeinde;main_corpus_observation;Baiersbronn_AfD_2024.txt;main;ef9bd3f4abb1dd309fbae3b73d5c74ed45c7a4485cd688e9a143ed221fa1ec41;local_cities_components
USE-a77c4a71d74a;DOC-f27d58dac75c;GLMP-6852433D02;Baiersbronn;Baden-Württemberg;08237004;BUB;;2024.0;Kommunalwahlprogramm Gemeinde;Gemeinde;main_corpus_observation;Baiersbronn_BUB_2024.txt;main;f27d58dac75ca976954154d27f9a1f7ace886a9c202add8719595291bbaa8d15;local_cities_components
USE-782126c399d8;DOC-f828eeb11e9b;GLMP-483F869580;Baiersbronn;Baden-Württemberg;08237004;CDU;cdu;2024.0;anderes kommunales Wahlprogramm;Landkreis;main_corpus_observation;Baiersbronn_CDU_2024.txt;main;f828eeb11e9bbb59d21fa4d0b0070a5e06c094d4cafd5216e15b0e0be4d53299;local_cities_components
USE-3547c6f06da4;DOC-8487e8257c08;GLMP-5B84FAA1C8;Baiersbronn;Baden-Württemberg;08237004;FDP;fdp;2024.0;Kommunalwahlprogramm Gemeinde;Gemeinde;main_corpus_observation;Baiersbronn_FDP_2024.txt;main;8487e8257c08b7642502617200104acaf38b14143dabd7eb81d05740be5a8a6f;local_cities_components
USE-f4ffa92d65ff;DOC-411c8d7288c8;GLMP-2B87818B4E;Baiersbronn;Baden-Württemberg;08237004;FWG;;2024.0;Kommunalwahlprogramm Gemeinde;Gemeinde;main_corpus_observation;Baiersbronn_FWG_2024.txt;main;411c8d7288c8615957e55d794f0db6bf5152b3db666de4dfbe2954a8cabd472a;local_cities_components
USE-03a19d2a9f19;DOC-c9cb0044b137;GLMP-271441C02B;Barleben;Sachsen-Anhalt;15083040;AfD;;2024.0;Kommunalwahlprogramm Gemeinde;Gemeinde;main_corpus_observation;Barleben_AfD_2024.txt;main;c9cb0044b137ac87a426468e1996665db32fc276d36e4d2c1ea1557d864821b0;local_cities_components
USE-c0efb9638035;DOC-64e81b2b2e20;GLMP-90F8AD5719;Barleben;Sachsen-Anhalt;15083040;CDU;cdu;2024.0;Kommunalwahlprogramm Gemeinde;Gemeinde;main_corpus_observation;Barleben_CDU_2024.txt;main;64e81b2b2e20f4f12ebe343eb83ef31c07b1c86789033173bd7255d2b27b7fc7;local_cities_components
USE-d05dd93d1fda;DOC-ede147b39df2;GLMP-BB41656754;Barleben;Sachsen-Anhalt;15083040;FWG;;2024.0;Kommunalwahlprogramm Gemeinde;Gemeinde;main_corpus_observation;Barleben_FWG_2024.txt;main;ede147b39df20949b1e40ef6d39ea26b5f724bb70542304aeb824b07bd244e1d;local_cities_components
USE-a7a123bff7b2;DOC-0fb410a301ef;GLMP-3AEB30586D;Barleben;Sachsen-Anhalt;15083040;Linke;;2024.0;anderes kommunales Wahlprogramm;Landkreis und Gemeinden;main_corpus_observation;Barleben_Linke_2024.txt;main;0fb410a301efa6936481e6be23ae0385d96739cf2068d74923a7fbeca93bc703;local_cities_components
USE-bac7d5e6ea99;DOC-dab998b2b8c5;GLMP-50D9D7EEE6;Barleben;Sachsen-Anhalt;15083040;SPD;spd;2024.0;Kommunalwahlprogramm Gemeinde;Gemeinde;main_corpus_observation;Barleben_SPD_2024.txt;main;dab998b2b8c550c9fc1f655784c67967fb9231516209a5dc1ba5f2849a6e81d7;local_cities_components
USE-d97dd19218b2;DOC-1c7da51ba2a7;GLMP-9C305BBA15;Beelitz;Brandenburg;12069017;BPB;;2024.0;Kommunalwahlprogramm Gemeinde;Gemeinde;main_corpus_observation;Beelitz_BPB_2024.txt;main;1c7da51ba2a79e771ae49ea633201e62c75b7c8f1e0a9486fbb49dad63aa21e4;local_cities_components
USE-4d3b366f31a0;DOC-39430fe68d72;GLMP-6D031B8496;Beelitz;Brandenburg;12069017;CDU;cdu;2024.0;Kommunalwahlprogramm Gemeinde;Gemeinde;main_corpus_observation;Beelitz_CDU_2024.txt;main;39430fe68d72abcacefac725c4d75eda189270943a2af2fbeeb19e7afe66b701;local_cities_components
USE-e7f6dc8bc970;DOC-c79fb6ffe983;GLMP-374018326D;Beelitz;Brandenburg;12069017;FDP;fdp;2024.0;anderes kommunales Wahlprogramm;Landkreis;main_corpus_observation;Beelitz_FDP_2024.txt;main;c79fb6ffe983d460cf9bd608fc9b164472a8adb4ce397481b741372d2691e852;local_cities_components
USE-c8ac3d10243a;DOC-ed6c5a7a17b7;GLMP-9F36870B02;Beelitz;Brandenburg;12069017;Grüne;gru;2024.0;Kommunalwahlprogramm Gemeinde;Gemeinde;main_corpus_observation;Beelitz_Grüne_2024.txt;main;ed6c5a7a17b787dfe67ed2320a93f54ad2c3b344a9ad1161382714fe649dfafb;local_cities_components
USE-64efaf631f0d;DOC-a6bd212e7854;GLMP-68D48B6AE9;Beelitz;Brandenburg;12069017;UKB;;2024.0;Kommunalwahlprogramm Gemeinde;Gemeinde;main_corpus_observation;Beelitz_UKB_2024.txt;main;a6bd212e78544dd4aebf98b7e3b4deaa5fed005af3e45a9198b9705e5bda6a06;local_cities_components
USE-0c58825bab86;DOC-6fd383fe7155;GLMP-A468981345;Bernau bei Berlin;Brandenburg;12060020;CDU;cdu;2024.0;Kommunalwahlprogramm Gemeinde;Gemeinde;main_corpus_observation;Bernau bei Berlin_CDU_2024.txt;main;6fd383fe7155227a8b65df2c4db8a15a39c32955b1a4d33519dfa862ed63b600;local_cities_components
USE-aa94e951816c;DOC-e59af1b42f63;GLMP-C01FB588ED;Bernau bei Berlin;Brandenburg;12060020;Grüne;gru;2024.0;Kommunalwahlprogramm Gemeinde;Gemeinde;main_corpus_observation;Bernau bei Berlin_Grüne_2024.txt;main;e59af1b42f631cbce17039693dded0578bc0d14d9595d8adda2a117c98dc62af;local_cities_components
USE-55215c8eaf68;DOC-a0b9a3cd5b70;GLMP-86FC15CF89;Bernau bei Berlin;Brandenburg;12060020;Linke;;2024.0;Kommunalwahlprogramm Gemeinde;Gemeinde;main_corpus_observation;Bernau bei Berlin_Linke_2024.txt;main;a0b9a3cd5b709d96d81452b98afcc3959e1f9d19152f7f1c79452e9d6d26ca40;local_cities_components
USE-b5b6661209f7;DOC-2d7029ab71f8;GLMP-DB71E2B6B6;Bernau bei Berlin;Brandenburg;12060020;SPD;spd;2024.0;Kommunalwahlprogramm Gemeinde;Gemeinde;main_corpus_observation;Bernau bei Berlin_SPD_2024.txt;main;2d7029ab71f8de58d29b2cccc187158ad87827724b29a257ad069d356657b3f3;local_cities_components
USE-7ff8cf77b780;DOC-2f992ecedbca;GLMP-FD4B64A9A5;Biederitz;Sachsen-Anhalt;15086005;Grüne;gru;2024.0;Kommunalwahlprogramm Gemeinde;Gemeinde;main_corpus_observation;Biederitz_Grüne_2024.txt;main;2f992ecedbca9bed80984227ae7b34a00afa6264184435d1be4231ecfca9ec4b;local_cities_components
USE-160a2dc1d1d1;DOC-ce1d58bbacef;GLMP-F9C33ACE69;Bismark;Sachsen-Anhalt;15090070;SPD;spd;2024.0;Kommunalwahlprogramm Gemeinde;Gemeinde;main_corpus_observation;Bismark_SPD_2024.txt;main;ce1d58bbacef5774cb1f74a9d06030da334a39dab401e14e37393738879266e3;local_cities_components
USE-db7635f0fd24;DOC-79097a8828ab;GLMP-08C8192D8E;Blumberg;Baden-Württemberg;08326005;Freie Liste;;2024.0;Kommunalwahlprogramm Gemeinde;Gemeinde;main_corpus_observation;Blumberg_Freie Liste_2024.txt;main;79097a8828abb470ab131ff3dbb9099439c4a54994894ae5875a25daa4d2899a;local_cities_components
USE-2449bd0bd53f;DOC-1461e1bdfc96;GLMP-F29E7A66A0;Boppard;Rheinland-Pfalz;07140501;Grüne;gru;2024.0;Kommunalwahlprogramm Gemeinde;Gemeinde;main_corpus_observation;Boppard_Grüne_2024.txt;main;1461e1bdfc960f025c7428d51c4572c37e8e336c26591058e681d78eabdaf61e;local_cities_components
USE-c665fa46dc1a;DOC-6f4be9471379;GLMP-5436CF76CD;Boppard;Rheinland-Pfalz;07140501;SPD;spd;2024.0;Kommunalwahlprogramm Gemeinde;Gemeinde;main_corpus_observation;Boppard_SPD_2024.txt;main;6f4be94713797d086df697609f02f7b0bbca0ceb3cd0acfc58ba3d325296826d;local_cities_components
USE-32d0d1b5ddbd;DOC-8a642e001898;GLMP-8735F72466;Brandenburg an der Havel;Brandenburg;12051000;Bürger für Frieden, Vernunft und Gerechtigkeit;;2024.0;Kommunalwahlprogramm Gemeinde;Gemeinde;main_corpus_observation;Brandenburg an der Havel_Bürger für Frieden, Vernunft und Gerechtigkeit_2024.txt;main;8a642e001898963685ddb14d470659bd5fb0fc6ee90f4f0c42a9a34d0a12029f;local_cities_components
USE-88fbe4335890;DOC-0e98c003a5d9;GLMP-471D02C363;Brandenburg an der Havel;Brandenburg;12051000;CDU;cdu;2024.0;Kommunalwahlprogramm Gemeinde;Gemeinde;main_corpus_observation;Brandenburg an der Havel_CDU_2024.txt;main;0e98c003a5d9fb119514205672371d4627909326acd28bef12240a1c6fec129f;local_cities_components
USE-01f421c7163b;DOC-75c04f7ad438;GLMP-36F6C1A98A;Brandenburg an der Havel;Brandenburg;12051000;FDP;fdp;2024.0;Kommunalwahlprogramm Gemeinde;Gemeinde;main_corpus_observation;Brandenburg an der Havel_FDP_2024.txt;main;75c04f7ad4380647b44e4db8f99f994cbebf00f43745b095f1378b8170d6b5e6;local_cities_components
USE-8eeae89756f9;DOC-d248ca5b811a;GLMP-409473BF78;Brandenburg an der Havel;Brandenburg;12051000;FWG;;2024.0;Kommunalwahlprogramm Gemeinde;Gemeinde;main_corpus_observation;Brandenburg an der Havel_FWG_2024.txt;main;d248ca5b811a068fbb6db853414c7088ce921669e683e27e49353dc918a53c48;local_cities_components
USE-f33d3d406dab;DOC-c163804fb5a3;GLMP-D5E7DE6BFB;Brandenburg an der Havel;Brandenburg;12051000;Grüne;gru;2024.0;Kommunalwahlprogramm Gemeinde;Gemeinde;main_corpus_observation;Brandenburg an der Havel_Grüne_2024.txt;main;c163804fb5a37b58a900435d2535fd15947d8afca4f54ea5732e6eb0cddc97d6;local_cities_components
USE-7d378218a276;DOC-b610b9022c7e;GLMP-AAF3F9156C;Brandenburg an der Havel;Brandenburg;12051000;Linke;;2024.0;Kommunalwahlprogramm Gemeinde;Gemeinde;main_corpus_observation;Brandenburg an der Havel_Linke_2024.txt;main;b610b9022c7ec1d4bcb3fca21f8c10e21bb8c319c628d1fcbdaeb4bf4166cfab;local_cities_components
USE-0e8814949818;DOC-806c2b6a9152;GLMP-09FD8A2A4C;Brandenburg an der Havel;Brandenburg;12051000;SPD;spd;2024.0;Kommunalwahlprogramm Gemeinde;Gemeinde;main_corpus_observation;Brandenburg an der Havel_SPD_2024.txt;main;806c2b6a91527c51844b83631c8cf88bbb30b13e67d795dc8417aa4f09f1ba02;local_cities_components
USE-8c290010457e;DOC-30290c652b61;GLMP-AE8560B857;Brieselang;Brandenburg;12063036;AfD;;2024.0;anderes kommunales Wahlprogramm;Landkreis und Gemeinden;main_corpus_observation;Brieselang_AfD_2024.txt;main;30290c652b61991706247277856e3d35271ac669959eec3a0aa2b66865bd646d;local_cities_components
USE-b68f7f11d080;DOC-72bc11571465;GLMP-F90F16E6D5;Brieselang;Brandenburg;12063036;BFB;;2024.0;Kommunalwahlprogramm Gemeinde;Gemeinde;main_corpus_observation;Brieselang_BFB_2024.txt;main;72bc11571465ef831fa0aed8497002762376400f9b0bfcaf9c3ea753b57577fe;local_cities_components
USE-5b0155875b73;DOC-200c48c4f898;GLMP-4A8BDBB548;Brieselang;Brandenburg;12063036;CDU;cdu;2024.0;Kommunalwahlprogramm Gemeinde;Gemeinde;main_corpus_observation;Brieselang_CDU_2024.txt;main;200c48c4f898cf1ece677b69b3e3a6d5460f32ba52812280adc734026cfd46be;local_cities_components
USE-35a0175ac3d3;DOC-913b206b06bf;GLMP-2B08EBEFEE;Brieselang;Brandenburg;12063036;FDP;fdp;2024.0;Kommunalwahlprogramm Gemeinde;Gemeinde;main_corpus_observation;Brieselang_FDP_2024.txt;main;913b206b06bf829628bef84a1503aab0c48705d1e25292bcd8bd76dfceb4bbf3;local_cities_components
USE-2d3b7b335042;DOC-ce3c99b4fb66;GLMP-3731690014;Brieselang;Brandenburg;12063036;Grüne;gru;2024.0;Kommunalwahlprogramm Gemeinde;Gemeinde;main_corpus_observation;Brieselang_Grüne_2024.txt;main;ce3c99b4fb66d17c49b9f7e5bc175ff4868664fc0d6d0b72f5716e8c38c52613;local_cities_components
USE-bdb58e67ce44;DOC-57fd5e125a6f;GLMP-43182F0737;Brieselang;Brandenburg;12063036;Linke;;2024.0;Kommunalwahlprogramm Gemeinde;Gemeinde;main_corpus_observation;Brieselang_Linke_2024.txt;main;57fd5e125a6f3041233ffd265fb4d4a2f2e351975656d3b6e2a9233c6f406031;local_cities_components
USE-4ea6a005d278;DOC-f4b2cbb0929b;GLMP-74D7594CEB;Brieselang;Brandenburg;12063036;SPD;spd;2024.0;Kommunalwahlprogramm Gemeinde;Gemeinde;main_corpus_observation;Brieselang_SPD_2024.txt;main;f4b2cbb0929b27589cba080b339bf0af9c80f3e02b8906211084102ecae57b30;local_cities_components
USE-59c0af52be76;DOC-22e36c4dfae6;GLMP-9B57E5B911;Böblingen;Baden-Württemberg;08115003;BfB;;2024.0;Kommunalwahlprogramm Gemeinde;Gemeinde;main_corpus_observation;Böblingen_BfB_2024.txt;main;22e36c4dfae648828043c75bf59583447d55e7b019a17c05a96df11e555e8234;local_cities_components
USE-8cb9a9491812;DOC-573918205312;GLMP-2B96E78B42;Böblingen;Baden-Württemberg;08115003;CDU;cdu;2024.0;Kommunalwahlprogramm Gemeinde;Gemeinde;main_corpus_observation;Böblingen_CDU_2024.txt;main;57391820531249719fbde0fb04246e87744f14400f17c45bfe4c9b2c2d644f05;local_cities_components
USE-18927116eadb;DOC-f5195d4d459d;GLMP-6271B9EF98;Böblingen;Baden-Württemberg;08115003;FWG;;2024.0;Kommunalwahlprogramm Gemeinde;Gemeinde;main_corpus_observation;Böblingen_FWG_2024.txt;main;f5195d4d459dd41f33e55e587bc2af27c372e852f1429e763c904e09fa01835e;local_cities_components
USE-cdc6fd945deb;DOC-dd76ded91025;GLMP-F812B1BB14;Böblingen;Baden-Württemberg;08115003;Grüne;gru;2024.0;Kommunalwahlprogramm Gemeinde;Gemeinde;main_corpus_observation;Böblingen_Grüne_2024.txt;main;dd76ded910251e0532c5555b0627563cc1283d202744625ec512d7190680ad25;local_cities_components
USE-83c34367cfbf;DOC-0f2d7d93b593;GLMP-DEDF32F044;Böblingen;Baden-Württemberg;08115003;Linke;;2024.0;Kommunalwahlprogramm Gemeinde;Gemeinde;main_corpus_observation;Böblingen_Linke_2024.txt;main;0f2d7d93b593879c7e83ffc47a920a89be79d4bd281918ce6efdcecf2f2cfe23;local_cities_components
USE-999ff4c3fc0b;DOC-3543408a538e;GLMP-11C713542C;Böblingen;Baden-Württemberg;08115003;SPD;spd;2024.0;Kommunalwahlprogramm Gemeinde;Gemeinde;main_corpus_observation;Böblingen_SPD_2024.txt;main;3543408a538ee229d82a786a0c284f5b014a32f88973c7a32ce2ae6356172f40;local_cities_components
USE-e087e967551c;DOC-d63dbc527ca1;GLMP-3ACF58A635;Bützow;Mecklenburg-Vorpommern;13072020;CDU;cdu;2024.0;anderes kommunales Wahlprogramm;Landkreis und Gemeinden;main_corpus_observation;Bützow_CDU_2024.txt;main;d63dbc527ca1e25ec013392f2e65457152835ca43702a829d3183ed26ec40619;local_cities_components
USE-8368f09598e1;DOC-a54b8a6a1829;GLMP-AC44E002DD;Bützow;Mecklenburg-Vorpommern;13072020;Linke;;2024.0;anderes kommunales Wahlprogramm;Landkreis;main_corpus_observation;Bützow_Linke_2024.txt;main;a54b8a6a18290b794750bbeea350f7468e4b43b36e883160d503a378482da34e;local_cities_components
USE-745b134a9029;DOC-97b6334f9a26;GLMP-E56A6EE749;Bützow;Mecklenburg-Vorpommern;13072020;SPD;spd;2024.0;Kommunalwahlprogramm Gemeinde;Gemeinde;main_corpus_observation;Bützow_SPD_2024.txt;main;97b6334f9a2668ddfd6803020e0656a52afd24c05152fd4272bd223d290d8083;local_cities_components
USE-a036673c678c;DOC-2f0cf37b214c;GLMP-65C5458837;Calbe (Saale);Sachsen-Anhalt;15089055;SPD;spd;2024.0;Kommunalwahlprogramm Gemeinde;Gemeinde;main_corpus_observation;Calbe (Saale)_SPD_2024.txt;main;2f0cf37b214c87e601f9973462c867ae33a7fc78406077fd803e9978cafe9161;local_cities_components
USE-bc028c4c5e4c;DOC-ca6b824c768c;GLMP-168A055875;Chemnitz;Sachsen;14511000;AfD;;2024.0;Kommunalwahlprogramm Gemeinde;Gemeinde;main_corpus_observation;Chemnitz_AfD_2024.txt;main;ca6b824c768cbc9da8ce9ea795a2291321a80287f0e63288b28aeebe611c80da;local_cities_components
USE-99485fbb4fe0;DOC-4f667969f84c;GLMP-C7536E003F;Chemnitz;Sachsen;14511000;BBS;;2024.0;Kommunalwahlprogramm Gemeinde;Gemeinde;main_corpus_observation;Chemnitz_BBS_2024.txt;main;4f667969f84c52b0467d15ebc2869598e9c01a77e250bd71c43001de467d3824;local_cities_components
USE-5be93de16f80;DOC-7a62b2fe3fc5;GLMP-8EFDB78FE2;Chemnitz;Sachsen;14511000;BSW;;2024.0;Kommunalwahlprogramm Gemeinde;Gemeinde;main_corpus_observation;Chemnitz_BSW_2024.txt;main;7a62b2fe3fc59ff1240e502745076a8f870a41c667eaf09453671b4603e3b151;local_cities_components
USE-29ec786ced1d;DOC-203fa26a7419;GLMP-F23052C1A6;Chemnitz;Sachsen;14511000;CDU;cdu;2024.0;Kommunalwahlprogramm Gemeinde;Gemeinde;main_corpus_observation;Chemnitz_CDU_2024.txt;main;203fa26a7419ff29ac22e1018a746c6da625020a86270f63a1a04af4538c553f;local_cities_components
USE-574b5031dc28;DOC-c14253999ecc;GLMP-266A97F48A;Chemnitz;Sachsen;14511000;Die Partei;par;2024.0;Kommunalwahlprogramm Gemeinde;Gemeinde;main_corpus_observation;Chemnitz_Die Partei_2024.txt;main;c14253999ecce3ab09c074b2bcb0ba9de0ab883737e5be8d4c1df305b774fcea;local_cities_components
USE-5c479c35f7e9;DOC-17a5426fbd92;GLMP-DBDBF57707;Chemnitz;Sachsen;14511000;FDP;fdp;2024.0;Kommunalwahlprogramm Gemeinde;Gemeinde;main_corpus_observation;Chemnitz_FDP_2024.txt;main;17a5426fbd92034f3c08c55b0bde2e2c2908c95ae7a1d0b05290a0e1466decad;local_cities_components
USE-6eaf73ee3a22;DOC-d5536b327e69;GLMP-0A9294EF80;Chemnitz;Sachsen;14511000;Grüne;gru;2024.0;Kommunalwahlprogramm Gemeinde;Gemeinde;main_corpus_observation;Chemnitz_Grüne_2024.txt;main;d5536b327e695bf6c57897ea5e2649ca227e9bcbb64d8b9e34e1820abd60bf5c;local_cities_components
USE-4626e0742f4c;DOC-83dfce4f97bc;GLMP-A04B383DE0;Chemnitz;Sachsen;14511000;Linke;;2024.0;Kommunalwahlprogramm Gemeinde;Gemeinde;main_corpus_observation;Chemnitz_Linke_2024.txt;main;83dfce4f97bcac441c36f8a02f76b3709a89d4dd1e560cb246082df80aaf08df;local_cities_components
USE-8d25ab5a582f;DOC-4d21cfb70f72;GLMP-FBA70ED7E2;Chemnitz;Sachsen;14511000;SPD;spd;2024.0;Kommunalwahlprogramm Gemeinde;Gemeinde;main_corpus_observation;Chemnitz_SPD_2024.txt;main;4d21cfb70f7208ae56d589477226bd0d3ce78555738937940a8567cfbf6ea319;local_cities_components
USE-9e0d9e215010;DOC-88845fdca43d;GLMP-44048C83BD;Cottbus;Brandenburg;12052000;AfD;;2024.0;Kommunalwahlprogramm Gemeinde;Gemeinde;main_corpus_observation;Cottbus_AfD_2024.txt;main;88845fdca43dbd02c31280e9ced7c9b2c9260315204c32c4c2ab4d9babec0a93;local_cities_components
USE-32dbe1368769;DOC-882d2a86e688;GLMP-ABA96B0AA4;Cottbus;Brandenburg;12052000;CDU;cdu;2024.0;Kommunalwahlprogramm Gemeinde;Gemeinde;main_corpus_observation;Cottbus_CDU_2024.txt;main;882d2a86e688d1d42d899a908f633094da59a90f8a78808b6b20e9e043cf15e5;local_cities_components
USE-c6888ee7cea8;DOC-5522c3e9718b;GLMP-766997A84E;Cottbus;Brandenburg;12052000;FDP;fdp;2024.0;Kommunalwahlprogramm Gemeinde;Gemeinde;main_corpus_observation;Cottbus_FDP_2024.txt;main;5522c3e9718b4a96f48753368ab8e1170b548559c4668e7578af8d275839b4c2;local_cities_components
USE-afd6c466f823;DOC-6fd64a9e67d0;GLMP-B8E92880D1;Cottbus;Brandenburg;12052000;FWG;;2024.0;Kommunalwahlprogramm Gemeinde;Gemeinde;main_corpus_observation;Cottbus_FWG_2024.txt;main;6fd64a9e67d0460498480ede6b440a0ece2c6de854b3c043e6473d4faa7c2d21;local_cities_components
USE-1fdc2ffc6ef9;DOC-2c14c6203c29;GLMP-EFF5399A16;Cottbus;Brandenburg;12052000;Grüne;gru;2024.0;Kommunalwahlprogramm Gemeinde;Gemeinde;main_corpus_observation;Cottbus_Grüne_2024.txt;main;2c14c6203c29edf11925eae02b45f81effbbd2b5c88607b1152ebd9b85aa64cd;local_cities_components
USE-5e96c71e90c8;DOC-ffe854f076f6;GLMP-347679D1E8;Cottbus;Brandenburg;12052000;Linke;;2024.0;Kommunalwahlprogramm Gemeinde;Gemeinde;main_corpus_observation;Cottbus_Linke_2024.txt;main;ffe854f076f678ba294284ad278a0f1c92b7d55812b644242ac5ca62e1e01d77;local_cities_components
USE-0357786ac2d5;DOC-b78b8e2afcaa;GLMP-61AEDAF3E5;Cottbus;Brandenburg;12052000;SPD;spd;2024.0;Kommunalwahlprogramm Gemeinde;Gemeinde;main_corpus_observation;Cottbus_SPD_2024.txt;main;b78b8e2afcaaa03dad6cef61bbe716b3719ba413d27804d47dd35f63698205da;local_cities_components
USE-e474ceeffada;DOC-13092a1e63c1;GLMP-A40AE8FEB5;Dessau-Roßlau;Sachsen-Anhalt;15001000;AfD;;2024.0;Kommunalwahlprogramm Gemeinde;Gemeinde;main_corpus_observation;Dessau-Roßlau_AfD_2024.txt;main;13092a1e63c140101577973403bf5131ee9fd9b3497cd02b1a58096ccd9f06a6;local_cities_components
USE-4f298219320b;DOC-c4f22478ba20;GLMP-E099A70799;Dessau-Roßlau;Sachsen-Anhalt;15001000;CDU;cdu;2024.0;Kommunalwahlprogramm Gemeinde;Gemeinde;main_corpus_observation;Dessau-Roßlau_CDU_2024.txt;main;c4f22478ba209e5bcec0ea45a9dad217fae7702cf440baaaa17bd1d84388b050;local_cities_components
USE-6859823cb046;DOC-df364ec7b771;GLMP-4D708CA39F;Dessau-Roßlau;Sachsen-Anhalt;15001000;FDP;fdp;2024.0;Kommunalwahlprogramm Gemeinde;Gemeinde;main_corpus_observation;Dessau-Roßlau_FDP_2024.txt;main;df364ec7b771df26c32f7fa2dfa394cdadee806401d304eaa9b77f298030ea22;local_cities_components
USE-3194a75bf057;DOC-7e9b83b66c51;GLMP-7F7ECEB156;Dessau-Roßlau;Sachsen-Anhalt;15001000;Forum-Bürger;;2024.0;Kommunalwahlprogramm Gemeinde;Gemeinde;main_corpus_observation;Dessau-Roßlau_Forum-Bürger_2024.txt;main;7e9b83b66c5101be4f7962c17401e2c4a641b7987f561972dad316a7111867f9;local_cities_components
USE-38002fedf28a;DOC-2deb93554bee;GLMP-35E5B741AC;Dessau-Roßlau;Sachsen-Anhalt;15001000;Grüne;gru;2024.0;Kommunalwahlprogramm Gemeinde;Gemeinde;main_corpus_observation;Dessau-Roßlau_Grüne_2024.txt;main;2deb93554bee5f8fc2259904dced9bca1663a503dba433ac1db66ccdaf451ba5;local_cities_components
USE-dfa13164e9b7;DOC-93055f620b3d;GLMP-0155E69DCD;Dessau-Roßlau;Sachsen-Anhalt;15001000;Linke;;2024.0;Kommunalwahlprogramm Gemeinde;Gemeinde;main_corpus_observation;Dessau-Roßlau_Linke_2024.txt;main;93055f620b3de650769ac3fb88ff72b49f507e1fcdc4815b452b7701c6b23b95;local_cities_components
USE-b9cdff3e59be;DOC-275d9a222173;GLMP-7FF03DECBD;Dessau-Roßlau;Sachsen-Anhalt;15001000;Pro DE;;2024.0;Kommunalwahlprogramm Gemeinde;Gemeinde;main_corpus_observation;Dessau-Roßlau_Pro DE_2024.txt;main;275d9a2221739045eb6765be63d8171c1097a72395b6fa57952dea217c2646d6;local_cities_components
USE-cc83685e169f;DOC-bfaad65a01bb;GLMP-950046E1AE;Dessau-Roßlau;Sachsen-Anhalt;15001000;SPD;spd;2024.0;Kommunalwahlprogramm Gemeinde;Gemeinde;main_corpus_observation;Dessau-Roßlau_SPD_2024.txt;main;bfaad65a01bbce3bcfec38d486ffaa18f9f9a7723dc75ffdc9777ad6e5061dfa;local_cities_components
USE-a11abeae1fe6;DOC-0d897556697e;GLMP-146882AD7D;Dillingen (Saar);Saarland;10044111;FDP;fdp;2024.0;Kommunalwahlprogramm Gemeinde;Gemeinde;main_corpus_observation;Dillingen (Saar)_FDP_2024.txt;main;0d897556697e154be40bcf0107439b1e2a0e046ede97e2cb58296387b870e54c;local_cities_components
USE-f2815a8b33c3;DOC-c41e71a05934;GLMP-DEF6F6E9B3;Ditzingen;Baden-Württemberg;08118011;AfD;;2024.0;anderes kommunales Wahlprogramm;Landkreis und Gemeinden;main_corpus_observation;Ditzingen_AfD_2024.txt;main;c41e71a059342e37f42554bebee9747fd38fc34ca0ff56509c33e155a3b93a68;local_cities_components
USE-ac0aa4f133b0;DOC-f9ad11f57694;GLMP-557C932578;Ditzingen;Baden-Württemberg;08118011;CDU;cdu;2024.0;Kommunalwahlprogramm Gemeinde;Gemeinde;main_corpus_observation;Ditzingen_CDU_2024.txt;main;f9ad11f5769470b2f419692954da3e602aaa1d690d0d7c3e25da198e2cb8b09a;local_cities_components
USE-14ea56f6cccd;DOC-1da17ab98d13;GLMP-35869FDBFF;Ditzingen;Baden-Württemberg;08118011;FDP;fdp;2024.0;anderes kommunales Wahlprogramm;Landkreis;main_corpus_observation;Ditzingen_FDP_2024.txt;main;1da17ab98d1330c9404521dab842af2cc0ebfbba4da350b5487fb6f7f5d3db64;local_cities_components
USE-dfe4c58364ab;DOC-f4a16fed7018;GLMP-457B418CC6;Ditzingen;Baden-Württemberg;08118011;FWG;;2024.0;Kommunalwahlprogramm Gemeinde;Gemeinde;main_corpus_observation;Ditzingen_FWG_2024.txt;main;f4a16fed7018567e38119964f59b57295ab38bc489a7f998faa839368ab95931;local_cities_components
USE-2c5610f5148f;DOC-075fb05935d3;GLMP-1C6CB752D0;Ditzingen;Baden-Württemberg;08118011;Grüne;gru;2024.0;Kommunalwahlprogramm Gemeinde;Gemeinde;main_corpus_observation;Ditzingen_Grüne_2024.txt;main;075fb05935d36f4117e14a2f7af893a733766ab6ce2f3e5238080b75b427d2f8;local_cities_components
USE-19a1ece1b28c;DOC-b15927c77b4f;GLMP-FD97DD9BA6;Ditzingen;Baden-Württemberg;08118011;SPD;spd;2024.0;Kommunalwahlprogramm Gemeinde;Gemeinde;main_corpus_observation;Ditzingen_SPD_2024.txt;main;b15927c77b4fb5698baf7c9dbc17f04cc281d09eaa5671bb1e650f0eca7b4711;local_cities_components
USE-5daef5a42a9a;DOC-31de037ba39d;GLMP-0138AF57B8;Dornburg-Camburg;Thüringen;16074011;AfD;;2024.0;anderes kommunales Wahlprogramm;Landkreis und Gemeinden;main_corpus_observation;Dornburg-Camburg_AfD_2024.txt;main;31de037ba39d42e7c8eebab14536f0fa689699da63b8c7b6160a6d2a128caa65;local_cities_components
USE-9ea5a8a96a69;DOC-940477e0cde0;GLMP-24009EE386;Dornburg-Camburg;Thüringen;16074011;Bündnis Ehrenamt;;2024.0;Kommunalwahlprogramm Gemeinde;Gemeinde;main_corpus_observation;Dornburg-Camburg_Bündnis Ehrenamt_2024.txt;main;940477e0cde0f90212915acd52984972315c02982aad28526d4034362d559ca7;local_cities_components
USE-06027f680521;DOC-a97b5fe5cbe6;GLMP-D3B2851C9A;Dornburg-Camburg;Thüringen;16074011;D-CBV;;2024.0;Kommunalwahlprogramm Gemeinde;Gemeinde;main_corpus_observation;Dornburg-Camburg_D-CBV_2024.txt;main;a97b5fe5cbe614e9bc2b2efd1e60c7556ae83512be7766b19cc81049f0224265;local_cities_components
USE-fc03590f0f14;DOC-cd4b3e0a73f8;GLMP-0D4F1DC51F;Dresden;Sachsen;14612000;AfD;;2024.0;Kommunalwahlprogramm Gemeinde;Gemeinde;main_corpus_observation;Dresden_AfD_2024.txt;main;cd4b3e0a73f89b36f47effd307ded8f4bb5c93f32761e73d88c8a382188fad80;local_cities_components
USE-316512e4f48d;DOC-cde3d90a6858;GLMP-CB1F9269DC;Dresden;Sachsen;14612000;BSW;;2024.0;Kommunalwahlprogramm Gemeinde;Gemeinde;main_corpus_observation;Dresden_BSW_2024.txt;main;cde3d90a68586565734e9b075acccb35930f1dcde0a62fe315874425fc592383;local_cities_components
USE-ebba37c70cd3;DOC-09cd816e45cb;GLMP-C4799ECD6D;Dresden;Sachsen;14612000;CDU;cdu;2024.0;Kommunalwahlprogramm Gemeinde;Gemeinde;main_corpus_observation;Dresden_CDU_2024.txt;main;09cd816e45cbfc810cd680d6b7bd7afbe731beefcf0ead776d405441106b6a4b;local_cities_components
USE-6a3f211c64a1;DOC-0a854cbdd932;GLMP-5B3C6232E6;Dresden;Sachsen;14612000;Die Partei;par;2024.0;Kommunalwahlprogramm Gemeinde;Gemeinde;main_corpus_observation;Dresden_Die Partei_2024.txt;main;0a854cbdd9328113e5fd3fa4f9d093d8f1d9d6f97d812ee587ad3485256c8b21;local_cities_components
USE-78cd1a35e02b;DOC-da36869bc804;GLMP-A9CE431BAD;Dresden;Sachsen;14612000;DissDD;;2024.0;Kommunalwahlprogramm Gemeinde;Gemeinde;main_corpus_observation;Dresden_DissDD_2024.txt;main;da36869bc804a5ae9deeb86b5103af6a1d90e296826ad262fc2307da3176888a;local_cities_components
USE-29f78b064d29;DOC-2d1211ccb4f5;GLMP-BE2246AF00;Dresden;Sachsen;14612000;FDP;fdp;2024.0;Kommunalwahlprogramm Gemeinde;Gemeinde;main_corpus_observation;Dresden_FDP_2024.txt;main;2d1211ccb4f5f8e09bf12559d84aae6d671d3bcf93103263430e06ae3a2ecde0;local_cities_components
USE-5ccdf999d202;DOC-9728d19d8bde;GLMP-1A267EF430;Dresden;Sachsen;14612000;FWG;;2024.0;Kommunalwahlprogramm Gemeinde;Gemeinde;main_corpus_observation;Dresden_FWG_2024.txt;main;9728d19d8bde3ec5ce396731fe7d4733a67cf4ad0302c4ca0bcef633e9562ba3;local_cities_components
USE-fd19f080adae;DOC-9573c0eee447;GLMP-029A55E909;Dresden;Sachsen;14612000;Freie Bürger Dresden;;2024.0;Kommunalwahlprogramm Gemeinde;Gemeinde;main_corpus_observation;Dresden_Freie Bürger Dresden_2024.txt;main;9573c0eee4479b5979a09e0579ec722ac3a88ecb0732fe14e11f9b2ae9be4ee9;local_cities_components
USE-2bec89716cb0;DOC-08d40b9f12f7;GLMP-C31287185D;Dresden;Sachsen;14612000;Freie Sachsen;;2024.0;Kommunalwahlprogramm Gemeinde;Gemeinde;main_corpus_observation;Dresden_Freie Sachsen_2024.txt;main;08d40b9f12f7777970805e8784ba1d82d9b950a78fc2599c335d6e3d01fe2aa5;local_cities_components
USE-ace37306eb0a;DOC-2930bbd830ea;GLMP-6AC98BA395;Dresden;Sachsen;14612000;Grüne;gru;2024.0;Kommunalwahlprogramm Gemeinde;Gemeinde;main_corpus_observation;Dresden_Grüne_2024.txt;main;2930bbd830ea4eec845bdd58b9726812febfc3842a29b8f5c84f46ca96d44af8;local_cities_components
USE-b32bb8e55d9b;DOC-2f9eba45c8ef;GLMP-C6E57FB1D5;Dresden;Sachsen;14612000;Linke;;2024.0;Kommunalwahlprogramm Gemeinde;Gemeinde;main_corpus_observation;Dresden_Linke_2024.txt;main;2f9eba45c8eff061fc8a440b127ebf370be6820abe955ac9a0226f0e1ece5f65;local_cities_components
USE-ccff3195afd8;DOC-e1db3b2ee477;GLMP-8742E5C48D;Dresden;Sachsen;14612000;Piraten;pir;2024.0;Kommunalwahlprogramm Gemeinde;Gemeinde;main_corpus_observation;Dresden_Piraten_2024.txt;main;e1db3b2ee47785d091886a754ce711b3c440949a594bda01940b22de569ca670;local_cities_components
USE-7b872431ef37;DOC-7c301b0678c2;GLMP-D183EFD048;Dresden;Sachsen;14612000;SPD;spd;2024.0;Kommunalwahlprogramm Gemeinde;Gemeinde;main_corpus_observation;Dresden_SPD_2024.txt;main;7c301b0678c2de57a09c3abd6e606549a22d827d5af6ff8f5572aa3f4cd87497;local_cities_components
USE-f4357c86d14d;DOC-3a758d34fed4;GLMP-7A244D9994;Dresden;Sachsen;14612000;Team-Zastrow Bündnis Sachsen 24;;2024.0;Kommunalwahlprogramm Gemeinde;Gemeinde;main_corpus_observation;Dresden_Team-Zastrow Bündnis Sachsen 24_2024.txt;main;3a758d34fed4d650d3f6ee398e0aa205ff9d7b4668bec12e0993bbfbfb4fcc5a;local_cities_components
USE-1dd3b4ea8b58;DOC-4e465993248b;GLMP-C4C63D283A;Dresden;Sachsen;14612000;Volt;vlt;2024.0;Kommunalwahlprogramm Gemeinde;Gemeinde;main_corpus_observation;Dresden_Volt_2024.txt;main;4e465993248b1cb91a7acc9eee8f071f7480cb6a6c1f495503f32828add88a3a;local_cities_components
USE-b86ae12d56e7;DOC-f91c9cbe19fd;GLMP-F712CEC837;Dummerstorf;Mecklenburg-Vorpommern;13072029;UBG;;2024.0;Kommunalwahlprogramm Gemeinde;Gemeinde;main_corpus_observation;Dummerstorf_UBG_2024.txt;main;f91c9cbe19fd1b189b040987883f21bf575739dd4a5d0ecd26aa421abcd94872;local_cities_components
USE-c4774f45d1b9;DOC-7b47ecd29d5c;GLMP-803C1BB473;Ebersbach-Neugersdorf;Sachsen;14626085;CDU;cdu;2024.0;anderes kommunales Wahlprogramm;Landkreis und Gemeinden;main_corpus_observation;Ebersbach-Neugersdorf_CDU_2024.txt;main;7b47ecd29d5c7233563721c8445148e75c2945ad40245efb3caa042c7dfa3b31;local_cities_components
USE-875192c0a10a;DOC-0ab85ecfcb6f;GLMP-0BE103AD80;Ebersbach-Neugersdorf;Sachsen;14626085;Grüne;gru;2024.0;anderes kommunales Wahlprogramm;Landkreis und Gemeinden;main_corpus_observation;Ebersbach-Neugersdorf_Grüne_2024.txt;main;0ab85ecfcb6ff3c834a03d647a75a0bd516cdbd46711ca98069b30053925c603;local_cities_components
USE-4702c15abf49;DOC-5283dcbca505;GLMP-D39A787487;Ebersbach-Neugersdorf;Sachsen;14626085;Linke;;2024.0;anderes kommunales Wahlprogramm;Landkreis;main_corpus_observation;Ebersbach-Neugersdorf_Linke_2024.txt;main;5283dcbca5055b476a48c37697e76007956f74cd1667ed2d135be57751bef6a5;local_cities_components
USE-6e50b8b5f780;DOC-dfd904981ab0;GLMP-D9ADC29562;Eberswalde;Brandenburg;12060052;CDU;cdu;2024.0;Kommunalwahlprogramm Gemeinde;Gemeinde;main_corpus_observation;Eberswalde_CDU_2024.txt;main;dfd904981ab021cf40649c2e41935e0cdeb0db41cac26b4e7c4840a86de01123;local_cities_components
USE-90da93b51b85;DOC-0abd06edc4bb;GLMP-3F841E7CF9;Eberswalde;Brandenburg;12060052;Grüne;gru;2024.0;Kommunalwahlprogramm Gemeinde;Gemeinde;main_corpus_observation;Eberswalde_Grüne_2024.txt;main;0abd06edc4bba756d4721d54186f7ae613ab9d7cca8fa9ea700412d0db45e877;local_cities_components
USE-14a64a4b624f;DOC-a723171b7c20;GLMP-026904A4E8;Eberswalde;Brandenburg;12060052;SPD;spd;2024.0;Kommunalwahlprogramm Gemeinde;Gemeinde;main_corpus_observation;Eberswalde_SPD_2024.txt;main;a723171b7c208e301e2b8288f9ffb4bea58d63f2ff3fc1eee5c6aa1c5e8c0da0;local_cities_components
USE-069a9d01dd8b;DOC-bf780f476938;GLMP-453C1457C0;Eibenstock;Sachsen;14521170;CDU;cdu;2024.0;Kommunalwahlprogramm Gemeinde;Gemeinde;main_corpus_observation;Eibenstock_CDU_2024.txt;main;bf780f47693840473d112c547d5caadf89595b54143d798e2be997c853b760d8;local_cities_components
USE-7f416a6a0191;DOC-de964a956124;GLMP-38C9F3DAF2;Eibenstock;Sachsen;14521170;FWG;;2024.0;Kommunalwahlprogramm Gemeinde;Gemeinde;main_corpus_observation;Eibenstock_FWG_2024.txt;main;de964a956124f138c189f9ab85d698a7b2a54ab0f6df32640621d96acc3282af;local_cities_components
USE-130adbbb4c43;DOC-f18e4c1716ae;GLMP-105C0E7A28;Eibenstock;Sachsen;14521170;Gewerbe- & Tourismusverein Eibenstock e.V.;;2024.0;Kommunalwahlprogramm Gemeinde;Gemeinde;main_corpus_observation;Eibenstock_Gewerbe- & Tourismusverein Eibenstock e.V._2024.txt;main;f18e4c1716ae2e19d1c1dedc486da843a6280367c6a42aa5db6baf5523e0ff74;local_cities_components
USE-eb06a2f3f113;DOC-d27f9fc881e9;GLMP-66443DC824;Eibenstock;Sachsen;14521170;SPD;spd;2024.0;anderes kommunales Wahlprogramm;Landkreis und Gemeinden;main_corpus_observation;Eibenstock_SPD_2024.txt;main;d27f9fc881e9b8ad470737b9b74729e43b82935b40daccd815c95d617b8a6ae5;local_cities_components
USE-b9f2d5197334;DOC-dc0ca62d4f73;GLMP-04E405DD93;Erfurt;Thüringen;16051000;AfD;;2024.0;Kommunalwahlprogramm Gemeinde;Gemeinde;main_corpus_observation;Erfurt_AfD_2024.txt;main;dc0ca62d4f733e196223d206e87bb48a4c2bf791a468b3a2d956b9f31d4398bb;local_cities_components
USE-3be70743c396;DOC-1804d4efa590;GLMP-EEC78EE3D5;Erfurt;Thüringen;16051000;CDU;cdu;2024.0;Kommunalwahlprogramm Gemeinde;Gemeinde;main_corpus_observation;Erfurt_CDU_2024.txt;main;1804d4efa5902d56353417e43aa6f7c0e14a578fecaa89456949a80c1d5c2661;local_cities_components
USE-f7a76286631a;DOC-fb27011886ea;GLMP-56BED2CCD1;Erfurt;Thüringen;16051000;FDP;fdp;2024.0;Kommunalwahlprogramm Gemeinde;Gemeinde;main_corpus_observation;Erfurt_FDP_2024.txt;main;fb27011886ea50e571c4a244282a1f8918842792399ed197a27f82e6c60cc4f9;local_cities_components
USE-d325005b7dd1;DOC-45b173efbe48;GLMP-B036B73697;Erfurt;Thüringen;16051000;FWG;;2024.0;Kommunalwahlprogramm Gemeinde;Gemeinde;main_corpus_observation;Erfurt_FWG_2024.txt;main;45b173efbe48051ac676bcedf5d64439ae6af61ea07174a692f0712f16780a68;local_cities_components
USE-c5104b2d28a7;DOC-264243a14d7b;GLMP-F40839254D;Erfurt;Thüringen;16051000;Grüne;gru;2024.0;Kommunalwahlprogramm Gemeinde;Gemeinde;main_corpus_observation;Erfurt_Grüne_2024.txt;main;264243a14d7bcd7a03b7efbbd5098320de7492faeb910c7aa6ef47909c59e550;local_cities_components
USE-04bb856a7c43;DOC-e88536a32509;GLMP-E0F9620468;Erfurt;Thüringen;16051000;Linke;;2024.0;Kommunalwahlprogramm Gemeinde;Gemeinde;main_corpus_observation;Erfurt_Linke_2024.txt;main;e88536a325095b026a63a3f5851e5dfe6d924cc1f143df7795069d410c1c6978;local_cities_components
USE-05119c7f782c;DOC-179965365f94;GLMP-46F92EDDD6;Erfurt;Thüringen;16051000;Mehrwertstadt;;2024.0;Kommunalwahlprogramm Gemeinde;Gemeinde;main_corpus_observation;Erfurt_Mehrwertstadt_2024.txt;main;179965365f94df3d83dd04bac53eadb1cad1adaef1f30299561d1d63efa9dc1c;local_cities_components
USE-e74c8bef7875;DOC-65436a796f4d;GLMP-85A9553F93;Erfurt;Thüringen;16051000;Piraten;pir;2024.0;Kommunalwahlprogramm Gemeinde;Gemeinde;main_corpus_observation;Erfurt_Piraten_2024.txt;main;65436a796f4d2f9cab7bf253c80a5fb063d09ab25a87a2057b36109c7d4821b5;local_cities_components
USE-0dc3674942eb;DOC-529451db76a7;GLMP-9428F7AE9D;Erfurt;Thüringen;16051000;Piraten und ÖDP;;2024.0;Kommunalwahlprogramm Gemeinde;Gemeinde;main_corpus_observation;Erfurt_Piraten und ÖDP_2024.txt;main;529451db76a7920367c8c9d8a6ed7b4eb976934ad775d487bd5faae6e1473fd5;local_cities_components
USE-15505b7d2eda;DOC-657325fd469a;GLMP-C5645656B4;Erfurt;Thüringen;16051000;SPD;spd;2024.0;Kommunalwahlprogramm Gemeinde;Gemeinde;main_corpus_observation;Erfurt_SPD_2024.txt;main;657325fd469aa6993ee997eaf675271e114f842559e2f39d5154a3e1dd43822e;local_cities_components
USE-ae1e462a03ad;DOC-08cee29550c3;GLMP-A3B4C1B4B4;Erfurt;Thüringen;16051000;ÖDP;;2024.0;Kommunalwahlprogramm Gemeinde;Gemeinde;main_corpus_observation;Erfurt_ÖDP_2024.txt;main;08cee29550c3e22c154e05522fad21881fdd7a0b755b29f4ab2653cbe928966d;local_cities_components
USE-01e3a2ea7a1e;DOC-a6231cec576e;GLMP-1D6637DDF7;Erlenbach;Baden-Württemberg;08125027;CDU;cdu;2024.0;Kommunalwahlprogramm Gemeinde;Gemeinde;main_corpus_observation;Erlenbach_CDU_2024.txt;main;a6231cec576e59144dfcfbcd7ded05ebb0edc8dba57dc507435409eddbd3fcd1;local_cities_components
USE-432038020ce7;DOC-7672e1cdd722;GLMP-F14785B869;Esslingen am Neckar;Baden-Württemberg;08116019;AfD;;2024.0;anderes kommunales Wahlprogramm;Landkreis und Gemeinden;main_corpus_observation;Esslingen am Neckar_AfD_2024.txt;main;7672e1cdd72273755d76c66880d0d7ac86c95109bf536c23cd84c0525c583405;local_cities_components
USE-c67fc9bd8b80;DOC-04371c921b4b;GLMP-0238285EEF;Esslingen am Neckar;Baden-Württemberg;08116019;CDU;cdu;2024.0;Kommunalwahlprogramm Gemeinde;Gemeinde;main_corpus_observation;Esslingen am Neckar_CDU_2024.txt;main;04371c921b4b26470ab2f33610034649791aa57482456b140f65f60a439eb859;local_cities_components
USE-deb8c7c3817c;DOC-99d3428dfe46;GLMP-FC533E5C6F;Esslingen am Neckar;Baden-Württemberg;08116019;FDP;fdp;2024.0;Kommunalwahlprogramm Gemeinde;Gemeinde;main_corpus_observation;Esslingen am Neckar_FDP_2024.txt;main;99d3428dfe46c8a2d132d6a83ccc6a1776c6131605f39de36e06962997b0f17e;local_cities_components
USE-f5d85657f2d7;DOC-98279ad28dc3;GLMP-553B9C5656;Esslingen am Neckar;Baden-Württemberg;08116019;FWG;;2024.0;Kommunalwahlprogramm Gemeinde;Gemeinde;main_corpus_observation;Esslingen am Neckar_FWG_2024.txt;main;98279ad28dc3ae3bf20fd8e8cf758b19b40d23aa7b76637f6d516edfeed52c42;local_cities_components
USE-91b8674b9c98;DOC-ac8d3854b4e3;GLMP-4A57FC9685;Esslingen am Neckar;Baden-Württemberg;08116019;Grüne;gru;2024.0;Kommunalwahlprogramm Gemeinde;Gemeinde;main_corpus_observation;Esslingen am Neckar_Grüne_2024.txt;main;ac8d3854b4e361871ed873f2f8e17c248a47aacc1f759d0362ef26edb0899879;local_cities_components
USE-64e00b05a0b4;DOC-291d1e4626e7;GLMP-F7B17597F0;Esslingen am Neckar;Baden-Württemberg;08116019;Linke;;2024.0;anderes kommunales Wahlprogramm;Landkreis;main_corpus_observation;Esslingen am Neckar_Linke_2024.txt;main;291d1e4626e76d636097c476a4577bcf70ec9e1792293a76d9f8e3efffb3c4fe;local_cities_components
USE-29ba72a8ec56;DOC-dc4a0d9ee09f;GLMP-2AE34E8350;Esslingen am Neckar;Baden-Württemberg;08116019;SPD;spd;2024.0;Kommunalwahlprogramm Gemeinde;Gemeinde;main_corpus_observation;Esslingen am Neckar_SPD_2024.txt;main;dc4a0d9ee09f11956e8b62d8b473f41a0629c514cfd298d4ecd654b720df1527;local_cities_components
USE-500b0128463a;DOC-1fd36765a6b6;GLMP-68EA93DC36;Esslingen am Neckar;Baden-Württemberg;08116019;VoltÖDP;;2024.0;Kommunalwahlprogramm Gemeinde;Gemeinde;main_corpus_observation;Esslingen am Neckar_VoltÖDP_2024.txt;main;1fd36765a6b6cbec4fd1904e08ba84c6829603305250963bbc30ea6beb07d11e;local_cities_components
USE-4dc8f101ef34;DOC-43cefaa4fa3e;GLMP-5F80EB8075;Esslingen am Neckar;Baden-Württemberg;08116019;WIR;wir;2024.0;Kommunalwahlprogramm Gemeinde;Gemeinde;main_corpus_observation;Esslingen am Neckar_WIR_2024.txt;main;43cefaa4fa3e53ee6f8fa3e3d9d45d0c5f3902cb5cab8723b2e46877c15d1b71;local_cities_components
USE-78edca895bfd;DOC-91fc2e07cc0f;GLMP-B9E8306D06;Falkensee;Brandenburg;12063080;AfD;;2024.0;Kommunalwahlprogramm Gemeinde;Gemeinde;main_corpus_observation;Falkensee_AfD_2024.txt;main;91fc2e07cc0f479b149ea6deac031c83ebd569bfc9967683d4b6357cacec1b5d;local_cities_components
USE-d487039c098f;DOC-80f47668c66b;GLMP-A6487A428E;Falkensee;Brandenburg;12063080;CDU;cdu;2024.0;Kommunalwahlprogramm Gemeinde;Gemeinde;main_corpus_observation;Falkensee_CDU_2024.txt;main;80f47668c66be19c2932b59b63dac9b8e2f089533e009b8c1faea1565d74469a;local_cities_components
USE-92a8ca47b13f;DOC-b303e37a6fce;GLMP-CE265A08CD;Falkensee;Brandenburg;12063080;FDP;fdp;2024.0;Kommunalwahlprogramm Gemeinde;Gemeinde;main_corpus_observation;Falkensee_FDP_2024.txt;main;b303e37a6fcedc02d7504ee750fdcada9dbe6f29f0cad56288bc9dff7c4b669e;local_cities_components
USE-1eb030436f90;DOC-f038c8cbd3cd;GLMP-FC00186E04;Falkensee;Brandenburg;12063080;Grüne;gru;2024.0;Kommunalwahlprogramm Gemeinde;Gemeinde;main_corpus_observation;Falkensee_Grüne_2024.txt;main;f038c8cbd3cdbf76189858d60ea4671c237c64abfbe5013649c4d3f28dc393b4;local_cities_components
USE-c4fcd7101d45;DOC-6b451d18f041;GLMP-691A89F687;Falkensee;Brandenburg;12063080;SPD;spd;2024.0;Kommunalwahlprogramm Gemeinde;Gemeinde;main_corpus_observation;Falkensee_SPD_2024.txt;main;6b451d18f041a224db291a114ea089824217214cca162731036c6aca80eb7e6a;local_cities_components
USE-14961abeb4de;DOC-5466804ced54;GLMP-D43FEBE777;Forst (Lausitz);Brandenburg;12071076;CDU;cdu;2024.0;anderes kommunales Wahlprogramm;Landkreis und Gemeinden;main_corpus_observation;Forst (Lausitz)_CDU_2024.txt;main;5466804ced544191a670f21cd0bec94fe1d2beca9b9b2bf6aa13f737869185b2;local_cities_components
USE-6208ea3675ef;DOC-1b9453fbc55e;GLMP-022C052DFE;Forst (Lausitz);Brandenburg;12071076;FDP;fdp;2024.0;anderes kommunales Wahlprogramm;Landkreis und Gemeinden;main_corpus_observation;Forst (Lausitz)_FDP_2024.txt;main;1b9453fbc55ede8a56e46f1fd23d90ced5cf4c101364fab063945ba0c348ba1b;local_cities_components
USE-60840841e311;DOC-30f80d4df344;GLMP-4CE91AF7C0;Forst (Lausitz);Brandenburg;12071076;Grüne;gru;2024.0;Kommunalwahlprogramm Gemeinde;Gemeinde;main_corpus_observation;Forst (Lausitz)_Grüne_2024.txt;main;30f80d4df344505bbc4eded48f673305f085420ee760dbf721ce07141649c9a9;local_cities_components
USE-e76d0c25100b;DOC-1de2836d7158;GLMP-97864C8C38;Forst (Lausitz);Brandenburg;12071076;Linke;;2024.0;anderes kommunales Wahlprogramm;Landkreis;main_corpus_observation;Forst (Lausitz)_Linke_2024.txt;main;1de2836d7158cc2fd2b32ed55e2e229e5c8a9585fa6cf0a2d19ba47068904465;local_cities_components
USE-aa51a6df5be6;DOC-bf4023a9f4b5;GLMP-BC5232780E;Forst (Lausitz);Brandenburg;12071076;SPD;spd;2024.0;Kommunalwahlprogramm Gemeinde;Gemeinde;main_corpus_observation;Forst (Lausitz)_SPD_2024.txt;main;bf4023a9f4b5d75232dd6184a34b54294c2aa8747421a83248d75d23864f566f;local_cities_components
USE-f091a7d30b70;DOC-da58ba08396a;GLMP-89BAF890E2;Frankenblick;Thüringen;16072023;AfD-AfF;;2024.0;anderes kommunales Wahlprogramm;Landkreis;main_corpus_observation;Frankenblick_AfD-AfF_2024.txt;main;da58ba08396ab413c67190505d6860bfd3b64ad707a75de9f5bc300aeb9c6efc;local_cities_components
USE-127ac49d6704;DOC-9642e808c7fc;GLMP-D6B1B17DD3;Frankenblick;Thüringen;16072023;CDU;cdu;2024.0;Kommunalwahlprogramm Gemeinde;Gemeinde;main_corpus_observation;Frankenblick_CDU_2024.txt;main;9642e808c7fc112ac8e91b80743b25ec11437e29d62b7272741e5a161487c7e9;local_cities_components
USE-de4394a032f9;DOC-7c00dd376b15;GLMP-0A5A112EBC;Frankenblick;Thüringen;16072023;SPD;spd;2024.0;Kommunalwahlprogramm Gemeinde;Gemeinde;main_corpus_observation;Frankenblick_SPD_2024.txt;main;7c00dd376b15042d566bc98cd1d98cc173edabbc721b787a5d0524b33f664dd6;local_cities_components
USE-76aae52a2607;DOC-558a9361c297;GLMP-79A37FBF3A;Frankfurt (Oder);Brandenburg;12053000;AfD;;2024.0;Kommunalwahlprogramm Gemeinde;Gemeinde;main_corpus_observation;Frankfurt (Oder)_AfD_2024.txt;main;558a9361c29781d7c2753decd95599578716b6aa2531f1279605de74c4611014;local_cities_components
USE-43b0c81f6360;DOC-b3e534c0a9a4;GLMP-7787E623B7;Frankfurt (Oder);Brandenburg;12053000;CDU;cdu;2024.0;Kommunalwahlprogramm Gemeinde;Gemeinde;main_corpus_observation;Frankfurt (Oder)_CDU_2024.txt;main;b3e534c0a9a48c85859eeb7361e477d27cd34274dc66cf533175490cc8ab8c8e;local_cities_components
USE-76a6997434cf;DOC-3fa4bcf3eb7b;GLMP-3826AD6087;Frankfurt (Oder);Brandenburg;12053000;Die Partei;par;2024.0;Kommunalwahlprogramm Gemeinde;Gemeinde;main_corpus_observation;Frankfurt (Oder)_Die Partei_2024.txt;main;3fa4bcf3eb7b44999c7b918f22dfd23072c652e77f45be882ddf5de6b7ce2e63;local_cities_components
USE-5b7d822c2f57;DOC-53bbb5d96579;GLMP-98908814ED;Frankfurt (Oder);Brandenburg;12053000;FDP;fdp;2024.0;Kommunalwahlprogramm Gemeinde;Gemeinde;main_corpus_observation;Frankfurt (Oder)_FDP_2024.txt;main;53bbb5d96579eeefac23189dbca242b363cab69f7be361bb2c14385cc5c40e8e;local_cities_components
USE-40ff61ce8b1e;DOC-732be58aae39;GLMP-7CD15D7251;Frankfurt (Oder);Brandenburg;12053000;FWG;;2024.0;Kommunalwahlprogramm Gemeinde;Gemeinde;main_corpus_observation;Frankfurt (Oder)_FWG_2024.txt;main;732be58aae39856881affd9a1755a3e772f46c3e36ad5be2418568fc757259dc;local_cities_components
USE-a1a927b19ac3;DOC-1fbf07eb12a0;GLMP-97E91D4E6D;Frankfurt (Oder);Brandenburg;12053000;Grüne;gru;2024.0;Kommunalwahlprogramm Gemeinde;Gemeinde;main_corpus_observation;Frankfurt (Oder)_Grüne_2024.txt;main;1fbf07eb12a0fce9a12c890606e2ff67cae368a6cc2f9c2f590043abcdb8c426;local_cities_components
USE-ea87ed78a875;DOC-157e8b0ffa83;GLMP-A536CE29B0;Frankfurt (Oder);Brandenburg;12053000;Linke;;2024.0;Kommunalwahlprogramm Gemeinde;Gemeinde;main_corpus_observation;Frankfurt (Oder)_Linke_2024.txt;main;157e8b0ffa839bfab243dc72406def9d7210f7f076d58a262524391dbc3d1653;local_cities_components
USE-a4c1f0a910e5;DOC-7111de5c38f1;GLMP-9D4EC3799D;Frankfurt (Oder);Brandenburg;12053000;SPD;spd;2024.0;Kommunalwahlprogramm Gemeinde;Gemeinde;main_corpus_observation;Frankfurt (Oder)_SPD_2024.txt;main;7111de5c38f1acf098e35467737258fd1e6f703cc8dc5d9e634fc033c5e151e2;local_cities_components
USE-8d5af02aff9b;DOC-c2aafd2d08f6;GLMP-6D618F4C8F;Fredersdorf-Vogelsdorf;Brandenburg;12064136;Grüne;gru;2024.0;anderes kommunales Wahlprogramm;Landkreis;main_corpus_observation;Fredersdorf-Vogelsdorf_Grüne_2024.txt;main;c2aafd2d08f67ff81ee0798707ee3cf8c162b38636187b9cdc9d154bc49ed5a5;local_cities_components
USE-be7d365200f2;DOC-a0e36aea7f6c;GLMP-866933C7D0;Fredersdorf-Vogelsdorf;Brandenburg;12064136;SPD;spd;2024.0;Kommunalwahlprogramm Gemeinde;Gemeinde;main_corpus_observation;Fredersdorf-Vogelsdorf_SPD_2024.txt;main;a0e36aea7f6cc4b1d5c2d181c44ea550eab9cfa996c19f580b9ac816dd394eb3;local_cities_components
USE-7a5552a06a65;DOC-31b135576766;GLMP-C84777AC54;Freiberg;Sachsen;14522180;Grüne;gru;2024.0;Kommunalwahlprogramm Gemeinde;Gemeinde;main_corpus_observation;Freiberg_Grüne_2024.txt;main;31b1355767661131f3e9a288b78a73dd03ff224be386fc98650c85d3c6993cc3;local_cities_components
USE-d0f8ec87e7bc;DOC-7493a0bddc29;GLMP-DC9F1268CC;Freiberg;Sachsen;14522180;SPD;spd;2024.0;Kommunalwahlprogramm Gemeinde;Gemeinde;main_corpus_observation;Freiberg_SPD_2024.txt;main;7493a0bddc29035f405b89dcc952d18f7e97a2b7566ce9144b0bceea968fff79;local_cities_components
USE-4e85f6a1de37;DOC-ad6acc236e9e;GLMP-CFB0059290;Freiburg im Breisgau;Baden-Württemberg;08311000;AfD;;2024.0;Kommunalwahlprogramm Gemeinde;Gemeinde;main_corpus_observation;Freiburg im Breisgau_AfD_2024.txt;main;ad6acc236e9ed350e88f175c95e31e06b41ef7cf6f176bc6b686866838aa6d2c;local_cities_components
USE-ce7ee1cd2994;DOC-d1568ef695ff;GLMP-C020068FE0;Freiburg im Breisgau;Baden-Württemberg;08311000;Bürger für Freiburg;;2024.0;Kommunalwahlprogramm Gemeinde;Gemeinde;main_corpus_observation;Freiburg im Breisgau_Bürger für Freiburg_2024.txt;main;d1568ef695ff758cb5de052af1c8271718124a104a70a14f96948c3a6879e9a1;local_cities_components
USE-d6cda0ae00af;DOC-fb5a96a9aeef;GLMP-EFA518A79F;Freiburg im Breisgau;Baden-Württemberg;08311000;CDU;cdu;2024.0;Kommunalwahlprogramm Gemeinde;Gemeinde;main_corpus_observation;Freiburg im Breisgau_CDU_2024.txt;main;fb5a96a9aeef17bda35e23b733562ea7d0fc4328379b92ff8a11996797aaf016;local_cities_components
USE-c3e318912ba7;DOC-96ef67c20097;GLMP-755205E925;Freiburg im Breisgau;Baden-Württemberg;08311000;Die Partei;par;2024.0;Kommunalwahlprogramm Gemeinde;Gemeinde;main_corpus_observation;Freiburg im Breisgau_Die Partei_2024.txt;main;96ef67c20097568d957240e80ceee1e792b03bf2f9dbdd1ffc020d90c5ca2f53;local_cities_components
USE-b1c83b17ee8c;DOC-b205d5ba54c0;GLMP-7E2FF517A4;Freiburg im Breisgau;Baden-Württemberg;08311000;FDP;fdp;2024.0;Kommunalwahlprogramm Gemeinde;Gemeinde;main_corpus_observation;Freiburg im Breisgau_FDP_2024 .txt;main;b205d5ba54c093016debd677722aab7455d7c1b0d79d946abfd3ad0d3410aa16;local_cities_components
USE-eb77c84fd8e0;DOC-9f6df9d2feae;GLMP-CAFE90FA06;Freiburg im Breisgau;Baden-Württemberg;08311000;FWG;;2024.0;Kommunalwahlprogramm Gemeinde;Gemeinde;main_corpus_observation;Freiburg im Breisgau_FWG_2024.txt;main;9f6df9d2feaebc3ab5386551a5f0e3dd9baa1fc0f5c30e78d7461732f7d172d7;local_cities_components
USE-21c3dadbc3db;DOC-596d0694a611;GLMP-F0654D48D7;Freiburg im Breisgau;Baden-Württemberg;08311000;Freiburg Lebenswert;frl;2024.0;Kommunalwahlprogramm Gemeinde;Gemeinde;main_corpus_observation;Freiburg im Breisgau_Freiburg Lebenswert_2024.txt;main;596d0694a611b212a9f8f3876d6c68e1032cfb30867152c878b20d3cb8464e54;local_cities_components
USE-c56f8f55d5a8;DOC-9b381556b3dc;GLMP-8C1880AD5C;Freiburg im Breisgau;Baden-Württemberg;08311000;Grüne;gru;2024.0;Kommunalwahlprogramm Gemeinde;Gemeinde;main_corpus_observation;Freiburg im Breisgau_Grüne_2024.txt;main;9b381556b3dc5d2c024c72f496f6d6beacacc151c1e3ba79a5cc281d484bb437;local_cities_components
USE-e5d9611a7fc9;DOC-bc0ace78dd89;GLMP-918FB29C92;Freiburg im Breisgau;Baden-Württemberg;08311000;Grüne Alternative Freiburg;;2024.0;Kommunalwahlprogramm Gemeinde;Gemeinde;main_corpus_observation;Freiburg im Breisgau_Grüne Alternative Freiburg_2024.txt;main;bc0ace78dd896f9ec380e03c6f497aeec8ec9b4d75838ba87bf2d2327eebacdb;local_cities_components
USE-52a76b2cde9c;DOC-084ae642048c;GLMP-CFA203F68E;Freiburg im Breisgau;Baden-Württemberg;08311000;Junges Freiburg;juf;2024.0;Kommunalwahlprogramm Gemeinde;Gemeinde;main_corpus_observation;Freiburg im Breisgau_Junges Freiburg_2024.txt;main;084ae642048cdf766c37071f1ffb8ca54ec47e277f90c72d35f2939230874afd;local_cities_components
USE-02bcd5bb817e;DOC-f5454699dda8;GLMP-1D1EC8119C;Freiburg im Breisgau;Baden-Württemberg;08311000;Linke;;2024.0;Kommunalwahlprogramm Gemeinde;Gemeinde;main_corpus_observation;Freiburg im Breisgau_Linke_2024.txt;main;f5454699dda8ec2ae5f90282ccfccd53cf69b085cc6d98b85283b9cd9aa2dc9e;local_cities_components
USE-5cc096a238c0;DOC-b559af3b9673;GLMP-EC687DF8D1;Freiburg im Breisgau;Baden-Württemberg;08311000;Liste Teilhabe und Inklusion;;2024.0;Kommunalwahlprogramm Gemeinde;Gemeinde;main_corpus_observation;Freiburg im Breisgau_Liste Teilhabe und Inklusion_2024.txt;main;b559af3b9673df86bff2aa503ccdcf26c7d5bb16ed9a19061be1506d984b65de;local_cities_components
USE-81556e8b84f1;DOC-8df3746e21a3;GLMP-2A1FD44FBF;Freiburg im Breisgau;Baden-Württemberg;08311000;SPD;spd;2024.0;Kommunalwahlprogramm Gemeinde;Gemeinde;main_corpus_observation;Freiburg im Breisgau_SPD_2024 .txt;main;8df3746e21a3495be59b4fbdabde41d4a7d76f76fe05aa365b97d435896847be;local_cities_components
USE-10c9798026fc;DOC-19e33639c961;GLMP-9807FE6E7C;Freiburg im Breisgau;Baden-Württemberg;08311000;Unabhängige Frauen Freiburg;uff;2024.0;Kommunalwahlprogramm Gemeinde;Gemeinde;main_corpus_observation;Freiburg im Breisgau_Unabhängige Frauen Freiburg_2024.txt;main;19e33639c961c4f295ba973156417acf4dcce3751bfa62c242d999449f4cc9b1;local_cities_components
USE-6e3d4470f805;DOC-8c365b590d78;GLMP-D97896750E;Freiburg im Breisgau;Baden-Württemberg;08311000;Urbanes Freiburg;;2024.0;Kommunalwahlprogramm Gemeinde;Gemeinde;main_corpus_observation;Freiburg im Breisgau_Urbanes Freiburg_2024.txt;main;8c365b590d7875c0392b3956f7a3901d0dd5f6e0fd789a7e9be8606ec463febf;local_cities_components
USE-4abd333999c1;DOC-d522a89f581b;GLMP-08338B3873;Freiburg im Breisgau;Baden-Württemberg;08311000;Volt;vlt;2024.0;Kommunalwahlprogramm Gemeinde;Gemeinde;main_corpus_observation;Freiburg im Breisgau_Volt_2024.txt;main;d522a89f581bbad5e1338b7ac1dcfed0656dff2ee4a05ab6e578a3fae330ca5d;local_cities_components
USE-b8f069a552f8;DOC-89c4e0ea91ff;GLMP-D354949F7C;Friedrichshafen;Baden-Württemberg;08435016;AfD;;2024.0;anderes kommunales Wahlprogramm;Landkreis und Gemeinden;main_corpus_observation;Friedrichshafen_AfD_2024.txt;main;89c4e0ea91ff88ee5a74da042f213af860ce100b9ec3c9655b5b6d9ff699b716;local_cities_components
USE-cca1858c2167;DOC-c8647703ae88;GLMP-AB3BEEFE4E;Friedrichshafen;Baden-Württemberg;08435016;CDU;cdu;2024.0;Kommunalwahlprogramm Gemeinde;Gemeinde;main_corpus_observation;Friedrichshafen_CDU_2024.txt;main;c8647703ae88ef65a1b749e8e5651cdcec8919590d97434296436acf497f6487;local_cities_components
USE-2ef9200a564d;DOC-4d03bbc8eb78;GLMP-DE284315FA;Friedrichshafen;Baden-Württemberg;08435016;FDP;fdp;2024.0;Kommunalwahlprogramm Gemeinde;Gemeinde;main_corpus_observation;Friedrichshafen_FDP_2024.txt;main;4d03bbc8eb7857f8e193ec1fb04916f59025ca75d9e7ef0e15d58cb0ad50ce04;local_cities_components
USE-4d1c71a597ac;DOC-b2a575b8416d;GLMP-EFD41574D3;Friedrichshafen;Baden-Württemberg;08435016;FWG;;2024.0;anderes kommunales Wahlprogramm;Landkreis und Gemeinden;main_corpus_observation;Friedrichshafen_FWG_2024.txt;main;b2a575b8416d78d1f2554f1c72b19e97d8a423659b4fe52cef2679ad025a0e6b;local_cities_components
USE-4735f34e10ef;DOC-56bdaaa12ede;GLMP-124F610215;Friedrichshafen;Baden-Württemberg;08435016;Grüne;gru;2024.0;Kommunalwahlprogramm Gemeinde;Gemeinde;main_corpus_observation;Friedrichshafen_Grüne_2024.txt;main;56bdaaa12edee61cbeec7646e1fb47ded2f68be178f5e2f75ed3cdd8f778cb17;local_cities_components
USE-45b7d1bfa16b;DOC-432ffd3eaa01;GLMP-85A48770C9;Friedrichshafen;Baden-Württemberg;08435016;Linke;;2024.0;anderes kommunales Wahlprogramm;Landkreis und Gemeinden;main_corpus_observation;Friedrichshafen_Linke_2024.txt;main;432ffd3eaa017aed77796f154013c102bed6daba7d922d08d9ba1ba1c01cf994;local_cities_components
USE-c510408da611;DOC-9c666ad177f1;GLMP-5AE1B7DA6D;Friedrichshafen;Baden-Württemberg;08435016;Netzwerk für Friedrichshafen;;2024.0;Kommunalwahlprogramm Gemeinde;Gemeinde;main_corpus_observation;Friedrichshafen_Netzwerk für Friedrichshafen_2024.txt;main;9c666ad177f1b96e4daac16cd860b7f3a81855e7df34675c93d5c771d7b1396e;local_cities_components
USE-6ddb97c34a54;DOC-6892a35f589f;GLMP-41FD12E299;Friedrichshafen;Baden-Württemberg;08435016;SPD;spd;2024.0;Kommunalwahlprogramm Gemeinde;Gemeinde;main_corpus_observation;Friedrichshafen_SPD_2024.txt;main;6892a35f589f30631479a12812a6c0672300fb687239148c684212d3d7b9b579;local_cities_components
USE-663c59719e5e;DOC-6c8acbf69898;GLMP-79AE137829;Friedrichshafen;Baden-Württemberg;08435016;ÖDP;;2024.0;Kommunalwahlprogramm Gemeinde;Gemeinde;main_corpus_observation;Friedrichshafen_ÖDP_2024.txt;main;6c8acbf6989857b5c03ba79ed684803936da71f568f4e1bfd5e6c2ba57d991ca;local_cities_components
USE-fa170453f3f4;DOC-2568f6d287cb;GLMP-C5479B6EB4;Frohburg;Sachsen;14729140;AfD;;2024.0;anderes kommunales Wahlprogramm;Landkreis und Gemeinden;main_corpus_observation;Frohburg_AfD_2024.txt;main;2568f6d287cb031571e96e4279862632bccb8f1b07d3d089fe3f813cb3137058;local_cities_components
USE-b128f2363168;DOC-31d5e761b9bf;GLMP-6526B2A1A7;Frohburg;Sachsen;14729140;CDU;cdu;2024.0;Kommunalwahlprogramm Gemeinde;Gemeinde;main_corpus_observation;Frohburg_CDU_2024.txt;main;31d5e761b9bfe1bd3f01768b0a28148d954f138ec6720ea0744794d25130019b;local_cities_components
USE-6b4dc9042a84;DOC-0f08ec0b0cdf;GLMP-6DA5A15B48;Frohburg;Sachsen;14729140;Linke;;2024.0;anderes kommunales Wahlprogramm;Landkreis und Gemeinden;main_corpus_observation;Frohburg_Linke_2024.txt;main;0f08ec0b0cdf98b11d39eda8bab20885e3b3b8a18256f2b2acfb768496fb60b9;local_cities_components
USE-87058916bd35;DOC-3ad4f88612a5;GLMP-73093E9682;Frohburg;Sachsen;14729140;SPD;spd;2024.0;Kommunalwahlprogramm Gemeinde;Gemeinde;main_corpus_observation;Frohburg_SPD_2024.txt;main;3ad4f88612a5186ead2626903fe969fa40baaba801e10964b0db5259f1319605;local_cities_components
USE-13eb213e36b7;DOC-7ee22ce62ba8;GLMP-95C9884918;Fürstenberg (Havel);Brandenburg;12065084;CDU;cdu;2024.0;Kommunalwahlprogramm Gemeinde;Gemeinde;main_corpus_observation;Fürstenberg (Havel)_CDU_2024.txt;main;7ee22ce62ba8b8051a233f2933f5a83d7107a98a1008b1916ceea3da30b81fd5;local_cities_components
USE-afa0f4e70a93;DOC-81b69e7cca02;GLMP-63220D9F24;Fürstenberg (Havel);Brandenburg;12065084;FDP;fdp;2024.0;anderes kommunales Wahlprogramm;Land;main_corpus_observation;Fürstenberg (Havel)_FDP_2024.txt;main;81b69e7cca023b4ea02e4365691e7a8a658a44d40f6d2f35ba148072e3c88a65;local_cities_components
USE-7ad7b93feae0;DOC-abe846cc8970;GLMP-C108879041;Fürstenberg (Havel);Brandenburg;12065084;Grüne;gru;2024.0;Kommunalwahlprogramm Gemeinde;Gemeinde;main_corpus_observation;Fürstenberg (Havel)_Grüne_2024.txt;main;abe846cc8970785069ac89bbc61eba4e62bb4616f646811131cc2e34de8fc1e8;local_cities_components
USE-2e887aef61de;DOC-4cb2346a5b35;GLMP-B89029CD1B;Fürstenberg (Havel);Brandenburg;12065084;Linke;;2024.0;Kommunalwahlprogramm Gemeinde;Gemeinde;main_corpus_observation;Fürstenberg (Havel)_Linke_2024.txt;main;4cb2346a5b35527448a1745688f672f02759027c9da30506bdb8158e1fa0f0ec;local_cities_components
USE-5b1f4516fbb0;DOC-a120e6236e39;GLMP-DC129C7532;Fürstenberg (Havel);Brandenburg;12065084;SPD;spd;2024.0;anderes kommunales Wahlprogramm;Land;main_corpus_observation;Fürstenberg (Havel)_SPD_2024.txt;main;a120e6236e396fd176ae9d2e0ffdbe4deb5bcbf7b55cd3b5bd9764170642754a;local_cities_components
USE-f95fc60f2c63;DOC-c4e831f3555e;GLMP-1C9D6DD601;Gadebusch;Mecklenburg-Vorpommern;13074021;Gadebuscher Bürgergemeinschaft GBG;;2024.0;Kommunalwahlprogramm Gemeinde;Gemeinde;main_corpus_observation;Gadebusch_Gadebuscher Bürgergemeinschaft GBG_2024.txt;main;c4e831f3555ec60ae7af15bb0afb481ac376431f22906d61c852cef1c408a661;local_cities_components
USE-7d004fb1d670;DOC-20ace14bbe71;GLMP-6A0D0FD1BC;Georgenthal;Thüringen;16067092;SPD;spd;2024.0;Kommunalwahlprogramm Gemeinde;Gemeinde;main_corpus_observation;Georgenthal_SPD_2024.txt;main;20ace14bbe71cab5e9e91f86d6cded335d2acbedb30e3476786e31d9428fcd1c;local_cities_components
USE-4625d624e493;DOC-febd8d8bf687;GLMP-0AB53F8209;Gera;Thüringen;16052000;CDU;cdu;2024.0;Kommunalwahlprogramm Gemeinde;Gemeinde;main_corpus_observation;Gera_CDU_2024.txt;main;febd8d8bf687173c890f8608f757747ba02ef1a1ebdb921024446cfc2abcf8de;local_cities_components
USE-e4cecbaff452;DOC-5d93be86f01d;GLMP-8233529473;Gera;Thüringen;16052000;Grüne;gru;2024.0;Kommunalwahlprogramm Gemeinde;Gemeinde;main_corpus_observation;Gera_Grüne_2024.txt;main;5d93be86f01d2a3efce4989cf0bfab8c522cbe2ec7670078c8bf841e511f3c79;local_cities_components
USE-b459496f7d2f;DOC-2a61fe402490;GLMP-51929EC7A9;Gera;Thüringen;16052000;Linke;;2024.0;Kommunalwahlprogramm Gemeinde;Gemeinde;main_corpus_observation;Gera_Linke_2024.txt;main;2a61fe402490d234ab70049caa990536b90667794a79c2618711acb7e6a9ba24;local_cities_components
USE-5c0db7420bef;DOC-14f950967f7b;GLMP-A972669990;Gera;Thüringen;16052000;SPD;spd;2024.0;Kommunalwahlprogramm Gemeinde;Gemeinde;main_corpus_observation;Gera_SPD_2024.txt;main;14f950967f7bdded14b3a7236fdd7f7a2233514da61aacdbe1707965c9b0d3e0;local_cities_components
USE-35fad839047a;DOC-58b40e92f303;GLMP-12592C8A5D;Gommern;Sachsen-Anhalt;15086055;SPD;spd;2024.0;Kommunalwahlprogramm Gemeinde;Gemeinde;main_corpus_observation;Gommern_SPD_2024.txt;main;58b40e92f3039197d7db8b669914bbc79b08151009c1d7849821ac52fdf696d0;local_cities_components
USE-a17236634486;DOC-9db98a1296d8;GLMP-A4F7F39E48;Grabow;Mecklenburg-Vorpommern;13076050;CDU;cdu;2024.0;anderes kommunales Wahlprogramm;Landkreis und Gemeinden;main_corpus_observation;Grabow_CDU_2024 .txt;main;9db98a1296d8d0497cd07f1218a2c0d62184b5b5c7ad4d1289d65c6f68f4fadf;local_cities_components
USE-3d5f7af60e75;DOC-ce011079d734;GLMP-AAF7498433;Grabow;Mecklenburg-Vorpommern;13076050;FWG;;2024.0;Kommunalwahlprogramm Gemeinde;Gemeinde;main_corpus_observation;Grabow_FWG_2024.txt;main;ce011079d73441d68ef7be7e8f145df7ad6c4d7d0e4feec485de3643f8635a4c;local_cities_components
USE-0a12f6a37cb4;DOC-bb61fa93ce5b;GLMP-5BB1C96554;Grabow;Mecklenburg-Vorpommern;13076050;SPD;spd;2024.0;anderes kommunales Wahlprogramm;Landkreis und Gemeinden;main_corpus_observation;Grabow_SPD_2024.txt;main;bb61fa93ce5b5a4b23157e7c9b62dae1f59817a95b051d4704e57367fdd30188;local_cities_components
USE-f82fc778fb18;DOC-fbf0a972b232;GLMP-2865F1C630;Greifswald;Mecklenburg-Vorpommern;13075039;AfD;;2024.0;anderes kommunales Wahlprogramm;Landkreis;main_corpus_observation;Greifswald_AfD_2024.txt;main;fbf0a972b23276de47f34ec423e0c1c85ad2bf2fcb7b93d9060f2286963f5177;local_cities_components
USE-7b1f50305bd5;DOC-b76fcfadb0fc;GLMP-C784D98776;Greifswald;Mecklenburg-Vorpommern;13075039;Allianz der Bürgerlichen Mitte (ADBM);;2024.0;Kommunalwahlprogramm Gemeinde;Gemeinde;main_corpus_observation;Greifswald_Allianz der Bürgerlichen Mitte (ADBM)_2024.txt;main;b76fcfadb0fccda25103047b3c946082b97d16241c64bd62de8b3417d7d46acb;local_cities_components
USE-fde83e41780e;DOC-04b372648196;GLMP-A74E876584;Greifswald;Mecklenburg-Vorpommern;13075039;Alternative Liste;;2024.0;Kommunalwahlprogramm Gemeinde;Gemeinde;main_corpus_observation;Greifswald_Alternative Liste_2024.txt;main;04b3726481965d2bdbcab0bad2a7160ca63b9caabe8fb8f369b25bb41deac3d5;local_cities_components
USE-f34a9f9b3252;DOC-cd701f2edb44;GLMP-3945B24C13;Greifswald;Mecklenburg-Vorpommern;13075039;Bürgerliste Greifswald;;2024.0;Kommunalwahlprogramm Gemeinde;Gemeinde;main_corpus_observation;Greifswald_Bürgerliste Greifswald_2024.txt;main;cd701f2edb4454855537283b91fd4b6617071d6becb0b51331547cd543c42b42;local_cities_components
USE-3f50df3d5c75;DOC-13edb41db2b8;GLMP-D7060BA8BE;Greifswald;Mecklenburg-Vorpommern;13075039;CDU;cdu;2024.0;Kommunalwahlprogramm Gemeinde;Gemeinde;main_corpus_observation;Greifswald_CDU_2024.txt;main;13edb41db2b8ffe913a41aba688582a4770206d6699ea0dac8db2f6a79096c52;local_cities_components
USE-594a34f5c3c1;DOC-e08c9186bad0;GLMP-B36B165669;Greifswald;Mecklenburg-Vorpommern;13075039;Die Partei;par;2024.0;Kommunalwahlprogramm Gemeinde;Gemeinde;main_corpus_observation;Greifswald_Die Partei_2024.txt;main;e08c9186bad0206ecf5b61a199b755a7d479b06d2a6bcc956cebc64182c666c2;local_cities_components
USE-f6435a837901;DOC-1ea89970577f;GLMP-B1AFC5ECD0;Greifswald;Mecklenburg-Vorpommern;13075039;FDP;fdp;2024.0;Kommunalwahlprogramm Gemeinde;Gemeinde;main_corpus_observation;Greifswald_FDP_2024.txt;main;1ea89970577fc6c7c0aefb0c1559cccc1a77694cdb89338261f522ffa0fb4e7c;local_cities_components
USE-d8b541bd18fe;DOC-a10d3cb6f46b;GLMP-636A46EBA7;Greifswald;Mecklenburg-Vorpommern;13075039;Grüne;gru;2024.0;Kommunalwahlprogramm Gemeinde;Gemeinde;main_corpus_observation;Greifswald_Grüne_2024.txt;main;a10d3cb6f46b8f4f75d805cac2ec7259852826fd4ddb7a835bd87128e455c01e;local_cities_components
USE-ccdfb6aed0a0;DOC-629d78d9471f;GLMP-BDB82CF95F;Greifswald;Mecklenburg-Vorpommern;13075039;Initative Bürgerentscheid;;2024.0;Kommunalwahlprogramm Gemeinde;Gemeinde;main_corpus_observation;Greifswald_Initative Bürgerentscheid_2024.txt;main;629d78d9471ff671d08a82515219761aac5fad0b0e4092e1ba48321725a89694;local_cities_components
USE-cc78ef0cb553;DOC-3118695cb0f0;GLMP-CF61FC581B;Greifswald;Mecklenburg-Vorpommern;13075039;Linke;;2024.0;Kommunalwahlprogramm Gemeinde;Gemeinde;main_corpus_observation;Greifswald_Linke_2024.txt;main;3118695cb0f06d902c9c9396c231f359ac21f9b65b05af39cf20e5010ca6b8db;local_cities_components
USE-2d0e983fb32e;DOC-e755ca96034d;GLMP-209037054B;Greifswald;Mecklenburg-Vorpommern;13075039;SPD;spd;2024.0;Kommunalwahlprogramm Gemeinde;Gemeinde;main_corpus_observation;Greifswald_SPD_2024.txt;main;e755ca96034da55eb02fb8721d5d29fb6810cbae96f25a1cdbb1c2736f94ec1d;local_cities_components
USE-03124d6871a8;DOC-5e7a676e0c4b;GLMP-9898FDEB79;Greifswald;Mecklenburg-Vorpommern;13075039;Tierschutzpartei;tsp;2024.0;Kommunalwahlprogramm Gemeinde;Gemeinde;main_corpus_observation;Greifswald_Tierschutzpartei_2024.txt;main;5e7a676e0c4bf6becb9d359b9aecedc963636f281978846917e7d17c11c05bc1;local_cities_components
USE-13fa9442b807;DOC-3889053c37d7;GLMP-3D775C1553;Greifswald;Mecklenburg-Vorpommern;13075039;Volt;vlt;2024.0;Kommunalwahlprogramm Gemeinde;Gemeinde;main_corpus_observation;Greifswald_Volt_2024.txt;main;3889053c37d7de5d2ba00f47d6a07f574a7e9c70d4b885ec3edb82715b0be6cd;local_cities_components
USE-b4953e7dc8d1;DOC-8c8dce258ff9;GLMP-C2F31F21BF;Grimmen;Mecklenburg-Vorpommern;13073035;CDU;cdu;2024.0;anderes kommunales Wahlprogramm;Landkreis und Gemeinden;main_corpus_observation;Grimmen_CDU_2024.txt;main;8c8dce258ff9d4ecb35ac59c24ab14dfe0971ba39a0d698d6d244dda7898ce1b;local_cities_components
USE-3e11613ba3b1;DOC-d9dca520f4e1;GLMP-C5E45724FF;Grimmen;Mecklenburg-Vorpommern;13073035;Linke;;2024.0;Kommunalwahlprogramm Gemeinde;Gemeinde;main_corpus_observation;Grimmen_Linke_2024.txt;main;d9dca520f4e14f1f33c1d41fd1c3bb92e056849c2b9d87eeb0b8db98028d80ee;local_cities_components
USE-41955c891de4;DOC-6ac3fe0e7a1d;GLMP-7120788D2F;Großräschen;Brandenburg;12066112;SPD;spd;2024.0;Kommunalwahlprogramm Gemeinde;Gemeinde;main_corpus_observation;Großräschen_SPD_2024.txt;main;6ac3fe0e7a1dc30436ad1f8c4fb6993cd46733b8c7dd820dd54d18e3a858f4e6;local_cities_components
USE-7f8d3a7bb2c5;DOC-282cd9032a33;GLMP-E8228513E7;Großröhrsdorf;Sachsen;14625200;BFD;;2024.0;Kommunalwahlprogramm Gemeinde;Gemeinde;main_corpus_observation;Großröhrsdorf_BFD_2024.txt;main;282cd9032a33134c8432b1a4d90ffc4a9cb2a11a6203a9467902e0bb7f4ca18c;local_cities_components
USE-88aec111cec7;DOC-78dbe16b1c49;GLMP-91B92A49CD;Großröhrsdorf;Sachsen;14625200;CDU;cdu;2024.0;Kommunalwahlprogramm Gemeinde;Gemeinde;main_corpus_observation;Großröhrsdorf_CDU_2024.txt;main;78dbe16b1c491b1cd765f78b601882d03aa08c26aa9176f07b9ef74dedc1ca49;local_cities_components
USE-d85e0a89a52e;DOC-9827a0eb623e;GLMP-80286A8579;Großröhrsdorf;Sachsen;14625200;FWG;;2024.0;Kommunalwahlprogramm Gemeinde;Gemeinde;main_corpus_observation;Großröhrsdorf_FWG_2024.txt;main;9827a0eb623e01c70e124d2b3c2c7190dfee312e658198cfefa1ba4eb637039f;local_cities_components
USE-a9d58e5c3a8a;DOC-9980855cd1d3;GLMP-10DDBB3E3D;Großröhrsdorf;Sachsen;14625200;SPD;spd;2024.0;anderes kommunales Wahlprogramm;Landkreis und Gemeinden;main_corpus_observation;Großröhrsdorf_SPD_2024.txt;main;9980855cd1d32502462acfcbd6500937387b746af4d8fd9c1c58c60e8ccd1abf;local_cities_components
USE-db36be23f708;DOC-118946f3df03;GLMP-78C32325CF;Göppingen;Baden-Württemberg;08117026;AfD;;2024.0;anderes kommunales Wahlprogramm;Landkreis und Gemeinden;main_corpus_observation;Göppingen_AfD_2024.txt;main;118946f3df03af1218e1a694fae5da77a0fde9d3cb78ea02508a945468d14fa4;local_cities_components
USE-1693118006e7;DOC-a36a9edf7b0e;GLMP-EC869BE0A5;Göppingen;Baden-Württemberg;08117026;CDU;cdu;2024.0;Kommunalwahlprogramm Gemeinde;Gemeinde;main_corpus_observation;Göppingen_CDU_2024.txt;main;a36a9edf7b0e09245490200966397e3c9f381dc99a726f142ff3198574dab46a;local_cities_components
USE-0e23a02508c7;DOC-2b9f1bc30a9d;GLMP-26FFAE95E5;Göppingen;Baden-Württemberg;08117026;FWG;;2024.0;Kommunalwahlprogramm Gemeinde;Gemeinde;main_corpus_observation;Göppingen_FWG_2024.txt;main;2b9f1bc30a9db82570cb2701ebae0cfec82477440c28a4ef7c73126f1696700a;local_cities_components
USE-7169fa3b51c4;DOC-8c5033a95dfe;GLMP-3FDB6B0A84;Göppingen;Baden-Württemberg;08117026;Grüne;gru;2024.0;Kommunalwahlprogramm Gemeinde;Gemeinde;main_corpus_observation;Göppingen_Grüne_2024.txt;main;8c5033a95dfea0e91109bbb52d26903ffc5b896a9a4364d3b1bda5de87628d0f;local_cities_components
USE-edef76392b3e;DOC-5fbb2783a9bf;GLMP-635C42218C;Göppingen;Baden-Württemberg;08117026;Linke;;2024.0;Kommunalwahlprogramm Gemeinde;Gemeinde;main_corpus_observation;Göppingen_Linke_2024.txt;main;5fbb2783a9bf01e47ec9577dcfe9bb67ea60a4cadf1c5eb4b77406a7542c0aa9;local_cities_components
USE-08638d15bb92;DOC-78b8b71920ca;GLMP-1E78AB6858;Görlitz;Sachsen;14626110;AfD;;2024.0;Kommunalwahlprogramm Gemeinde;Gemeinde;main_corpus_observation;Görlitz_AfD_2024.txt;main;78b8b71920ca6066c83028eabd28a5830f223448d0ba1b6c190423fd20c18dd5;local_cities_components
USE-2d9af0149967;DOC-fd95fb5ed173;GLMP-E1709EA7FC;Görlitz;Sachsen;14626110;CDU;cdu;2024.0;Kommunalwahlprogramm Gemeinde;Gemeinde;main_corpus_observation;Görlitz_CDU_2024.txt;main;fd95fb5ed1737eede2175a80561b38486aa77616e0fae80b07fcc087afa54c9a;local_cities_components
USE-6222aa2c2a6b;DOC-3d061a69ce2c;GLMP-AF2E138B90;Görlitz;Sachsen;14626110;Grüne;gru;2024.0;anderes kommunales Wahlprogramm;Landkreis und Gemeinden;main_corpus_observation;Görlitz_Grüne_2024.txt;main;3d061a69ce2c310ea7c5e5dc61d2b276ec301cae4c7e9d41c08e2071cf9297ef;local_cities_components
USE-f3d18a08c577;DOC-37873c951f5f;GLMP-107AC94417;Görlitz;Sachsen;14626110;Linke;;2024.0;anderes kommunales Wahlprogramm;Landkreis;main_corpus_observation;Görlitz_Linke_2024.txt;main;37873c951f5f5600a8f3d57b93c0d7b0472c521902ac969e960791df5ef58ef2;local_cities_components
USE-bc459113c3d1;DOC-7062c7375cf0;GLMP-E205D907C0;Görlitz;Sachsen;14626110;SPD;spd;2024.0;Kommunalwahlprogramm Gemeinde;Gemeinde;main_corpus_observation;Görlitz_SPD_2024.txt;main;7062c7375cf017dbacbf591f6b81407bc3e16a7dd08bf087210fe8d48bc888ec;local_cities_components
USE-f9a7829910bf;DOC-7e20e0e7e98f;GLMP-B60579B1B5;Güstrow;Mecklenburg-Vorpommern;13072043;CDU;cdu;2024.0;anderes kommunales Wahlprogramm;Landkreis und Gemeinden;main_corpus_observation;Güstrow_CDU_2024.txt;main;7e20e0e7e98f4d37e3ee6ef19b337148bd10e8fc6c2fed8951d7768abae3cc03;local_cities_components
USE-d40d36cea880;DOC-2ff6e5a06c77;GLMP-10719C55B2;Güstrow;Mecklenburg-Vorpommern;13072043;Grüne;gru;2024.0;anderes kommunales Wahlprogramm;Landkreis und Gemeinden;main_corpus_observation;Güstrow_Grüne_2024.txt;main;2ff6e5a06c770708c7dda92d3c9711aaa354b6ac3a5970d4ce036fb99f1bab44;local_cities_components
USE-6344e3c229f4;DOC-4933172e7e74;GLMP-26BBABB29E;Güstrow;Mecklenburg-Vorpommern;13072043;Linke;;2024.0;anderes kommunales Wahlprogramm;Landkreis;main_corpus_observation;Güstrow_Linke_2024.txt;main;4933172e7e74799a795abfc625d073b30efe4f2357ac8ca152e3ca9cb1095661;local_cities_components
USE-0cabf54c0ce1;DOC-904acce393ad;GLMP-EEEBEB60C2;Güstrow;Mecklenburg-Vorpommern;13072043;SPD;spd;2024.0;anderes kommunales Wahlprogramm;Landkreis und Gemeinden;main_corpus_observation;Güstrow_SPD_2024.txt;main;904acce393ad0e3153173ff02f2b39e888f396587cf009cb1283ccab899aa566;local_cities_components
USE-ad99d9044c0b;DOC-6e97cc3357b4;GLMP-1953DC2449;Hagenow;Mecklenburg-Vorpommern;13076060;CDU;cdu;2024.0;anderes kommunales Wahlprogramm;Landkreis und Gemeinden;main_corpus_observation;Hagenow_CDU_2024.txt;main;6e97cc3357b4aba968d105417173f54ed50042036eae8421fe9dcbb6ff54438d;local_cities_components
USE-7e720f948f76;DOC-450c5d92b275;GLMP-553314212B;Hagenow;Mecklenburg-Vorpommern;13076060;FDP;fdp;2024.0;anderes kommunales Wahlprogramm;Landkreis;main_corpus_observation;Hagenow_FDP_2024.txt;main;450c5d92b2751cdf5b4b7574c5dec0a8947c30a00c7f4aecf2deebe726673d72;local_cities_components
USE-00426dc5fde9;DOC-78e7e5c7a481;GLMP-85E2D0C434;Hagenow;Mecklenburg-Vorpommern;13076060;Linke;;2024.0;anderes kommunales Wahlprogramm;Landkreis und Gemeinden;main_corpus_observation;Hagenow_Linke_2024.txt;main;78e7e5c7a48190cb6641e7d321d2f4541c2305bb45d1c5a78409023bb3f9e8d2;local_cities_components
USE-731bf81ff88c;DOC-e9498172a09c;GLMP-26B960610D;Hagenow;Mecklenburg-Vorpommern;13076060;SPD;spd;2024.0;Kommunalwahlprogramm Gemeinde;Gemeinde;main_corpus_observation;Hagenow_SPD_2024.txt;main;e9498172a09c72be356f303345a776bef915fccf33c38f269d23c58f92e39011;local_cities_components
USE-472c755ef323;DOC-df6ac185ae4e;GLMP-5F60693E00;Hagenow;Mecklenburg-Vorpommern;13076060;VAH;;2024.0;Kommunalwahlprogramm Gemeinde;Gemeinde;main_corpus_observation;Hagenow_VAH_2024.txt;main;df6ac185ae4e23a80539bf20be3ae49746c94623b8a4dcd4757f9f0d6d860676;local_cities_components
USE-dd1332149e87;DOC-56b13c541b32;GLMP-787C206E24;Hainichen;Sachsen;14522230;CDU;cdu;2024.0;Kommunalwahlprogramm Gemeinde;Gemeinde;main_corpus_observation;Hainichen_CDU_2024.txt;main;56b13c541b32c436cd789bdf12a5b599851a8e16dd26b1b3b0870ccfcaace710;local_cities_components
USE-ce770188b46e;DOC-1628e78a05ed;GLMP-4E5A9D07A3;Haldensleben;Sachsen-Anhalt;15083270;AfD;;2024.0;anderes kommunales Wahlprogramm;Landkreis und Gemeinden;main_corpus_observation;Haldensleben_AfD_2024.txt;main;1628e78a05ede544b9a5c5ca9b27759f843517a6dd7e01d286e661ee846bdeee;local_cities_components
USE-69d502f889be;DOC-e3bff1f0753d;GLMP-1508263BBE;Haldensleben;Sachsen-Anhalt;15083270;BürgerbewegungHDL;;2024.0;Kommunalwahlprogramm Gemeinde;Gemeinde;main_corpus_observation;Haldensleben_BürgerbewegungHDL_2024.txt;main;e3bff1f0753dbc47e37213e8b885d07c8223a2ba3a0670a0842d15114408cea2;local_cities_components
USE-d881ed2410b2;DOC-64e15fb33566;GLMP-0DF1DCA519;Haldensleben;Sachsen-Anhalt;15083270;CDU;cdu;2024.0;anderes kommunales Wahlprogramm;Landkreis und Gemeinden;main_corpus_observation;Haldensleben_CDU_2024.txt;main;64e15fb33566f094601fd8c84558c6d8bb53948f25c2d34c02b57874e819e68d;local_cities_components
USE-60468a077eab;DOC-800ff2717019;GLMP-34E469DA1B;Haldensleben;Sachsen-Anhalt;15083270;Grüne;gru;2024.0;Kommunalwahlprogramm Gemeinde;Gemeinde;main_corpus_observation;Haldensleben_Grüne_2024.txt;main;800ff2717019f0a049b8b85ddf732e55ee41a76865c3cbf104d8c9d1e5a55187;local_cities_components
USE-798ba3fe5e22;DOC-897d1e1ce77f;GLMP-7B51A7E0DE;Halle (Saale);Sachsen-Anhalt;15002000;AfD;;2024.0;Kommunalwahlprogramm Gemeinde;Gemeinde;main_corpus_observation;Halle (Saale)_AfD_2024.txt;main;897d1e1ce77fdf20d626252a319e9396512acd0fe43056097e88a0f09eb83070;local_cities_components
USE-62874ff3f6c7;DOC-8961af8ebf4f;GLMP-E94D8F5CB1;Halle (Saale);Sachsen-Anhalt;15002000;CDU;cdu;2024.0;Kommunalwahlprogramm Gemeinde;Gemeinde;main_corpus_observation;Halle (Saale)_CDU_2024.txt;main;8961af8ebf4f02845b45c1586058441f39a04fa8005aadad5f7f150877d38e2c;local_cities_components
USE-874aef8edee0;DOC-0921b94ecbde;GLMP-70793135A6;Halle (Saale);Sachsen-Anhalt;15002000;Die Basis;;2024.0;Kommunalwahlprogramm Gemeinde;Gemeinde;main_corpus_observation;Halle (Saale)_Die Basis_2024.txt;main;0921b94ecbdeb62bcb3e355b0ae108f95e7bfcc7f67ed3c2005bd1f08bf7e097;local_cities_components
USE-ecc62f4ce7a4;DOC-c28d0cb6054c;GLMP-EBEFCBC25C;Halle (Saale);Sachsen-Anhalt;15002000;Die Partei;par;2024.0;Kommunalwahlprogramm Gemeinde;Gemeinde;main_corpus_observation;Halle (Saale)_Die Partei_2024.txt;main;c28d0cb6054ca70dde4fe2cd544b76b1574d3965406524b48514c66ab9852263;local_cities_components
USE-64e82df55183;DOC-8fb3004321f1;GLMP-D2CE44D3DC;Halle (Saale);Sachsen-Anhalt;15002000;Einzelbewerber;;2024.0;Kommunalwahlprogramm Gemeinde;Gemeinde;main_corpus_observation;Halle (Saale)_Einzelbewerber_2024.txt;main;8fb3004321f12ef9aa299d5bf1389661689366cac00f90d6550ecec347700143;local_cities_components
USE-8b6ecde99aec;DOC-9442a25b3c4f;GLMP-CBA1BA12B6;Halle (Saale);Sachsen-Anhalt;15002000;FDP;fdp;2024.0;Kommunalwahlprogramm Gemeinde;Gemeinde;main_corpus_observation;Halle (Saale)_FDP_2024.txt;main;9442a25b3c4f981c458f65a10a1e21f6abf184f832a59a76370e4e04ff37ca55;local_cities_components
USE-446d049a9c82;DOC-5fc6bc0480b0;GLMP-AB944E37F8;Halle (Saale);Sachsen-Anhalt;15002000;FWG;;2024.0;Kommunalwahlprogramm Gemeinde;Gemeinde;main_corpus_observation;Halle (Saale)_FWG_2024.txt;main;5fc6bc0480b0b206e04c7570a764d6df7772d8e1525c8c329034e9e78b9a461a;local_cities_components
USE-675f43f9d76f;DOC-a2ea8fdf7bd5;GLMP-4EF3F735AE;Halle (Saale);Sachsen-Anhalt;15002000;Grüne;gru;2024.0;Kommunalwahlprogramm Gemeinde;Gemeinde;main_corpus_observation;Halle (Saale)_Grüne_2024.txt;main;a2ea8fdf7bd5cbf59e78020cf2b650131aa85817d98c2c5448b4811f143006ef;local_cities_components
USE-736265831835;DOC-151f8d37c6af;GLMP-228599587C;Halle (Saale);Sachsen-Anhalt;15002000;Hauptsache Halle;hsh;2024.0;Kommunalwahlprogramm Gemeinde;Gemeinde;main_corpus_observation;Halle (Saale)_Hauptsache Halle_2024.txt;main;151f8d37c6af4553737e948a5f533a5841bac1fb0fcc9f1125d62f4f0248ebbb;local_cities_components
USE-db77c3d5656d;DOC-314c8c6fe7d1;GLMP-3272B41370;Halle (Saale);Sachsen-Anhalt;15002000;Linke;;2024.0;Kommunalwahlprogramm Gemeinde;Gemeinde;main_corpus_observation;Halle (Saale)_Linke_2024.txt;main;314c8c6fe7d1946d14aec9763542f83050d2cba28943dd65469b2cced5d93c15;local_cities_components
USE-1a5a90d7c485;DOC-d7ddb3b82cdc;GLMP-7EF67E4895;Halle (Saale);Sachsen-Anhalt;15002000;SPD;spd;2024.0;Kommunalwahlprogramm Gemeinde;Gemeinde;main_corpus_observation;Halle (Saale)_SPD_2024.txt;main;d7ddb3b82cdce3d5cb1b9ee11ae222166d1047ec2a36d7676fd2985a2864d0c7;local_cities_components
USE-98f2d2659ac5;DOC-fddca6032aa5;GLMP-909DFBE14F;Halle (Saale);Sachsen-Anhalt;15002000;Volt;vlt;2024.0;Kommunalwahlprogramm Gemeinde;Gemeinde;main_corpus_observation;Halle (Saale)_Volt_2024.txt;main;fddca6032aa50e391db83624410b0bae99de016e3292d23ae01763a0b6f70c50;local_cities_components
USE-1ed5884fbc82;DOC-f5915e1f687a;GLMP-3DC1EF274C;Haßloch;Rheinland-Pfalz;07332025;CDU;cdu;2024.0;Kommunalwahlprogramm Gemeinde;Gemeinde;main_corpus_observation;Haßloch_CDU_2024.txt;main;f5915e1f687a0980c0678536155c98c185a00b933e44267119c2cd7ee65ea49d;local_cities_components
USE-2d892eb28ff3;DOC-935fa0917407;GLMP-DAA8050AE3;Haßloch;Rheinland-Pfalz;07332025;FDP;fdp;2024.0;Kommunalwahlprogramm Gemeinde;Gemeinde;main_corpus_observation;Haßloch_FDP_2024.txt;main;935fa0917407d63b996f5cc5279a04aabfe750cf0947685481f432ff30f36fca;local_cities_components
USE-794fdd655a77;DOC-5edae09da99e;GLMP-B701DF8C11;Haßloch;Rheinland-Pfalz;07332025;FWG;;2024.0;Kommunalwahlprogramm Gemeinde;Gemeinde;main_corpus_observation;Haßloch_FWG_2024.txt;main;5edae09da99eeefbbfa310f47610d2befdb0edd8a5294ca469d8edcf4e93de57;local_cities_components
USE-6128b271c9a6;DOC-e44ce01da0e2;GLMP-CB2DF81392;Haßloch;Rheinland-Pfalz;07332025;Grüne;gru;2024.0;Kommunalwahlprogramm Gemeinde;Gemeinde;main_corpus_observation;Haßloch_Grüne_2024.txt;main;e44ce01da0e2db28707041d899456274e0429aee8adf4be56d678c850b42d2cf;local_cities_components
USE-a5fab3f1cc0d;DOC-77adfeeac863;GLMP-4D7DCBF32C;Haßloch;Rheinland-Pfalz;07332025;HLL;;2024.0;Kommunalwahlprogramm Gemeinde;Gemeinde;main_corpus_observation;Haßloch_HLL_2024.txt;main;77adfeeac863d8d2f7aeff3ddbf63b76045532562dfd20d206c8815d19c51bdc;local_cities_components
USE-917978c32dbe;DOC-8d47323c2381;GLMP-340217645D;Haßloch;Rheinland-Pfalz;07332025;SPD;spd;2024.0;Kommunalwahlprogramm Gemeinde;Gemeinde;main_corpus_observation;Haßloch_SPD_2024.txt;main;8d47323c238158ebd0e6e6b6d09b16f2213a8581a087908bc63fd8abf8491465;local_cities_components
USE-2ac54c59aad9;DOC-edd1f616c9c4;GLMP-DCB5223DAD;Heidelberg;Baden-Württemberg;08221000;AfD;;2024.0;Kommunalwahlprogramm Gemeinde;Gemeinde;main_corpus_observation;Heidelberg_AfD_2024.txt;main;edd1f616c9c406e60f33bb892ea6491f00271be1048863190d73e2a584832978;local_cities_components
USE-b67a45a64fb2;DOC-8c187151f597;GLMP-2AD8BCC70F;Heidelberg;Baden-Württemberg;08221000;Bunte Linke;;2024.0;Kommunalwahlprogramm Gemeinde;Gemeinde;main_corpus_observation;Heidelberg_Bunte Linke_2024.txt;main;8c187151f597897f5d9da1a7a2723588a4342de966d1d77efeb5ffb76ee173c8;local_cities_components
USE-4c48778cb042;DOC-f66f65a5016b;GLMP-11E3618720;Heidelberg;Baden-Württemberg;08221000;CDU;cdu;2024.0;Kommunalwahlprogramm Gemeinde;Gemeinde;main_corpus_observation;Heidelberg_CDU_2024.txt;main;f66f65a5016b1b1badad8bb34a16d82ea8968b0cb6dbfa43bd8c31b0f8f23da2;local_cities_components
USE-a7059987f58f;DOC-79fcb9b30f5c;GLMP-7515C435A9;Heidelberg;Baden-Württemberg;08221000;Die Heidelberger;;2024.0;Kommunalwahlprogramm Gemeinde;Gemeinde;main_corpus_observation;Heidelberg_Die Heidelberger_2024.txt;main;79fcb9b30f5cf370c25cc8c5b60b238ee884bc717db553db7102f2c40aa20eb8;local_cities_components
USE-d3ca438c9637;DOC-881c14988367;GLMP-070259FAD5;Heidelberg;Baden-Württemberg;08221000;Die Partei;par;2024.0;Kommunalwahlprogramm Gemeinde;Gemeinde;main_corpus_observation;Heidelberg_Die Partei_2024.txt;main;881c149883670880af481c00f17f36f89268dbe969ee17d11234dcceb588ef40;local_cities_components
USE-39383625162d;DOC-f8062babbf47;GLMP-F73231A663;Heidelberg;Baden-Württemberg;08221000;FDP;fdp;2024.0;Kommunalwahlprogramm Gemeinde;Gemeinde;main_corpus_observation;Heidelberg_FDP_2024.txt;main;f8062babbf47084ef3e73cfb92731128cb36a515cefc20fc275d3872024c2a2e;local_cities_components
USE-f1591317b14c;DOC-5e8af3ae5d02;GLMP-C87D2EB350;Heidelberg;Baden-Württemberg;08221000;GAL;;2024.0;Kommunalwahlprogramm Gemeinde;Gemeinde;main_corpus_observation;Heidelberg_GAL_2024.txt;main;5e8af3ae5d022c2b7996095c3581ba65c42d2831316bbb75661a8245f144781e;local_cities_components
USE-dc985bbbd66b;DOC-f7f52eb7ef32;GLMP-828CC9FFFB;Heidelberg;Baden-Württemberg;08221000;Grüne;gru;2024.0;Kommunalwahlprogramm Gemeinde;Gemeinde;main_corpus_observation;Heidelberg_Grüne_2024.txt;main;f7f52eb7ef323a3b2846f50e8045d3ad78e3f4f4930611c4bdef8103b89b0a4b;local_cities_components
USE-bba007c46f7f;DOC-392c220aebe3;GLMP-6748BBF6EB;Heidelberg;Baden-Württemberg;08221000;Heidelberg in Bewegung;;2024.0;Kommunalwahlprogramm Gemeinde;Gemeinde;main_corpus_observation;Heidelberg_Heidelberg in Bewegung_2024.txt;main;392c220aebe378330ba66cbe73329d53b085cb82165684721108ff2f6fa8dce9;local_cities_components
USE-0cc0eace925f;DOC-3b655d1eb20c;GLMP-02298188F4;Heidelberg;Baden-Württemberg;08221000;IDA;;2024.0;Kommunalwahlprogramm Gemeinde;Gemeinde;main_corpus_observation;Heidelberg_IDA_2024.txt;main;3b655d1eb20cebfac9136897cfacfffeb1d48b717d7d7eaee15c8b498f78d4c6;local_cities_components
USE-a40af9f60d1f;DOC-7a340ed70f53;GLMP-52DFCEBF71;Heidelberg;Baden-Württemberg;08221000;Linke;;2024.0;Kommunalwahlprogramm Gemeinde;Gemeinde;main_corpus_observation;Heidelberg_Linke_2024.txt;main;7a340ed70f532e539cc90eb22fdc0a588d0596e33131b88c79197f6a81fb2949;local_cities_components
USE-896120cbd4a9;DOC-0ced15668383;GLMP-D40B748264;Heidelberg;Baden-Württemberg;08221000;SPD;spd;2024.0;Kommunalwahlprogramm Gemeinde;Gemeinde;main_corpus_observation;Heidelberg_SPD_2024.txt;main;0ced156683835845a50344f03a1632df75cb154b27261ab09e7290e94eccb43f;local_cities_components
USE-7ae78d9560bf;DOC-1844b7c4ffdd;GLMP-9938464A69;Heidelberg;Baden-Württemberg;08221000;Volt;vlt;2024.0;Kommunalwahlprogramm Gemeinde;Gemeinde;main_corpus_observation;Heidelberg_Volt_2024.txt;main;1844b7c4ffdd4eb1223d31ca8bede63a752a3605cfd7f697f5735cf59f35898e;local_cities_components
USE-cf2460432d4e;DOC-9f63ebf7b521;GLMP-1D43397574;Heidenheim an der Brenz;Baden-Württemberg;08135019;AfD;;2024.0;anderes kommunales Wahlprogramm;Landkreis und Gemeinden;main_corpus_observation;Heidenheim an der Brenz_AfD_2024.txt;main;9f63ebf7b52109d6bbee55515447764044e9fe9a749e1ffcfd4c8694670f63a6;local_cities_components
USE-44e2978e0997;DOC-705b69af1f42;GLMP-46E7C170A1;Heidenheim an der Brenz;Baden-Württemberg;08135019;CDU;cdu;2024.0;Kommunalwahlprogramm Gemeinde;Gemeinde;main_corpus_observation;Heidenheim an der Brenz_CDU_2024.txt;main;705b69af1f4236b35b44859d2cd2c093da1ee333d42bfaecb77de3cdfd6cda95;local_cities_components
USE-254223df3945;DOC-4fd36944cf97;GLMP-9EAB544CC0;Heidenheim an der Brenz;Baden-Württemberg;08135019;FWG;;2024.0;Kommunalwahlprogramm Gemeinde;Gemeinde;main_corpus_observation;Heidenheim an der Brenz_FWG_2024.txt;main;4fd36944cf973dba80a2bd0db95b978e0cb0e5d1a0370a77cafed7daad38741b;local_cities_components
USE-9cc56c1553a1;DOC-e82692b1fede;GLMP-7B2F9E29B7;Heidenheim an der Brenz;Baden-Württemberg;08135019;SPD;spd;2024.0;Kommunalwahlprogramm Gemeinde;Gemeinde;main_corpus_observation;Heidenheim an der Brenz_SPD_2024.txt;main;e82692b1fede6d2323cd71af49a810cd59b768438d43371cb90e806bf0c76449;local_cities_components
USE-005928321387;DOC-cd78aa210c0c;GLMP-FA808A53AA;Heidenheim an der Brenz;Baden-Württemberg;08135019;ÖDP;;2024.0;Kommunalwahlprogramm Gemeinde;Gemeinde;main_corpus_observation;Heidenheim an der Brenz_ÖDP_2024.txt;main;cd78aa210c0cb61348c3bfad9df8f60e10df5a04c2afa83f9a9aec4009d62000;local_cities_components
USE-4ffb4215f435;DOC-0772d16c12db;GLMP-BFD67B8DB0;Heilbronn;Baden-Württemberg;08121000;AfD;;2024.0;anderes kommunales Wahlprogramm;Landkreis;main_corpus_observation;Heilbronn_AfD_2024.txt;main;0772d16c12dba98943c272bf5fe79935e5fde4719201fad36f6eed8445249f55;local_cities_components
USE-2250271ffcc3;DOC-b05b58085d98;GLMP-D8AEDFE004;Heilbronn;Baden-Württemberg;08121000;CDU;cdu;2024.0;Kommunalwahlprogramm Gemeinde;Gemeinde;main_corpus_observation;Heilbronn_CDU_2024.txt;main;b05b58085d989b689d48a895e1080b57d09e712bc8ff8f190161cca327c2f55e;local_cities_components
USE-abe7cdb56105;DOC-2f15ca393557;GLMP-4FF375A2A8;Heilbronn;Baden-Württemberg;08121000;FDP;fdp;2024.0;Kommunalwahlprogramm Gemeinde;Gemeinde;main_corpus_observation;Heilbronn_FDP_2024.txt;main;2f15ca39355708cb210744c7a8e1e35576705b3a04b7a9ec239d066edea28003;local_cities_components
USE-aa169d581a4d;DOC-d39688030980;GLMP-23FCBB970F;Heilbronn;Baden-Württemberg;08121000;Gemeinsam für unser HN;;2024.0;Kommunalwahlprogramm Gemeinde;Gemeinde;main_corpus_observation;Heilbronn_Gemeinsam für unser HN_2024.txt;main;d396880309809fe4dc343dd6d3ede2df01f37778ecd254556b0b8e7e8eb42b67;local_cities_components
USE-9ddb8a55e65a;DOC-7c26025f1d53;GLMP-5EA0C6F21E;Heilbronn;Baden-Württemberg;08121000;Grüne;gru;2024.0;anderes kommunales Wahlprogramm;Landkreis;main_corpus_observation;Heilbronn_Grüne_2024.txt;main;7c26025f1d538252a57ca307cb57ce7ec1a50fe8281841227ca79477684b073c;local_cities_components
USE-2198b1d54729;DOC-5325505ab3a6;GLMP-E2BFE96E45;Heilbronn;Baden-Württemberg;08121000;Linke;;2024.0;anderes kommunales Wahlprogramm;Landkreis und Gemeinden;main_corpus_observation;Heilbronn_Linke_2024.txt;main;5325505ab3a68302e1907ba8b22c56036fba5ae53ccb8b3905e91249c82ef10b;local_cities_components
USE-d1d4cd75ecb6;DOC-610812a16e84;GLMP-AEE0CD5830;Heilbronn;Baden-Württemberg;08121000;PRO;;2024.0;Kommunalwahlprogramm Gemeinde;Gemeinde;main_corpus_observation;Heilbronn_PRO_2024.txt;main;610812a16e84158ee7fee55d6defb1dc212925a5b3a1c4761703d8a52abcbb07;local_cities_components
USE-3c61a8a5dec2;DOC-153791f10308;GLMP-5269C9FECB;Heilbronn;Baden-Württemberg;08121000;SPD;spd;2024.0;Kommunalwahlprogramm Gemeinde;Gemeinde;main_corpus_observation;Heilbronn_SPD_2024.txt;main;153791f103082e37aa2fefe66d4cdb59da42ba3910565d0f4f54d266c67594e2;local_cities_components
USE-3f140580df45;DOC-83afc27b4b91;GLMP-F90DE9F0FA;Heilbronn;Baden-Württemberg;08121000;UfHN;;2024.0;Kommunalwahlprogramm Gemeinde;Gemeinde;main_corpus_observation;Heilbronn_UfHN_2024.txt;main;83afc27b4b91c465ef2dcf1569d75b99dfcc64195fde24af45eb81deb3d0d7c9;local_cities_components
USE-1c8858550486;DOC-0180e3e48044;GLMP-FD5255224B;Heringsdorf;Mecklenburg-Vorpommern;13075049;InKa;;2024.0;Kommunalwahlprogramm Gemeinde;Gemeinde;main_corpus_observation;Heringsdorf_InKa_2024.txt;main;0180e3e480445a4eefdb8e4a78d3a35febae4fed15675a44469c6fc28f1b9554;local_cities_components
USE-ed561dfc0584;DOC-9caee34c22b3;GLMP-07F4E5F529;Heringsdorf;Mecklenburg-Vorpommern;13075049;SPD;spd;2024.0;anderes kommunales Wahlprogramm;Landkreis und Gemeinden;main_corpus_observation;Heringsdorf_SPD_2024.txt;main;9caee34c22b32bb257d3481046022814388ddc4b64b938be5c95e1cfb889485c;local_cities_components
USE-9100d73ecebb;DOC-6ca87dc4add7;GLMP-4B6E40CABA;Hohenmölsen;Sachsen-Anhalt;15084235;AHL;;2024.0;Kommunalwahlprogramm Gemeinde;Gemeinde;main_corpus_observation;Hohenmölsen_AHL_2024.txt;main;6ca87dc4add7decc01ba956e95cfc7960fa0093c8fafe5a7b1026f7729d45911;local_cities_components
USE-f77a043e5ec6;DOC-2dd6281ace9f;GLMP-003EC2B698;Hohenmölsen;Sachsen-Anhalt;15084235;Grüne;gru;2024.0;anderes kommunales Wahlprogramm;Landkreis;main_corpus_observation;Hohenmölsen_Grüne_2024.txt;main;2dd6281ace9f434a6def432dc91890c5e30cea16fbb706444dc50eee03506662;local_cities_components
USE-250b06510d35;DOC-4b4802cfde74;GLMP-F5638D4AAC;Hohenmölsen;Sachsen-Anhalt;15084235;Linke;;2024.0;anderes kommunales Wahlprogramm;Landkreis und Gemeinden;main_corpus_observation;Hohenmölsen_Linke_2024.txt;main;4b4802cfde74aefbae491887eb143bc65cff294a0546cbbaff8c0f47ef645c39;local_cities_components
USE-1a8788995d41;DOC-a50bcfdb1038;GLMP-D947566A73;Hüfingen;Baden-Württemberg;08326027;Freies Forum;;2024.0;Kommunalwahlprogramm Gemeinde;Gemeinde;main_corpus_observation;Hüfingen_Freies Forum_2024.txt;main;a50bcfdb1038ea60c7e2468d38015a0912fd9cc2a0f86c5c34fd5f9ca6d7e67e;local_cities_components
USE-cb9063dec07e;DOC-0fb79a86a368;GLMP-D21AD75B67;Hüfingen;Baden-Württemberg;08326027;LBU;;2024.0;Kommunalwahlprogramm Gemeinde;Gemeinde;main_corpus_observation;Hüfingen_LBU_2024.txt;main;0fb79a86a368a45aaf2847966f070617f7276926faca6b3c32d07862044bb356;local_cities_components
USE-c3b376ff54fa;DOC-f79b38a64b67;GLMP-2D4402D8FD;Jena;Thüringen;16053000;AfD;;2024.0;Kommunalwahlprogramm Gemeinde;Gemeinde;main_corpus_observation;Jena_AfD_2024.txt;main;f79b38a64b67063f2497bb926a645a82ee7cffa870d0a45c6432adc9427898d7;local_cities_components
USE-58e1c09c4675;DOC-842e1f9aec94;GLMP-5D59E7D006;Jena;Thüringen;16053000;Bürger für Jena;bfj;2024.0;Kommunalwahlprogramm Gemeinde;Gemeinde;main_corpus_observation;Jena_Bürger für Jena_2024.txt;main;842e1f9aec94d540aa1c38464be5822f8f3dc8ba59301f7db158c0794c0c647c;local_cities_components
USE-082e30057006;DOC-197586fbeccf;GLMP-0818EB1070;Jena;Thüringen;16053000;CDU;cdu;2024.0;Kommunalwahlprogramm Gemeinde;Gemeinde;main_corpus_observation;Jena_CDU_2024.txt;main;197586fbeccf031f6d5a6804df953d4a0d3ed6b1143f17134e6616b5ad1acd2e;local_cities_components
USE-27edcf5a7538;DOC-0a52c7cabd0a;GLMP-18AFE008B3;Jena;Thüringen;16053000;Die Basis;;2024.0;Kommunalwahlprogramm Gemeinde;Gemeinde;main_corpus_observation;Jena_Die Basis_2024.txt;main;0a52c7cabd0a135b18dc64aabd6aa170861f84200403862fdc43041cdcc745a4;local_cities_components
USE-633e54a63631;DOC-dcf6f6f1763e;GLMP-6FC82E9C65;Jena;Thüringen;16053000;FDP;fdp;2024.0;Kommunalwahlprogramm Gemeinde;Gemeinde;main_corpus_observation;Jena_FDP_2024.txt;main;dcf6f6f1763ec2c41dd247b40726b6a88e90167aa8e23e1ce2dac1ad161d6aa7;local_cities_components
USE-27b73f91a93b;DOC-8ea7cc249c49;GLMP-4B16175EB2;Jena;Thüringen;16053000;FWG;;2024.0;Kommunalwahlprogramm Gemeinde;Gemeinde;main_corpus_observation;Jena_FWG_2024.txt;main;8ea7cc249c4927b08b2aa3820315994c5fb81fdbac32dc2a7af8ba3f2d809b81;local_cities_components
USE-f79773825557;DOC-b9703e2d4d81;GLMP-AF9D8C6B7C;Jena;Thüringen;16053000;Grüne;gru;2024.0;Kommunalwahlprogramm Gemeinde;Gemeinde;main_corpus_observation;Jena_Grüne_2024.txt;main;b9703e2d4d81d034df3b1b2dce800118bb2d5d733c30cface398d20d1d491f8a;local_cities_components
USE-9fa65640510b;DOC-95e5a4bff3c3;GLMP-C8E81689BF;Jena;Thüringen;16053000;Linke;;2024.0;Kommunalwahlprogramm Gemeinde;Gemeinde;main_corpus_observation;Jena_Linke_2024.txt;main;95e5a4bff3c340fe7e8a8278d8e43438e1c6bbcbffeb0766c6fcb7b4244381b7;local_cities_components
USE-47a409f134fb;DOC-5364a5240d70;GLMP-0CF67F1FAD;Jena;Thüringen;16053000;SPD;spd;2024.0;Kommunalwahlprogramm Gemeinde;Gemeinde;main_corpus_observation;Jena_SPD_2024.txt;main;5364a5240d7007e260552293ea85dc49981cade4ed07b1e36a1a0f93dd42f035;local_cities_components
USE-698e4a81562f;DOC-008ec6103c37;GLMP-A2306FD061;Jena;Thüringen;16053000;Volt;vlt;2024.0;Kommunalwahlprogramm Gemeinde;Gemeinde;main_corpus_observation;Jena_Volt_2024.txt;main;008ec6103c37950e7aa1b1b7180b095971fef4924b4e625684679b2168a301aa;local_cities_components
USE-d293137d276d;DOC-df31c01bf1f7;GLMP-C25A589CCD;Kaiserslautern;Rheinland-Pfalz;07312000;CDU;cdu;2024.0;Kommunalwahlprogramm Gemeinde;Gemeinde;main_corpus_observation;Kaiserslautern_CDU_2024.txt;main;df31c01bf1f7ed8bdb7d1ec70031628ddf3ab0e6b48383b00f675de6ad03cad7;local_cities_components
USE-8328d7effc8c;DOC-fdc45c506098;GLMP-BA81A12A5D;Kaiserslautern;Rheinland-Pfalz;07312000;FDP;fdp;2024.0;anderes kommunales Wahlprogramm;Land;main_corpus_observation;Kaiserslautern_FDP_2024.txt;main;fdc45c506098d5b6d460dcc3509989316cdf7e7b84783545fe9a8463bc8f38ca;local_cities_components
USE-23115923e5dc;DOC-29ed0ce6285e;GLMP-87CCE4C5AB;Kaiserslautern;Rheinland-Pfalz;07312000;Grüne;gru;2024.0;Kommunalwahlprogramm Gemeinde;Gemeinde;main_corpus_observation;Kaiserslautern_Grüne_2024.txt;main;29ed0ce6285e1a55f35f02a4ecb957ea52f6e235432110caa7d7c682987804b7;local_cities_components
USE-cce5c10dc61b;DOC-57ff37a38a3a;GLMP-ECFB7DDE75;Kaiserslautern;Rheinland-Pfalz;07312000;Linke;;2024.0;Kommunalwahlprogramm Gemeinde;Gemeinde;main_corpus_observation;Kaiserslautern_Linke_2024.txt;main;57ff37a38a3a0f4cb1423ce2b6dca751886d5496384dbba40391309634547da2;local_cities_components
USE-53456cad6762;DOC-14b5b83eebd8;GLMP-9EA865130E;Kaiserslautern;Rheinland-Pfalz;07312000;SPD;spd;2024.0;Kommunalwahlprogramm Gemeinde;Gemeinde;main_corpus_observation;Kaiserslautern_SPD_2024.txt;main;14b5b83eebd837d2f6bc88e55d118753cd451b84ba8f4ced6e1e026cb8164f64;local_cities_components
USE-298372f0a9bd;DOC-4e2292909292;GLMP-7ACFE0FAFF;Kandern;Baden-Württemberg;08336045;FWG;;2024.0;Kommunalwahlprogramm Gemeinde;Gemeinde;main_corpus_observation;Kandern_FWG_2024.txt;main;4e229290929209212aa6e1157dd828ca71343c1d763873673d1af86a355ad397;local_cities_components
USE-761d2ab5c43c;DOC-7fab299d8852;GLMP-30778BAEFB;Kandern;Baden-Württemberg;08336045;Grüne;gru;2024.0;Kommunalwahlprogramm Gemeinde;Gemeinde;main_corpus_observation;Kandern_Grüne_2024.txt;main;7fab299d88527461f6451131a27422eb42ecddf8aa36cb801da6f1966491d325;local_cities_components
USE-a06d52821c09;DOC-698a2cabbe79;GLMP-5E60BED4BF;Karlsruhe;Baden-Württemberg;08212000;AfD;;2024.0;Kommunalwahlprogramm Gemeinde;Gemeinde;main_corpus_observation;Karlsruhe_AfD_2024.txt;main;698a2cabbe79117e8c07d9850dc0c2bc1ac70fc4f785d8f6a715201cb4b6963c;local_cities_components
USE-136210d20afb;DOC-de0701ebf8b7;GLMP-D840F9A398;Karlsruhe;Baden-Württemberg;08212000;CDU;cdu;2024.0;Kommunalwahlprogramm Gemeinde;Gemeinde;main_corpus_observation;Karlsruhe_CDU_2024.txt;main;de0701ebf8b7bc90d6e90c490c1a29534ee8beee91504e472094c1c636f93c37;local_cities_components
USE-d2ec29556289;DOC-67f1204cf63c;GLMP-BA4D7B005F;Karlsruhe;Baden-Württemberg;08212000;Demokratie und Aufklärung Karlsruhe;;2024.0;Kommunalwahlprogramm Gemeinde;Gemeinde;main_corpus_observation;Karlsruhe_Demokratie und Aufklärung Karlsruhe_2024.txt;main;67f1204cf63cfae717a3f8a0276ab3310936967fb011c8fd1872e99376bb5fdd;local_cities_components
USE-be4f88af82b7;DOC-b1ee96ed9259;GLMP-B565A4CC85;Karlsruhe;Baden-Württemberg;08212000;Die Partei;par;2024.0;Kommunalwahlprogramm Gemeinde;Gemeinde;main_corpus_observation;Karlsruhe_Die Partei_2024.txt;main;b1ee96ed925937813a7e92feb4883d6fa105e4e2be020983bfeb00a1524e417b;local_cities_components
USE-dca2ac82a9fb;DOC-471f35cd8e7e;GLMP-211179337F;Karlsruhe;Baden-Württemberg;08212000;FDP;fdp;2024.0;Kommunalwahlprogramm Gemeinde;Gemeinde;main_corpus_observation;Karlsruhe_FDP_2024.txt;main;471f35cd8e7e0df82859070698be26f400603590807f82184dadbcf648cbd506;local_cities_components
USE-a929a32a7094;DOC-772abc5baaf1;GLMP-4C405AD448;Karlsruhe;Baden-Württemberg;08212000;FWG;;2024.0;Kommunalwahlprogramm Gemeinde;Gemeinde;main_corpus_observation;Karlsruhe_FWG_2024.txt;main;772abc5baaf1aa66ee1cbfa49c576650083c30337f999abfbced350b86e8d917;local_cities_components
USE-2342fc399a77;DOC-dc98f4e79f68;GLMP-F328995E1D;Karlsruhe;Baden-Württemberg;08212000;Für Karlsruhe;fkr;2024.0;Kommunalwahlprogramm Gemeinde;Gemeinde;main_corpus_observation;Karlsruhe_Für Karlsruhe_2024.txt;main;dc98f4e79f682790b25882a619731e4cd2ea827923632f0a05569f6401647f45;local_cities_components
USE-ca3c245cee1b;DOC-8c2de3f4f4a3;GLMP-4C2018E279;Karlsruhe;Baden-Württemberg;08212000;Grüne;gru;2024.0;Kommunalwahlprogramm Gemeinde;Gemeinde;main_corpus_observation;Karlsruhe_Grüne_2024.txt;main;8c2de3f4f4a3c9bbd6ee9b870027459c95c3eba882a48d56ab39f13f69d59740;local_cities_components
USE-e96e8166fb7b;DOC-5bb6cba63f52;GLMP-9AEB32F213;Karlsruhe;Baden-Württemberg;08212000;KAL;;2024.0;Kommunalwahlprogramm Gemeinde;Gemeinde;main_corpus_observation;Karlsruhe_KAL_2024.txt;main;5bb6cba63f523047016cdf5b42a8206255b31b188f221bef5dfd3adc060bcbe6;local_cities_components
USE-36a672f8846e;DOC-ef39c73b3719;GLMP-46290AE738;Karlsruhe;Baden-Württemberg;08212000;Linke;;2024.0;Kommunalwahlprogramm Gemeinde;Gemeinde;main_corpus_observation;Karlsruhe_Linke_2024.txt;main;ef39c73b37190d91cc31a80b4397a686c2bdcfa33514d720fc0979b0e7b41adb;local_cities_components
USE-3d79866f3182;DOC-441ca101c410;GLMP-A880BEEBCC;Karlsruhe;Baden-Württemberg;08212000;SPD;spd;2024.0;Kommunalwahlprogramm Gemeinde;Gemeinde;main_corpus_observation;Karlsruhe_SPD_2024.txt;main;441ca101c41071728123af287ef5c7bcfc934097d77bffbc720e9633bc4e1a62;local_cities_components
USE-d42fa1f70c3e;DOC-30987ee3de07;GLMP-861E39902B;Karlsruhe;Baden-Württemberg;08212000;Volt;vlt;2024.0;Kommunalwahlprogramm Gemeinde;Gemeinde;main_corpus_observation;Karlsruhe_Volt_2024.txt;main;30987ee3de07dbc51eabf32b240b4756d89e386b43e680389fc4a56af67fc14c;local_cities_components
USE-b61f90422217;DOC-f08f7d850e1b;GLMP-9995D2FCAA;Karlsruhe;Baden-Württemberg;08212000;ÖDP;;2024.0;Kommunalwahlprogramm Gemeinde;Gemeinde;main_corpus_observation;Karlsruhe_ÖDP_2024.txt;main;f08f7d850e1b879bdc7b7c6d6fbc954bec51b5feea82dce25ac6a9094751c1a0;local_cities_components
USE-2d863592d564;DOC-cf1bfe93198a;GLMP-179DBDAC4F;Keltern;Baden-Württemberg;08236070;CDU;cdu;2024.0;Kommunalwahlprogramm Gemeinde;Gemeinde;main_corpus_observation;Keltern_CDU_2024.txt;main;cf1bfe93198ad9ff47554b89ab285ee51ea2a67b7077f4bea3a90660672ca2af;local_cities_components
USE-7429f9fea71d;DOC-7a4b37942cf1;GLMP-EE1C4D0C56;Keltern;Baden-Württemberg;08236070;Grüne;gru;2024.0;Kommunalwahlprogramm Gemeinde;Gemeinde;main_corpus_observation;Keltern_Grüne_2024.txt;main;7a4b37942cf11cdccaa9ecf409eef61da62a6181f0b481236fd01de9d418e1e6;local_cities_components
USE-0cfb462591ab;DOC-558d4a600535;GLMP-9F3CB85995;Keltern;Baden-Württemberg;08236070;SPD;spd;2024.0;Kommunalwahlprogramm Gemeinde;Gemeinde;main_corpus_observation;Keltern_SPD_2024.txt;main;558d4a600535534130da3bcea5d2fb93c0533be8c0c0e4ddf6a4935f57fda45f;local_cities_components
USE-da693c743988;DOC-e6bf14fd22dc;GLMP-6BEB7123C4;Keltern;Baden-Württemberg;08236070;WIW;;2024.0;Kommunalwahlprogramm Gemeinde;Gemeinde;main_corpus_observation;Keltern_WIW_2024.txt;main;e6bf14fd22dca6278c445069c42f117487232cc4e0d6bc810c5d796797af711a;local_cities_components
USE-a73912b4a6c6;DOC-3f96d9c8d0e0;GLMP-FDFAA01341;Kirchheimbolanden;Rheinland-Pfalz;07333039;CDU;cdu;2024.0;Kommunalwahlprogramm Gemeinde;Gemeinde;main_corpus_observation;Kirchheimbolanden_CDU_2024.txt;main;3f96d9c8d0e056f15fd69737617099ec373509a8e07fbf20f1cb5466643a711b;local_cities_components
USE-9637153b0b1d;DOC-cbe041792a80;GLMP-3E40B8E039;Kleinmachnow;Brandenburg;12069304;CDU;cdu;2024.0;Kommunalwahlprogramm Gemeinde;Gemeinde;main_corpus_observation;Kleinmachnow_CDU_2024.txt;main;cbe041792a80e1897cfb11a755253e1d0eafceb4e69d6c5e473f41033c17a97d;local_cities_components
USE-c0f7a5f0878f;DOC-c13fccee9d9c;GLMP-E3BCBF05DB;Kleinmachnow;Brandenburg;12069304;FDP;fdp;2024.0;Kommunalwahlprogramm Gemeinde;Gemeinde;main_corpus_observation;Kleinmachnow_FDP_2024.txt;main;c13fccee9d9cadf315a1c29a5c4028993834f4d2c3716f2c8d6ecb516a4bbe7e;local_cities_components
USE-f16a6c0647b6;DOC-780f2ab8474e;GLMP-A0C3052741;Kleinmachnow;Brandenburg;12069304;Grüne;gru;2024.0;Kommunalwahlprogramm Gemeinde;Gemeinde;main_corpus_observation;Kleinmachnow_Grüne_2024.txt;main;780f2ab8474ea8901063d12f753b281d1de7a8510ec731713fc41b6a1840e6cd;local_cities_components
USE-6d2e2644d38d;DOC-a1a840338ee5;GLMP-0E319B45F8;Kleinmachnow;Brandenburg;12069304;Linke;;2024.0;Kommunalwahlprogramm Gemeinde;Gemeinde;main_corpus_observation;Kleinmachnow_Linke_2024.txt;main;a1a840338ee5c33e49101716d0f6b8867182fbc52280cb0ee2f0126e004cc100;local_cities_components
USE-302c20fcba43;DOC-7832fdd4b87e;GLMP-4A1705ADF9;Kleinmachnow;Brandenburg;12069304;SPD;spd;2024.0;Kommunalwahlprogramm Gemeinde;Gemeinde;main_corpus_observation;Kleinmachnow_SPD_2024.txt;main;7832fdd4b87e4b54b5af5f85dd59669ddd35237c6815ba758d547763f39da6bb;local_cities_components
USE-f4b68fa44ec3;DOC-f4ec4367da45;GLMP-FED64B0EBE;Koblenz;Rheinland-Pfalz;07111000;AfD;;2024.0;Kommunalwahlprogramm Gemeinde;Gemeinde;main_corpus_observation;Koblenz_AfD_2024.txt;main;f4ec4367da457877f5c4f6271161e2ad838dc16208d58ac7becc167b46343551;local_cities_components
USE-afe1faa2c2eb;DOC-0d974816e571;GLMP-DF00237601;Koblenz;Rheinland-Pfalz;07111000;CDU;cdu;2024.0;Kommunalwahlprogramm Gemeinde;Gemeinde;main_corpus_observation;Koblenz_CDU_2024.txt;main;0d974816e571d3bc013cc2d710889468607dbd26d79f78e0655cc88b3dbea0dc;local_cities_components
USE-41a5effa1f0c;DOC-a0028d9686c7;GLMP-86F11C20D1;Koblenz;Rheinland-Pfalz;07111000;FDP;fdp;2024.0;Kommunalwahlprogramm Gemeinde;Gemeinde;main_corpus_observation;Koblenz_FDP_2024.txt;main;a0028d9686c72927df04724b3e91cf033f114c0309a0ac67c983279c48f1a20e;local_cities_components
USE-cb82cc32bdbd;DOC-2335209adc2d;GLMP-960F56D31A;Koblenz;Rheinland-Pfalz;07111000;FWG;;2024.0;Kommunalwahlprogramm Gemeinde;Gemeinde;main_corpus_observation;Koblenz_FWG_2024.txt;main;2335209adc2d1f089bbed631ac473f7f360f426743e79cf36a71c27c7947c823;local_cities_components
USE-ced405e389ab;DOC-bc0855d50bf2;GLMP-9C109C8213;Koblenz;Rheinland-Pfalz;07111000;Grüne;gru;2024.0;Kommunalwahlprogramm Gemeinde;Gemeinde;main_corpus_observation;Koblenz_Grüne_2024.txt;main;bc0855d50bf2ab6a2f3b10cdd35ac8c976e3be82669a919c204603a70dde4550;local_cities_components
USE-8f4542341e88;DOC-57af892629b5;GLMP-8EFCE4E30A;Koblenz;Rheinland-Pfalz;07111000;Linke;;2024.0;Kommunalwahlprogramm Gemeinde;Gemeinde;main_corpus_observation;Koblenz_Linke_2024.txt;main;57af892629b591d8eaf2401eeb0bcff0d466ed52fa56e56a607f60a659ac9f74;local_cities_components
USE-762a323a0f12;DOC-c85203f650c9;GLMP-772C158E83;Koblenz;Rheinland-Pfalz;07111000;SPD;spd;2024.0;Kommunalwahlprogramm Gemeinde;Gemeinde;main_corpus_observation;Koblenz_SPD_2024.txt;main;c85203f650c98bf20a224629fa7ac42dd2d294e61f136a6395655c7d6a461d61;local_cities_components
USE-5232ea2e12d0;DOC-a38cac0f0fe1;GLMP-FABD368678;Konstanz;Baden-Württemberg;08335043;CDU;cdu;2024.0;Kommunalwahlprogramm Gemeinde;Gemeinde;main_corpus_observation;Konstanz_CDU_2024.txt;main;a38cac0f0fe1bc0ab0885498d6229c240b51a75485e986f4b7748e4149e67da2;local_cities_components
USE-849de9e00c74;DOC-8118ded55ef6;GLMP-0223475EFE;Konstanz;Baden-Württemberg;08335043;FDP;fdp;2024.0;Kommunalwahlprogramm Gemeinde;Gemeinde;main_corpus_observation;Konstanz_FDP_2024.txt;main;8118ded55ef61ed5931c83ebf7af3fc1fc99c52099edd0ae5e14e1257c3081f5;local_cities_components
USE-d363bec57c5c;DOC-9e923d9cd000;GLMP-C7148D68A1;Konstanz;Baden-Württemberg;08335043;FWG;;2024.0;Kommunalwahlprogramm Gemeinde;Gemeinde;main_corpus_observation;Konstanz_FWG_2024.txt;main;9e923d9cd0004668a64d9be29a0ef98009d12c63299f44b7e855104203af3f77;local_cities_components
USE-4fadef89466c;DOC-a7f7725d5576;GLMP-265AF5C0AE;Konstanz;Baden-Württemberg;08335043;Grüne;gru;2024.0;Kommunalwahlprogramm Gemeinde;Gemeinde;main_corpus_observation;Konstanz_Grüne_2024.txt;main;a7f7725d55768a79fd36f02946d072706873cbc7be9258bdff1009fd1fd1ee07;local_cities_components
USE-429b695640cb;DOC-54e404a3163e;GLMP-7EFA3CFD96;Konstanz;Baden-Württemberg;08335043;JFK;;2024.0;Kommunalwahlprogramm Gemeinde;Gemeinde;main_corpus_observation;Konstanz_JFK_2024.txt;main;54e404a3163e265ad3df8760d39e46c29ec7bc59b757d4e02019c02f4d85381c;local_cities_components
USE-c31c9eeb0bc5;DOC-de5e0f14ec20;GLMP-7108F557C7;Konstanz;Baden-Württemberg;08335043;KN KOM.MT;;2024.0;Kommunalwahlprogramm Gemeinde;Gemeinde;main_corpus_observation;Konstanz_KN KOM.MT_2024.txt;main;de5e0f14ec209acbbcc1d6805eb5f7aba002375ae1a24b29d65e5f22941e863e;local_cities_components
USE-4eb7fabadf69;DOC-6738902eecf6;GLMP-2833449237;Konstanz;Baden-Württemberg;08335043;LLK;;2024.0;Kommunalwahlprogramm Gemeinde;Gemeinde;main_corpus_observation;Konstanz_LLK_2024.txt;main;6738902eecf61e4bf9a3e2a79892d9a6743d62d80cfcb44c24b665aa67325a70;local_cities_components
USE-024d56ecb75a;DOC-69994ed2f641;GLMP-96A64ACECD;Konstanz;Baden-Württemberg;08335043;SPD;spd;2024.0;Kommunalwahlprogramm Gemeinde;Gemeinde;main_corpus_observation;Konstanz_SPD_2024.txt;main;69994ed2f641bf708528b0528d93d2861e0e520b352f300bbbbcdd669da47b90;local_cities_components
USE-debc5e3cf74e;DOC-216e477f75aa;GLMP-4CB73E2A7F;Königsee;Thüringen;16073112;CDU;cdu;2024.0;anderes kommunales Wahlprogramm;Landkreis;main_corpus_observation;Königsee_CDU_2024.txt;main;216e477f75aa78c9b5afaf2ce7c0bb9aabb0ab1233ba15ea358e6b34efacb2fd;local_cities_components
USE-4070515a06b2;DOC-f4aff162863d;GLMP-625DE3DA1B;Königsee;Thüringen;16073112;IWWFW;;2024.0;Kommunalwahlprogramm Gemeinde;Gemeinde;main_corpus_observation;Königsee_IWWFW_2024.txt;main;f4aff162863d9add41164de5ef357de647de5f11260633dacc505f07a3f9e4db;local_cities_components
USE-8ec337cb0c34;DOC-4f743a4e52f9;GLMP-4D7943CB2E;Laage;Mecklenburg-Vorpommern;13072062;CDU;cdu;2024.0;anderes kommunales Wahlprogramm;Landkreis und Gemeinden;main_corpus_observation;Laage_CDU_2024.txt;main;4f743a4e52f955f6b16ac1c4a93940daf1309b9f508b14d2d7d9980fab447b13;local_cities_components
USE-d416b8f6424c;DOC-50c072825043;GLMP-F963ED960A;Laage;Mecklenburg-Vorpommern;13072062;FDP;fdp;2024.0;Kommunalwahlprogramm Gemeinde;Gemeinde;main_corpus_observation;Laage_FDP_2024.txt;main;50c072825043c4002e3cb7f573366c48efb9bba3bfd731851f5e138c40129c2f;local_cities_components
USE-3cdf8a419102;DOC-1e24c595cd7c;GLMP-A8BE2B482F;Laage;Mecklenburg-Vorpommern;13072062;Linke;;2024.0;Kommunalwahlprogramm Gemeinde;Gemeinde;main_corpus_observation;Laage_Linke_2024.txt;main;1e24c595cd7c0305ab3094a4296530df81267f2b3ac571181479d679285c2f6d;local_cities_components
USE-7cc856b0002c;DOC-976cb15db794;GLMP-74D40F9FA9;Laage;Mecklenburg-Vorpommern;13072062;SPD;spd;2024.0;Kommunalwahlprogramm Gemeinde;Gemeinde;main_corpus_observation;Laage_SPD_2024.txt;main;976cb15db794fabcc19d172edc6dde5591fb69d371f34bcac8fca49252bf0e91;local_cities_components
USE-daf00faf5c92;DOC-b741c9c03ca8;GLMP-578E3A733B;Lahnstein;Rheinland-Pfalz;07141075;FBL;;2024.0;Kommunalwahlprogramm Gemeinde;Gemeinde;main_corpus_observation;Lahnstein_FBL_2024.txt;main;b741c9c03ca823246f2a6d3fc0c6bb6c50849ed3e65848a94f0544b862971be6;local_cities_components
USE-6fc5ee8182ab;DOC-bc823826acbd;GLMP-3639ABF8C9;Lahnstein;Rheinland-Pfalz;07141075;Grüne;gru;2024.0;Kommunalwahlprogramm Gemeinde;Gemeinde;main_corpus_observation;Lahnstein_Grüne_2024.txt;main;bc823826acbd76e90b7f52a6bf4ab879887892a98b102c3576c5f73704deeccd;local_cities_components
USE-ec5f2f7b3eb8;DOC-2f7f7f9fe393;GLMP-958125F85D;Lahnstein;Rheinland-Pfalz;07141075;Linke;;2024.0;anderes kommunales Wahlprogramm;Land;main_corpus_observation;Lahnstein_Linke_2024.txt;main;2f7f7f9fe3930343848d33ad55fbbed111d999c28cc700b691e7f6f1e45eafa1;local_cities_components
USE-19d00279207c;DOC-9ad37c28b16e;GLMP-37DE36E122;Lahnstein;Rheinland-Pfalz;07141075;SPD;spd;2024.0;Kommunalwahlprogramm Gemeinde;Gemeinde;main_corpus_observation;Lahnstein_SPD_2024.txt;main;9ad37c28b16eed741f33bc99fc3dab283462c75065a913b51394564012bd31c8;local_cities_components
USE-777a38f91b8b;DOC-da83394e264f;GLMP-C0B23BB607;Lahnstein;Rheinland-Pfalz;07141075;ULL;;2024.0;Kommunalwahlprogramm Gemeinde;Gemeinde;main_corpus_observation;Lahnstein_ULL_2024.txt;main;da83394e264f690b59abdada19b4417dfab6f3d439f812bb3fa5162c22a4e95f;local_cities_components
USE-ec7c5b11cc9a;DOC-4009b72e0316;GLMP-776BCF173B;Lauta;Sachsen;14625310;AfD;;2024.0;anderes kommunales Wahlprogramm;Landkreis und Gemeinden;main_corpus_observation;Lauta_AfD_2024.txt;main;4009b72e0316bdd6b8b48ae8a629caa50314245f665a855ebba7e26d83f559c2;local_cities_components
USE-2a78c6914241;DOC-fc614cff9b55;GLMP-A92B72DBC2;Lauta;Sachsen;14625310;CDU;cdu;2024.0;anderes kommunales Wahlprogramm;Landkreis und Gemeinden;main_corpus_observation;Lauta_CDU_2024.txt;main;fc614cff9b553187171f80527a7766f7521571db2bfb21f0cef9760ccd4b6755;local_cities_components
USE-11ac9508faf1;DOC-b43740ce884d;GLMP-69B9A33ACD;Lauta;Sachsen;14625310;Grüne;gru;2024.0;Kommunalwahlprogramm Gemeinde;Gemeinde;main_corpus_observation;Lauta_Grüne_2024.txt;main;b43740ce884d42666508b213e3885fa5c6385c3fffca01d4e8f21c88a6ef9862;local_cities_components
USE-699f5c92834b;DOC-e73fe15f0c37;GLMP-BCE22E62FE;Lauta;Sachsen;14625310;Linke;;2024.0;anderes kommunales Wahlprogramm;Land;main_corpus_observation;Lauta_Linke_2024.txt;main;e73fe15f0c374567ac966ecac93e86a5f7d1158cf2da798e1a0a71fcc0794eb0;local_cities_components
USE-ee51ede12c1e;DOC-565b534196c0;GLMP-907CF595DB;Lauter-Bernsbach;Sachsen;14521355;CDU;cdu;2024.0;anderes kommunales Wahlprogramm;Landkreis und Gemeinden;main_corpus_observation;Lauter-Bernsbach_CDU_2024.txt;main;565b534196c03172c7ef22c3c617c335ac4e74ec9d4e19d958f5408bd06c72b0;local_cities_components
USE-6aa268863df7;DOC-cdc0ad8bce06;GLMP-836628411E;Lebach;Saarland;10044112;CDU;cdu;2024.0;Kommunalwahlprogramm Gemeinde;Gemeinde;main_corpus_observation;Lebach_CDU_2024.txt;main;cdc0ad8bce063036bea804b405f876eed44e29776e8d1b67cde3edc12b45f376;local_cities_components
USE-eb376096dbfc;DOC-d4722276f0c8;GLMP-816E3B781D;Lebach;Saarland;10044112;FDP;fdp;2024.0;Kommunalwahlprogramm Gemeinde;Gemeinde;main_corpus_observation;Lebach_FDP_2024.txt;main;d4722276f0c849ce2aaa8a396df9daa89927dc68276eb442d4f11be27abfb3b7;local_cities_components
USE-27e5478317ab;DOC-f5c69112027d;GLMP-099FF62099;Lebach;Saarland;10044112;Grüne;gru;2024.0;Kommunalwahlprogramm Gemeinde;Gemeinde;main_corpus_observation;Lebach_Grüne_2024.txt;main;f5c69112027da186686de287b8472921b887a760e1497d61459f18307d4de8c8;local_cities_components
USE-e1bbaa73d115;DOC-81f5577d8934;GLMP-FF184B0BB9;Lebach;Saarland;10044112;SPD;spd;2024.0;Kommunalwahlprogramm Gemeinde;Gemeinde;main_corpus_observation;Lebach_SPD_2024.txt;main;81f5577d893497ba9e13138a4c45c0b3482dde9e9686b516faf2484ba7b926dc;local_cities_components
USE-de306657f1b6;DOC-7bfd2223e628;GLMP-1254FA4F1D;Leinefelde-Worbis;Thüringen;16061115;CDU;cdu;2024.0;anderes kommunales Wahlprogramm;Landkreis;main_corpus_observation;Leinefelde-Worbis_CDU_2024.txt;main;7bfd2223e6289aa7000ba45a1faeb891f215ed511ea629ecca3845f83fa380d8;local_cities_components
USE-85cb4714a087;DOC-bec9d489b5b0;GLMP-2DDC0D397F;Leinefelde-Worbis;Thüringen;16061115;FW;;2024.0;Kommunalwahlprogramm Gemeinde;Gemeinde;main_corpus_observation;Leinefelde-Worbis_FW_2024.txt;main;bec9d489b5b06b1a6cb7eb175b79b3fef6013a930264d44495606561bad8f532;local_cities_components
USE-79b2a4c20c2c;DOC-59c0fc6b7463;GLMP-566F1E653A;Leinefelde-Worbis;Thüringen;16061115;SPD;spd;2024.0;Kommunalwahlprogramm Gemeinde;Gemeinde;main_corpus_observation;Leinefelde-Worbis_SPD_2024.txt;main;59c0fc6b746323dd5b17615af732c33713dc1fcd43a31fa6b65c5ad3582d71c3;local_cities_components
USE-6cbb2c25031e;DOC-f1bc9b1a7d11;GLMP-5DC323829F;Leipzig;Sachsen;14713000;AfD;;2024.0;Kommunalwahlprogramm Gemeinde;Gemeinde;main_corpus_observation;Leipzig_AfD_2024.txt;main;f1bc9b1a7d119144d1a8f3b350a48615cadd6b0dab97beff00cc4b7842317676;local_cities_components
USE-2fb092d8aadb;DOC-1f8d70436b69;GLMP-1C1467AF8B;Leipzig;Sachsen;14713000;CDU;cdu;2024.0;Kommunalwahlprogramm Gemeinde;Gemeinde;main_corpus_observation;Leipzig_CDU_2024.txt;main;1f8d70436b692f6ade4b1d0177db942439708be261bf01325804333e9319aabd;local_cities_components
USE-4fba74439f85;DOC-0530dfed429b;GLMP-087956F209;Leipzig;Sachsen;14713000;FDP;fdp;2024.0;Kommunalwahlprogramm Gemeinde;Gemeinde;main_corpus_observation;Leipzig_FDP_2024.txt;main;0530dfed429b5a85aef5072072c14f2eae2dd6ef609cc537609ad711af50452e;local_cities_components
USE-12777e267a0e;DOC-05ed3fd6013b;GLMP-D07893C2A2;Leipzig;Sachsen;14713000;FWG;;2024.0;Kommunalwahlprogramm Gemeinde;Gemeinde;main_corpus_observation;Leipzig_FWG_2024.txt;main;05ed3fd6013b901def77e0b3f7f150be761b0da2e4c643a55c4bd98664728f1e;local_cities_components
USE-4017c38015c2;DOC-382e33ef7f67;GLMP-947F4CBF98;Leipzig;Sachsen;14713000;Freie Sachsen;;2024.0;Grundsatzprogramm;Landkreis;main_corpus_observation;Leipzig_Freie Sachsen_2024.txt;main;382e33ef7f6725ecea59ea60704c27b66f07ad8405154e12de0df68c3490b27d;local_cities_components
USE-426c71159c4b;DOC-186b261e6eb0;GLMP-6BE374F4A3;Leipzig;Sachsen;14713000;Grüne;gru;2024.0;Kommunalwahlprogramm Gemeinde;Gemeinde;main_corpus_observation;Leipzig_Grüne_2024.txt;main;186b261e6eb0198e052de5b391979e965f939758223f59d755c15fa7aa87e8ac;local_cities_components
USE-41ce7e9621b0;DOC-b1ec2e68030c;GLMP-F5660AD60C;Leipzig;Sachsen;14713000;Linke;;2024.0;Kommunalwahlprogramm Gemeinde;Gemeinde;main_corpus_observation;Leipzig_Linke_2024.txt;main;b1ec2e68030c771a0e035cd008b17c55378cf8f8dc72b5f538a9bde8046f2658;local_cities_components
USE-59e2e5fea426;DOC-ab997c81ea46;GLMP-729E848E64;Leipzig;Sachsen;14713000;Piraten;pir;2024.0;Kommunalwahlprogramm Gemeinde;Gemeinde;main_corpus_observation;Leipzig_Piraten_2024.txt;main;ab997c81ea46ddd03a25302081cb226f791e6859abcee7120bb48a50f9db99cb;local_cities_components
USE-a7019d902446;DOC-61eea7aa43d2;GLMP-A750ADEDD1;Leipzig;Sachsen;14713000;SPD;spd;2024.0;Kommunalwahlprogramm Gemeinde;Gemeinde;main_corpus_observation;Leipzig_SPD_2024.txt;main;61eea7aa43d2a3a25109a08b236806b19f676de040888dbfac316913889fbc97;local_cities_components
USE-2c1c58dc6354;DOC-fd2a771db80a;GLMP-93419F8600;Leipzig;Sachsen;14713000;Volt;vlt;2024.0;Kommunalwahlprogramm Gemeinde;Gemeinde;main_corpus_observation;Leipzig_Volt_2024.txt;main;fd2a771db80ac0dc1999bd3da8f4aba056e1192188425c3c2d55a9e68df4e8f9;local_cities_components
USE-010997c2cc53;DOC-8fde9b72e742;GLMP-11FFF755FA;Lingenfeld;Rheinland-Pfalz;07334017;CDU;cdu;2024.0;Kommunalwahlprogramm Gemeinde;Gemeinde;main_corpus_observation;Lingenfeld_CDU_2024.txt;main;8fde9b72e7423eb2a0abf282f3117fe9d56e09aef7e7ed27db8dab0994397ae0;local_cities_components
USE-48c5012c883e;DOC-4fcada90464b;GLMP-A6B17BDEA0;Lingenfeld;Rheinland-Pfalz;07334017;Grüne;gru;2024.0;Kommunalwahlprogramm Gemeinde;Gemeinde;main_corpus_observation;Lingenfeld_Grüne_2024.txt;main;4fcada90464b8e00e2ae43ee7cf83b453e25a8eea74a04e6e1de2d20de075ddf;local_cities_components
USE-58b98984df4d;DOC-78d033ab5155;GLMP-36AD3965CD;Lossatal;Sachsen;14729245;AfD;;2024.0;anderes kommunales Wahlprogramm;Landkreis und Gemeinden;main_corpus_observation;Lossatal_AfD_2024.txt;main;78d033ab515560d73bf7cfe372e52e1a696b4010e9b968eb3585810ac567e118;local_cities_components
USE-fcad3f831ccd;DOC-719c61172b20;GLMP-7D4CD1FBBF;Lossatal;Sachsen;14729245;BFWL;;2024.0;Kommunalwahlprogramm Gemeinde;Gemeinde;main_corpus_observation;Lossatal_BFWL_2024.txt;main;719c61172b20b7bd07fef46bfb2f400494f56c9a4e219c38da5267645a81b7c2;local_cities_components
USE-8bde3143e5ce;DOC-bf706ea66dc5;GLMP-484A93432D;Lossatal;Sachsen;14729245;CDU;cdu;2024.0;anderes kommunales Wahlprogramm;Landkreis und Gemeinden;main_corpus_observation;Lossatal_CDU_2024.txt;main;bf706ea66dc5be9237f1cda39acc29f24248f6638c9ec98ab03a500788e70f80;local_cities_components
USE-ca622aec7de6;DOC-44c563e5310f;GLMP-D223089FC7;Lossatal;Sachsen;14729245;Linke;;2024.0;anderes kommunales Wahlprogramm;Landkreis und Gemeinden;main_corpus_observation;Lossatal_Linke_2024.txt;main;44c563e5310f3d2772cd43658a6071cf54067c65600aecc365429b738759bd87;local_cities_components
USE-9db489de502a;DOC-f2db178fbee0;GLMP-AB15142F0E;Luckau;Brandenburg;12061320;UWG;;2024.0;Kommunalwahlprogramm Gemeinde;Gemeinde;main_corpus_observation;Luckau_UWG_2024.txt;main;f2db178fbee068d848b815cc0041e4b763e807a02f125245d71c1d0ec8cdc26a;local_cities_components
USE-a0e53fb4d740;DOC-f991325477b0;GLMP-8F953C72D7;Ludwigsburg;Baden-Württemberg;08118048;AfD;;2024.0;Grundsatzprogramm;Landkreis;main_corpus_observation;Ludwigsburg_AfD_2024.txt;main;f991325477b0400f260d3738884ee6ef66c36fb610c20e862b9b66142506a801;local_cities_components
USE-32e36df5180a;DOC-e5fb5911a097;GLMP-BA6B12A35C;Ludwigsburg;Baden-Württemberg;08118048;CDU;cdu;2024.0;Kommunalwahlprogramm Gemeinde;Gemeinde;main_corpus_observation;Ludwigsburg_CDU_2024.txt;main;e5fb5911a097b5a580a7f60362a0f0def9f90ff0d9b379653c38d2ab3bbef187;local_cities_components
USE-c6fee43836c6;DOC-33a2efc39b8d;GLMP-EE256403DC;Ludwigsburg;Baden-Württemberg;08118048;FDP;fdp;2024.0;Kommunalwahlprogramm Gemeinde;Gemeinde;main_corpus_observation;Ludwigsburg_FDP_2024.txt;main;33a2efc39b8db4c1ef7c77ba61156cd1adaf7c2284af8289827ce624311a6c1d;local_cities_components
USE-f4720ea13a23;DOC-79c778790420;GLMP-DA1E175D8D;Ludwigsburg;Baden-Württemberg;08118048;FWG;;2024.0;Kommunalwahlprogramm Gemeinde;Gemeinde;main_corpus_observation;Ludwigsburg_FWG_2024.txt;main;79c77879042019229686ecef3778d2f8cd7adfd0bc14a3d1e41087dc2f82caae;local_cities_components
USE-970fdb7cfc80;DOC-ec8d46e3dce0;GLMP-9EDE943290;Ludwigsburg;Baden-Württemberg;08118048;Grüne;gru;2024.0;Kommunalwahlprogramm Gemeinde;Gemeinde;main_corpus_observation;Ludwigsburg_Grüne_2024.txt;main;ec8d46e3dce0ffbfad060b6891567bb8195ea4620e109b4d035753dec94a2060;local_cities_components
USE-13c23552b6bd;DOC-013d4566ce30;GLMP-D2E397A21E;Ludwigsburg;Baden-Württemberg;08118048;SPD;spd;2024.0;Kommunalwahlprogramm Gemeinde;Gemeinde;main_corpus_observation;Ludwigsburg_SPD_2024.txt;main;013d4566ce3069c01dadc775ba24098e730385fbe6c635d31db45042a1161950;local_cities_components
USE-12645a9d8c49;DOC-1b9361533052;GLMP-BCB771B9C9;Ludwigshafen am Rhein;Rheinland-Pfalz;07314000;AfD;;2024.0;Kommunalwahlprogramm Gemeinde;Gemeinde;main_corpus_observation;Ludwigshafen am Rhein_AfD_2024.txt;main;1b93615330524d08177b7d221f87fe58c3b5ece9416f26947fdaf4b9d1ced8d7;local_cities_components
USE-98fef01a5ed4;DOC-dbbe4a83e2e8;GLMP-4411DC4F04;Ludwigshafen am Rhein;Rheinland-Pfalz;07314000;CDU;cdu;2024.0;Kommunalwahlprogramm Gemeinde;Gemeinde;main_corpus_observation;Ludwigshafen am Rhein_CDU_2024.txt;main;dbbe4a83e2e85c1362505a344e68224fc0cadc4817fca24501e6b1dabdde71f9;local_cities_components
USE-941ba49b8e9b;DOC-6e9fdffe0615;GLMP-26CA32DD34;Ludwigshafen am Rhein;Rheinland-Pfalz;07314000;FDP;fdp;2024.0;anderes kommunales Wahlprogramm;Land;main_corpus_observation;Ludwigshafen am Rhein_FDP_2024.txt;main;6e9fdffe06155d723c5da85085939762e1dc921a8f1cff46d546dc0a1b078ece;local_cities_components
USE-bb2bad4f4abf;DOC-b513ec8059d4;GLMP-7EDE7AD4A2;Ludwigshafen am Rhein;Rheinland-Pfalz;07314000;Grüne;gru;2024.0;Kommunalwahlprogramm Gemeinde;Gemeinde;main_corpus_observation;Ludwigshafen am Rhein_Grüne_2024.txt;main;b513ec8059d420c1e278e3ea31f236fdea7a9f98e4f52063b49e8a57ce05df39;local_cities_components
USE-5994c5ee2943;DOC-e03cebd5b499;GLMP-08EBFC72FD;Ludwigshafen am Rhein;Rheinland-Pfalz;07314000;Linke;;2024.0;anderes kommunales Wahlprogramm;Land;main_corpus_observation;Ludwigshafen am Rhein_Linke_2024.txt;main;e03cebd5b499449bd205a008c82fd593206e6b92c644685273fa247b9e3e60ce;local_cities_components
USE-cf18d9a2e417;DOC-75263492a478;GLMP-2B7CDC4905;Ludwigshafen am Rhein;Rheinland-Pfalz;07314000;SPD;spd;2024.0;Kommunalwahlprogramm Gemeinde;Gemeinde;main_corpus_observation;Ludwigshafen am Rhein_SPD_2024.txt;main;75263492a478ed356aea9e9964cb952eb76e60e306c6d8b4a6ac74786deb6be0;local_cities_components
USE-e93716bd4f96;DOC-12f9efe8c793;GLMP-5EF7258E14;Ludwigslust;Mecklenburg-Vorpommern;13076090;AfL;;2024.0;Kommunalwahlprogramm Gemeinde;Gemeinde;main_corpus_observation;Ludwigslust_AfL_2024.txt;main;12f9efe8c79346a758c1cf91f503916f02a38f984f7d5c84b23437072f5f533e;local_cities_components
USE-52f12193ae58;DOC-ac5909af7a4e;GLMP-FF7AFF5FEE;Ludwigslust;Mecklenburg-Vorpommern;13076090;CDU;cdu;2024.0;anderes kommunales Wahlprogramm;Landkreis und Gemeinden;main_corpus_observation;Ludwigslust_CDU_2024.txt;main;ac5909af7a4e2b31c9914a2c3adeab0b1ba1911eedba8945c69b5193c930559d;local_cities_components
USE-e766f3db113f;DOC-78e7e5c7a481;GLMP-95C3C1D0A7;Ludwigslust;Mecklenburg-Vorpommern;13076090;Linke;;2024.0;anderes kommunales Wahlprogramm;Landkreis und Gemeinden;main_corpus_observation;Ludwigslust_Linke_2024.txt;main;78e7e5c7a48190cb6641e7d321d2f4541c2305bb45d1c5a78409023bb3f9e8d2;local_cities_components
USE-7a000c40b94c;DOC-f0d5daa86cae;GLMP-7BE05691B5;Ludwigslust;Mecklenburg-Vorpommern;13076090;SPD;spd;2024.0;anderes kommunales Wahlprogramm;Landkreis und Gemeinden;main_corpus_observation;Ludwigslust_SPD_2024.txt;main;f0d5daa86cae21cf59418d60964958591c5d7f1ba68e24e98bf97ed144b485d4;local_cities_components
USE-00d51e57d197;DOC-677914cff939;GLMP-F076C8D2E6;Magdeburg;Sachsen-Anhalt;15003000;AfD;;2024.0;Kommunalwahlprogramm Gemeinde;Gemeinde;main_corpus_observation;Magdeburg_AfD_2024.txt;main;677914cff93995fd4008043db0e5bf21603b3fa305134fe06c3494607f2f50fa;local_cities_components
USE-e32e1765d1ca;DOC-f1fa2402dea6;GLMP-FBE4012A80;Magdeburg;Sachsen-Anhalt;15003000;CDU;cdu;2024.0;Kommunalwahlprogramm Gemeinde;Gemeinde;main_corpus_observation;Magdeburg_CDU_2024.txt;main;f1fa2402dea668a9cb18487415a316608101f986e4a8f4a0f68cea537751bfa1;local_cities_components
USE-e3e305190bf5;DOC-908d67a05c56;GLMP-DC480BA1FE;Magdeburg;Sachsen-Anhalt;15003000;FDP;fdp;2024.0;Kommunalwahlprogramm Gemeinde;Gemeinde;main_corpus_observation;Magdeburg_FDP_2024.txt;main;908d67a05c5641f99b44ac722af3856fadcb2237de0c1623318752994ce5d454;local_cities_components
USE-f9f59404aa8f;DOC-c8e939c6923e;GLMP-1820169BE8;Magdeburg;Sachsen-Anhalt;15003000;Grüne;gru;2024.0;Kommunalwahlprogramm Gemeinde;Gemeinde;main_corpus_observation;Magdeburg_Grüne_2024.txt;main;c8e939c6923ef7fe3f77d501b33f2ab5c67b001e6e31aa2453808d839a491451;local_cities_components
USE-de1eada12548;DOC-e8469056e18e;GLMP-6C8EA561DA;Magdeburg;Sachsen-Anhalt;15003000;Linke;;2024.0;Kommunalwahlprogramm Gemeinde;Gemeinde;main_corpus_observation;Magdeburg_Linke_2024.txt;main;e8469056e18edf38d824224ecc5c2d2c4a4e3f4108f012bedb7b24ee9995078e;local_cities_components
USE-42f50a2e81ee;DOC-d6ea9c13d708;GLMP-F24807DD11;Magdeburg;Sachsen-Anhalt;15003000;SPD;spd;2024.0;Kommunalwahlprogramm Gemeinde;Gemeinde;main_corpus_observation;Magdeburg_SPD_2024.txt;main;d6ea9c13d7083d77b4f2a7d3313f6a33ad180ad6bb793704e52d161767eaa531;local_cities_components
USE-d3fe89ac2d1e;DOC-1b44f30c4115;GLMP-BB48EA473B;Mainz;Rheinland-Pfalz;07315000;AfD;;2024.0;Kommunalwahlprogramm Gemeinde;Gemeinde;main_corpus_observation;Mainz_AfD_2024.txt;main;1b44f30c41151961b5df6cabe105e071105786c28ea88969dad7b7eba8bd8a56;local_cities_components
USE-691f1456f202;DOC-67e5e54fc8c1;GLMP-436C2B221E;Mainz;Rheinland-Pfalz;07315000;CDU;cdu;2024.0;Kommunalwahlprogramm Gemeinde;Gemeinde;main_corpus_observation;Mainz_CDU_2024.txt;main;67e5e54fc8c1c0cf3b83842aeb866a33b3c5bbea466956895f45d59e908c07fc;local_cities_components
USE-21961b957078;DOC-30f73ce92656;GLMP-BEC957570A;Mainz;Rheinland-Pfalz;07315000;FDP;fdp;2024.0;Kommunalwahlprogramm Gemeinde;Gemeinde;main_corpus_observation;Mainz_FDP_2024.txt;main;30f73ce92656687653e3a620caf7bfdc976589e8e9da9074c769987dacf031b0;local_cities_components
USE-140bc1a695b6;DOC-570a4a49c375;GLMP-9A2F734270;Mainz;Rheinland-Pfalz;07315000;Grüne;gru;2024.0;Kommunalwahlprogramm Gemeinde;Gemeinde;main_corpus_observation;Mainz_Grüne_2024.txt;main;570a4a49c375d2b6ee6fa0a42b4967bc089745d380e972144a8f242989915629;local_cities_components
USE-61bf2f355a58;DOC-2d67f646e368;GLMP-E4F66BB40B;Mainz;Rheinland-Pfalz;07315000;SPD;spd;2024.0;Kommunalwahlprogramm Gemeinde;Gemeinde;main_corpus_observation;Mainz_SPD_2024.txt;main;2d67f646e368f19148b0e67428a7894dcd97d0bd330cf2385b02c3ba8a0ac8a0;local_cities_components
USE-dc27d28c0d6f;DOC-00ef2716ffa2;GLMP-B33E3323D0;Mandelbachtal;Saarland;10045116;CDU;cdu;2024.0;Kommunalwahlprogramm Gemeinde;Gemeinde;main_corpus_observation;Mandelbachtal_CDU_2024.txt;main;00ef2716ffa29d82b1d11b0da8667e68e0b45e0f4a0021f8e92423da62c1b5b2;local_cities_components
USE-1254bc48a4bb;DOC-e2a5952e56e1;GLMP-7B965D464D;Mandelbachtal;Saarland;10045116;FWG;;2024.0;Kommunalwahlprogramm Gemeinde;Gemeinde;main_corpus_observation;Mandelbachtal_FWG_2024.txt;main;e2a5952e56e1975454d9cafa079d302a0b1dea4af0d779c1bd3d7bf5285f6ced;local_cities_components
USE-8ff01dd0e1c2;DOC-d0a2642d59c8;GLMP-3BA4F65283;Mannheim;Baden-Württemberg;08222000;AfD;;2024.0;Kommunalwahlprogramm Gemeinde;Gemeinde;main_corpus_observation;Mannheim_AfD_2024.txt;main;d0a2642d59c8dbdeda631c89ff8dbd1d8a133bf1545f3a4d2991abc723ca52ad;local_cities_components
USE-6d48092d4001;DOC-97ff73788dce;GLMP-2B13C42E5A;Mannheim;Baden-Württemberg;08222000;CDU;cdu;2024.0;Kommunalwahlprogramm Gemeinde;Gemeinde;main_corpus_observation;Mannheim_CDU_2024.txt;main;97ff73788dce314ffa0c789500633205a18f80ff8852adde1ac534a92714f282;local_cities_components
USE-7f3495c85d79;DOC-bcc31f64f4a7;GLMP-56EF542CA0;Mannheim;Baden-Württemberg;08222000;FDP;fdp;2024.0;Kommunalwahlprogramm Gemeinde;Gemeinde;main_corpus_observation;Mannheim_FDP_2024.txt;main;bcc31f64f4a7f7c9f93b5ddfa97920d2178472e48ce626b8e4385847f45f08a2;local_cities_components
USE-9eba3873f562;DOC-48689d75b5ad;GLMP-2B087061FF;Mannheim;Baden-Württemberg;08222000;FWG;;2024.0;Kommunalwahlprogramm Gemeinde;Gemeinde;main_corpus_observation;Mannheim_FWG_2024.txt;main;48689d75b5ad7ef1aabeea5825267562a2458186e146f769d52360953eec3166;local_cities_components
USE-6706f33964de;DOC-d8460eb4b0df;GLMP-9C36270785;Mannheim;Baden-Württemberg;08222000;Grüne;gru;2024.0;Kommunalwahlprogramm Gemeinde;Gemeinde;main_corpus_observation;Mannheim_Grüne_2024.txt;main;d8460eb4b0df9d35f899033c229edff02cad2701f222232c89a7cefd42937660;local_cities_components
USE-add1de73f971;DOC-1476afd61703;GLMP-C59CF4BD2F;Mannheim;Baden-Württemberg;08222000;Klimaliste;;2024.0;Kommunalwahlprogramm Gemeinde;Gemeinde;main_corpus_observation;Mannheim_Klimaliste_2024.txt;main;1476afd617035cd4c3c749d818c905ae132ebe1192db6db290f979dd06d9b135;local_cities_components
USE-1e61d7fbad1b;DOC-97ff4be565a3;GLMP-49AC7E86E8;Mannheim;Baden-Württemberg;08222000;Linke;;2024.0;Kommunalwahlprogramm Gemeinde;Gemeinde;main_corpus_observation;Mannheim_Linke_2024.txt;main;97ff4be565a366ee047c2cfb3610206e0059db84c0dcd9807a1cfa821f37d0e3;local_cities_components
USE-e8d146004303;DOC-4bc0a9e0d764;GLMP-A73C71AF2B;Mannheim;Baden-Württemberg;08222000;Mannheimer;;2024.0;Kommunalwahlprogramm Gemeinde;Gemeinde;main_corpus_observation;Mannheim_Mannheimer_2024.txt;main;4bc0a9e0d764585d24674c0b9741efe309667633f1b605405c62e3c03232d8ae;local_cities_components
USE-dc3568f9a21a;DOC-7b9036e3af39;GLMP-F50CBCFF34;Mannheim;Baden-Württemberg;08222000;SPD;spd;2024.0;Kommunalwahlprogramm Gemeinde;Gemeinde;main_corpus_observation;Mannheim_SPD_2024.txt;main;7b9036e3af396b18e495816a16a4b18e292ee3cff7083a4f1f1237041f3e5e0b;local_cities_components
USE-53b925cadbe2;DOC-b76fbed3b379;GLMP-825F9A762B;Marpingen;Saarland;10046112;SPD;spd;2024.0;Kommunalwahlprogramm Gemeinde;Gemeinde;main_corpus_observation;Marpingen_SPD_2024.txt;main;b76fbed3b379da4b63ecd05cfd5bb1fc6cad80dc75a1c549a5076edea4e88c3e;local_cities_components
USE-ac6374714e69;DOC-a67673d65878;GLMP-CCB8648004;Meiningen;Thüringen;16066042;FDP;fdp;2024.0;Kommunalwahlprogramm Gemeinde;Gemeinde;main_corpus_observation;Meiningen_FDP_2024.txt;main;a67673d65878cbf82f1ee69c0bca3dbb52c5be9048df725b2824e4ba9c153e04;local_cities_components
USE-a29316f9b7fb;DOC-f91848198c26;GLMP-7EA8400012;Meiningen;Thüringen;16066042;FWG;;2024.0;Kommunalwahlprogramm Gemeinde;Gemeinde;main_corpus_observation;Meiningen_FWG_2024.txt;main;f91848198c26a3c860ee8a49e6351bf58f149b8fc363c3fd29d622f362339325;local_cities_components
USE-6222c4bfd4f7;DOC-eca5d5961544;GLMP-F78594619F;Meiningen;Thüringen;16066042;Grüne;gru;2024.0;Kommunalwahlprogramm Gemeinde;Gemeinde;main_corpus_observation;Meiningen_Grüne_2024.txt;main;eca5d5961544705abd1a65ea4387b61d09ec69b6275aa5c9dbf1a7735121dc54;local_cities_components
USE-dedc864a6a25;DOC-02a0eb9e2591;GLMP-FF7AC31792;Meiningen;Thüringen;16066042;Linke;;2024.0;Kommunalwahlprogramm Gemeinde;Gemeinde;main_corpus_observation;Meiningen_Linke_2024.txt;main;02a0eb9e259142aa9927e7462dd2138e13965abe351a001d35148fefc784cf60;local_cities_components
USE-2675b8d9b72e;DOC-7b83d55f2120;GLMP-8689E92C01;Meiningen;Thüringen;16066042;Piraten;pir;2024.0;Kommunalwahlprogramm Gemeinde;Gemeinde;main_corpus_observation;Meiningen_Piraten_2024.txt;main;7b83d55f21206ada6d728a177ac2c15147ef0614273a9c1b3ed7beba9f09d62a;local_cities_components
USE-21924c9615ab;DOC-fe9f8526cf1e;GLMP-0C49712433;Meiningen;Thüringen;16066042;SPD;spd;2024.0;Kommunalwahlprogramm Gemeinde;Gemeinde;main_corpus_observation;Meiningen_SPD_2024.txt;main;fe9f8526cf1ea128cf4bfe19063dffb9b40852ca7c33f8d13e737327bad01c83;local_cities_components
USE-fa88f5623a3c;DOC-8823beea937f;GLMP-4C17DC6211;Mengen;Baden-Württemberg;08437076;FWG;;2024.0;anderes kommunales Wahlprogramm;Landkreis und Gemeinden;main_corpus_observation;Mengen_FWG_2024.txt;main;8823beea937f771944e0ffa2824a8bda14836d95c4ba5d37539f1fda8f42c4e5;local_cities_components
USE-e6cc78750b41;DOC-b9b466f5efbd;GLMP-AE4CAF47B2;Mengen;Baden-Württemberg;08437076;Grüne;gru;2024.0;anderes kommunales Wahlprogramm;Gemeinde;main_corpus_observation;Mengen_Grüne_2024.txt;main;b9b466f5efbd37f0302078ab44b6cab539e56f7421e027da097870ec8d7124da;local_cities_components
USE-9187413cd967;DOC-1df4a66de472;GLMP-1B359BF0D0;Mettlach;Saarland;10042114;CDU;cdu;2024.0;anderes kommunales Wahlprogramm;Landkreis und Gemeinden;main_corpus_observation;Mettlach_CDU_2024.txt;main;1df4a66de472e56381dd982b4f5001befd0a113d6bb389e39f61c67f62cb007f;local_cities_components
USE-dc4252961488;DOC-5a88a991df9c;GLMP-86B9C1E3CE;Mettlach;Saarland;10042114;Grüne;gru;2024.0;anderes kommunales Wahlprogramm;Landkreis und Gemeinden;main_corpus_observation;Mettlach_Grüne_2024.txt;main;5a88a991df9c4b20b9bc1b5c93489e98a2169fd595e773442cc7448aa4a7d78f;local_cities_components
USE-f18b2b4e2469;DOC-14342ae85dbd;GLMP-B6E18C0204;Möckern;Sachsen-Anhalt;15086140;AfD;;2024.0;anderes kommunales Wahlprogramm;Landkreis und Gemeinden;main_corpus_observation;Möckern_AfD_2024.txt;main;14342ae85dbd6da33be67c2ee3149d017122c989ae52d081ac5f7a55b1a8b17f;local_cities_components
USE-28ff584e3223;DOC-574111496210;GLMP-536297C07A;Möckern;Sachsen-Anhalt;15086140;Grüne;gru;2024.0;anderes kommunales Wahlprogramm;Landkreis und Gemeinden;main_corpus_observation;Möckern_Grüne_2024.txt;main;5741114962101ba3de06eab0c14fd7a11ac688a97665b5c26b9cf710c3bcd121;local_cities_components
USE-0266b028b864;DOC-430255e4e795;GLMP-4DEC23FF92;Möckern;Sachsen-Anhalt;15086140;SPD;spd;2024.0;anderes kommunales Wahlprogramm;Landkreis;main_corpus_observation;Möckern_SPD_2024.txt;main;430255e4e79580ae66dbe9b4fdff13f30cec0acaaba1fb271b9f30f20f8a6180;local_cities_components
USE-d97c8292ab77;DOC-a9fe5c51bab3;GLMP-EA27C703D3;Neubrandenburg;Mecklenburg-Vorpommern;13071107;BfN;;2024.0;Kommunalwahlprogramm Gemeinde;Gemeinde;main_corpus_observation;Neubrandenburg_BfN_2024.txt;main;a9fe5c51bab3a0c78b64dcc313c6cd5e54ea2e552a3e12f3f020e8478f18845f;local_cities_components
USE-68daaf2f4b05;DOC-0c584e6f6683;GLMP-29358E3CF1;Neubrandenburg;Mecklenburg-Vorpommern;13071107;CDU;cdu;2024.0;anderes kommunales Wahlprogramm;Landkreis und Gemeinden;main_corpus_observation;Neubrandenburg_CDU_2024.txt;main;0c584e6f6683b05a86981f3d81821218e87b2f9eb6490f0ae11cf378faf7a5ef;local_cities_components
USE-51cfc503a2c0;DOC-b0cfefee85c5;GLMP-E45D5B4CC3;Neubrandenburg;Mecklenburg-Vorpommern;13071107;Linke;;2024.0;Kommunalwahlprogramm Gemeinde;Gemeinde;main_corpus_observation;Neubrandenburg_Linke_2024.txt;main;b0cfefee85c5e856cda122b0a0e1122504cfe50cb0b6a7edb47d11080ccdd75d;local_cities_components
USE-5d024a355d23;DOC-6d82919f7d78;GLMP-BE258414F3;Neubrandenburg;Mecklenburg-Vorpommern;13071107;SPD;spd;2024.0;Kommunalwahlprogramm Gemeinde;Gemeinde;main_corpus_observation;Neubrandenburg_SPD_2024.txt;main;6d82919f7d7895595a7279f1d246030d4ec75bf21df2022836cf3cb08bd48a93;local_cities_components
USE-a3f584db7d6f;DOC-e96d1ba5f9aa;GLMP-1222902541;Neuhaus am Rennweg;Thüringen;16072013;Linke;;2024.0;Kommunalwahlprogramm Gemeinde;Gemeinde;main_corpus_observation;Neuhaus am Rennweg_Linke_2024.txt;main;e96d1ba5f9aa02993fcd8639679ece29b95fddda9e8ee2dc1d0b8a9fc47317cf;local_cities_components
USE-658432f1a2fe;DOC-5590d43df849;GLMP-134CB74659;Neustadt an der Weinstraße;Rheinland-Pfalz;07316000;AfD;;2024.0;Kommunalwahlprogramm Gemeinde;Gemeinde;main_corpus_observation;Neustadt an der Weinstraße_AfD_2024.txt;main;5590d43df8493e3bbfeee9daec86e176982447505876d9c891dd8331e1c1de54;local_cities_components
USE-2d36c0012fdb;DOC-5793540c65f2;GLMP-A41514B647;Neustadt an der Weinstraße;Rheinland-Pfalz;07316000;CDU;cdu;2024.0;Kommunalwahlprogramm Gemeinde;Gemeinde;main_corpus_observation;Neustadt an der Weinstraße_CDU_2024.txt;main;5793540c65f29a067f68496894821654d4b638acfd4c25089dc9f742d4a027c8;local_cities_components
USE-0c0ef5739184;DOC-e0536dbb6c96;GLMP-C84EE8B696;Neustadt an der Weinstraße;Rheinland-Pfalz;07316000;FDP;fdp;2024.0;Kommunalwahlprogramm Gemeinde;Gemeinde;main_corpus_observation;Neustadt an der Weinstraße_FDP_2024.txt;main;e0536dbb6c966439daf23df9d03a191919db870efe2aeb94d84160676955de7b;local_cities_components
USE-24b82af76679;DOC-97cfc0322d1a;GLMP-8BAFBD2A31;Neustadt an der Weinstraße;Rheinland-Pfalz;07316000;FWG;;2024.0;Kommunalwahlprogramm Gemeinde;Gemeinde;main_corpus_observation;Neustadt an der Weinstraße_FWG_2024.txt;main;97cfc0322d1a147c92758b82acfba4f0ab1c8cd34ecc8dc040ac7ae3a202a05b;local_cities_components
USE-1d4d4c0d1a89;DOC-d16909de7ec8;GLMP-A60F5C5AE6;Neustadt an der Weinstraße;Rheinland-Pfalz;07316000;Grüne;gru;2024.0;Kommunalwahlprogramm Gemeinde;Gemeinde;main_corpus_observation;Neustadt an der Weinstraße_Grüne_2024.txt;main;d16909de7ec8307fd1fd639571ac3583b027ce5b06fe17e6f11d7e46fcc7f1b8;local_cities_components
USE-fa5d3838752a;DOC-d57ed3774f86;GLMP-AB8FB9E55F;Neustadt an der Weinstraße;Rheinland-Pfalz;07316000;SPD;spd;2024.0;Kommunalwahlprogramm Gemeinde;Gemeinde;main_corpus_observation;Neustadt an der Weinstraße_SPD_2024.txt;main;d57ed3774f86d515d9020dcb7fbfbaa8091fdb292d3fb01187199bdc3aea9376;local_cities_components
USE-9176cdb341c6;DOC-abaaa5259d02;GLMP-E17211A41C;Neustadt-Glewe;Mecklenburg-Vorpommern;13076105;CDU;cdu;2024.0;anderes kommunales Wahlprogramm;Landkreis und Gemeinden;main_corpus_observation;Neustadt-Glewe_CDU_2024.txt;main;abaaa5259d0242091af6f85f3a99f03c70643f5ab4171d66141d16ebfd852a70;local_cities_components
USE-170f3d214df2;DOC-3f0fc0b4bd60;GLMP-DAF41C9A53;Neustadt-Glewe;Mecklenburg-Vorpommern;13076105;Linke;;2024.0;Kommunalwahlprogramm Gemeinde;Gemeinde;main_corpus_observation;Neustadt-Glewe_Linke_2024.txt;main;3f0fc0b4bd60a903f01a1e41bb3ebf78dc5d811786c0c5d54375f65c9a8fdc7e;local_cities_components
USE-5f07d69af80e;DOC-bc909a31de3a;GLMP-6413351DB3;Neustadt-Glewe;Mecklenburg-Vorpommern;13076105;SPD;spd;2024.0;anderes kommunales Wahlprogramm;Landkreis und Gemeinden;main_corpus_observation;Neustadt-Glewe_SPD_2024.txt;main;bc909a31de3ae58b95f14468c65350172ccc032027151d22c2c580affe17339a;local_cities_components
USE-d5298aa18634;DOC-b667708654e1;GLMP-2E3C5C92D0;Neustrelitz;Mecklenburg-Vorpommern;13071110;Einzelbewerberin Preuß;;2024.0;Kommunalwahlprogramm Gemeinde;Gemeinde;main_corpus_observation;Neustrelitz_Einzelbewerberin Preuß_2024.txt;main;b667708654e14fd3b761102a86841374e354833e2105b9acb26a7d32cff19050;local_cities_components
USE-eb0f32f95df7;DOC-a3e09209ef25;GLMP-4AFC5C2B45;Neustrelitz;Mecklenburg-Vorpommern;13071110;Grüne;gru;2024.0;anderes kommunales Wahlprogramm;Landkreis;main_corpus_observation;Neustrelitz_Grüne_2024.txt;main;a3e09209ef25cfaadc57d99a2df51bb64a5b584fd11e680477a90049549223b4;local_cities_components
USE-f45cadc4a716;DOC-7a5e5daf2847;GLMP-25886DE7A8;Neustrelitz;Mecklenburg-Vorpommern;13071110;Linke;;2024.0;Kommunalwahlprogramm Gemeinde;Gemeinde;main_corpus_observation;Neustrelitz_Linke_2024.txt;main;7a5e5daf284796281c6af1cd171768dd3e6210076ae15a55d8bda57d60988f52;local_cities_components
USE-5fd4ac3ad15e;DOC-ed20230cfe2b;GLMP-D04987A181;Neustrelitz;Mecklenburg-Vorpommern;13071110;puls;;2024.0;Kommunalwahlprogramm Gemeinde;Gemeinde;main_corpus_observation;Neustrelitz_puls_2024.txt;main;ed20230cfe2b1b484e703d126d74e30b7e7d7653d90e02ba68f552dd70b03ee4;local_cities_components
USE-3411dc674963;DOC-4202f10a25b4;GLMP-AE5697F2EF;Neuwied;Rheinland-Pfalz;07138045;FDP;fdp;2024.0;Kommunalwahlprogramm Gemeinde;Gemeinde;main_corpus_observation;Neuwied_FDP_2024.txt;main;4202f10a25b476b0ad8f0e873d7f5a721e076e045afc688b2ee715b584b6a201;local_cities_components
USE-28ff95100d78;DOC-63dd8f89a059;GLMP-48EFBCFE17;Neuwied;Rheinland-Pfalz;07138045;Grüne;gru;2024.0;anderes kommunales Wahlprogramm;Landkreis;main_corpus_observation;Neuwied_Grüne_2024.txt;main;63dd8f89a059927de246d77daef927928cec46fd0bcb9756b972370f6f6c29ff;local_cities_components
USE-72d107151dc9;DOC-b3c117694797;GLMP-47633153A3;Neuwied;Rheinland-Pfalz;07138045;Linke;;2024.0;anderes kommunales Wahlprogramm;Land;main_corpus_observation;Neuwied_Linke_2024.txt;main;b3c11769479752b8f451a22baf9a8a494b538ea3333dd4055c804640735fb9ec;local_cities_components
USE-e0a7bd7869ca;DOC-1df2186febba;GLMP-B50C385C9F;Neuwied;Rheinland-Pfalz;07138045;SPD;spd;2024.0;Kommunalwahlprogramm Gemeinde;Gemeinde;main_corpus_observation;Neuwied_SPD_2024.txt;main;1df2186febba7297ea1cb65143ff83d1a609f1c5dcaf88c8500227a3a05c2b6b;local_cities_components
USE-3a89b69b0f9a;DOC-f24a7ba11c65;GLMP-E4304CCCA3;Nieder-Olm;Rheinland-Pfalz;07339042;CDU;cdu;2024.0;Kommunalwahlprogramm Gemeinde;Gemeinde;main_corpus_observation;Nieder-Olm_CDU_2024.txt;main;f24a7ba11c659cb37f28265732829a36e3b3062a40ffecdacd5e120668d10781;local_cities_components
USE-34b2084478ef;DOC-d562ac8a3526;GLMP-C876D4D1DF;Nieder-Olm;Rheinland-Pfalz;07339042;FDP;fdp;2024.0;Kommunalwahlprogramm Gemeinde;Gemeinde;main_corpus_observation;Nieder-Olm_FDP_2024.txt;main;d562ac8a35264ccca9299e879a58225bd9e82d3ce49e7833c60aed2968722e1b;local_cities_components
USE-22a8fe61729f;DOC-dbbf1c1224ef;GLMP-DCF593B97E;Nieder-Olm;Rheinland-Pfalz;07339042;FWG;;2024.0;Kommunalwahlprogramm Gemeinde;Gemeinde;main_corpus_observation;Nieder-Olm_FWG_2024.txt;main;dbbf1c1224efb4020484aca65b0ad1696ecb3845c8abcb6dde32fbae62b00ac3;local_cities_components
USE-63b3b9c950d6;DOC-59dcd36f03ac;GLMP-E3F3B92BB1;Nieder-Olm;Rheinland-Pfalz;07339042;Grüne;gru;2024.0;Kommunalwahlprogramm Gemeinde;Gemeinde;main_corpus_observation;Nieder-Olm_Grüne_2024.txt;main;59dcd36f03aca14d4e15aa1a67792696209f209d3c98161f41f685dbd6dd7205;local_cities_components
USE-08a7cf30fe16;DOC-9a0ffdc4959e;GLMP-6EE9238CE2;Nieder-Olm;Rheinland-Pfalz;07339042;SPD;spd;2024.0;Kommunalwahlprogramm Gemeinde;Gemeinde;main_corpus_observation;Nieder-Olm_SPD_2024.txt;main;9a0ffdc4959e50ab7e015c85ed0b218006edacbbeaa13fd3eb3f51e26547d44f;local_cities_components
USE-373cf22d3df4;DOC-65118614ed45;GLMP-743203AB16;Nobitz;Thüringen;16077036;Linke;;2024.0;anderes kommunales Wahlprogramm;Landkreis und Gemeinden;main_corpus_observation;Nobitz_Linke_2024.txt;main;65118614ed45a4cca77ecd46663eff00f70937f1c9f11e25fe5066383e946e96;local_cities_components
USE-fe559b0a1989;DOC-0d8ac668a7cb;GLMP-B98ADAC857;Nohfelden;Saarland;10046114;CDU;cdu;2024.0;anderes kommunales Wahlprogramm;Landkreis;main_corpus_observation;Nohfelden_CDU_2024.txt;main;0d8ac668a7cbaaa204de913acbfbc7b97db185276c73bd70ed0fadd3398d4e7e;local_cities_components
USE-f2c712e505d1;DOC-19974e010052;GLMP-1D079ECAA5;Nohfelden;Saarland;10046114;FDP;fdp;2024.0;anderes kommunales Wahlprogramm;Landkreis;main_corpus_observation;Nohfelden_FDP_2024.txt;main;19974e010052e6daed7f3cfe1498f83162c863a824e81918f32664629904125e;local_cities_components
USE-a35b83d49c2d;DOC-8b05d5ba390f;GLMP-F9E734A6EF;Oberlungwitz;Sachsen;14524230;CDU;cdu;2024.0;anderes kommunales Wahlprogramm;Landkreis und Gemeinden;main_corpus_observation;Oberlungwitz_CDU_2024.txt;main;8b05d5ba390f48c5c1f525e99e45d2028e899dbe7ae05ba4c1367a5471bc81b8;local_cities_components
USE-974163ca2de1;DOC-366014ccd3c5;GLMP-6DD991954D;Oberlungwitz;Sachsen;14524230;FDP;fdp;2024.0;anderes kommunales Wahlprogramm;Landkreis;main_corpus_observation;Oberlungwitz_FDP_2024.txt;main;366014ccd3c541f2d7e3629277fca7547a30ee05e7d04af24fe8826d2ec6fb32;local_cities_components
USE-28e44f1260bb;DOC-bd7ffaea0556;GLMP-01EBE30606;Oberlungwitz;Sachsen;14524230;Linke;;2024.0;anderes kommunales Wahlprogramm;Landkreis;main_corpus_observation;Oberlungwitz_Linke_2024.txt;main;bd7ffaea0556702ad0f0aca6532dd9f2309e8c6507061c1a193dfb77e725da5a;local_cities_components
USE-b82859014745;DOC-da0f23212ea4;GLMP-D103473C02;Oberlungwitz;Sachsen;14524230;SPD;spd;2024.0;anderes kommunales Wahlprogramm;Landkreis;main_corpus_observation;Oberlungwitz_SPD_2024.txt;main;da0f23212ea4cb2b967f32d3612f2e2ddbe90a0ff2adf1bef8ba900394cd28e6;local_cities_components
USE-1766773410ab;DOC-4c431b5a3c8a;GLMP-F89432C9BF;Oberthal;Saarland;10046116;SPD;spd;2024.0;Kommunalwahlprogramm Gemeinde;Gemeinde;main_corpus_observation;Oberthal_SPD_2024.txt;main;4c431b5a3c8a9dcd5fc8c7d1507a6b238633f3a268437730577371144019d991;local_cities_components
USE-aaa7a7e9ada8;DOC-2fe8e19ee3cc;GLMP-227254B81A;Oebisfelde-Weferlingen;Sachsen-Anhalt;15083411;AfD;;2024.0;anderes kommunales Wahlprogramm;Landkreis und Gemeinden;main_corpus_observation;Oebisfelde-Weferlingen_AfD_2024.txt;main;2fe8e19ee3ccfdbaa931211e457c0f4cc394de72f2bd9487817a957952235456;local_cities_components
USE-a3cbd35330df;DOC-c714fc30f4c3;GLMP-54722FB317;Oebisfelde-Weferlingen;Sachsen-Anhalt;15083411;CDU;cdu;2024.0;Kommunalwahlprogramm Gemeinde;Gemeinde;main_corpus_observation;Oebisfelde-Weferlingen_CDU_2024.txt;main;c714fc30f4c3621f3586389641232df42b82a61ec99f3287080970fd446d1137;local_cities_components
USE-356c03629582;DOC-c96e4b891736;GLMP-4EA8704E24;Oebisfelde-Weferlingen;Sachsen-Anhalt;15083411;Linke;;2024.0;Kommunalwahlprogramm Gemeinde;Gemeinde;main_corpus_observation;Oebisfelde-Weferlingen_Linke_2024.txt;main;c96e4b8917363f04487243e0b48c05c5e748961ab5e9e469f2c4ae3da47efdd6;local_cities_components
USE-bf21e21be18e;DOC-9e07baf5936f;GLMP-18F920F7FB;Oebisfelde-Weferlingen;Sachsen-Anhalt;15083411;SPD;spd;2024.0;anderes kommunales Wahlprogramm;Landkreis und Gemeinden;main_corpus_observation;Oebisfelde-Weferlingen_SPD_2024.txt;main;9e07baf5936fb432d600e85d1409abd868813c597a08ed6d6e1e1a379571da3e;local_cities_components
USE-d79e4593b828;DOC-c3e798e24e16;GLMP-0E3928ABDF;Oebisfelde-Weferlingen;Sachsen-Anhalt;15083411;WfO;;2024.0;Kommunalwahlprogramm Gemeinde;Gemeinde;main_corpus_observation;Oebisfelde-Weferlingen_WfO_2024.txt;main;c3e798e24e16ff3985a22691b679beeabea70666ed3fba80c8e8a21cd8fe5b57;local_cities_components
USE-cffe8a6cb439;DOC-401e16a040be;GLMP-2EE120B4D4;Oedheim;Baden-Württemberg;08125078;CDU;cdu;2024.0;Kommunalwahlprogramm Gemeinde;Gemeinde;main_corpus_observation;Oedheim_CDU_2024.txt;main;401e16a040beebd45e7e1d3cb712ead9d68aee9938a760ea66297486995b676e;local_cities_components
USE-6ad7be52cd1d;DOC-2da95c89bc97;GLMP-65B5F7B453;Oedheim;Baden-Württemberg;08125078;FWG;;2024.0;Kommunalwahlprogramm Gemeinde;Gemeinde;main_corpus_observation;Oedheim_FWG_2024.txt;main;2da95c89bc97ff6cd94475e183f9bd47b96b7db56d59955ce3539e528084394e;local_cities_components
USE-8c32ca5648d2;DOC-cde34982628b;GLMP-10443C8397;Oedheim;Baden-Württemberg;08125078;SPD;spd;2024.0;Kommunalwahlprogramm Gemeinde;Gemeinde;main_corpus_observation;Oedheim_SPD_2024.txt;main;cde34982628b5a4629c41f586363e816f927f82f0e92902f54e6e7fc008466b3;local_cities_components
USE-6ecbbc6d2979;DOC-b65c0e32b858;GLMP-9C77629F4B;Offenburg;Baden-Württemberg;08317096;CDU;cdu;2024.0;Kommunalwahlprogramm Gemeinde;Gemeinde;main_corpus_observation;Offenburg_CDU_2024.txt;main;b65c0e32b85817f3191c8db166f22bf7380650dbde47fb683f97001953057c8e;local_cities_components
USE-69733d062192;DOC-0234a24fc969;GLMP-82F79C6ADF;Offenburg;Baden-Württemberg;08317096;FDP;fdp;2024.0;anderes kommunales Wahlprogramm;Landkreis;main_corpus_observation;Offenburg_FDP_2024.txt;main;0234a24fc96993a5e366a5d3e02a5d2f31cde5d6781a77269a33588a0e82e452;local_cities_components
USE-3839c02a7106;DOC-1908d33b77f3;GLMP-B3E6665190;Offenburg;Baden-Württemberg;08317096;FWG;;2024.0;Kommunalwahlprogramm Gemeinde;Gemeinde;main_corpus_observation;Offenburg_FWG_2024.txt;main;1908d33b77f3d61eb2c5d6a8b91072b90baa599b7818347798603159ad365003;local_cities_components
USE-eb236fe7bc1a;DOC-31238044b055;GLMP-F706049863;Offenburg;Baden-Württemberg;08317096;Grüne;gru;2024.0;Kommunalwahlprogramm Gemeinde;Gemeinde;main_corpus_observation;Offenburg_Grüne_2024.txt;main;31238044b055320f4b0e505bcac1aba3c1be3fa545459dcb2df4e4756e602677;local_cities_components
USE-836dd7ae8b93;DOC-50bb243f75c5;GLMP-383DD32D23;Offenburg;Baden-Württemberg;08317096;SPD;spd;2024.0;Kommunalwahlprogramm Gemeinde;Gemeinde;main_corpus_observation;Offenburg_SPD_2024.txt;main;50bb243f75c5f8c3cbbfad1880cdc3f593e447e423663546e3c1ebc798e50ed0;local_cities_components
USE-e182b87e5e38;DOC-728b8ca7d4bc;GLMP-EAB6050F50;Osthofen;Rheinland-Pfalz;07331055;AfD;;2024.0;anderes kommunales Wahlprogramm;Land;main_corpus_observation;Osthofen_AfD_2024.txt;main;728b8ca7d4bc863206cb61bdac4f65c837503a4edbdbab82dbe6fc64a1705f7c;local_cities_components
USE-204984bb20bb;DOC-1e432f46a27b;GLMP-8F2FC13E9A;Osthofen;Rheinland-Pfalz;07331055;Grüne;gru;2024.0;anderes kommunales Wahlprogramm;Landkreis und Gemeinden;main_corpus_observation;Osthofen_Grüne_2024.txt;main;1e432f46a27b23152fb575ff6d6aaf044e1b30421769059d7fe2e3588615ee82;local_cities_components
USE-46beb4ac37fa;DOC-cae1c59d76cc;GLMP-D8C77F3439;Ottweiler;Saarland;10043115;CDU;cdu;2024.0;Kommunalwahlprogramm Gemeinde;Gemeinde;main_corpus_observation;Ottweiler_CDU_2024.txt;main;cae1c59d76cc2c9d3d47f15afd3fc45bb1ed97c0e93af7b7b8aadedc6f85b109;local_cities_components
USE-25b0572ec05f;DOC-597d30a7fab5;GLMP-58A097CA05;Ottweiler;Saarland;10043115;SPD;spd;2024.0;Kommunalwahlprogramm Gemeinde;Gemeinde;main_corpus_observation;Ottweiler_SPD_2024.txt;main;597d30a7fab56911a1a3b789e89304e47885f97dfa8eccec686a4bfce5c2237b;local_cities_components
USE-86c6ff04003d;DOC-5f47af712a76;GLMP-7FDE152054;Pasewalk;Mecklenburg-Vorpommern;13075105;Bürgerbündnis;;2024.0;Kommunalwahlprogramm Gemeinde;Gemeinde;main_corpus_observation;Pasewalk_Bürgerbündnis_2024.txt;main;5f47af712a760662ad9ed2d24d2e4c47814c5c0b948ebd240bb08ba1dc9b1103;local_cities_components
USE-18711e6482ac;DOC-dda2c225d3fe;GLMP-3126E21CB9;Pasewalk;Mecklenburg-Vorpommern;13075105;CDU;cdu;2024.0;Kommunalwahlprogramm Gemeinde;Gemeinde;main_corpus_observation;Pasewalk_CDU_2024.txt;main;dda2c225d3fe6ec40e1662574df347a5ab13519226441d5df0130fad5825d4bd;local_cities_components
USE-e4b438a4709a;DOC-fbbffd68b65d;GLMP-A41389685C;Petersberg;Sachsen-Anhalt;15088295;PROKK;;2024.0;Kommunalwahlprogramm Gemeinde;Gemeinde;main_corpus_observation;Petersberg_PROKK_2024.txt;main;fbbffd68b65de803a94de09ee786647910fdc1542bca719865488341cc27ceb5;local_cities_components
USE-e96be1000f43;DOC-3fad6db38ebc;GLMP-5273805D61;Pforzheim;Baden-Württemberg;08231000;CDU;cdu;2024.0;Kommunalwahlprogramm Gemeinde;Gemeinde;main_corpus_observation;Pforzheim_CDU_2024.txt;main;3fad6db38ebc8c7bfa209909772b84567539f780ff8f7bb2fb02d2c0cdefcf3e;local_cities_components
USE-2ec9b2861a87;DOC-143f9ba6ef78;GLMP-49791F087D;Pforzheim;Baden-Württemberg;08231000;Grüne;gru;2024.0;Kommunalwahlprogramm Gemeinde;Gemeinde;main_corpus_observation;Pforzheim_Grüne_2024.txt;main;143f9ba6ef7837f3baf984dcdb53df5a4161f59d4ac217391af3ed6d5eb6ffa5;local_cities_components
USE-5524fd8fadfc;DOC-962072ef205c;GLMP-FC5E374B52;Pforzheim;Baden-Württemberg;08231000;Grüne Liste;;2024.0;Kommunalwahlprogramm Gemeinde;Gemeinde;main_corpus_observation;Pforzheim_Grüne Liste_2024.txt;main;962072ef205c7e5367cbe1d6d4c36faac253ff0e60ac36cea17587e86f12832d;local_cities_components
USE-59404fd52190;DOC-0fe58adce0e7;GLMP-311827345B;Pforzheim;Baden-Württemberg;08231000;Linke;;2024.0;Kommunalwahlprogramm Gemeinde;Gemeinde;main_corpus_observation;Pforzheim_Linke_2024.txt;main;0fe58adce0e782e84d0434b9edd46658415eec5f4b346952806ce9510f002b33;local_cities_components
USE-595acd4b53ee;DOC-2cd302c76b7f;GLMP-484EFC934C;Pforzheim;Baden-Württemberg;08231000;SPD;spd;2024.0;Kommunalwahlprogramm Gemeinde;Gemeinde;main_corpus_observation;Pforzheim_SPD_2024.txt;main;2cd302c76b7fe204d2ff048f48f418691fc2f8b11ac49ce07965d7e5fc05256c;local_cities_components
USE-bb59cdaa7c89;DOC-d425b20f473f;GLMP-66791E643A;Pforzheim;Baden-Württemberg;08231000;Sarow Liste;;2024.0;Kommunalwahlprogramm Gemeinde;Gemeinde;main_corpus_observation;Pforzheim_Sarow Liste_2024.txt;main;d425b20f473f51d36333b553c6af6850658d00395393fa7e38561f1846ba9ba5;local_cities_components
USE-73fe78f8e771;DOC-ad29fcb15306;GLMP-6431EA4132;Pforzheim;Baden-Württemberg;08231000;Unabhängige Bürger Pforzheim;;2024.0;Kommunalwahlprogramm Gemeinde;Gemeinde;main_corpus_observation;Pforzheim_Unabhängige Bürger Pforzheim_2024.txt;main;ad29fcb15306266355caff49230190d756922225f3fb0ec0b9dead5283fef4ff;local_cities_components
USE-b0b458a975d3;DOC-f772200e5c6c;GLMP-CDAFBE7F8C;Pforzheim;Baden-Württemberg;08231000;WiP;;2024.0;Kommunalwahlprogramm Gemeinde;Gemeinde;main_corpus_observation;Pforzheim_WiP_2024.txt;main;f772200e5c6cbd9de0ef533f1c1c72ea6e7f8811122d9e35a2f0f8bdcfa8b7a8;local_cities_components
USE-9ece3620c093;DOC-fa102ca5d5d3;GLMP-545621438D;Pforzheim;Baden-Württemberg;08231000;ZfP;;2024.0;Kommunalwahlprogramm Gemeinde;Gemeinde;main_corpus_observation;Pforzheim_ZfP_2024.txt;main;fa102ca5d5d3c36587897b6f752b3cfb197ce345d24f12162e7ca91c2719aa3f;local_cities_components
USE-56ebbe241bbf;DOC-0e5bb3545ade;GLMP-4B12BADA2E;Plau am See;Mecklenburg-Vorpommern;13076114;CDU;cdu;2024.0;anderes kommunales Wahlprogramm;Landkreis und Gemeinden;main_corpus_observation;Plau am See_CDU_2024.txt;main;0e5bb3545ade354e35eef9e6070ce4f6d0db86596a29dad27f1e6781ac668f4c;local_cities_components
USE-dca2a2bfd0ce;DOC-b96e845ee9d3;GLMP-203F8F465A;Plau am See;Mecklenburg-Vorpommern;13076114;SPD;spd;2024.0;anderes kommunales Wahlprogramm;Landkreis und Gemeinden;main_corpus_observation;Plau am See_SPD_2024.txt;main;b96e845ee9d3b63147bfe9d5b19ffd9e9cbd275e9dff05fadeef2e525aa8ec1c;local_cities_components
USE-b6b5a789cf59;DOC-4db0ddb658a5;GLMP-C70C5DF80F;Plau am See;Mecklenburg-Vorpommern;13076114;WLD;;2024.0;Kommunalwahlprogramm Gemeinde;Gemeinde;main_corpus_observation;Plau am See_WLD_2024.txt;main;4db0ddb658a58482973bb04840adc77e16a83a6bc7c72bbb364a6fa32d5dc7f9;local_cities_components
USE-11e12126ce6d;DOC-ce542afd1a05;GLMP-786B370D32;Plauen;Sachsen;14523320;CDU;cdu;2024.0;Kommunalwahlprogramm Gemeinde;Gemeinde;main_corpus_observation;Plauen_CDU_2024.txt;main;ce542afd1a05b2c49bc1c062bfb89456b9fa6c45ad6277a24a7f7cf3f69a4866;local_cities_components
USE-522f3d360d1b;DOC-b47b3ed9e15d;GLMP-41073082C4;Plauen;Sachsen;14523320;FDP;fdp;2024.0;anderes kommunales Wahlprogramm;Landkreis und Gemeinden;main_corpus_observation;Plauen_FDP_2024.txt;main;b47b3ed9e15defd2b6687ddd7ef6bf76020c93aa7979b686c3ec2a23e3fcf2a9;local_cities_components
USE-9b20695415cb;DOC-d0c22c42b35e;GLMP-A6C838FC56;Plauen;Sachsen;14523320;Grüne;gru;2024.0;anderes kommunales Wahlprogramm;Landkreis;main_corpus_observation;Plauen_Grüne_2024.txt;main;d0c22c42b35e74970ddcf4b3d340732bb1b6f6f380945576a2908fc6e7999a2c;local_cities_components
USE-e5ab817cda60;DOC-de6981a0f3e9;GLMP-79FCC77213;Plauen;Sachsen;14523320;Linke;;2024.0;anderes kommunales Wahlprogramm;Landkreis;main_corpus_observation;Plauen_Linke_2024.txt;main;de6981a0f3e9aab2ad5b42840e513687ddadc971b433a9f5e2489aed848881d8;local_cities_components
USE-80452801d454;DOC-1b148a9945ba;GLMP-579B2F58F3;Plauen;Sachsen;14523320;SPD;spd;2024.0;Kommunalwahlprogramm Gemeinde;Gemeinde;main_corpus_observation;Plauen_SPD_2024.txt;main;1b148a9945bacec0319bf61cb8ce824f939baceab495e3bc01faa5314ece4060;local_cities_components
USE-85f739bdf0d8;DOC-1676df55e76a;GLMP-6FEB330009;Potsdam;Brandenburg;12054000;AfD;;2024.0;Kommunalwahlprogramm Gemeinde;Gemeinde;main_corpus_observation;Potsdam_AfD_2024.txt;main;1676df55e76a5dae72c5193f2f2d81c5cc98ccd74509b5cd9fa5631d445d7991;local_cities_components
USE-959f43494ad4;DOC-c322d67e326d;GLMP-FB67C89781;Potsdam;Brandenburg;12054000;CDU;cdu;2024.0;Kommunalwahlprogramm Gemeinde;Gemeinde;main_corpus_observation;Potsdam_CDU_2024.txt;main;c322d67e326d5960f3f55b9dba4c8339c299a285d4896059e95e9701a0e873cf;local_cities_components
USE-924a819e03ac;DOC-334ec07fcace;GLMP-D76AFCA6D2;Potsdam;Brandenburg;12054000;FDP;fdp;2024.0;Kommunalwahlprogramm Gemeinde;Gemeinde;main_corpus_observation;Potsdam_FDP_2024.txt;main;334ec07fcacec4a3dce418973fef858270cae340f24cd0e83c0ca629ee0b2e37;local_cities_components
USE-b7241faa102e;DOC-5d979819144c;GLMP-A2F49CB898;Potsdam;Brandenburg;12054000;Grüne;gru;2024.0;Kommunalwahlprogramm Gemeinde;Gemeinde;main_corpus_observation;Potsdam_Grüne_2024.txt;main;5d979819144c4a37b6b0d9831042d43b253725f377c5528c635c912f7438706a;local_cities_components
USE-c679222d3aac;DOC-673c7bb1de76;GLMP-5B4A614975;Potsdam;Brandenburg;12054000;Linke;;2024.0;Kommunalwahlprogramm Gemeinde;Gemeinde;main_corpus_observation;Potsdam_Linke_2024.txt;main;673c7bb1de76c0b220d567f91fe736109fa36c0b0c96f414f973f9132be1fd7f;local_cities_components
USE-93c0b4fc3836;DOC-dd0398420e09;GLMP-7D62424331;Potsdam;Brandenburg;12054000;SPD;spd;2024.0;Kommunalwahlprogramm Gemeinde;Gemeinde;main_corpus_observation;Potsdam_SPD_2024.txt;main;dd0398420e0943d797216263ded9c0a106726f672c178ff576f4d3495172b189;local_cities_components
USE-a4193ed62689;DOC-e6f218f31a3b;GLMP-99C1341016;Premnitz;Brandenburg;12063244;AfD;;2024.0;anderes kommunales Wahlprogramm;Landkreis und Gemeinden;main_corpus_observation;Premnitz_AfD_2024.txt;main;e6f218f31a3bc5e20eb6ce9b53f94f0a530ffe3c35b21857bab33a4081966c4e;local_cities_components
USE-98b5bab17bc8;DOC-381504d4e798;GLMP-DD08DB0B4D;Premnitz;Brandenburg;12063244;CDU;cdu;2024.0;anderes kommunales Wahlprogramm;Landkreis;main_corpus_observation;Premnitz_CDU_2024.txt;main;381504d4e798c971a9b21c7e7c8f1970c10c585385d98a2e115c7bb028aa1700;local_cities_components
USE-a68ec07fa680;DOC-bf70292f19bf;GLMP-1C1A03728E;Premnitz;Brandenburg;12063244;Linke;;2024.0;anderes kommunales Wahlprogramm;Landkreis und Gemeinden;main_corpus_observation;Premnitz_Linke_2024.txt;main;bf70292f19bf6110aa3400195b6ddcb79b7d1cb4cddaa808cf0fd58bd5880e76;local_cities_components
USE-51c446b24b15;DOC-0dac5d878185;GLMP-49EF7B7F80;Premnitz;Brandenburg;12063244;SPD;spd;2024.0;anderes kommunales Wahlprogramm;Landkreis;main_corpus_observation;Premnitz_SPD_2024.txt;main;0dac5d878185c1af61a719da0e81452e45968c2d81ddf756308ca59326b0c9c9;local_cities_components
USE-c0054f94300b;DOC-f3ad0b8ef940;GLMP-450CBCCDF3;Prüm;Rheinland-Pfalz;07232296;CDU;cdu;2024.0;anderes kommunales Wahlprogramm;Land;main_corpus_observation;Prüm_CDU_2024.txt;main;f3ad0b8ef940a5ba4366f7d79849e6a7968becf96664806c8589b6474b3109c8;local_cities_components
USE-011f84422426;DOC-7481d0e1ad7b;GLMP-AC131E431F;Prüm;Rheinland-Pfalz;07232296;SPD;spd;2024.0;Kommunalwahlprogramm Gemeinde;Gemeinde;main_corpus_observation;Prüm_SPD_2024.txt;main;7481d0e1ad7bdfdbb060e31ce32b833beb8b6de88762f71f96de2467bdaa9732;local_cities_components
USE-abf856b6a821;DOC-ddef8a00cacf;GLMP-8544793499;Pulsnitz;Sachsen;14625450;AfD;;2024.0;Kommunalwahlprogramm Gemeinde;Gemeinde;main_corpus_observation;Pulsnitz_AfD_2024.txt;main;ddef8a00cacfffa0056cafaf57700532bf5df31ac670459b6d5576414b2b1a51;local_cities_components
USE-a870238c94a7;DOC-c30912839d09;GLMP-35F3C1C3B7;Pulsnitz;Sachsen;14625450;CDU;cdu;2024.0;anderes kommunales Wahlprogramm;Landkreis und Gemeinden;main_corpus_observation;Pulsnitz_CDU_2024.txt;main;c30912839d0914aa6d57f1d8fa694d7f7e98e13c1c22dc29a2db40e7c2804dc4;local_cities_components
USE-8fca1a208d1a;DOC-91216f0b1069;GLMP-B2DD284E53;Pulsnitz;Sachsen;14625450;Grüne;gru;2024.0;anderes kommunales Wahlprogramm;Landkreis und Gemeinden;main_corpus_observation;Pulsnitz_Grüne_2024.txt;main;91216f0b1069963245f5040d75019583405ff3553ab3868bf9bd41460d9ee819;local_cities_components
USE-acdfee516fb0;DOC-a0cd6c13c887;GLMP-C7406E7C96;Pulsnitz;Sachsen;14625450;SPD;spd;2024.0;Kommunalwahlprogramm Gemeinde;Gemeinde;main_corpus_observation;Pulsnitz_SPD_2024.txt;main;a0cd6c13c88711e26a7681f5d80df6bfd5bfef953b97c5180967e07504db80ca;local_cities_components
USE-fcca7c9681b4;DOC-981584dc3720;GLMP-637CDB3680;Pößneck;Thüringen;16075085;Bündnis für Pößneck;;2024.0;Kommunalwahlprogramm Gemeinde;Gemeinde;main_corpus_observation;Pößneck_Bündnis für Pößneck_2024.txt;main;981584dc3720ade7b77a3d2e9641f7957ba9a15533ebe7c152d69fc89c54ea69;local_cities_components
USE-9979d3413098;DOC-d96e6fed4b39;GLMP-578BC79450;Pößneck;Thüringen;16075085;CDU;cdu;2024.0;Kommunalwahlprogramm Gemeinde;Gemeinde;main_corpus_observation;Pößneck_CDU_2024.txt;main;d96e6fed4b395675b54abbcf180c47d24128ba0ea560452c61c2ed5aaa093d9b;local_cities_components
USE-f9201957a1e0;DOC-7cffaa79a26e;GLMP-389C0771DD;Pößneck;Thüringen;16075085;Grüne;gru;2024.0;anderes kommunales Wahlprogramm;Landkreis und Gemeinden;main_corpus_observation;Pößneck_Grüne_2024.txt;main;7cffaa79a26ece61498c8c0953cd8099df5c1823ac58469433287a58401dc81f;local_cities_components
USE-3d2d39934c9f;DOC-cda5cc89bc98;GLMP-77FF19CF0E;Rangsdorf;Brandenburg;12072340;AfD;;2024.0;anderes kommunales Wahlprogramm;Landkreis und Gemeinden;main_corpus_observation;Rangsdorf_AfD_2024.txt;main;cda5cc89bc988dade9e70af0bcde48a1ce043ca761da94b957cf18b1b91979f2;local_cities_components
USE-4825d60bcf5d;DOC-754cd7c580ff;GLMP-AE06CF1CC6;Rangsdorf;Brandenburg;12072340;Die Rangsdorfer;;2024.0;Kommunalwahlprogramm Gemeinde;Gemeinde;main_corpus_observation;Rangsdorf_Die Rangsdorfer_2024.txt;main;754cd7c580ff0ef7cfadd38ef59da9cd2a355d920f54301d1405a0b13cf8d9cc;local_cities_components
USE-83446dc0ec66;DOC-9bdba7b82619;GLMP-A28D9D113A;Rangsdorf;Brandenburg;12072340;FDP;fdp;2024.0;Kommunalwahlprogramm Gemeinde;Gemeinde;main_corpus_observation;Rangsdorf_FDP_2024.txt;main;9bdba7b82619af7b3fadbde67da23e786cd0b6da70b1f2efdc4b1cf6c5268e20;local_cities_components
USE-bf4221507df3;DOC-3f69a1184265;GLMP-B0D13E23B7;Rangsdorf;Brandenburg;12072340;Grüne;gru;2024.0;Kommunalwahlprogramm Gemeinde;Gemeinde;main_corpus_observation;Rangsdorf_Grüne_2024.txt;main;3f69a1184265cd2dbea62de1770b04e89e5dc3439b7c6321e31d15069a67d58e;local_cities_components
USE-d088623f816e;DOC-ec5c336a097e;GLMP-7D35CF573E;Rangsdorf;Brandenburg;12072340;Linke;;2024.0;anderes kommunales Wahlprogramm;Landkreis und Gemeinden;main_corpus_observation;Rangsdorf_Linke_2024.txt;main;ec5c336a097ed86eb817852fd097d9655cad7c3b54ee0ee0f9b692cb5e6014a8;local_cities_components
USE-1f5988a0a5db;DOC-1c7c660451d4;GLMP-A105EAA89F;Rangsdorf;Brandenburg;12072340;SPD;spd;2024.0;Kommunalwahlprogramm Gemeinde;Gemeinde;main_corpus_observation;Rangsdorf_SPD_2024.txt;main;1c7c660451d429823da202b4bdb1867c4cdf4d8f1126d54ebf2d3a34c8cf6297;local_cities_components
USE-aaecbc98ed7d;DOC-575962651c07;GLMP-304E69AACD;Ransbach-Baumbach;Rheinland-Pfalz;07143062;CDU;cdu;2024.0;Kommunalwahlprogramm Gemeinde;Gemeinde;main_corpus_observation;Ransbach-Baumbach_CDU_2024.txt;main;575962651c070986d132e4c283651a66de220791ffcd51b4fbd5d409e1b08963;local_cities_components
USE-569b2c6b6c96;DOC-f03365984450;GLMP-0617F6FFE5;Ransbach-Baumbach;Rheinland-Pfalz;07143062;FWG;;2024.0;Kommunalwahlprogramm Gemeinde;Gemeinde;main_corpus_observation;Ransbach-Baumbach_FWG_2024.txt;main;f0336598445006180a546b916368fccfac21f8d329d90bd9bff56981e9935b23;local_cities_components
USE-2a66f209e78f;DOC-4349ca0a40d9;GLMP-D17136AA4B;Ransbach-Baumbach;Rheinland-Pfalz;07143062;SPD;spd;2024.0;anderes kommunales Wahlprogramm;Landkreis;main_corpus_observation;Ransbach-Baumbach_SPD_2024.txt;main;4349ca0a40d999260f88279dbf565c31bd3fcba91e8e0953069f24a523a26488;local_cities_components
USE-d982d8704d0f;DOC-f3cb07a0fc32;GLMP-5B51F41EFC;Rastatt;Baden-Württemberg;08216043;FW;;2024.0;Kommunalwahlprogramm Gemeinde;Gemeinde;main_corpus_observation;Rastatt_FW_2024.txt;main;f3cb07a0fc32891642bdf9ab05e05185c11409bfa969c8c60e6328b89805d612;local_cities_components
USE-a9fbd0a85e0a;DOC-728059d45019;GLMP-C56AC9097B;Rastatt;Baden-Württemberg;08216043;Grüne;gru;2024.0;Kommunalwahlprogramm Gemeinde;Gemeinde;main_corpus_observation;Rastatt_Grüne_2024.txt;main;728059d4501941ef40106765eeb8617cec447a1eef624fa12e836ed18d7e1f38;local_cities_components
USE-00341e49152b;DOC-0e52f9b7e295;GLMP-AEE49DAB0D;Rastatt;Baden-Württemberg;08216043;SPD;spd;2024.0;Kommunalwahlprogramm Gemeinde;Gemeinde;main_corpus_observation;Rastatt_SPD_2024.txt;main;0e52f9b7e295f2735f0fff095f2d14654bab7eaa572d7b64e948c71ad96a06a7;local_cities_components
USE-c3c6db085438;DOC-f6a24a818700;GLMP-D2C4675DA6;Ravensburg;Baden-Württemberg;08436064;CDU;cdu;2024.0;Kommunalwahlprogramm Gemeinde;Gemeinde;main_corpus_observation;Ravensburg_CDU_2024.txt;main;f6a24a818700770c2d0542c4f523813f2ec2ceeef9cea6c84a8aaea3024ed352;local_cities_components
USE-dde9c75b02ee;DOC-d455e63f778d;GLMP-CCD57A873E;Ravensburg;Baden-Württemberg;08436064;FDP;fdp;2024.0;Kommunalwahlprogramm Gemeinde;Gemeinde;main_corpus_observation;Ravensburg_FDP_2024.txt;main;d455e63f778d3e96f57afb7d12f87180f003b1d55a90b09104b90651733c5d90;local_cities_components
USE-cbb8908748da;DOC-0b62ee558a3a;GLMP-4CBC9DE614;Ravensburg;Baden-Württemberg;08436064;Grüne;gru;2024.0;Kommunalwahlprogramm Gemeinde;Gemeinde;main_corpus_observation;Ravensburg_Grüne_2024.txt;main;0b62ee558a3adf245fb0f23777e562ca26ba65d955a73782309332bda1bf9442;local_cities_components
USE-853bd67c5181;DOC-79b14da55284;GLMP-15A67A18F3;Ravensburg;Baden-Württemberg;08436064;SPD;spd;2024.0;Kommunalwahlprogramm Gemeinde;Gemeinde;main_corpus_observation;Ravensburg_SPD_2024.txt;main;79b14da5528440d6e69f3898516b04ed1c5ffb13f598746320b7b409251c2217;local_cities_components
USE-a856db573adc;DOC-8b05d5ba390f;GLMP-6C01AA3D50;Reinsdorf;Sachsen;14524250;CDU;cdu;2024.0;anderes kommunales Wahlprogramm;Landkreis und Gemeinden;main_corpus_observation;Reinsdorf_CDU_2024.txt;main;8b05d5ba390f48c5c1f525e99e45d2028e899dbe7ae05ba4c1367a5471bc81b8;local_cities_components
USE-1a5913e539ec;DOC-da0f23212ea4;GLMP-EEFFC03314;Reinsdorf;Sachsen;14524250;SPD;spd;2024.0;anderes kommunales Wahlprogramm;Landkreis;main_corpus_observation;Reinsdorf_SPD_2024.txt;main;da0f23212ea4cb2b967f32d3612f2e2ddbe90a0ff2adf1bef8ba900394cd28e6;local_cities_components
USE-7a2dcd7d8675;DOC-9f61417859fd;GLMP-CE1ED485AA;Reutlingen;Baden-Württemberg;08415061;AfD;;2024.0;Kommunalwahlprogramm Gemeinde;Gemeinde;main_corpus_observation;Reutlingen_AfD_2024.txt;main;9f61417859fdd9b8104c3f08d18b5112e55c1dec73a056e4e1c183053dc66aff;local_cities_components
USE-2b8c68c84351;DOC-68d067821552;GLMP-5AC12D3CAF;Reutlingen;Baden-Württemberg;08415061;CDU;cdu;2024.0;Kommunalwahlprogramm Gemeinde;Gemeinde;main_corpus_observation;Reutlingen_CDU_2024.txt;main;68d0678215521d67abf5a97857a009f955234bdc31e8ed0eb079975f0c6bb894;local_cities_components
USE-dc779f2a5363;DOC-674343538f43;GLMP-63D9DC0AA2;Reutlingen;Baden-Württemberg;08415061;Die Partei;par;2024.0;Kommunalwahlprogramm Gemeinde;Gemeinde;main_corpus_observation;Reutlingen_Die Partei_2024.txt;main;674343538f43f5e9e3896a95e04fedb227c057d5069aa6e4f348789eb5d70821;local_cities_components
USE-c510a5648184;DOC-f24c681f960a;GLMP-DDE0B33EEA;Reutlingen;Baden-Württemberg;08415061;FDP;fdp;2024.0;Kommunalwahlprogramm Gemeinde;Gemeinde;main_corpus_observation;Reutlingen_FDP_2024.txt;main;f24c681f960a44e4531b9f8081b187d9bb4f824f39d6e8ff6aea9ac2b3509f48;local_cities_components
USE-881cadecbadf;DOC-3a893513c0d6;GLMP-1338821585;Reutlingen;Baden-Württemberg;08415061;FWG;;2024.0;Kommunalwahlprogramm Gemeinde;Gemeinde;main_corpus_observation;Reutlingen_FWG_2024.txt;main;3a893513c0d622547e05a315696d5d25078bd8d8853e1f4276c69781207ce50f;local_cities_components
USE-35efec068eab;DOC-f8f8549a2347;GLMP-04BCD01AA4;Reutlingen;Baden-Württemberg;08415061;Grüne;gru;2024.0;Kommunalwahlprogramm Gemeinde;Gemeinde;main_corpus_observation;Reutlingen_Grüne_2024.txt;main;f8f8549a23477bfddce628acb66cf3502a2a5c58c76cbe6016bfb10cf6ca0405;local_cities_components
USE-7e7afb458e6d;DOC-c6e5aee47589;GLMP-3D926F6FF3;Reutlingen;Baden-Württemberg;08415061;Linke;;2024.0;Kommunalwahlprogramm Gemeinde;Gemeinde;main_corpus_observation;Reutlingen_Linke_2024.txt;main;c6e5aee47589eae9626c8c72d032a6ae363379d79a4b4767d3bd90f51df7852a;local_cities_components
USE-657d85b942ac;DOC-953a7023c22a;GLMP-241FBC9340;Reutlingen;Baden-Württemberg;08415061;SPD;spd;2024.0;Kommunalwahlprogramm Gemeinde;Gemeinde;main_corpus_observation;Reutlingen_SPD_2024.txt;main;953a7023c22a5e754e339854ebf74ae6621c7ce8e1e2566a859b9f0ef7b3e9bb;local_cities_components
USE-265a9813d5b3;DOC-888c462df544;GLMP-F02C2292D4;Reutlingen;Baden-Württemberg;08415061;WIR;wir;2024.0;Kommunalwahlprogramm Gemeinde;Gemeinde;main_corpus_observation;Reutlingen_WiR_2024.txt;main;888c462df54476f3f5cb7476c2149e2d7c2c365fda631f4f4e532e6d327337c3;local_cities_components
USE-2781ed643a44;DOC-2c21bb9a3f1f;GLMP-FA6BCCF825;Riegelsberg;Saarland;10041517;FDP;fdp;2024.0;Kommunalwahlprogramm Gemeinde;Gemeinde;main_corpus_observation;Riegelsberg_FDP_2024.txt;main;2c21bb9a3f1f3a1eb9b23456247d18ab4e4e511e56e09e108c737b35e7c56ca7;local_cities_components
USE-200067e8b60e;DOC-1c6c9549bf1e;GLMP-8FE7601021;Riegelsberg;Saarland;10041517;Grüne;gru;2024.0;Kommunalwahlprogramm Gemeinde;Gemeinde;main_corpus_observation;Riegelsberg_Grüne_2024.txt;main;1c6c9549bf1e351bb59b9f8971d24111b2bb58bcc6d20fe7062d7d3f9d736f3b;local_cities_components
USE-ba33a43253b1;DOC-976a32b27531;GLMP-919B15B434;Riegelsberg;Saarland;10041517;Linke;;2024.0;Kommunalwahlprogramm Gemeinde;Gemeinde;main_corpus_observation;Riegelsberg_Linke_2024.txt;main;976a32b27531ba1c1235c2f0bb07af41776dbaca285e7e6467ff00e36ee55cf1;local_cities_components
USE-1ce6f914a1c2;DOC-397cf2c678ee;GLMP-9A4699CFF9;Rochlitz;Sachsen;14522490;CDU;cdu;2024.0;anderes kommunales Wahlprogramm;Landkreis und Gemeinden;main_corpus_observation;Rochlitz_CDU_2024.txt;main;397cf2c678ee03a9e09f57c08d344d8eefc4a9ccbb0a2de2b853b565a4ea0c72;local_cities_components
USE-642bf3c9b687;DOC-9aadc52e99dd;GLMP-B37B269974;Rochlitz;Sachsen;14522490;Linke;;2024.0;anderes kommunales Wahlprogramm;Landkreis und Gemeinden;main_corpus_observation;Rochlitz_Linke_2024.txt;main;9aadc52e99dd48ed1881ca58774e881f6109a831011b8f702627de80a2b5b639;local_cities_components
USE-d0b9f849d5da;DOC-96e5982584eb;GLMP-BC2593CD00;Rochlitz;Sachsen;14522490;RGG;;2024.0;anderes kommunales Wahlprogramm;Gemeinde;main_corpus_observation;Rochlitz_RGG_2024.txt;main;96e5982584eb7b9093406348879298e78106c4b8d3f5dd643b0f7ca46e858a64;local_cities_components
USE-1cbe552fc54d;DOC-ae46e7297246;GLMP-B9AD573FBC;Rochlitz;Sachsen;14522490;SPD;spd;2024.0;anderes kommunales Wahlprogramm;Landkreis;main_corpus_observation;Rochlitz_SPD_2024.txt;main;ae46e72972468f06afc024363d63b1fc4a98e011cbf29eb9c529acf195edca58;local_cities_components
USE-12007aa064d0;DOC-d8185eb4b6b8;GLMP-AB74676A98;Rostock;Mecklenburg-Vorpommern;13003000;CDU;cdu;2024.0;Kommunalwahlprogramm Gemeinde;Gemeinde;main_corpus_observation;Rostock_CDU_2024.txt;main;d8185eb4b6b8f10cf7c564a00a1682c6d069a10e90be2650d1622968b2437920;local_cities_components
USE-c881e359d3c5;DOC-f8c44d7ab745;GLMP-872572A72A;Rostock;Mecklenburg-Vorpommern;13003000;FDP;fdp;2024.0;Kommunalwahlprogramm Gemeinde;Gemeinde;main_corpus_observation;Rostock_FDP_2024.txt;main;f8c44d7ab745eb4cbe00697898ff036d4d19f30de775c267ea55ec828a534d15;local_cities_components
USE-ad9c634eb35e;DOC-33958e9772da;GLMP-FEBD5ACE42;Rostock;Mecklenburg-Vorpommern;13003000;Grüne;gru;2024.0;Kommunalwahlprogramm Gemeinde;Gemeinde;main_corpus_observation;Rostock_Grüne_2024.txt;main;33958e9772daeaafed6bf72fb385ba2572eedb6c8d29c101d64d23a1397a31ec;local_cities_components
USE-3612a30a4cd7;DOC-dee7995f3532;GLMP-DAD0CF26D4;Rostock;Mecklenburg-Vorpommern;13003000;Linke;;2024.0;Kommunalwahlprogramm Gemeinde;Gemeinde;main_corpus_observation;Rostock_Linke_2024.txt;main;dee7995f3532be3088341f83f3fa69b6db7ccf6f7f5d45a687ce3735db31d861;local_cities_components
USE-d33eb993e1d2;DOC-e957ac9388d8;GLMP-E132135C71;Rostock;Mecklenburg-Vorpommern;13003000;Rostocker Bund;rob;2024.0;Kommunalwahlprogramm Gemeinde;Gemeinde;main_corpus_observation;Rostock_Rostocker Bund_2024.txt;main;e957ac9388d8848cda4db1a7f679aea7365f79ef6f15a9241dd7f7d50bd073ad;local_cities_components
USE-f70e1632dea4;DOC-c926a4b36aa7;GLMP-A33E091A4C;Rostock;Mecklenburg-Vorpommern;13003000;SPD;spd;2024.0;Kommunalwahlprogramm Gemeinde;Gemeinde;main_corpus_observation;Rostock_SPD_2024.txt;main;c926a4b36aa78414c990ee63bf601047107c4388c455a9804ed192ff7d2a7b2a;local_cities_components
USE-d009ab3fdff9;DOC-adb456887d6a;GLMP-CD4A197E84;Rostock;Mecklenburg-Vorpommern;13003000;UFR;;2024.0;Kommunalwahlprogramm Gemeinde;Gemeinde;main_corpus_observation;Rostock_UFR_2024.txt;main;adb456887d6abc54e8036c961763a07280c0f6dd4e08fbd8280aa4a6cd80856b;local_cities_components
USE-b259e4107a55;DOC-25ab8863ac30;GLMP-5A1F487526;Rostock;Mecklenburg-Vorpommern;13003000;Volt;vlt;2024.0;Kommunalwahlprogramm Gemeinde;Gemeinde;main_corpus_observation;Rostock_Volt_2024.txt;main;25ab8863ac30acfbecc8bf770e75f75446b04a84c906b265b01e49376d4bee83;local_cities_components
USE-ea8dec5a7e2c;DOC-69bfbc8ef0a4;GLMP-99F0A6E85B;Saalfeld (Saale);Thüringen;16073077;BfS;;2024.0;Kommunalwahlprogramm Gemeinde;Gemeinde;main_corpus_observation;Saalfeld (Saale)_BfS_2024.txt;main;69bfbc8ef0a4d99af02e05bf1fb5d158f97d3f816c20089a6c101ff15c9df297;local_cities_components
USE-43a729bb46e4;DOC-0e88282409e6;GLMP-852084C5E8;Saalfeld (Saale);Thüringen;16073077;Bürger für Thüringen;;2024.0;Kommunalwahlprogramm Gemeinde;Gemeinde;main_corpus_observation;Saalfeld (Saale)_Bürger für Thüringen_2024.txt;main;0e88282409e62a0465d36673c28c6aec9de835a4c6a9cce02f9f8b77b8851807;local_cities_components
USE-1cdf210bc9ef;DOC-597c24c2eef1;GLMP-3980DD8B0D;Saalfeld (Saale);Thüringen;16073077;CDU;cdu;2024.0;Kommunalwahlprogramm Gemeinde;Gemeinde;main_corpus_observation;Saalfeld (Saale)_CDU_2024.txt;main;597c24c2eef10985cb57302c06cce5da2f02f37f013ccdc2fe5fb44b72af22b2;local_cities_components
USE-152121c6f350;DOC-5e73367d871e;GLMP-6201961214;Saalfeld (Saale);Thüringen;16073077;Grüne;gru;2024.0;Kommunalwahlprogramm Gemeinde;Gemeinde;main_corpus_observation;Saalfeld (Saale)_Grüne_2024.txt;main;5e73367d871e84ef8259c708540224981630b10ca3564892654c9421fc2cdfd6;local_cities_components
USE-a38e8e4e7659;DOC-3227a2031a08;GLMP-8104916ABC;Saalfeld (Saale);Thüringen;16073077;Linke;;2024.0;anderes kommunales Wahlprogramm;Landkreis und Gemeinden;main_corpus_observation;Saalfeld (Saale)_Linke_2024.txt;main;3227a2031a080438600c218250234ccb6f1ba8d78bdbbf32bad8c0d68a56b09c;local_cities_components
USE-7f7ff739679f;DOC-e475cb87380e;GLMP-3FEC4502C5;Saalfeld (Saale);Thüringen;16073077;SPD;spd;2024.0;anderes kommunales Wahlprogramm;Landkreis und Gemeinden;main_corpus_observation;Saalfeld (Saale)_SPD_2024.txt;main;e475cb87380ef6a4ba9d69ba9d55d8ed9f6ac3d63562f85b625578378a3ab20b;local_cities_components
USE-fc0b8c1dd119;DOC-c8cd4a93af34;GLMP-891C1224EF;Saarbruecken;Saarland;10041100;CDU;cdu;2024.0;Kommunalwahlprogramm Gemeinde;Gemeinde;main_corpus_observation;Saarbrücken_CDU_2024.txt;main;c8cd4a93af34a172d3ebc31c39d9f4d46b2d3aaf755454e3733b13cba00606c6;manual_2024_reference
USE-7e5db66594b8;DOC-b2107af3dabd;GLMP-D6D9E19C67;Saarbruecken;Saarland;10041100;FDP;fdp;2024.0;Kommunalwahlprogramm Gemeinde;Gemeinde;main_corpus_observation;Saarbrücken_FDP_2024.txt;main;b2107af3dabd1a2ac311836916bde63012270c9c108fe96c4621497370440030;manual_2024_reference
USE-e289614e9017;DOC-9d269c059e18;GLMP-8D75293F8E;Saarbruecken;Saarland;10041100;Grüne;gru;2024.0;Kommunalwahlprogramm Gemeinde;Gemeinde;main_corpus_observation;Saarbrücken_Grüne_2024.txt;main;9d269c059e18fc67ceec2c24a45e52a4270bdf0c1f91ace9420b64fab1721c8b;manual_2024_reference
USE-91043eb4d44d;DOC-ba32ad15b57c;GLMP-F558638AA2;Saarbruecken;Saarland;10041100;Linke;;2024.0;Kommunalwahlprogramm Gemeinde;Gemeinde;main_corpus_observation;Saarbrücken_Linke_2024.txt;main;ba32ad15b57cd3c8b9fd848dd6d2c0e084afe298766056c5a2577bcb1fdb4817;manual_2024_reference
USE-af3e90c9b164;DOC-60dc0fab73e7;GLMP-4914FD2B30;Saarbruecken;Saarland;10041100;SPD;spd;2024.0;Kommunalwahlprogramm Gemeinde;Gemeinde;main_corpus_observation;Saarbrücken_SPD_2024.txt;main;60dc0fab73e705d0afdcf3782534517b56ebeb799e4c664083eb6b683c5178a6;manual_2024_reference
USE-d67d8b8dacdf;DOC-034bfefca7d5;GLMP-1E409F8B34;Saarwellingen;Saarland;10044116;CDU;cdu;2024.0;anderes kommunales Wahlprogramm;Landkreis und Gemeinden;main_corpus_observation;Saarwellingen_CDU_2024.txt;main;034bfefca7d50fd3246857641e17ef45973b202b2daa8588c773fd15d5efd7b4;local_cities_components
USE-454442a60bcc;DOC-d5c6841183d4;GLMP-69C153D8A8;Saarwellingen;Saarland;10044116;Grüne;gru;2024.0;Kommunalwahlprogramm Gemeinde;Gemeinde;main_corpus_observation;Saarwellingen_Grüne_2024.txt;main;d5c6841183d4b6eb3daa69315d63ec7dc6e411c7f8f7b418d737e5d171343bfc;local_cities_components
USE-2354ebca74a7;DOC-ec6fb53217b9;GLMP-C8F46EA6BA;Saarwellingen;Saarland;10044116;SPD;spd;2024.0;Kommunalwahlprogramm Gemeinde;Gemeinde;main_corpus_observation;Saarwellingen_SPD_2024.txt;main;ec6fb53217b905fda26bd5ba1858bba499e3ee59232655145bd89ce066f2c6d4;local_cities_components
USE-56c58c39f86e;DOC-cce6e63d8724;GLMP-B06BB41F88;Salzwedel;Sachsen-Anhalt;15081455;Bündnis Lebenswertes Land;;2024.0;Kommunalwahlprogramm Gemeinde;Gemeinde;main_corpus_observation;Salzwedel_Bündnis Lebenswertes Land_2024.txt;main;cce6e63d8724c6ea72c15e7226ccae37a08b0a61d75a6d6400e083d5519da7b8;local_cities_components
USE-c41fe6bd1200;DOC-2d4de619c4da;GLMP-336F9C4DFD;Salzwedel;Sachsen-Anhalt;15081455;CDU;cdu;2024.0;Kommunalwahlprogramm Gemeinde;Gemeinde;main_corpus_observation;Salzwedel_CDU_2024.txt;main;2d4de619c4da99d52c8bc81102e162b0cae56dfcd85e5e0c3b174fb7dfc0f84e;local_cities_components
USE-37359b3d0439;DOC-8d2bf842fc2a;GLMP-E08858D1B0;Salzwedel;Sachsen-Anhalt;15081455;Linke;;2024.0;anderes kommunales Wahlprogramm;Landkreis und Gemeinden;main_corpus_observation;Salzwedel_Linke_2024.txt;main;8d2bf842fc2a2a998dd1f0e8de085c7cd1f471e63ca26f68ea7d2d325d646144;local_cities_components
USE-41bbb37748b1;DOC-c20646c26245;GLMP-9A79D31DFE;Sandhausen;Baden-Württemberg;08226076;CDU;cdu;2024.0;Kommunalwahlprogramm Gemeinde;Gemeinde;main_corpus_observation;Sandhausen_CDU_2024.txt;main;c20646c262453723c038aa74741d69a84d5b4466a2b9ec58839df1f47b9bd3b9;local_cities_components
USE-5aceb76e1ea9;DOC-a52357499a58;GLMP-B06594B89C;Sandhausen;Baden-Württemberg;08226076;FDP;fdp;2024.0;anderes kommunales Wahlprogramm;Landkreis und Gemeinden;main_corpus_observation;Sandhausen_FDP_2024.txt;main;a52357499a58614281f9c07dff7726905a72d3962a791677b7ef90c40c3f3d17;local_cities_components
USE-eae008db50c9;DOC-e1fb290e3b08;GLMP-D2504EA967;Sandhausen;Baden-Württemberg;08226076;GAL;;2024.0;Kommunalwahlprogramm Gemeinde;Gemeinde;main_corpus_observation;Sandhausen_GAL_2024.txt;main;e1fb290e3b086a90c4bdb274911a6d037de8dd99fa537c8fb6672cd914014e34;local_cities_components
USE-4215ebacc7c1;DOC-fb3f14c40fe6;GLMP-282D7ED18C;Sandhausen;Baden-Württemberg;08226076;SPD;spd;2024.0;Kommunalwahlprogramm Gemeinde;Gemeinde;main_corpus_observation;Sandhausen_SPD_2024.txt;main;fb3f14c40fe6832181935a5a27553b8e332724cdd53a61caa0c803be6b278a2c;local_cities_components
USE-956bdcf99de3;DOC-10cc69a21b68;GLMP-6AFA242746;Sangerhausen;Sachsen-Anhalt;15087370;AfD;;2024.0;anderes kommunales Wahlprogramm;Landkreis und Gemeinden;main_corpus_observation;Sangerhausen_AfD_2024.txt;main;10cc69a21b68581e3b7761005226bdbf334bf2a012e460889d246c8a8111599b;local_cities_components
USE-6b3d47eb29d1;DOC-d520d3e95505;GLMP-FA42E738EB;Sangerhausen;Sachsen-Anhalt;15087370;B.I.S.;;2024.0;Kommunalwahlprogramm Gemeinde;Gemeinde;main_corpus_observation;Sangerhausen_B.I.S._2024.txt;main;d520d3e955050174f220506622f479f1ac3ed290c7b3b6bc6ba06e50db929a55;local_cities_components
USE-8d9e01094913;DOC-3b3a5b87b947;GLMP-8C21CAE9BB;Sangerhausen;Sachsen-Anhalt;15087370;BOS;;2024.0;Kommunalwahlprogramm Gemeinde;Gemeinde;main_corpus_observation;Sangerhausen_BOS_2024.txt;main;3b3a5b87b94746cbb2118c380ea4ef6990dcfa5f1438c5b0beec15e6c6c700ff;local_cities_components
USE-55458507d432;DOC-59a0a531bf19;GLMP-54116AD536;Sangerhausen;Sachsen-Anhalt;15087370;CDU;cdu;2024.0;Kommunalwahlprogramm Gemeinde;Gemeinde;main_corpus_observation;Sangerhausen_CDU_2024.txt;main;59a0a531bf19ab9fac960ced0a5001a80f3f5b38bcac0e7557537b658a1192da;local_cities_components
USE-a879e9a05878;DOC-a81a34c81251;GLMP-938D6D0CC3;Sangerhausen;Sachsen-Anhalt;15087370;Grüne;gru;2024.0;anderes kommunales Wahlprogramm;Landkreis und Gemeinden;main_corpus_observation;Sangerhausen_Grüne_2024.txt;main;a81a34c81251640138f07b9556928b297d0f5c43c1cc9fb938e22d0e7fc5a63f;local_cities_components
USE-6aae9cc64f9c;DOC-0c60a7f0d19a;GLMP-5BA7A9F7D7;Schleiz;Thüringen;16075098;FDP;fdp;2024.0;Kommunalwahlprogramm Gemeinde;Gemeinde;main_corpus_observation;Schleiz_FDP_2024.txt;main;0c60a7f0d19a4216eccf331175c17e157f4ee28aba00d5734d6ad8d518666d32;local_cities_components
USE-1af96510b15b;DOC-e12d3f2647ac;GLMP-6B3D73B21A;Schorfheide;Brandenburg;12060198;CDU;cdu;2024.0;Kommunalwahlprogramm Gemeinde;Gemeinde;main_corpus_observation;Schorfheide_CDU_2024.txt;main;e12d3f2647aced56f8be554097674be55a808a182020e90129c8a44fa0997860;local_cities_components
USE-0c771fda97f6;DOC-5dfd4e133e27;GLMP-242870E55D;Schorfheide;Brandenburg;12060198;SPD;spd;2024.0;anderes kommunales Wahlprogramm;Landkreis und Gemeinden;main_corpus_observation;Schorfheide_SPD_2024.txt;main;5dfd4e133e27d8c3e0951b3eab12e235dcc50bd6c4d60f0f8c254311ef5f1880;local_cities_components
USE-988323d207ee;DOC-0dc0bc1c6b92;GLMP-ACF07EF89A;Schorfheide;Brandenburg;12060198;WIR;wir;2024.0;Kommunalwahlprogramm Gemeinde;Gemeinde;main_corpus_observation;Schorfheide_WIR_2024.txt;main;0dc0bc1c6b922271d07a4a23b9ee9b1c3c35626f0a7f8af7e6115c04f2f85df5;local_cities_components
USE-3ab8adf266d1;DOC-2237a9a20d5b;GLMP-60965F93FC;Schwaan;Mecklenburg-Vorpommern;13072095;CDU;cdu;2024.0;anderes kommunales Wahlprogramm;Landkreis und Gemeinden;main_corpus_observation;Schwaan_CDU_2024.txt;main;2237a9a20d5bcdab7d5ecfa100ccdd95cc0ff110c21e48d05d404f77e8186345;local_cities_components
USE-6f6a864336e6;DOC-a1453a55433b;GLMP-E0268598FB;Schwaan;Mecklenburg-Vorpommern;13072095;Grüne;gru;2024.0;Kommunalwahlprogramm Gemeinde;Gemeinde;main_corpus_observation;Schwaan_Grüne_2024.txt;main;a1453a55433bf86e8a25b255ee3dad905672b6c0c5dac4a7e19d1a983070a87e;local_cities_components
USE-999dffd20b32;DOC-79686d8da0e0;GLMP-7CC3C7CCFB;Schwaan;Mecklenburg-Vorpommern;13072095;Linke;;2024.0;anderes kommunales Wahlprogramm;Landkreis;main_corpus_observation;Schwaan_Linke_2024.txt;main;79686d8da0e0106cbaa76125bb5ad0dcd753d75ca1764b6a9cbfe5572be907ea;local_cities_components
USE-7d2cdb3f712b;DOC-d6b0aea2039b;GLMP-BE04C2A2CF;Schwaan;Mecklenburg-Vorpommern;13072095;SSV;;2024.0;Kommunalwahlprogramm Gemeinde;Gemeinde;main_corpus_observation;Schwaan_SSV_2024.txt;main;d6b0aea2039b2338db369ad46d3856771f3689f8c6dd3a13c42c863b503c43aa;local_cities_components
USE-e76c38faad66;DOC-cfc9a1ae2ad9;GLMP-D61B3C3C9C;Schwaan;Mecklenburg-Vorpommern;13072095;UWS;;2024.0;Kommunalwahlprogramm Gemeinde;Gemeinde;main_corpus_observation;Schwaan_UWS_2024.txt;main;cfc9a1ae2ad97883bfef2fbc4ee0e8ec297048ce964d27cc5e7eadc5a06110b2;local_cities_components
USE-fb3d4fb6e954;DOC-838a18e73cf5;GLMP-5526D819E5;Schwerin;Mecklenburg-Vorpommern;13004000;AfD;;2024.0;Kommunalwahlprogramm Gemeinde;Gemeinde;main_corpus_observation;Schwerin_AfD_2024.txt;main;838a18e73cf5e973a08d1b24ebdcbbfc24e113cb8ab74b645e973a0716cca695;local_cities_components
USE-a885f51ce490;DOC-aa62789786c1;GLMP-96230CEE0F;Schwerin;Mecklenburg-Vorpommern;13004000;CDU;cdu;2024.0;Kommunalwahlprogramm Gemeinde;Gemeinde;main_corpus_observation;Schwerin_CDU_2024.txt;main;aa62789786c1f8b19b80a578890cd9d219f9e84299fe1baa0e20828f047c6cdb;local_cities_components
USE-85189aea5f0f;DOC-1bdafb4339a1;GLMP-67341ABCE1;Schwerin;Mecklenburg-Vorpommern;13004000;FDP;fdp;2024.0;Kommunalwahlprogramm Gemeinde;Gemeinde;main_corpus_observation;Schwerin_FDP_2024.txt;main;1bdafb4339a19e67254d85a816e695c4f7ae31195f1ce52a608feab0d075dd72;local_cities_components
USE-4a14cc7d8546;DOC-4ad173001c96;GLMP-569D47D48E;Schwerin;Mecklenburg-Vorpommern;13004000;Grüne;gru;2024.0;Kommunalwahlprogramm Gemeinde;Gemeinde;main_corpus_observation;Schwerin_Grüne_2024.txt;main;4ad173001c96c2bc61178c6ae775cc17a5518a632f4491ab88dc9cd908591e8a;local_cities_components
USE-7366b49c67eb;DOC-857ce59e78fa;GLMP-61D4B6BC08;Schwerin;Mecklenburg-Vorpommern;13004000;Linke;;2024.0;Kommunalwahlprogramm Gemeinde;Gemeinde;main_corpus_observation;Schwerin_Linke_2024.txt;main;857ce59e78fa605cef066bd2631cd5f2e47af3a85cbccfc9a1b2b37067089b79;local_cities_components
USE-cf6f932ee0bb;DOC-c658d7e2eb74;GLMP-DDE826D304;Schwerin;Mecklenburg-Vorpommern;13004000;SPD;spd;2024.0;Kommunalwahlprogramm Gemeinde;Gemeinde;main_corpus_observation;Schwerin_SPD_2024.txt;main;c658d7e2eb74b12df241467c152cb87d50df5d667cb85e2ecbce5c8aab5728c2;local_cities_components
USE-bc0e2ef3e30c;DOC-e38233807c3b;GLMP-FF76A787A6;Schwäbisch Gmünd;Baden-Württemberg;08136065;Die Bürgerliste Schwäbisch Gmünd;;2024.0;Kommunalwahlprogramm Gemeinde;Gemeinde;main_corpus_observation;Schwäbisch Gmünd_Die Bürgerliste Schwäbisch Gmünd_2024.txt;main;e38233807c3b739e4bd9c1ddfe92a98db9f5d5d6e82880f2f114faab30220392;local_cities_components
USE-65edba8eb33c;DOC-3c57ef86131e;GLMP-9DF09D8FBA;Schwäbisch Gmünd;Baden-Württemberg;08136065;FDP;fdp;2024.0;anderes kommunales Wahlprogramm;Land;main_corpus_observation;Schwäbisch Gmünd_FDP_2024.txt;main;3c57ef86131e2be6e11861ed8cb441d3fc4dcda1c0731506b685a8223c856490;local_cities_components
USE-312bf3e1c672;DOC-90aecb6427b6;GLMP-E7DAE86850;Schwäbisch Gmünd;Baden-Württemberg;08136065;Grüne;gru;2024.0;anderes kommunales Wahlprogramm;Landkreis;main_corpus_observation;Schwäbisch Gmünd_Grüne_2024.txt;main;90aecb6427b6eb8d9f0e6e1b7dca075427fe41b327eda343f8fd88d3e652e6d7;local_cities_components
USE-a3962227e584;DOC-21424f5529cc;GLMP-4C29BA379E;Schwäbisch Gmünd;Baden-Württemberg;08136065;SPD;spd;2024.0;anderes kommunales Wahlprogramm;Landkreis;main_corpus_observation;Schwäbisch Gmünd_SPD_2024.txt;main;21424f5529cccbfc7ab0b62817d133c8f7478077d61138bed0534a2d4dcc12c8;local_cities_components
USE-bd8ffb99c6fb;DOC-ffb3f01f8571;GLMP-B6873AA86F;Schwäbisch Gmünd;Baden-Württemberg;08136065;söl;;2024.0;Kommunalwahlprogramm Gemeinde;Gemeinde;main_corpus_observation;Schwäbisch Gmünd_söl_2024.txt;main;ffb3f01f857158081dba8a4117d77397eec220becf23ba5125d34922f9346c6f;local_cities_components
USE-08442ae64129;DOC-afb80bf32bc7;GLMP-0BE7B805AC;Seelow;Brandenburg;12064448;AfD;;2024.0;anderes kommunales Wahlprogramm;Landkreis und Gemeinden;main_corpus_observation;Seelow_AfD_2024.txt;main;afb80bf32bc7d208c7fedc164ec6d93cecbd9d5dcc9e4a867c31c1e2b3aa190d;local_cities_components
USE-7150005a8b99;DOC-b8dee09fc4aa;GLMP-E80FF1CABF;Seelow;Brandenburg;12064448;CDU;cdu;2024.0;anderes kommunales Wahlprogramm;Landkreis und Gemeinden;main_corpus_observation;Seelow_CDU_2024.txt;main;b8dee09fc4aa7ce5a2fdbada4b0bfdfd5ce8c420c080a11dc0eca8e386c3fd32;local_cities_components
USE-8a7b946f01b9;DOC-51f12cb29797;GLMP-AAD0A9D9A0;Seelow;Brandenburg;12064448;Linke;;2024.0;Kommunalwahlprogramm Gemeinde;Gemeinde;main_corpus_observation;Seelow_Linke_2024.txt;main;51f12cb297975a882ebc9a46802cb2189c7fa3f95ad5018a0ece421892375b1b;local_cities_components
USE-3b9cdc08652c;DOC-d39b6ab8ae37;GLMP-EAB0599510;Seelow;Brandenburg;12064448;SPD;spd;2024.0;anderes kommunales Wahlprogramm;Landkreis und Gemeinden;main_corpus_observation;Seelow_SPD_2024.txt;main;d39b6ab8ae3766696574a30a25abacdd76fecc4649fba6fd003d029e6cf1a829;local_cities_components
USE-64aec3b750ec;DOC-6206af1d3081;GLMP-2EF9A777B2;Sigmaringen;Baden-Württemberg;08437104;Grüne;gru;2024.0;Kommunalwahlprogramm Gemeinde;Gemeinde;main_corpus_observation;Sigmaringen_Grüne_2024.txt;main;6206af1d3081211b717a5e5572ffb02526ae210c0cca9ec4d539cb71dee37a45;local_cities_components
USE-44d813944c91;DOC-038f5ba10265;GLMP-1DF841DED7;Sindelfingen;Baden-Württemberg;08115045;CDU;cdu;2024.0;Kommunalwahlprogramm Gemeinde;Gemeinde;main_corpus_observation;Sindelfingen_CDU_2024.txt;main;038f5ba102659e81288380921592020180afee6f57d0a00bab00b9ca7ec4e267;local_cities_components
USE-06198431cdd9;DOC-90ae4ce4eab7;GLMP-C6EB60E749;Sindelfingen;Baden-Württemberg;08115045;FDP;fdp;2024.0;Kommunalwahlprogramm Gemeinde;Gemeinde;main_corpus_observation;Sindelfingen_FDP_2024.txt;main;90ae4ce4eab75721c871c5dc8fa3d617f37f3e69850d374ad510dbaf824a2fa9;local_cities_components
USE-03e9cff15729;DOC-9eb951bb3e5e;GLMP-D9C95DE8F8;Sindelfingen;Baden-Württemberg;08115045;FWG;;2024.0;Kommunalwahlprogramm Gemeinde;Gemeinde;main_corpus_observation;Sindelfingen_FWG_2024.txt;main;9eb951bb3e5ec55d19c782bbe1243b6b2571b2b0811f132220908b60d63a3722;local_cities_components
USE-6b561393c37c;DOC-9708ce3dae7b;GLMP-CE9B2534A6;Sindelfingen;Baden-Württemberg;08115045;Grüne;gru;2024.0;Kommunalwahlprogramm Gemeinde;Gemeinde;main_corpus_observation;Sindelfingen_Grüne_2024.txt;main;9708ce3dae7b61ee89cbc45141cc14643823ef48aa8e8b7ac9f16a2aeaabfb8f;local_cities_components
USE-d66e6a9aefee;DOC-9bb842d1b2f6;GLMP-244C5D09C6;Sindelfingen;Baden-Württemberg;08115045;Linke;;2024.0;Kommunalwahlprogramm Gemeinde;Gemeinde;main_corpus_observation;Sindelfingen_Linke_2024.txt;main;9bb842d1b2f66522e429224d1d1ccbcd9a70ccf00d2bc68a8d18353f6319cf8b;local_cities_components
USE-7451fec1d6ad;DOC-99c14348f650;GLMP-BEC02286EF;Sindelfingen;Baden-Württemberg;08115045;SPD;spd;2024.0;Kommunalwahlprogramm Gemeinde;Gemeinde;main_corpus_observation;Sindelfingen_SPD_2024.txt;main;99c14348f65087c37fe114925a189da97a1c865a5ef1fdbec2feb78bfcb60773;local_cities_components
USE-a5441699fd90;DOC-b5d1342b85b8;GLMP-285547FEFE;Sonneberg;Thüringen;16072018;CDU;cdu;2024.0;anderes kommunales Wahlprogramm;Landkreis;main_corpus_observation;Sonneberg_CDU_2024.txt;main;b5d1342b85b89439d85b61e8d69c519dde30e8f157bbb47b464bd1689d4c8a7a;local_cities_components
USE-a32d121d0493;DOC-1f9dd2fe52f6;GLMP-6CD7C8494E;Sonneberg;Thüringen;16072018;Grüne;gru;2024.0;anderes kommunales Wahlprogramm;Landkreis;main_corpus_observation;Sonneberg_Grüne_2024.txt;main;1f9dd2fe52f65972f0170e236eb1e7765e38086772c483ac6d5ff985dc4d4a39;local_cities_components
USE-d7b4057dc6ec;DOC-95ba22e9b6a9;GLMP-DF30B18500;Sonneberg;Thüringen;16072018;PRO SON;;2024.0;Kommunalwahlprogramm Gemeinde;Gemeinde;main_corpus_observation;Sonneberg_PRO SON_2024.txt;main;95ba22e9b6a9d1dc6e361c061b3238998cee70a3adfa50e691f3bf85c15c4bb3;local_cities_components
USE-6cfb45192a49;DOC-8db981dbf3bb;GLMP-5382616DCF;Speyer;Rheinland-Pfalz;07318000;FDP;fdp;2024.0;Kommunalwahlprogramm Gemeinde;Gemeinde;main_corpus_observation;Speyer_FDP_2024.txt;main;8db981dbf3bb009b2278c45984a07683555aa9f02bc4ee235ba8103d7dba2a04;local_cities_components
USE-1fcaac737b92;DOC-20893ee08f60;GLMP-B1582EEE52;Speyer;Rheinland-Pfalz;07318000;Grüne;gru;2024.0;Kommunalwahlprogramm Gemeinde;Gemeinde;main_corpus_observation;Speyer_Grüne_2024.txt;main;20893ee08f601aea959f774b67908eab707c93063eb51c033d08f043ddcca0b6;local_cities_components
USE-5a373166fb86;DOC-15786751f809;GLMP-5F1BFF99AA;Speyer;Rheinland-Pfalz;07318000;SPD;spd;2024.0;Kommunalwahlprogramm Gemeinde;Gemeinde;main_corpus_observation;Speyer_SPD_2024.txt;main;15786751f8090dc20fe25637975655e66af4fb55f90f253395a82b0e28b0f75c;local_cities_components
USE-ecf9596792dd;DOC-16ab72745820;GLMP-C273E81D6D;Stavenhagen (Reuterstadt);Mecklenburg-Vorpommern;13071142;CDU;cdu;2024.0;Kommunalwahlprogramm Gemeinde;Gemeinde;main_corpus_observation;Stavenhagen (Reuterstadt)_CDU_2024.txt;main;16ab727458207681e484336ace629a67534d613970b97a4f47e6a9646b81ea68;local_cities_components
USE-1498b88c32c8;DOC-fd821e2aa01c;GLMP-462AEB1EF7;Stavenhagen (Reuterstadt);Mecklenburg-Vorpommern;13071142;Linke;;2024.0;Kommunalwahlprogramm Gemeinde;Gemeinde;main_corpus_observation;Stavenhagen (Reuterstadt)_Linke_2024.txt;main;fd821e2aa01c6702bd328f06e94ae7cb4f3f5cdd71557c4d95ef579f5904b901;local_cities_components
USE-3045d5d69cc0;DOC-d2062159349b;GLMP-6AEAA996CE;Staßfurt;Sachsen-Anhalt;15089310;CDU;cdu;2024.0;Kommunalwahlprogramm Gemeinde;Gemeinde;main_corpus_observation;Staßfurt_CDU_2024.txt;main;d2062159349b7f01f6f91c8bb40d4f7fbdbff4c7b9d927f59bdb570d637b40a0;local_cities_components
USE-23ce66284941;DOC-67798fc26623;GLMP-CD5A4A18C2;Staßfurt;Sachsen-Anhalt;15089310;Grüne;gru;2024.0;anderes kommunales Wahlprogramm;Landkreis und Gemeinden;main_corpus_observation;Staßfurt_Grüne_2024.txt;main;67798fc26623a30ab16c2e6c611e1445ae07e334c7e60825ed838789167cb87f;local_cities_components
USE-8eaffa0dde10;DOC-d696d19cd7f9;GLMP-973497691E;Staßfurt;Sachsen-Anhalt;15089310;SPD;spd;2024.0;anderes kommunales Wahlprogramm;Landkreis;main_corpus_observation;Staßfurt_SPD_2024.txt;main;d696d19cd7f9d3c860d5df7cc508227dc2babb4e10e40c32419c6117eb4b1e00;local_cities_components
USE-823ace14847f;DOC-98dff847432d;GLMP-75425A701D;Staßfurt;Sachsen-Anhalt;15089310;Unabhängige Bürgervertretung Staßfurt;;2024.0;Kommunalwahlprogramm Gemeinde;Gemeinde;main_corpus_observation;Staßfurt_Unabhängige Bürgervertretung Staßfurt_2024.txt;main;98dff847432dc570463cd5ee6102277e84123f72cd4ca101c11f9dba6ed8a9fc;local_cities_components
USE-24114eb521ff;DOC-836516df2d14;GLMP-F6FFD74F4A;Steißlingen;Baden-Württemberg;08335077;CDU;cdu;2024.0;Kommunalwahlprogramm Gemeinde;Gemeinde;main_corpus_observation;Steißlingen_CDU_2024.txt;main;836516df2d14fcce8bdeb79148f1624901c612fbc5e95c4da125593acf65d87e;local_cities_components
USE-7b829dc05ad7;DOC-79e3e81b9421;GLMP-0B0D153F0D;Steißlingen;Baden-Württemberg;08335077;FWG;;2024.0;Kommunalwahlprogramm Gemeinde;Gemeinde;main_corpus_observation;Steißlingen_FWG_2024.txt;main;79e3e81b9421072fe87f193ba70d379243ed5206d23207cac4a2780b2a792d84;local_cities_components
USE-0b9c4f7fb02c;DOC-76dfd5499ddd;GLMP-2DFB93A487;Stralsund;Mecklenburg-Vorpommern;13073088;AfD;;2024.0;anderes kommunales Wahlprogramm;Landkreis;main_corpus_observation;Stralsund_AfD_2024.txt;main;76dfd5499dddb9715310a54808c4f401816c316c3bf5bb5b28fffdaf1bc7b1ab;local_cities_components
USE-d4bb907e82a2;DOC-2a5da540b7d1;GLMP-1EDEE4201F;Stralsund;Mecklenburg-Vorpommern;13073088;Bürger für Stralsund;;2024.0;Kommunalwahlprogramm Gemeinde;Gemeinde;main_corpus_observation;Stralsund_Bürger für Stralsund_2024.txt;main;2a5da540b7d172dd387775f733bb641775de1bb8b5f392033ed0306cfb0bc138;local_cities_components
USE-b23f7b6a7d9f;DOC-4d593e89a34d;GLMP-C5241BB4A5;Stralsund;Mecklenburg-Vorpommern;13073088;CDU;cdu;2024.0;Kommunalwahlprogramm Gemeinde;Gemeinde;main_corpus_observation;Stralsund_CDU_2024.txt;main;4d593e89a34dc2d971b19738eac1d727d3eb1397429468b08a6cdf665634429b;local_cities_components
USE-3b5b2f611b2e;DOC-54d0e4ad4051;GLMP-6ACE924F03;Stralsund;Mecklenburg-Vorpommern;13073088;FDP;fdp;2024.0;Kommunalwahlprogramm Gemeinde;Gemeinde;main_corpus_observation;Stralsund_FDP_2024.txt;main;54d0e4ad40519ce8ebaa747c755e415d2c566cfee288bcaef4e299e244b65d1e;local_cities_components
USE-62aaa47812b0;DOC-cc6fda338227;GLMP-A74419A754;Stralsund;Mecklenburg-Vorpommern;13073088;Grüne;gru;2024.0;Kommunalwahlprogramm Gemeinde;Gemeinde;main_corpus_observation;Stralsund_Grüne_2024.txt;main;cc6fda3382276dabc407c7b828bc7ffb3414cb2f6bb20285cb5c5510ee8a2fe2;local_cities_components
USE-e23c405d8bdc;DOC-027de9dc65c8;GLMP-FFBFA98159;Stralsund;Mecklenburg-Vorpommern;13073088;SPD;spd;2024.0;Kommunalwahlprogramm Gemeinde;Gemeinde;main_corpus_observation;Stralsund_SPD_2024.txt;main;027de9dc65c8ecb15f8fe18af90adbd69c63a52dbcbaa486561fba63414f493e;local_cities_components
USE-9fc17e0596e7;DOC-0e8922f1e624;GLMP-E7AD23C7C9;Stuttgart;Baden-Württemberg;08111000;AfD;;2024.0;Kommunalwahlprogramm Gemeinde;Gemeinde;main_corpus_observation;Stuttgart_AfD_2024.txt;main;0e8922f1e624f072734d784874d0a2efe15047525b95c290548a786594592354;local_cities_components
USE-cc0462a2bff7;DOC-ef659979acc9;GLMP-6F8952841B;Stuttgart;Baden-Württemberg;08111000;CDU;cdu;2024.0;Kommunalwahlprogramm Gemeinde;Gemeinde;main_corpus_observation;Stuttgart_CDU_2024.txt;main;ef659979acc911f1822bf150f1041402dab43a25c5243da5289c545d3fa61e4f;local_cities_components
USE-32bf3de5b7eb;DOC-0b586447879a;GLMP-44DCE8B435;Stuttgart;Baden-Württemberg;08111000;Children First;;2024.0;Kommunalwahlprogramm Gemeinde;Gemeinde;main_corpus_observation;Stuttgart_Children First_2024.txt;main;0b586447879a97f6e41c3af583c83075ab51a35fc7dbd2cf11e6c52e72583993;local_cities_components
USE-2f280d3e86b0;DOC-b6c5827ec88d;GLMP-53A96EF1A7;Stuttgart;Baden-Württemberg;08111000;Die Stadtisten;;2024.0;Kommunalwahlprogramm Gemeinde;Gemeinde;main_corpus_observation;Stuttgart_Die Stadtisten_2024.txt;main;b6c5827ec88da88a5fa5e55157e1008b2f5decd254d36f16c3068f359e94539f;local_cities_components
USE-c06d49bcc1b7;DOC-37541058d42e;GLMP-F93B6BC606;Stuttgart;Baden-Württemberg;08111000;FDP;fdp;2024.0;Kommunalwahlprogramm Gemeinde;Gemeinde;main_corpus_observation;Stuttgart_FDP_2024.txt;main;37541058d42e63dae6999d92d703ab3e65a242ee4585a90c1bb958749feb4534;local_cities_components
USE-fc55a8c9df14;DOC-a5b5dc5233fb;GLMP-C058A1D946;Stuttgart;Baden-Württemberg;08111000;FWG;;2024.0;Kommunalwahlprogramm Gemeinde;Gemeinde;main_corpus_observation;Stuttgart_FWG_2024.txt;main;a5b5dc5233fb4deeeb04aa7eddbf029cc10d6700fbd2d145acd3ad850032a9e0;local_cities_components
USE-f532de676cda;DOC-14bdcd764262;GLMP-87E9A3ADD3;Stuttgart;Baden-Württemberg;08111000;FeLi;;2024.0;Kommunalwahlprogramm Gemeinde;Gemeinde;main_corpus_observation;Stuttgart_FeLi_2024.txt;main;14bdcd7642620e802d0df4c60da1c3cf6309885c8bc455f16b6e617fc660702a;local_cities_components
USE-e0a80b9c15f3;DOC-8f7320dca8bb;GLMP-934A25A697;Stuttgart;Baden-Württemberg;08111000;Grüne;gru;2024.0;Kommunalwahlprogramm Gemeinde;Gemeinde;main_corpus_observation;Stuttgart_Grüne_2024.txt;main;8f7320dca8bb92312da090c0b7ae217d33b8bba3fab8fe4125938c1bdd19677f;local_cities_components
USE-d95c1274ac0a;DOC-c66554b0275b;GLMP-250FBA0565;Stuttgart;Baden-Württemberg;08111000;Klimaliste;;2024.0;Kommunalwahlprogramm Gemeinde;Gemeinde;main_corpus_observation;Stuttgart_Klimaliste_2024.txt;main;c66554b0275b649e31c1001c0a7ce870b2e2eefcd30cf4fbb4c3036ac90ac9df;local_cities_components
USE-8a2cf602b494;DOC-54a2f4dd9e2d;GLMP-77686CD243;Stuttgart;Baden-Württemberg;08111000;Linke;;2024.0;Kommunalwahlprogramm Gemeinde;Gemeinde;main_corpus_observation;Stuttgart_Linke_2024.txt;main;54a2f4dd9e2d6ccfbe2b7ca9432d3f3b0944a131723a5fbfa5dc002795e0e68b;local_cities_components
USE-9f1dbb568018;DOC-aae8ed20aea6;GLMP-7D8A47F500;Stuttgart;Baden-Württemberg;08111000;SPD;spd;2024.0;Kommunalwahlprogramm Gemeinde;Gemeinde;main_corpus_observation;Stuttgart_SPD_2024.txt;main;aae8ed20aea63feac161a5d724d34e07a86f087caf18998f4a48732830c3a909;local_cities_components
USE-f0e717a1716e;DOC-58d5a1c91125;GLMP-5E6EB74066;Stuttgart;Baden-Württemberg;08111000;Stuttgarter Liste;;2024.0;Kommunalwahlprogramm Gemeinde;Gemeinde;main_corpus_observation;Stuttgart_Stuttgarter Liste_2024.txt;main;58d5a1c91125e253cc1c24f8761a7efee44cf0533bfa0db36401b818bf219464;local_cities_components
USE-59807b1f4669;DOC-4d68d04c7956;GLMP-C2B5621A33;Stuttgart;Baden-Württemberg;08111000;SÖS;;2024.0;Kommunalwahlprogramm Gemeinde;Gemeinde;main_corpus_observation;Stuttgart_SÖS_2024.txt;main;4d68d04c79560ca43bece0d8be0e76d8c0b39cd6d11ff300c2c2338aeb51cb05;local_cities_components
USE-c7252e818fc9;DOC-44b4a07f4f0c;GLMP-0FA73F3E33;Stuttgart;Baden-Württemberg;08111000;Vielfalt;;2024.0;Kommunalwahlprogramm Gemeinde;Gemeinde;main_corpus_observation;Stuttgart_Vielfalt_2024.txt;main;44b4a07f4f0cbb8b65693d12ef9003e997366841a563cd31872bc3e2e0d1030a;local_cities_components
USE-1f6550c5caaf;DOC-d8e339ada943;GLMP-B738670071;Stuttgart;Baden-Württemberg;08111000;Volt;vlt;2024.0;Kommunalwahlprogramm Gemeinde;Gemeinde;main_corpus_observation;Stuttgart_Volt_2024.txt;main;d8e339ada94362cff64bd37217cb8579ee1217a4db2b7f5a77a38ca01ec4de38;local_cities_components
USE-9776214aebbf;DOC-64bc150f5c58;GLMP-85D76812B1;Stuttgart;Baden-Württemberg;08111000;ÖDP;;2024.0;Kommunalwahlprogramm Gemeinde;Gemeinde;main_corpus_observation;Stuttgart_ÖDP_2024.txt;main;64bc150f5c58ae23d2536f195328f7ebfd417ac93647de1df9a42e6f117e3141;local_cities_components
USE-dd8208c49bdb;DOC-a1ab55eab767;GLMP-AB42317EB3;Sulz am Neckar;Baden-Württemberg;08325057;SPD;spd;2024.0;Kommunalwahlprogramm Gemeinde;Gemeinde;main_corpus_observation;Sulz am Neckar_SPD_2024.txt;main;a1ab55eab767606467070bd3e63801178bfab3a21634ace7474c07edaf1ce75b;local_cities_components
USE-01dc9f2af803;DOC-b3315a5682a8;GLMP-CABA51A03A;Sundhagen;Mecklenburg-Vorpommern;13073090;AfD;;2024.0;anderes kommunales Wahlprogramm;Landkreis;main_corpus_observation;Sundhagen_AfD_2024.txt;main;b3315a5682a84f7cb95f563e02df74d0808c560821ba1086e558161a459c1403;local_cities_components
USE-8811ef1255ad;DOC-9c3b58b5f708;GLMP-6821C7FBAE;Sundhagen;Mecklenburg-Vorpommern;13073090;BKW;;2024.0;anderes kommunales Wahlprogramm;Gemeinde;main_corpus_observation;Sundhagen_BKW_2024.txt;main;9c3b58b5f708906a3c37811916b79fb7334cf7d25f0cab9af40b2cb3b577230a;local_cities_components
USE-bf1e5226c408;DOC-54422068eb18;GLMP-E4E0A0A4E3;Sundhagen;Mecklenburg-Vorpommern;13073090;CDU;cdu;2024.0;anderes kommunales Wahlprogramm;Landkreis und Gemeinden;main_corpus_observation;Sundhagen_CDU_2024.txt;main;54422068eb189e6eb084047880b444b66674d5376f394b2f42686f1b418c6f21;local_cities_components
USE-ceadb4fb4ee1;DOC-0adee750734c;GLMP-38C5A3061E;Sundhagen;Mecklenburg-Vorpommern;13073090;Linke;;2024.0;anderes kommunales Wahlprogramm;Land;main_corpus_observation;Sundhagen_Linke_2024.txt;main;0adee750734cbeccecf819b43c4b84c6e1fb55c94aba61b80c52df90cc474b06;local_cities_components
USE-ab44a8053260;DOC-53fd2f668700;GLMP-D49FACDC70;Sömmerda;Thüringen;16068051;BIS;;2024.0;Kommunalwahlprogramm Gemeinde;Gemeinde;main_corpus_observation;Sömmerda_BIS_2024.txt;main;53fd2f6687000e520c58b8e19912e55a669ef8ee530cc0df26d016aa556160ab;local_cities_components
USE-047205a90d29;DOC-2587e4d042a2;GLMP-6B195CA4D1;Sömmerda;Thüringen;16068051;CDU;cdu;2024.0;Kommunalwahlprogramm Gemeinde;Gemeinde;main_corpus_observation;Sömmerda_CDU_2024.txt;main;2587e4d042a2b6d4528a365c2db525e18d3cf8b6e2fac7335ab78bba57e93bb7;local_cities_components
USE-343a4a26b141;DOC-feb75a3a5a83;GLMP-A6E2A74D9C;Sömmerda;Thüringen;16068051;FDP;fdp;2024.0;anderes kommunales Wahlprogramm;Landkreis;main_corpus_observation;Sömmerda_FDP_2024.txt;main;feb75a3a5a8313b39e3f685b832f40c799b358d9ceac3acd5fa9ba7459eb3721;local_cities_components
USE-6e39e52646ec;DOC-8e1da8b7249d;GLMP-BB4660B2B1;Sömmerda;Thüringen;16068051;Grüne;gru;2024.0;anderes kommunales Wahlprogramm;Landkreis;main_corpus_observation;Sömmerda_Grüne_2024.txt;main;8e1da8b7249df7934fdbb168965eb1886b37d58ac5ff15fc6d86d7261c894c6e;local_cities_components
USE-a8967d3b0bad;DOC-a1d4c79030e1;GLMP-44D1E3CF38;Sömmerda;Thüringen;16068051;SPD;spd;2024.0;anderes kommunales Wahlprogramm;Landkreis und Gemeinden;main_corpus_observation;Sömmerda_SPD_2024.txt;main;a1d4c79030e18cbc7d1bbf02e5a84612fca9963307c252a1f20f30230b45aa12;local_cities_components
USE-a62bbb278462;DOC-55367ce75cd2;GLMP-7168CECB29;Tangermünde;Sachsen-Anhalt;15090550;SPD;spd;2024.0;Kommunalwahlprogramm Gemeinde;Gemeinde;main_corpus_observation;Tangermünde_SPD_2024.txt;main;55367ce75cd21ae8e49aa7887ac9217cd85e6c37c19c723b52a4fa85fd8ef2d2;local_cities_components
USE-f3e64309036f;DOC-df350ae3a20e;GLMP-DCB42A6963;Tholey;Saarland;10046118;CDU;cdu;2024.0;Kommunalwahlprogramm Gemeinde;Gemeinde;main_corpus_observation;Tholey_CDU_2024.txt;main;df350ae3a20ed58e84242e9e60aba4ccc665250bd8e172460a6a1edd78531c07;local_cities_components
USE-5dfc490b01b9;DOC-8750e64ca370;GLMP-45B8CAB8CC;Tholey;Saarland;10046118;FDP;fdp;2024.0;anderes kommunales Wahlprogramm;Landkreis;main_corpus_observation;Tholey_FDP_2024.txt;main;8750e64ca370a7f8d28efc62e94bf298bdfa662497c3be14b877bdc2ffc8f3a8;local_cities_components
USE-4a142bfd9ee2;DOC-22b7ef90cbb7;GLMP-DC8D897098;Traben-Trarbach;Rheinland-Pfalz;07231124;CDU;cdu;2024.0;Kommunalwahlprogramm Gemeinde;Gemeinde;main_corpus_observation;Traben-Trarbach_CDU_2024.txt;main;22b7ef90cbb732ccaad71d33facce44874cb9fd5c0b1244d62babc2e7909bec7;local_cities_components
USE-f42c2de6d961;DOC-34d92643f9a1;GLMP-D37E1197D6;Traben-Trarbach;Rheinland-Pfalz;07231124;FWG;;2024.0;anderes kommunales Wahlprogramm;Landkreis;main_corpus_observation;Traben-Trarbach_FWG_2024.txt;main;34d92643f9a1b158e14ffc3e28338bad042959551754bffd04448c6bdbe27147;local_cities_components
USE-2ad5a21d3bb6;DOC-f030cc86525b;GLMP-C5467183E5;Traben-Trarbach;Rheinland-Pfalz;07231124;Grüne;gru;2024.0;anderes kommunales Wahlprogramm;Landkreis und Gemeinden;main_corpus_observation;Traben-Trarbach_Grüne_2024.txt;main;f030cc86525b850eff83252a663ce273a64c25777754980e347f6074cc38d342;local_cities_components
USE-d42351c0e921;DOC-d8f4e016eaff;GLMP-E9A4FAE9D8;Traben-Trarbach;Rheinland-Pfalz;07231124;SPD;spd;2024.0;anderes kommunales Wahlprogramm;Land;main_corpus_observation;Traben-Trarbach_SPD_2024.txt;main;d8f4e016eaff4f4a2f030f33e7768b29d8f6967642dcefb4476be45b2fbb4382;local_cities_components
USE-719996ba3699;DOC-3060518a419d;GLMP-CDC03A8038;Trier;Rheinland-Pfalz;07211000;AfD;;2024.0;Kommunalwahlprogramm Gemeinde;Gemeinde;main_corpus_observation;Trier_AfD_2024.txt;main;3060518a419d070886fd295d37aa86227614dfc58f03a7bdba97078d846c0e30;local_cities_components
USE-5ced4a1e373f;DOC-5b220147a271;GLMP-00AE8B2E41;Trier;Rheinland-Pfalz;07211000;CDU;cdu;2024.0;Kommunalwahlprogramm Gemeinde;Gemeinde;main_corpus_observation;Trier_CDU_2024.txt;main;5b220147a2714c01656beff97d8014e0fdac662a743d8641ea9a96e97e5afe75;local_cities_components
USE-0e509f2cccaf;DOC-391e5da35d45;GLMP-2FB0B822A6;Trier;Rheinland-Pfalz;07211000;FDP;fdp;2024.0;Kommunalwahlprogramm Gemeinde;Gemeinde;main_corpus_observation;Trier_FDP_2024.txt;main;391e5da35d450cf0231fc4c624c8af1018342a770c73b3c3cdb9bca8be5251bb;local_cities_components
USE-79065324791d;DOC-739084b11898;GLMP-FCAF765617;Trier;Rheinland-Pfalz;07211000;FWG;;2024.0;Kommunalwahlprogramm Gemeinde;Gemeinde;main_corpus_observation;Trier_FWG_2024.txt;main;739084b11898af1660e23cb181bb17a22f7ee1c546818ff5e46b887dc3d2f5fe;local_cities_components
USE-e75993d424d6;DOC-446af0e67ad0;GLMP-7E09D8F4FE;Trier;Rheinland-Pfalz;07211000;Grüne;gru;2024.0;Kommunalwahlprogramm Gemeinde;Gemeinde;main_corpus_observation;Trier_Grüne_2024.txt;main;446af0e67ad0a00316016788e626917d6bad7dc22569ad46fbadcc087f03b833;local_cities_components
USE-68c58f9b4de6;DOC-648047b6650f;GLMP-511408532A;Trier;Rheinland-Pfalz;07211000;Linke;;2024.0;Kommunalwahlprogramm Gemeinde;Gemeinde;main_corpus_observation;Trier_Linke_2024.txt;main;648047b6650f6ff8774f00e75fdc38deba78cad177f6a1f26d20372926749055;local_cities_components
USE-9aae2a432401;DOC-cb7f56bf0125;GLMP-1E7856C14B;Trier;Rheinland-Pfalz;07211000;SPD;spd;2024.0;Kommunalwahlprogramm Gemeinde;Gemeinde;main_corpus_observation;Trier_SPD_2024.txt;main;cb7f56bf01254de9273cc8876b55060b4e07f63903931114a6a204c6e76f71ff;local_cities_components
USE-5a42a6725c45;DOC-2c38e412c2de;GLMP-FE1CEABA14;Trier;Rheinland-Pfalz;07211000;UBT;;2024.0;Kommunalwahlprogramm Gemeinde;Gemeinde;main_corpus_observation;Trier_UBT_2024.txt;main;2c38e412c2de074e80ea9223cbe27864e3a50cee245ff709e99dd4380d1b2504;local_cities_components
USE-123895ac5dac;DOC-c4da0d71cd29;GLMP-46CD22B038;Tübingen;Baden-Württemberg;08416041;CDU;cdu;2024.0;Kommunalwahlprogramm Gemeinde;Gemeinde;main_corpus_observation;Tübingen_CDU_2024.txt;main;c4da0d71cd29a042f9f2626d6970a6cd5599c8f37f6de3c4377bd9c975e01ec1;local_cities_components
USE-7957995df973;DOC-d5189537deb8;GLMP-F4EDE19F1E;Tübingen;Baden-Württemberg;08416041;FDP;fdp;2024.0;Kommunalwahlprogramm Gemeinde;Gemeinde;main_corpus_observation;Tübingen_FDP_2024.txt;main;d5189537deb8a56d9c3258b966d7213af0956b799ffd95acfb9d8d951a03cd7c;local_cities_components
USE-efc4d19ecaa1;DOC-40aa649bb8ef;GLMP-691135F386;Tübingen;Baden-Württemberg;08416041;Grüne;gru;2024.0;Kommunalwahlprogramm Gemeinde;Gemeinde;main_corpus_observation;Tübingen_Grüne_2024.txt;main;40aa649bb8ef42379e3b3e43527cd51d1d707cf2eb5473de809380a322533db4;local_cities_components
USE-b6e4bc67fc76;DOC-f442aa53ef53;GLMP-CD7094266A;Tübingen;Baden-Württemberg;08416041;Klimaliste;;2024.0;Kommunalwahlprogramm Gemeinde;Gemeinde;main_corpus_observation;Tübingen_Klimaliste_2024.txt;main;f442aa53ef53bd9fc1e08a1481c5db993ffbcc3b9c58a7beff00b6466a9199e4;local_cities_components
USE-2e922929bfa3;DOC-8b1d2588ae55;GLMP-6610C31BC0;Tübingen;Baden-Württemberg;08416041;Linke;;2024.0;Kommunalwahlprogramm Gemeinde;Gemeinde;main_corpus_observation;Tübingen_Linke_2024.txt;main;8b1d2588ae55c1004352d1975145d503b5c643afac33ab8e595a357e8197994b;local_cities_components
USE-65702856a225;DOC-41a0651e2526;GLMP-B1E0CE4A7C;Tübingen;Baden-Württemberg;08416041;SPD;spd;2024.0;Kommunalwahlprogramm Gemeinde;Gemeinde;main_corpus_observation;Tübingen_SPD_2024.txt;main;41a0651e25262c9872ed5eed7fa6bf9bd44b32a64aac49c97233c7d96ab96f49;local_cities_components
USE-0e1f92de4817;DOC-25482f5aedc7;GLMP-CF32B0C0B9;Tübingen;Baden-Württemberg;08416041;Tübinger Liste;;2024.0;Kommunalwahlprogramm Gemeinde;Gemeinde;main_corpus_observation;Tübingen_Tübinger Liste_2024.txt;main;25482f5aedc7bd63fe574ee11cf011003f60d1f5387c4965e53d5868bf0791e7;local_cities_components
USE-b4e8b273c8be;DOC-7ec6869c1d98;GLMP-B19D3FB773;Ulm;Baden-Württemberg;08421000;BLO;;2024.0;Kommunalwahlprogramm Gemeinde;Gemeinde;main_corpus_observation;Ulm_BLO_2024.txt;main;7ec6869c1d98558bef85d2d95ff67dbbe42016ff38bc0802c1909acd367e5bc4;local_cities_components
USE-ddb8e2d1dee6;DOC-8ba10ba2098a;GLMP-AFDEE5DC2E;Ulm;Baden-Württemberg;08421000;CDU;cdu;2024.0;Kommunalwahlprogramm Gemeinde;Gemeinde;main_corpus_observation;Ulm_CDU_2024.txt;main;8ba10ba2098aad03e35b34474100fae08759fdfdd06a9de747425c814ffbd8b7;local_cities_components
USE-15f2e0e3af0c;DOC-0cf5e23ae870;GLMP-93A7485056;Ulm;Baden-Württemberg;08421000;FDP;fdp;2024.0;Kommunalwahlprogramm Gemeinde;Gemeinde;main_corpus_observation;Ulm_FDP_2024.txt;main;0cf5e23ae8708cb91a944c135e7a2e14f99395519c6ad5c329d9998d8222eaaa;local_cities_components
USE-0e184e481292;DOC-e178b73cd6ff;GLMP-D26F9E6552;Ulm;Baden-Württemberg;08421000;FWG;;2024.0;Grundsatzprogramm;übergeordnet;main_corpus_observation;Ulm_FWG_2024.txt;main;e178b73cd6ffc07bb8ad0f28d78e45a68dcccd3711fc82b77ac0d49b5c60b10d;local_cities_components
USE-352b198b7e72;DOC-4b154535d00b;GLMP-9B24CC25D8;Ulm;Baden-Württemberg;08421000;Grüne;gru;2024.0;Kommunalwahlprogramm Gemeinde;Gemeinde;main_corpus_observation;Ulm_Grüne_2024.txt;main;4b154535d00b0cf29694322cb701d3cc36fd16d8be8b6899963b186d47c81755;local_cities_components
USE-4b840a866072;DOC-f35a0c889a05;GLMP-406BD06378;Ulm;Baden-Württemberg;08421000;Junge Ulmer Liste;;2024.0;Kommunalwahlprogramm Gemeinde;Gemeinde;main_corpus_observation;Ulm_Junge Ulmer Liste_2024.txt;main;f35a0c889a05c09d11d93c9ae3bf3ace7a3cc782f51a313bf6c72fcd2b031304;local_cities_components
USE-481adc881259;DOC-a6f46b5b88bd;GLMP-E3925B1C37;Ulm;Baden-Württemberg;08421000;Klimaliste Ulm;;2024.0;Kommunalwahlprogramm Gemeinde;Gemeinde;main_corpus_observation;Ulm_Klimaliste Ulm_2024.txt;main;a6f46b5b88bda3e6a5aac05a7eba6d89ff7bdba339e921188cac48000574ea3d;local_cities_components
USE-47e3ba2eaf69;DOC-3956ca7f65d6;GLMP-F012CDDE07;Ulm;Baden-Württemberg;08421000;SPD;spd;2024.0;Kommunalwahlprogramm Gemeinde;Gemeinde;main_corpus_observation;Ulm_SPD_2024.txt;main;3956ca7f65d6cd10ab134de903c87ef568b8de6e60a231a780c23f20405ee69d;local_cities_components
USE-52593fad1766;DOC-a26fa37c9fb2;GLMP-CA171F628E;Ulm;Baden-Württemberg;08421000;UfA;;2024.0;Kommunalwahlprogramm Gemeinde;Gemeinde;main_corpus_observation;Ulm_UfA_2024.txt;main;a26fa37c9fb29b2c935a2c7df221e35d829c0e56043a7190bbb3c9bd74812a95;local_cities_components
USE-7f60cf17a6a1;DOC-0757f1e642a4;GLMP-6222371D8B;Villingen-Schwenningen;Baden-Württemberg;08326074;CDU;cdu;2024.0;Kommunalwahlprogramm Gemeinde;Gemeinde;main_corpus_observation;Villingen-Schwenningen_CDU_2024.txt;main;0757f1e642a4bd2eb2cf052c09ac4176059f53f89cfee94773e5d6aeeac36ec2;local_cities_components
USE-628efd30bafc;DOC-6e32094c2eb1;GLMP-0CFC568156;Villingen-Schwenningen;Baden-Württemberg;08326074;FDP;fdp;2024.0;Kommunalwahlprogramm Gemeinde;Gemeinde;main_corpus_observation;Villingen-Schwenningen_FDP_2024.txt;main;6e32094c2eb1e79d3f52f3aa21b063ced7d925fe717f7933127fdb04e802655b;local_cities_components
USE-28894b34da96;DOC-fef89a11a53d;GLMP-16B31B3469;Villingen-Schwenningen;Baden-Württemberg;08326074;FWG;;2024.0;Kommunalwahlprogramm Gemeinde;Gemeinde;main_corpus_observation;Villingen-Schwenningen_FWG_2024.txt;main;fef89a11a53da0104714e2be174cb9960cad1899bb570cc863f8000d39bd08fe;local_cities_components
USE-e7d73cb259da;DOC-b730c636a911;GLMP-88145A8990;Villingen-Schwenningen;Baden-Württemberg;08326074;Grüne;gru;2024.0;Kommunalwahlprogramm Gemeinde;Gemeinde;main_corpus_observation;Villingen-Schwenningen_Grüne_2024.txt;main;b730c636a911b8bea1087d842e1bf9a5eaebc3a42f12f3e8b435713c66e23641;local_cities_components
USE-584dca85ffc6;DOC-6063cfc91cc0;GLMP-4B79CA20A4;Villingen-Schwenningen;Baden-Württemberg;08326074;SPD;spd;2024.0;Kommunalwahlprogramm Gemeinde;Gemeinde;main_corpus_observation;Villingen-Schwenningen_SPD_2024.txt;main;6063cfc91cc0bc4433633505ab77e99a8cfafc87a706c76f29d76a50b81c22d7;local_cities_components
USE-e48e59218dd2;DOC-f905efe65026;GLMP-A3389994F9;Völklingen;Saarland;10041519;CDU;cdu;2024.0;Kommunalwahlprogramm Gemeinde;Gemeinde;main_corpus_observation;Völklingen_CDU_2024.txt;main;f905efe650262f5fd12cd5fc3f1421b7d0cee55677c1e7656cd19ee4f791c27d;local_cities_components
USE-d2e8b6fad493;DOC-176067d127fb;GLMP-50F5F6F493;Völklingen;Saarland;10041519;Linke;;2024.0;Kommunalwahlprogramm Gemeinde;Gemeinde;main_corpus_observation;Völklingen_Linke_2024.txt;main;176067d127fb3136eed2664b5d5f600af7efd69a36680e0dabcda7661a5effea;local_cities_components
USE-02abf5ea2e86;DOC-b223f3dc82f4;GLMP-1FE3BBABE4;Völklingen;Saarland;10041519;SPD;spd;2024.0;Kommunalwahlprogramm Gemeinde;Gemeinde;main_corpus_observation;Völklingen_SPD_2024.txt;main;b223f3dc82f4801c712fe645600d83c478643358b3034a1f2607a90510cab721;local_cities_components
USE-512bfc4e78c4;DOC-a536325ecf27;GLMP-CB62139773;Waghäusel;Baden-Württemberg;08215106;CDU;cdu;2024.0;Kommunalwahlprogramm Gemeinde;Gemeinde;main_corpus_observation;Waghäusel_CDU_2024.txt;main;a536325ecf27cd3575487a3320956d1bb6b9f8e85163451e0f1cb315988efcbf;local_cities_components
USE-6a30532b096a;DOC-9bbac4abb31a;GLMP-5CB67BDF8E;Waghäusel;Baden-Württemberg;08215106;FWG;;2024.0;Kommunalwahlprogramm Gemeinde;Gemeinde;main_corpus_observation;Waghäusel_FWG_2024.txt;main;9bbac4abb31a0425144a505cd8dadf2150d6b3b447ea6694134a09eda661986a;local_cities_components
USE-1aaeadb04d46;DOC-3c42cd3dece1;GLMP-A8FA30BC72;Waghäusel;Baden-Württemberg;08215106;Grüne;gru;2024.0;Kommunalwahlprogramm Gemeinde;Gemeinde;main_corpus_observation;Waghäusel_Grüne_2024.txt;main;3c42cd3dece14b787f089b748a8d4b521f8db57fe04da113b256b4c9c03c34bf;local_cities_components
USE-db2d2314bead;DOC-751e2e8d9bd5;GLMP-D1269FEFC3;Waghäusel;Baden-Württemberg;08215106;SPD;spd;2024.0;Kommunalwahlprogramm Gemeinde;Gemeinde;main_corpus_observation;Waghäusel_SPD_2024.txt;main;751e2e8d9bd5777bca772affe88a6d1939495ecd8320405434baa04baec79612;local_cities_components
USE-181c851b94df;DOC-3ba37f219edf;GLMP-8649E2C329;Waiblingen;Baden-Württemberg;08119079;Alternative Liste Waiblingen;;2024.0;Kommunalwahlprogramm Gemeinde;Gemeinde;main_corpus_observation;Waiblingen_Alternative Liste Waiblingen_2024.txt;main;3ba37f219edf458cff68fb432689a0081a58c6463e26c3b29eb44f20787189ad;local_cities_components
USE-f152e3cff656;DOC-8c6071b785d8;GLMP-51010C2990;Waiblingen;Baden-Württemberg;08119079;BüBi;;2024.0;Kommunalwahlprogramm Gemeinde;Gemeinde;main_corpus_observation;Waiblingen_BüBi_2024.txt;main;8c6071b785d85be7b54029da688cfde7268fd4a1208f0cb0ba3db664c3e4e417;local_cities_components
USE-c5ef130e3fc7;DOC-64d28e2925d2;GLMP-433BFEC7C4;Waiblingen;Baden-Württemberg;08119079;CDU;cdu;2024.0;Kommunalwahlprogramm Gemeinde;Gemeinde;main_corpus_observation;Waiblingen_CDU_2024.txt;main;64d28e2925d2d4200d7e7f21847e530d0a195e508ce280f5040ca71c011cd5ae;local_cities_components
USE-b3c099bdccd6;DOC-ea2ece025df8;GLMP-5257A28037;Waiblingen;Baden-Württemberg;08119079;FDP;fdp;2024.0;Kommunalwahlprogramm Gemeinde;Gemeinde;main_corpus_observation;Waiblingen_FDP_2024.txt;main;ea2ece025df809b4913cef895734a18eb206f1b2e9525271d0707b783dce3544;local_cities_components
USE-867ff26bee69;DOC-34d84ae19b59;GLMP-5FEF79DAE0;Waiblingen;Baden-Württemberg;08119079;FWG;;2024.0;Kommunalwahlprogramm Gemeinde;Gemeinde;main_corpus_observation;Waiblingen_FWG_2024.txt;main;34d84ae19b59aa88f301aadfccfd4fa1d17fd9f1cd305ba9cf926f9c869ed428;local_cities_components
USE-b2db81f519b9;DOC-0c0163136c9a;GLMP-EA9B6794CA;Waiblingen;Baden-Württemberg;08119079;GRÜNT;;2024.0;Kommunalwahlprogramm Gemeinde;Gemeinde;main_corpus_observation;Waiblingen_GRÜNT_2024.txt;main;0c0163136c9a074fd476272fb4466033693d43d86d0add9dd43a7976a1fbb7a1;local_cities_components
USE-2a22298173e8;DOC-985ba24e6d95;GLMP-082A96E8C8;Waiblingen;Baden-Württemberg;08119079;Grüne;gru;2024.0;Kommunalwahlprogramm Gemeinde;Gemeinde;main_corpus_observation;Waiblingen_Grüne_2024.txt;main;985ba24e6d9501e924d7ead3831c76e7934eef98bd486b7a853e604be2b2fd2e;local_cities_components
USE-fee100f03245;DOC-644d1720d939;GLMP-D0CE40183E;Waiblingen;Baden-Württemberg;08119079;SPD;spd;2024.0;Kommunalwahlprogramm Gemeinde;Gemeinde;main_corpus_observation;Waiblingen_SPD_2024.txt;main;644d1720d9397c2eec90f089574a777e259024f6639b766744bfec27260b488a;local_cities_components
USE-bae00f248e8a;DOC-4ec174da3f7c;GLMP-99675F4C5A;Wallerfangen;Saarland;10044121;FWG;;2024.0;Kommunalwahlprogramm Gemeinde;Gemeinde;main_corpus_observation;Wallerfangen_FWG_2024.txt;main;4ec174da3f7c13d20bc64994f9bb61915442e92bf2975e504ac3932c4cbf5669;local_cities_components
USE-5e33a3866f1c;DOC-488fb4079199;GLMP-9020FB27B6;Wallerfangen;Saarland;10044121;Linke;;2024.0;anderes kommunales Wahlprogramm;Land;main_corpus_observation;Wallerfangen_Linke_2024.txt;main;488fb40791990841e8ebf6c4bb61c3be3645940988ba66d83a0d24e23e080c32;local_cities_components
USE-9eb33657ea69;DOC-acc2aec3ba7a;GLMP-0060F83BCC;Waren (Müritz);Mecklenburg-Vorpommern;13071156;CDU;cdu;2024.0;Kommunalwahlprogramm Gemeinde;Gemeinde;main_corpus_observation;Waren (Müritz)_CDU_2024.txt;main;acc2aec3ba7a232990b53dfd47a2a285152eaa8fc29eb0c26c58f13b99936a4b;local_cities_components
USE-015db45e7fec;DOC-510ea874505b;GLMP-727D29CD08;Waren (Müritz);Mecklenburg-Vorpommern;13071156;FDP;fdp;2024.0;Kommunalwahlprogramm Gemeinde;Gemeinde;main_corpus_observation;Waren (Müritz)_FDP_2024.txt;main;510ea874505b62733d14b8978b3ee9616a95262bf8daf5715610dcdc0776ffd3;local_cities_components
USE-4285e2013cdf;DOC-cfd56493bc80;GLMP-3D30E4007E;Waren (Müritz);Mecklenburg-Vorpommern;13071156;Grüne;gru;2024.0;Kommunalwahlprogramm Gemeinde;Gemeinde;main_corpus_observation;Waren (Müritz)_Grüne_2024.txt;main;cfd56493bc80efafadd083dbb7ccd1ba27d66e57b1954498213af0f012565017;local_cities_components
USE-8238860a1a56;DOC-618adaed63d2;GLMP-E394790B1F;Waren (Müritz);Mecklenburg-Vorpommern;13071156;SPD;spd;2024.0;Kommunalwahlprogramm Gemeinde;Gemeinde;main_corpus_observation;Waren (Müritz)_SPD_2024.txt;main;618adaed63d269ddfd28a116e11156afe1818ccf42196c387d79d50dbde3a062;local_cities_components
USE-11fb24bfe7e6;DOC-043e5ece8238;GLMP-39CC728F4D;Weimar;Thüringen;16055000;CDU;cdu;2024.0;Kommunalwahlprogramm Gemeinde;Gemeinde;main_corpus_observation;Weimar_CDU_2024.txt;main;043e5ece8238662f78aca481451ef212451f47be38c62df5ff0bb1d2be5eb612;local_cities_components
USE-0b7487884be6;DOC-5682d3e19822;GLMP-923953ACF7;Weimar;Thüringen;16055000;Die Basis;;2024.0;Kommunalwahlprogramm Gemeinde;Gemeinde;main_corpus_observation;Weimar_Die Basis_2024.txt;main;5682d3e1982293d042e2955e03f0eb8dad9d1e46f934400fc400569f75a01e96;local_cities_components
USE-70aab8dbfc82;DOC-40e21bf628be;GLMP-904964D50E;Weimar;Thüringen;16055000;Grüne;gru;2024.0;Kommunalwahlprogramm Gemeinde;Gemeinde;main_corpus_observation;Weimar_Grüne_2024.txt;main;40e21bf628be02fe9560e48c90b50b447d305b720b0e548906f0fb7f60c73849;local_cities_components
USE-d8ba399ae141;DOC-cce149da8d07;GLMP-5BAADF8D2A;Weimar;Thüringen;16055000;Linke;;2024.0;Kommunalwahlprogramm Gemeinde;Gemeinde;main_corpus_observation;Weimar_Linke_2024.txt;main;cce149da8d075d77416f264c644a8556880e7305b506a14a03316cc23949ab44;local_cities_components
USE-3feaf97d9f86;DOC-948c6286e1a2;GLMP-4B731B9AA5;Weimar;Thüringen;16055000;SPD;spd;2024.0;Kommunalwahlprogramm Gemeinde;Gemeinde;main_corpus_observation;Weimar_SPD_2024.txt;main;948c6286e1a216b9ea77e998b9aba01dc9c3d6569138d6f157888934d08f6f49;local_cities_components
USE-99b1424ca963;DOC-904493d5dfda;GLMP-98820292DD;Weimar;Thüringen;16055000;Weimarwerk;;2024.0;Kommunalwahlprogramm Gemeinde;Gemeinde;main_corpus_observation;Weimar_Weimarwerk_2024.txt;main;904493d5dfdad24632ba206fa30b0a9be8062d4c90031e1b079c8b53f0052bc0;local_cities_components
USE-f776d5f39e82;DOC-b4ceeeedbd4d;GLMP-F6DF4FA092;Weinböhla;Sachsen;14627310;BiW;;2024.0;Kommunalwahlprogramm Gemeinde;Gemeinde;main_corpus_observation;Weinböhla_BiW_2024.txt;main;b4ceeeedbd4d08ebd114e3f632eb673f27a911364f0e6c74d6dcf0ac7865fdf4;local_cities_components
USE-592f83cc5665;DOC-be426fdf46c8;GLMP-9DD76DC66F;Weinböhla;Sachsen;14627310;Linke;;2024.0;Kommunalwahlprogramm Gemeinde;Gemeinde;main_corpus_observation;Weinböhla_Linke_2024.txt;main;be426fdf46c8181fce805ba2f3793680496285766d00b48a81c9b016da9a299c;local_cities_components
USE-6377cef443dd;DOC-46c0562fb1d7;GLMP-8F0330491E;Weiskirchen;Saarland;10042117;CDU;cdu;2024.0;anderes kommunales Wahlprogramm;Landkreis und Gemeinden;main_corpus_observation;Weiskirchen_CDU_2024.txt;main;46c0562fb1d7d2ee2f442ecb5c39be659d3e14ea677ebd1c28bfb532ccb4d4a2;local_cities_components
USE-a0f2aa615895;DOC-773fd1c87aaf;GLMP-CA85ABD36A;Weiskirchen;Saarland;10042117;GAL;;2024.0;Kommunalwahlprogramm Gemeinde;Gemeinde;main_corpus_observation;Weiskirchen_GAL_2024.txt;main;773fd1c87aaf5fa5e86505e5da4cf0fe8fdccd42f674a0a0a2ed6d83ce949c36;local_cities_components
USE-88cd3816b42a;DOC-0de6ff994f4c;GLMP-9E36A5C131;Weißenfels;Sachsen-Anhalt;15084550;CDU;cdu;2024.0;Kommunalwahlprogramm Gemeinde;Gemeinde;main_corpus_observation;Weißenfels_CDU_2024.txt;main;0de6ff994f4c56ffcc20ef05a1a5d2f1db3ec09c50b60a292c27d8b9eae8c9bc;local_cities_components
USE-c54a13c0f165;DOC-92c17841a831;GLMP-E3077D170F;Weißenfels;Sachsen-Anhalt;15084550;Linke;;2024.0;Kommunalwahlprogramm Gemeinde;Gemeinde;main_corpus_observation;Weißenfels_Linke_2024.txt;main;92c17841a8313b1c2bf5b95cab985dd3b530819b7c51e432e9db019a15d2e3f2;local_cities_components
USE-47d89c6fffdd;DOC-acbb96279882;GLMP-A9824C872B;Weißwasser;Sachsen;14626600;SPD;spd;2024.0;Kommunalwahlprogramm Gemeinde;Gemeinde;main_corpus_observation;Weißwasser_SPD_2024.txt;main;acbb9627988238ffb9bc60ba917d62c987c609631075afa05aaf9eeb98b43b8b;local_cities_components
USE-1eb2f448a709;DOC-77564b0be946;GLMP-E8D71A7B14;Wettin-Löbejün;Sachsen-Anhalt;15088216;SPD;spd;2024.0;Kommunalwahlprogramm Gemeinde;Gemeinde;main_corpus_observation;Wettin-Löbejün_SPD_2024.txt;main;77564b0be9469c1665a851fc5c0370b5561c2a2b42655db7c244f941a9e170bc;local_cities_components
USE-e9c171c9d565;DOC-007aaa40aec3;GLMP-20112F241C;Wettin-Löbejün;Sachsen-Anhalt;15088216;WISE;;2024.0;Kommunalwahlprogramm Gemeinde;Gemeinde;main_corpus_observation;Wettin-Löbejün_WISE_2024.txt;main;007aaa40aec37530f488c885ce0c04da05e065e7074e9cf09ac2da261b745961;local_cities_components
USE-3cc00c455eaa;DOC-8d9b1997e8e1;GLMP-BB9F9CAEBE;Winnweiler;Rheinland-Pfalz;07333503;CDU;cdu;2024.0;anderes kommunales Wahlprogramm;Land;main_corpus_observation;Winnweiler_CDU_2024.txt;main;8d9b1997e8e1dd7f19c9a453ac0045c0a8a253d2d7d79d6b0f52a9a80aeb03d7;local_cities_components
USE-a010057c1bc2;DOC-a7450dacb31b;GLMP-98C324001F;Winnweiler;Rheinland-Pfalz;07333503;Grüne;gru;2024.0;anderes kommunales Wahlprogramm;Landkreis und Gemeinden;main_corpus_observation;Winnweiler_Grüne_2024.txt;main;a7450dacb31b9ee3d92f9d0927fcede569cb45c4e214111f2835ec3c61e33e96;local_cities_components
USE-5df2796641d2;DOC-21f48d7b8cca;GLMP-7D48C4C31D;Winnweiler;Rheinland-Pfalz;07333503;SPD;spd;2024.0;Kommunalwahlprogramm Gemeinde;Gemeinde;main_corpus_observation;Winnweiler_SPD_2024.txt;main;21f48d7b8cca5d6042888383c795f5c81870e04ec4e4d38e90979d55eb5a59bf;local_cities_components
USE-6771dec7d968;DOC-6842080e1b1f;GLMP-0479656D48;Worms;Rheinland-Pfalz;07319000;CDU;cdu;2024.0;Kommunalwahlprogramm Gemeinde;Gemeinde;main_corpus_observation;Worms_CDU_2024.txt;main;6842080e1b1f4de1f7fe3058de4083e6dd3da19c1bdf534aa273c94345035618;local_cities_components
USE-1947087e28d2;DOC-85cf30a89250;GLMP-79C3606B2C;Worms;Rheinland-Pfalz;07319000;FDP;fdp;2024.0;Kommunalwahlprogramm Gemeinde;Gemeinde;main_corpus_observation;Worms_FDP_2024.txt;main;85cf30a892506bf9ad02ce83672f2e7a33867f8c3f571290a45614bd20785bb2;local_cities_components
USE-ca54b4d20efd;DOC-78d56bd9c51d;GLMP-7C6CAB8F3D;Worms;Rheinland-Pfalz;07319000;Freie Liste;;2024.0;Kommunalwahlprogramm Gemeinde;Gemeinde;main_corpus_observation;Worms_Freie Liste_2024.txt;main;78d56bd9c51d207846c327bc247e686181fa9b3621262d772732090582f642be;local_cities_components
USE-7dc70c545082;DOC-eb6cd660c81b;GLMP-4E37C0CC8F;Worms;Rheinland-Pfalz;07319000;Grüne;gru;2024.0;Kommunalwahlprogramm Gemeinde;Gemeinde;main_corpus_observation;Worms_Grüne_2024.txt;main;eb6cd660c81b96497270b8de2544f5f1fa7b39bdc9fafc6ce64e0d8da9a44ba9;local_cities_components
USE-9c12f34b9b0e;DOC-3d029678cc56;GLMP-280668B5FD;Worms;Rheinland-Pfalz;07319000;Linke;;2024.0;Kommunalwahlprogramm Gemeinde;Gemeinde;main_corpus_observation;Worms_Linke_2024.txt;main;3d029678cc56aaeee598533777daab79a604eb6e1993964cb11d6e3189ccc7f4;local_cities_components
USE-70dc7e8f1d28;DOC-f311735298b2;GLMP-1B7DCCE3AB;Worms;Rheinland-Pfalz;07319000;SPD;spd;2024.0;Kommunalwahlprogramm Gemeinde;Gemeinde;main_corpus_observation;Worms_SPD_2024.txt;main;f311735298b246aa75d97b50999c3eb2eaec93d681abcdb9dbe376778f68cd37;local_cities_components
USE-9672b78930e5;DOC-4a59e1a96f6e;GLMP-54566D0DA6;Worms;Rheinland-Pfalz;07319000;Worms will weiter;;2024.0;Kommunalwahlprogramm Gemeinde;Gemeinde;main_corpus_observation;Worms_Worms will weiter_2024.txt;main;4a59e1a96f6efe492a243599cf534a3acc6481b00f85b197b18d072311df0d80;local_cities_components
USE-9632cc1b4c5d;DOC-474be1ee399e;GLMP-2918F0BD7F;Wustermark;Brandenburg;12063357;FDP;fdp;2024.0;Kommunalwahlprogramm Gemeinde;Gemeinde;main_corpus_observation;Wustermark_FDP_2024.txt;main;474be1ee399e3b59ea55651344874d0a00fe2372c2e7d7d58e7a4e792b0c931c;local_cities_components
USE-483af93c0a1f;DOC-bfc7574501ef;GLMP-8DA599C814;Wustermark;Brandenburg;12063357;Grüne;gru;2024.0;Kommunalwahlprogramm Gemeinde;Gemeinde;main_corpus_observation;Wustermark_Grüne_2024.txt;main;bfc7574501eff985b5fa126c278e25772df578bb3e03baf4917378393436c90b;local_cities_components
USE-73d8ce73ecc0;DOC-a4664f1b1663;GLMP-3FD4868956;Wustermark;Brandenburg;12063357;SPD;spd;2024.0;Kommunalwahlprogramm Gemeinde;Gemeinde;main_corpus_observation;Wustermark_SPD_2024.txt;main;a4664f1b16631e07987c5aa7e226f759bd93cf7fcae77deb0d0b41af55aabfa9;local_cities_components
USE-7e834b8262c8;DOC-8532a37ad904;GLMP-5BAE44C946;Wustermark;Brandenburg;12063357;WWG;;2024.0;Kommunalwahlprogramm Gemeinde;Gemeinde;main_corpus_observation;Wustermark_WWG_2024.txt;main;8532a37ad9045e2a1148d7987b395de73f41bc62b3596db1e982d1c869b9bf5f;local_cities_components
USE-845a8d416a89;DOC-d76f417744e7;GLMP-A5505914BE;Wutha-Farnroda;Thüringen;16063092;Linke;;2024.0;anderes kommunales Wahlprogramm;Landkreis;main_corpus_observation;Wutha-Farnroda_Linke_2024.txt;main;d76f417744e7ac046e196abf7bf68d2322f9039d4546475a9fba8dc56ecbc65d;local_cities_components
USE-5a08d6f2d9d8;DOC-53d13c3f183d;GLMP-5E8F603038;Wörth am Rhein;Rheinland-Pfalz;07334501;CDU;cdu;2024.0;Kommunalwahlprogramm Gemeinde;Gemeinde;main_corpus_observation;Wörth am Rhein_CDU_2024.txt;main;53d13c3f183db821c606eb2a4e4464a3acc5138a2716aaf1dff795e03c2ac888;local_cities_components
USE-d5cf92fba6ee;DOC-f07fbf8765f7;GLMP-F1249F891C;Wörth am Rhein;Rheinland-Pfalz;07334501;Grüne;gru;2024.0;Kommunalwahlprogramm Gemeinde;Gemeinde;main_corpus_observation;Wörth am Rhein_Grüne_2024.txt;main;f07fbf8765f7bebc75afbf22e396ed90103f18e37f9ea0d1cb24bae62a8f582b;local_cities_components
USE-0d2f20bea881;DOC-d8a0ec76f9ce;GLMP-D8E3EE62A9;Zarrentin am Schaalsee;Mecklenburg-Vorpommern;13076159;WG Bürgernähe;;2024.0;Kommunalwahlprogramm Gemeinde;Gemeinde;main_corpus_observation;Zarrentin am Schaalsee_WG Bürgernähe_2024.txt;main;d8a0ec76f9cecb83293bc0f5fe8a66fcaaf48c8a1a647ccfc7dff1e55d568176;local_cities_components
USE-c21dba8df068;DOC-54140f80b302;GLMP-7C4630BA6D;Zerbst;Sachsen-Anhalt;15082430;AfD;;2024.0;anderes kommunales Wahlprogramm;Landkreis und Gemeinden;main_corpus_observation;Zerbst_AfD_2024.txt;main;54140f80b3029d79b8ba9c886bd99988b482ad1e444fcd7384703cba6c0247e6;local_cities_components
USE-32cf2836bb1d;DOC-b3eedec55239;GLMP-18C80C8FCA;Zerbst;Sachsen-Anhalt;15082430;CDU;cdu;2024.0;Kommunalwahlprogramm Gemeinde;Gemeinde;main_corpus_observation;Zerbst_CDU_2024.txt;main;b3eedec55239420641042cbfff5fbacaa372c6298fc97d7c984b9626fd34be97;local_cities_components
USE-c1cdc75ca47f;DOC-57062eca1fa4;GLMP-37CBF0A740;Zerbst;Sachsen-Anhalt;15082430;FDP;fdp;2024.0;Kommunalwahlprogramm Gemeinde;Gemeinde;main_corpus_observation;Zerbst_FDP_2024.txt;main;57062eca1fa4a0aa9e01dd3e58375e4188af6c594008d6e3d4c00000336e2700;local_cities_components
USE-dd68239b71ad;DOC-3174790a4e03;GLMP-E6696CA9DF;Zerbst;Sachsen-Anhalt;15082430;SPD;spd;2024.0;Kommunalwahlprogramm Gemeinde;Gemeinde;main_corpus_observation;Zerbst_SPD_2024.txt;main;3174790a4e03cad94193153cf03a8668618f5b9f41b986e9c48edf35be7c382d;local_cities_components
USE-40c759f7500a;DOC-e559105e374a;GLMP-21B48FAB8B;Zossen;Brandenburg;12072477;AfD;;2024.0;anderes kommunales Wahlprogramm;Landkreis und Gemeinden;main_corpus_observation;Zossen_AfD_2024.txt;main;e559105e374a4edf769e8b5ddcbddd918447ea29a075eb8ee53139db5c95c805;local_cities_components
USE-b9c2ee3173b3;DOC-4b6a59854b95;GLMP-64103D708F;Zossen;Brandenburg;12072477;CDU;cdu;2024.0;Kommunalwahlprogramm Gemeinde;Gemeinde;main_corpus_observation;Zossen_CDU_2024.txt;main;4b6a59854b95146ce022b29108288e9866396391a5b775307ec6417450c72ad8;local_cities_components
USE-2a1685f4977f;DOC-aaf0da4c58ef;GLMP-A718084084;Zossen;Brandenburg;12072477;FWG;;2024.0;Kommunalwahlprogramm Gemeinde;Gemeinde;main_corpus_observation;Zossen_FWG_2024.txt;main;aaf0da4c58efe30979920afa0a47070a03c515850dc5b1dea651c9d93ea4011b;local_cities_components
USE-ffe16558860e;DOC-141b1f862ab0;GLMP-DE13E553E5;Zossen;Brandenburg;12072477;Grüne;gru;2024.0;Kommunalwahlprogramm Gemeinde;Gemeinde;main_corpus_observation;Zossen_Grüne_2024.txt;main;141b1f862ab071aff7702260489440e40ba489737f8b2003eb1a4dbdc937f662;local_cities_components
USE-a72edf770090;DOC-e2d482956d78;GLMP-7F5C3DB3F6;Zossen;Brandenburg;12072477;Linke;;2024.0;anderes kommunales Wahlprogramm;Landkreis und Gemeinden;main_corpus_observation;Zossen_Linke_2024.txt;main;e2d482956d7831e5475b51650dcea7d2a52d806ac6c594979789ca5a37b87f17;local_cities_components
USE-8d07f645b42d;DOC-69ff01e94502;GLMP-C5DF8AA634;Zossen;Brandenburg;12072477;SPD;spd;2024.0;Kommunalwahlprogramm Gemeinde;Gemeinde;main_corpus_observation;Zossen_SPD_2024.txt;main;69ff01e94502ae5e98e76a49b52c8ed8cda40d4fefaaf68f8c765c65c45aaa6e;local_cities_components
USE-0e17fd00714b;DOC-b61bbae77d78;GLMP-17F16B05E8;Zschorlau;Sachsen;14521700;CDU;cdu;2024.0;Kommunalwahlprogramm Gemeinde;Gemeinde;main_corpus_observation;Zschorlau_CDU_2024.txt;main;b61bbae77d7891dcb64237b45feeaa6bbf702d72ab1fea3f2ab26aee00913c6a;local_cities_components
USE-ea47b72618de;DOC-d27f9fc881e9;GLMP-373F6601A9;Zschorlau;Sachsen;14521700;SPD;spd;2024.0;anderes kommunales Wahlprogramm;Landkreis und Gemeinden;main_corpus_observation;Zschorlau_SPD_2024.txt;main;d27f9fc881e9b8ad470737b9b74729e43b82935b40daccd815c95d617b8a6ae5;local_cities_components
USE-16f6a6632ddd;DOC-0345c6b0d3c2;GLMP-78EEDA4AA6;Zweibrücken;Rheinland-Pfalz;07320000;Grüne;gru;2024.0;Kommunalwahlprogramm Gemeinde;Gemeinde;main_corpus_observation;Zweibrücken_Grüne_2024.txt;main;0345c6b0d3c20ddc79d1e595dc6cc86888c4b954013d9855f6e6a236f0f7ba55;local_cities_components
USE-d77f327cbbf5;DOC-f1830b5fd79b;GLMP-115A6B8653;Zwickau;Sachsen;14524330;2ZG;;2024.0;Kommunalwahlprogramm Gemeinde;Gemeinde;main_corpus_observation;Zwickau_2ZG_2024.txt;main;f1830b5fd79b0c6afd6cc109cf1166492419abff41cf3d78b5dee1c93ef5336a;local_cities_components
USE-1e1ccfe8510e;DOC-9e0fa14be84a;GLMP-D75427A635;Zwickau;Sachsen;14524330;BSW;;2024.0;Kommunalwahlprogramm Gemeinde;Gemeinde;main_corpus_observation;Zwickau_BSW_2024.txt;main;9e0fa14be84a84feea792f13716cff0d9083cd711b1edd8670f921bd6a46189a;local_cities_components
USE-3d25509aab02;DOC-fe15c9796f47;GLMP-16DA705E91;Zwickau;Sachsen;14524330;BfZ;;2024.0;Kommunalwahlprogramm Gemeinde;Gemeinde;main_corpus_observation;Zwickau_BfZ_2024.txt;main;fe15c9796f47bb2b3bafbede1d458731ca9ef1b2d5bd55e0358745eb0d3de803;local_cities_components
USE-0ca530de1ab1;DOC-f642d2103ac9;GLMP-38D00FBD98;Zwickau;Sachsen;14524330;CDU;cdu;2024.0;Kommunalwahlprogramm Gemeinde;Gemeinde;main_corpus_observation;Zwickau_CDU_2024.txt;main;f642d2103ac94ee9ba1a2b9f4e1ff3038a36ade9fbb405bd4788ea3dee02d59e;local_cities_components
USE-401d047ed9ce;DOC-d8f9278fcf96;GLMP-D6990F7223;Zwickau;Sachsen;14524330;FDP;fdp;2024.0;anderes kommunales Wahlprogramm;Landkreis;main_corpus_observation;Zwickau_FDP_2024.txt;main;d8f9278fcf9698c6e544ed3227fa73a6b823cc5d214cbee80ac75328e2679ef8;local_cities_components
USE-1c23d07003c9;DOC-2433395ed967;GLMP-17498476C5;Zwickau;Sachsen;14524330;Linke;;2024.0;anderes kommunales Wahlprogramm;Landkreis;main_corpus_observation;Zwickau_Linke_2024.txt;main;2433395ed967bf51ecb7f359dc846e7d4f3b2dc2398476c0f37cbd86d7cb01df;local_cities_components
USE-bceb5034499d;DOC-b48d759e0dc9;GLMP-93D06FD2DF;Zwickau;Sachsen;14524330;SPD;spd;2024.0;Kommunalwahlprogramm Gemeinde;Gemeinde;main_corpus_observation;Zwickau_SPD_2024.txt;main;b48d759e0dc9c7dd96d76e55e9f04db9b9cdf07f3eeb7e6f7794fdd8d8e20aa4;local_cities_components
USE-d2f9728e3574;DOC-8ade9a889bf4;GLMP-FDBA9D1CEF;Aachen;Nordrhein-Westfalen;05334002;Freie Wähler;fwg;;Grundsatzprogramm;übergeordnet;main_corpus_observation;acgpfwg.txt;main;8ade9a889bf477684ea603f5f5f867775e3eb610d7290d38ae97e3654d1d5ffb;manual_2024_reference
USE-3828b607cab4;DOC-000d321cbf7c;GLMP-7A2D792358;Bochum;Nordrhein-Westfalen;05911000;Soziale Liste Bochum;sol;;Grundsatzprogramm;übergeordnet;main_corpus_observation;bogpsol.txt;main;000d321cbf7c47cafa40f9478998c92ca194f8c32cf3d4ac05c6afdf5abbde86;manual_2024_reference
USE-464b1fa4b69e;DOC-bbcd8f862d72;GLMP-41F57CB0A6;Darmstadt;Hessen;06411000;Freie Wähler;fwg;;Grundsatzprogramm;übergeordnet;main_corpus_observation;dagpfwg.txt;main;bbcd8f862d72e7806ad5363106ffbd98b428ec509f27455d49c5a4e7a53f5376;manual_2024_reference
USE-bbe4eb209517;DOC-f0cc96322767;GLMP-D6EFE87A21;Duisburg;Nordrhein-Westfalen;05112000;Aufbruch Mittelstand Partei;amp;;Grundsatzprogramm;übergeordnet;main_corpus_observation;dugpamp.txt;main;f0cc9632276797ce8256220b428f164a8c1947ef14c9ca1509d62893a6b53e41;manual_2024_reference
USE-7b94d8c50728;DOC-64bd452c2694;GLMP-6D56DE528C;Duisburg;Nordrhein-Westfalen;05112000;Bürgerliche Liberale;bul;;Grundsatzprogramm;übergeordnet;main_corpus_observation;dugpbul.txt;main;64bd452c26944dcaeb41982aa9d3ffea9f995018ad9d1f927cff01ebec929573;manual_2024_reference
USE-273a5d5b4492;DOC-4773ca19c71e;GLMP-2568A859C4;Frankfurt am Main;Hessen;06412000;Allianz Graue Panther;agp;;Grundsatzprogramm;übergeordnet;main_corpus_observation;ffgpagp.txt;main;4773ca19c71eb8f927e4340ac15c1aa0c2ef3d40fc9853aef19b9f2ed144c599;manual_2024_reference
USE-ddb46d153517;DOC-e6024e96f49a;GLMP-A20A04C0EB;Hamm;Nordrhein-Westfalen;05915000;Deutsche Seniorenpartei;dsp;;Grundsatzprogramm;übergeordnet;main_corpus_observation;hmgpdsp.txt;main;e6024e96f49a1f7424583167395a355e8b9d0130e5370ffe672570505a655b65;manual_2024_reference
USE-d2a5b4fe6f09;DOC-82b852323b0d;GLMP-8F48386A9D;Kassel;Hessen;06611000;AUF Kassel (alternativ, unabhängig, fortschrittlich);auf;;Grundsatzprogramm;übergeordnet;main_corpus_observation;kagpauf.txt;main;82b852323b0d7dcf8a3d23ea2f8af519cbeda573a30ab4494a05a5434665d81e;manual_2024_reference
USE-18c13384c2e5;DOC-31053a14b2b0;GLMP-DA2255F155;Koeln;Nordrhein-Westfalen;05315000;Deine Freunde;dfr;;Grundsatzprogramm;übergeordnet;main_corpus_observation;kogpdfr.txt;main;31053a14b2b07da4889696c24aab9fbe84e31e008f6a5788c5afb5f3f4c5f3a4;manual_2024_reference
USE-8b2ed32d1cc0;DOC-84b3529894ca;GLMP-9C10739FDA;Muenster;Nordrhein-Westfalen;05515000;Unabhängige Wählergemeinschaft (UWG);uwg;;Grundsatzprogramm;übergeordnet;main_corpus_observation;msgpuwg.txt;main;84b3529894caaf8cf3a3842ac488e6ac470e75790aca0c0eb848eb7cb827e220;manual_2024_reference
USE-f2a6025424d6;DOC-4287d43057c8;GLMP-D5249CE400;Recklinghausen;Nordrhein-Westfalen;05562032;Unabhängige-Bürger-Partei;ubp;;Grundsatzprogramm;übergeordnet;main_corpus_observation;regpubp.txt;main;4287d43057c89322ac9e74d5bed33da7b8cca691c88d9fb358883c737dcc66c1;manual_2024_reference
USE-a500ee830e6c;DOC-db28bf5047a6;GLMP-9EE2589471;Siegen;Nordrhein-Westfalen;05970040;Statt Partei;sta;;Grundsatzprogramm;übergeordnet;main_corpus_observation;sigpsta.txt;main;db28bf5047a644af0433aebbb5736b04525edddb64b8da2abf8372cc64631ff8;manual_2024_reference
USE-9b1188084421;DOC-7c58891fd1f9;GLMP-5A62FCA64F;Solingen;Nordrhein-Westfalen;05122000;Bürgergemeinschaft für Solingen;bfs;;Grundsatzprogramm;übergeordnet;main_corpus_observation;sggpbfs.txt;main;7c58891fd1f964b8391828449624850cd12f932f810960d5810814307536a6c1;manual_2024_reference
USE-75c03fa1cb6f;DOC-32a0deac1cb9;;Sömmerda;;16068051;CDU;;2024;anderes kommunales Wahlprogramm;Landkreis und Gemeinden;additional_program_use;Sömmerda_CDU_2024.txt;other;32a0deac1cb97cf98d075f313d5be191cd3c109a4cf616886e81363f1701db06;local_cities_components
USE-3e0e47a28553;DOC-070f4d6e3127;;Traben-Trarbach;;07231124;CDU;;2024;anderes kommunales Wahlprogramm;Land;additional_program_use;Traben-Trarbach_CDU_2024.txt;other;070f4d6e31275440d03f34a093074eed50c5454075320a2173dba7e05e0d5b8a;local_cities_components
USE-db1ab7056417;DOC-db60dd3ea30e;;Waiblingen;;08119079;FWG;;2024;anderes kommunales Wahlprogramm;Region;additional_program_use;Waiblingen_FWG_2024.txt;other;db60dd3ea30e0803b8dc21a81fca9b9c85838886902e34adbe97ae1d897341ce;local_cities_components
